date,factor,btc_beta,gold_beta,delta_beta
2017-08-17,equity,,,
2017-08-18,equity,,,
2017-08-21,equity,,,
2017-08-22,equity,,,
2017-08-23,equity,,,
2017-08-24,equity,,,
2017-08-25,equity,,,
2017-08-28,equity,,,
2017-08-29,equity,,,
2017-08-30,equity,,,
2017-08-31,equity,,,
2017-09-01,equity,,,
2017-09-05,equity,,,
2017-09-07,equity,,,
2017-09-08,equity,,,
2017-09-11,equity,,,
2017-09-12,equity,,,
2017-09-13,equity,,,
2017-09-14,equity,,,
2017-09-15,equity,,,
2017-09-18,equity,,,
2017-09-19,equity,,,
2017-09-20,equity,,,
2017-09-21,equity,,,
2017-09-22,equity,,,
2017-09-25,equity,,,
2017-09-26,equity,,,
2017-09-27,equity,,,
2017-09-28,equity,,,
2017-09-29,equity,,,
2017-10-02,equity,,,
2017-10-03,equity,,,
2017-10-04,equity,,,
2017-10-05,equity,,,
2017-10-06,equity,,,
2017-10-09,equity,,,
2017-10-10,equity,,,
2017-10-11,equity,,,
2017-10-12,equity,,,
2017-10-13,equity,,,
2017-10-16,equity,,,
2017-10-17,equity,,,
2017-10-18,equity,,,
2017-10-19,equity,,,
2017-10-20,equity,,,
2017-10-23,equity,,,
2017-10-24,equity,,,
2017-10-25,equity,,,
2017-10-26,equity,,,
2017-10-27,equity,,,
2017-10-30,equity,,,
2017-10-31,equity,,,
2017-11-01,equity,,,
2017-11-02,equity,,,
2017-11-03,equity,,,
2017-11-06,equity,,,
2017-11-07,equity,,,
2017-11-08,equity,,,
2017-11-09,equity,,,
2017-11-10,equity,,,
2017-11-13,equity,,,
2017-11-14,equity,,,
2017-11-15,equity,,,
2017-11-16,equity,,,
2017-11-17,equity,,,
2017-11-20,equity,,,
2017-11-21,equity,,,
2017-11-22,equity,,,
2017-11-24,equity,,,
2017-11-27,equity,,,
2017-11-28,equity,,,
2017-11-29,equity,,,
2017-11-30,equity,,,
2017-12-01,equity,,,
2017-12-04,equity,,,
2017-12-05,equity,,,
2017-12-06,equity,,,
2017-12-07,equity,,,
2017-12-08,equity,,,
2017-12-11,equity,,,
2017-12-12,equity,,,
2017-12-13,equity,,,
2017-12-14,equity,,,
2017-12-15,equity,,,
2017-12-18,equity,,,
2017-12-19,equity,,,
2017-12-20,equity,,,
2017-12-21,equity,,,
2017-12-22,equity,,,
2017-12-26,equity,,,
2017-12-27,equity,,,
2017-12-28,equity,,,
2017-12-29,equity,,,
2018-01-02,equity,,,
2018-01-03,equity,,,
2018-01-04,equity,,,
2018-01-05,equity,,,
2018-01-08,equity,,,
2018-01-09,equity,,,
2018-01-10,equity,,,
2018-01-11,equity,,,
2018-01-12,equity,,,
2018-01-16,equity,,,
2018-01-17,equity,,,
2018-01-18,equity,,,
2018-01-19,equity,,,
2018-01-22,equity,,,
2018-01-23,equity,,,
2018-01-24,equity,,,
2018-01-25,equity,,,
2018-01-26,equity,,,
2018-01-29,equity,,,
2018-01-30,equity,,,
2018-01-31,equity,,,
2018-02-01,equity,,,
2018-02-02,equity,,,
2018-02-05,equity,,,
2018-02-06,equity,,,
2018-02-07,equity,,,
2018-02-09,equity,,,
2018-02-12,equity,,,
2018-02-13,equity,,,
2018-02-14,equity,,,
2018-02-15,equity,,,
2018-02-16,equity,,,
2018-02-20,equity,,,
2018-02-21,equity,,,
2018-02-22,equity,,,
2018-02-23,equity,,,
2018-02-26,equity,,,
2018-02-27,equity,,,
2018-02-28,equity,,,
2018-03-01,equity,,,
2018-03-02,equity,,,
2018-03-05,equity,,,
2018-03-06,equity,,,
2018-03-07,equity,,,
2018-03-08,equity,,,
2018-03-09,equity,,,
2018-03-12,equity,,,
2018-03-13,equity,,,
2018-03-14,equity,,,
2018-03-15,equity,,,
2018-03-16,equity,,,
2018-03-19,equity,,,
2018-03-20,equity,,,
2018-03-21,equity,,,
2018-03-22,equity,,,
2018-03-23,equity,,,
2018-03-26,equity,,,
2018-03-27,equity,,,
2018-03-28,equity,,,
2018-03-29,equity,,,
2018-04-02,equity,,,
2018-04-03,equity,,,
2018-04-04,equity,,,
2018-04-05,equity,,,
2018-04-06,equity,,,
2018-04-09,equity,,,
2018-04-10,equity,,,
2018-04-11,equity,,,
2018-04-12,equity,,,
2018-04-13,equity,,,
2018-04-16,equity,,,
2018-04-17,equity,,,
2018-04-18,equity,,,
2018-04-19,equity,,,
2018-04-20,equity,,,
2018-04-23,equity,,,
2018-04-24,equity,,,
2018-04-25,equity,,,
2018-04-26,equity,,,
2018-04-27,equity,,,
2018-04-30,equity,,,
2018-05-01,equity,,,
2018-05-02,equity,,,
2018-05-03,equity,,,
2018-05-04,equity,,,
2018-05-07,equity,,,
2018-05-08,equity,,,
2018-05-09,equity,,-0.011304091325728826,
2018-05-10,equity,,-0.006460438292847983,
2018-05-11,equity,1.1226937479243204,-0.006576016784695575,1.129269764709016
2018-05-14,equity,1.1227762339908927,-0.0065953533876112035,1.129371587378504
2018-05-15,equity,1.1335116751324485,0.003876468156662999,1.1296352069757856
2018-05-16,equity,1.1206511381654416,0.003448415815014999,1.1172027223504266
2018-05-17,equity,1.1216135100606721,0.0033704870405555846,1.1182430230201166
2018-05-18,equity,1.1192439062117132,0.0032552191443659833,1.1159886870673472
2018-05-21,equity,1.1227212515134517,0.0035449786461631515,1.1191762728672885
2018-05-22,equity,1.1298710577340854,0.003732334456852224,1.126138723277233
2018-05-23,equity,1.1132217342143993,0.003941313319900397,1.1092804208944989
2018-05-24,equity,1.1133246874297629,0.0019605082701095026,1.1113641791596534
2018-05-25,equity,1.1185116583984223,0.00277193386342477,1.1157397245349976
2018-05-29,equity,1.099209044689072,0.002950080440323277,1.0962589642487488
2018-05-30,equity,1.0636881792624655,0.004264086375181031,1.0594240928872845
2018-05-31,equity,1.0410074463747931,0.005619118432913907,1.0353883279418792
2018-06-01,equity,1.0193986341967785,0.0015841914600759992,1.0178144427367024
2018-06-04,equity,1.0197759828208919,0.0012914073620659279,1.0184845754588259
2018-06-05,equity,1.0196862524689647,0.00126113372798721,1.0184251187409774
2018-06-06,equity,1.0054477252905676,0.0015816717815940432,1.0038660535089736
2018-06-07,equity,1.002801179145783,0.0016453924006105405,1.0011557867451724
2018-06-08,equity,1.0005732132201066,0.0018585043083011656,0.9987147089118055
2018-06-11,equity,0.9975929761311592,0.0018895163931518806,0.9957034597380072
2018-06-12,equity,0.9944265560569335,0.0016506212585168925,0.9927759347984166
2018-06-13,equity,1.0062880490283581,0.0005066011168440536,1.0057814479115141
2018-06-14,equity,1.0135836489691101,0.0006994993994642868,1.012884149569646
2018-06-15,equity,1.015717247665545,0.003126726109302279,1.0125905215562427
2018-06-18,equity,1.0099440544036968,0.003557121310435796,1.006386933093261
2018-06-19,equity,1.0059906967428147,0.004507411314596245,1.0014832854282185
2018-06-20,equity,1.0058276549784098,0.004186318636664445,1.0016413363417453
2018-06-21,equity,1.0055354061689905,0.005105086688657991,1.0004303194803326
2018-06-22,equity,0.9978264029222651,0.005319056115426617,0.9925073468068385
2018-06-25,equity,0.9716629676438963,0.009346274099569339,0.9623166935443269
2018-06-26,equity,0.9695175584663382,0.008744554555745514,0.9607730039105927
2018-06-27,equity,0.9662043390014862,0.012677184710375614,0.9535271542911106
2018-06-28,equity,0.9597145597561126,0.011432786775296223,0.9482817729808164
2018-06-29,equity,0.9592900625311549,0.011454787808302527,0.9478352747228523
2018-07-02,equity,0.9810045060216882,0.009650090156628441,0.9713544158650598
2018-07-03,equity,0.9819134314790421,0.005233581507750796,0.9766798499712913
2018-07-05,equity,0.9691454054386871,0.00729579614008237,0.9618496092986047
2018-07-06,equity,0.9693537674816987,0.006400526800543528,0.9629532406811552
2018-07-09,equity,0.976605532625694,0.007907014020514714,0.9686985186051793
2018-07-10,equity,0.9651439542322339,0.007552994144221269,0.9575909600880126
2018-07-11,equity,0.9642300583168346,0.013858827859665584,0.950371230457169
2018-07-12,equity,0.9425331682538821,0.016338965091033122,0.926194203162849
2018-07-13,equity,0.9424762208147837,0.016246754754836314,0.9262294660599474
2018-07-16,equity,0.9320649264249666,0.016289224753488228,0.9157757016714784
2018-07-17,equity,0.9520314776105959,0.013758187956328962,0.9382732896542669
2018-07-18,equity,0.9532145937346503,0.01380381367643111,0.9394107800582192
2018-07-19,equity,0.9497438201060132,0.015219904004075982,0.9345239161019372
2018-07-20,equity,0.9513610580124452,0.014364309646221337,0.9369967483662238
2018-07-23,equity,0.9555510564340675,0.014000614419201552,0.9415504420148659
2018-07-24,equity,0.9729036004866715,0.0141503715494985,0.958753228937173
2018-07-25,equity,0.9591045554987877,0.017544920049774457,0.9415596354490132
2018-07-26,equity,0.9554401318297825,0.019687820721301,0.9357523111084814
2018-07-27,equity,0.9555335142837829,0.019207864126689372,0.9363256501570935
2018-07-30,equity,0.9593850584263163,0.019782811309639825,0.9396022471166765
2018-07-31,equity,0.9431327377221869,0.020705044970858826,0.9224276927513281
2018-08-01,equity,0.9462282537389108,0.021639413583076025,0.9245888401558349
2018-08-02,equity,0.9432218184856966,0.020060529350652223,0.9231612891350445
2018-08-03,equity,0.9355722070686101,0.021086615706794307,0.9144855913618158
2018-08-06,equity,0.9222213793761767,0.02010532772040438,0.9021160516557722
2018-08-07,equity,0.9231553188868857,0.020469821953689293,0.9026854969331964
2018-08-08,equity,0.9307327136254665,0.02023001702357925,0.9105026966018872
2018-08-09,equity,0.9272050789313163,0.02042363506334174,0.9067814438679745
2018-08-10,equity,0.9297047459109952,0.020435344567464188,0.909269401343531
2018-08-13,equity,0.9374132299275779,0.025543555450899813,0.9118696744766781
2018-08-14,equity,0.9240131005633576,0.0260049214585891,0.8980081791047685
2018-08-15,equity,0.8918442132055936,0.035748540162109016,0.8560956730434846
2018-08-16,equity,0.8916577462003376,0.035397890890822396,0.8562598553095152
2018-08-17,equity,0.8934544459947367,0.03712274835517708,0.8563316976395596
2018-08-20,equity,0.8922323791656757,0.037738440403996515,0.8544939387616791
2018-08-21,equity,0.8918514736291349,0.03802934257503274,0.8538221310541021
2018-08-22,equity,0.8844846017768043,0.03759546298551823,0.8468891387912861
2018-08-23,equity,0.8857742837123903,0.03909687748197835,0.846677406230412
2018-08-24,equity,0.9090176860042951,0.04880293271384213,0.8602147532904529
2018-08-27,equity,0.9262820456319125,0.05188833267438023,0.8743937129575323
2018-08-28,equity,0.928667903598876,0.05163364931445763,0.8770342542844183
2018-08-29,equity,0.92058529152847,0.052989473103311514,0.8675958184251585
2018-08-30,equity,0.9295737073179716,0.0550058426433627,0.8745678646746089
2018-08-31,equity,0.92779687458798,0.055045790362640366,0.8727510842253396
2018-09-04,equity,0.9217208134437214,0.05594779546371841,0.865773017980003
2018-09-05,equity,0.9272689054296774,0.05077174083634904,0.8764971645933284
2018-09-06,equity,0.9447944084008625,0.04976913193006875,0.8950252764707938
2018-09-07,equity,0.9028702686094258,0.057312189586902054,0.8455580790225237
2018-09-10,equity,0.8974755534104397,0.058020510556205336,0.8394550428542343
2018-09-11,equity,0.8773515951970258,0.0581191019102218,0.8192324932868039
2018-09-12,equity,0.8859465961611122,0.06806940486461754,0.8178771912964946
2018-09-13,equity,0.893299037596993,0.06633850470479476,0.8269605328921983
2018-09-14,equity,0.893274443625333,0.06654925577318076,0.8267251878521523
2018-09-17,equity,0.8918412984261276,0.06444997999059075,0.8273913184355368
2018-09-18,equity,0.8838315550679281,0.06436308144145816,0.8194684736264699
2018-09-19,equity,0.8807375358722163,0.06497545522623709,0.8157620806459792
2018-09-20,equity,0.8781443196918846,0.06658457649781929,0.8115597431940653
2018-09-21,equity,0.8744448990630949,0.06703263247105277,0.8074122665920421
2018-09-24,equity,0.8546067338227159,0.06497524195600396,0.789631491866712
2018-09-25,equity,0.8603438284592831,0.06471375124689263,0.7956300772123905
2018-09-26,equity,0.8735663943670524,0.06839802740176192,0.8051683669652905
2018-09-27,equity,0.8767214063011787,0.06663587968951618,0.8100855266116624
2018-09-28,equity,0.8611704686695858,0.06848340838206428,0.7926870602875216
2018-10-01,equity,0.8577362853048596,0.06809287689438218,0.7896434084104774
2018-10-02,equity,0.8587704066297095,0.06818889045207595,0.7905815161776335
2018-10-03,equity,0.8456150510388716,0.06968041409880321,0.7759346369400684
2018-10-04,equity,0.8331716068490841,0.06872347725082265,0.7644481295982615
2018-10-05,equity,0.8334766372442446,0.06705915311621718,0.7664174841280273
2018-10-08,equity,0.8197406402734577,0.06978621942792869,0.749954420845529
2018-10-09,equity,0.8201137967455756,0.07026816769864443,0.7498456290469312
2018-10-10,equity,0.7834101436822197,0.06006267051305269,0.723347473169167
2018-10-11,equity,0.8301664045775595,0.02326316868868268,0.8069032358888768
2018-10-12,equity,0.8233621970546032,0.018808199373779904,0.8045539976808234
2018-10-15,equity,0.8076623102872624,0.016137329573256882,0.7915249807140056
2018-10-16,equity,0.7820763916441758,0.01365458192364124,0.7684218097205345
2018-10-17,equity,0.7796791855987524,0.014142733710374895,0.7655364518883775
2018-10-18,equity,0.7803235020572493,0.012799207167573764,0.7675242948896756
2018-10-19,equity,0.7818092119538466,0.012810462296007753,0.7689987496578388
2018-10-22,equity,0.7807359103411085,0.013520376649359778,0.7672155336917487
2018-10-23,equity,0.7573008609027487,0.013083121188529237,0.7442177397142195
2018-10-24,equity,0.7076481554789886,0.008278516424295572,0.6993696390546931
2018-10-25,equity,0.6939220431928613,0.006311303026796766,0.6876107401660646
2018-10-26,equity,0.6816074234017626,0.003034061709689535,0.678573361692073
2018-10-29,equity,0.689615970743557,0.0049013661179995475,0.6847146046255574
2018-10-30,equity,0.6858348420277525,-0.0007073849663015127,0.686542226994054
2018-10-31,equity,0.6960565610953632,-0.0033758889742093443,0.6994324500695726
2018-11-01,equity,0.691825025102909,0.0037903737379632605,0.6880346513649457
2018-11-02,equity,0.6841511218121623,0.0034212702662776385,0.6807298515458847
2018-11-05,equity,0.6847515210552035,0.0027999115151457793,0.6819516095400577
2018-11-06,equity,0.6794613151235877,0.002616000621419694,0.676845314502168
2018-11-07,equity,0.6804766955282688,0.0022788856142747825,0.678197809913994
2018-11-08,equity,0.6817576285658115,0.002465579108581115,0.6792920494572303
2018-11-09,equity,0.6834665254420703,0.007841265098045398,0.6756252603440249
2018-11-12,equity,0.6693648045497945,0.015762682933243344,0.6536021216165512
2018-11-13,equity,0.6607105777115141,0.015192308405506021,0.6455182693060081
2018-11-14,equity,0.7052469026466406,0.011670964003378272,0.6935759386432623
2018-11-15,equity,0.6947285142036171,0.012625023242750595,0.6821034909608665
2018-11-16,equity,0.725305659802366,0.01304210685758887,0.7122635529447772
2018-11-19,equity,0.7876257579252749,0.01230356013990647,0.7753221977853684
2018-11-20,equity,0.8720018703459811,0.013638203601922546,0.8583636667440585
2018-11-21,equity,0.8701143765610743,0.0145164248833705,0.8555979516777038
2018-11-23,equity,0.8858810944149709,0.014137825623467982,0.8717432687915029
2018-11-26,equity,0.7738072228861635,0.013762448704701388,0.7600447741814622
2018-11-27,equity,0.7768143913294487,0.01312391135199691,0.7636904799774519
2018-11-28,equity,0.9028788920983883,0.017194331092707384,0.8856845610056809
2018-11-29,equity,0.8948456455578581,0.016817383577194804,0.8780282619806633
2018-11-30,equity,0.8719335220902962,0.01601123925502386,0.8559222828352723
2018-12-03,equity,0.8475869453456493,0.022596591439195728,0.8249903539064536
2018-12-04,equity,0.8048818681805381,0.01259310530568644,0.7922887628748516
2018-12-06,equity,0.8129729809519596,0.01237952699378285,0.8005934539581767
2018-12-07,equity,0.8924694436764914,0.002306436750196001,0.8901630069262954
2018-12-10,equity,0.8951234175646959,0.0020434721269593776,0.8930799454377366
2018-12-11,equity,0.8757784562565047,0.0036745854539109667,0.8721038708025938
2018-12-12,equity,0.8838580057095689,0.004184933752014066,0.8796730719575547
2018-12-13,equity,0.8652879630095488,0.004749653005816001,0.8605383100037328
2018-12-14,equity,0.8700485958366804,0.0079261717998254,0.862122424036855
2018-12-17,equity,0.7555368472424977,0.0017669191307061864,0.7537699281117916
2018-12-18,equity,0.7654459596676007,0.0014381769066749875,0.7640077827609256
2018-12-19,equity,0.6822765358985128,0.004568322372468569,0.6777082135260443
2018-12-20,equity,0.6335027503069166,-0.006641274909428346,0.640144025216345
2018-12-21,equity,0.6272311934841113,-0.0027628822061595347,0.6299940756902708
2018-12-24,equity,0.5281254145642,-0.01445813757120192,0.542583552135402
2018-12-26,equity,0.35793484007703763,-0.018626473242365753,0.3765613133194034
2018-12-27,equity,0.34266187526740954,-0.016118909788076542,0.3587807850554861
2018-12-28,equity,0.3431375147694933,-0.016053630330774057,0.35919114510026734
2018-12-31,equity,0.33150257535209826,-0.015639702600105734,0.347142277952204
2019-01-02,equity,0.3392761348256858,-0.015966378985742487,0.3552425138114283
2019-01-03,equity,0.3521051606138473,-0.02248268928464001,0.3745878498984873
2019-01-04,equity,0.3302270624664263,-0.03445773555081598,0.3646847980172423
2019-01-07,equity,0.34056331181431243,-0.03302609414667803,0.37358940596099044
2019-01-08,equity,0.34167500949789276,-0.034530740623850614,0.3762057501217434
2019-01-09,equity,0.312360193438217,-0.033420771017321015,0.345780964455538
2019-01-10,equity,0.30356613461325765,-0.03430300917593604,0.3378691437891937
2019-01-11,equity,0.30377227928508893,-0.03409706155785262,0.33786934084294157
2019-01-14,equity,0.30119424796972216,-0.03441736372690101,0.3356116116966232
2019-01-15,equity,0.3102776477894253,-0.035746323698612845,0.34602397148803815
2019-01-16,equity,0.3026635796989336,-0.03836115932645602,0.3410247390253896
2019-01-17,equity,0.2758000819456898,-0.038385745950714145,0.3141858278964039
2019-01-18,equity,0.26747768211531464,-0.039653550735237846,0.3071312328505525
2019-01-22,equity,0.26773555607335775,-0.041266449505994805,0.30900200557935253
2019-01-23,equity,0.2694786877972332,-0.042075099607441185,0.31155378740467443
2019-01-24,equity,0.2937076952511164,-0.04278451172410661,0.33649220697522303
2019-01-25,equity,0.28748495982641425,-0.03884744831115277,0.32633240813756703
2019-01-28,equity,0.29545820103336934,-0.03953937163838298,0.33499757267175234
2019-01-29,equity,0.2951502263062001,-0.039631468476395496,0.33478169478259556
2019-01-30,equity,0.30924108781337506,-0.03681870943115831,0.3460597972445334
2019-01-31,equity,0.3162925658509682,-0.037847473409301814,0.35414003926027005
2019-02-01,equity,0.2813008719570215,-0.03961565687341294,0.3209165288304345
2019-02-04,equity,0.28086087116628444,-0.040629154752027094,0.32149002591831155
2019-02-05,equity,0.2797790940322799,-0.04010000939242787,0.31987910342470777
2019-02-06,equity,0.2281987917863321,-0.04978685175272787,0.27798564353905997
2019-02-07,equity,-0.03506110199408941,-0.049681355539048046,0.014620253544958633
2019-02-08,equity,-0.05967701463343674,-0.0436109723887574,-0.016066042244679342
2019-02-11,equity,-0.04345968044017005,-0.04463404292085877,0.0011743624806887232
2019-02-12,equity,-0.041303661499086146,-0.042855763477052326,0.0015521019779661804
2019-02-13,equity,-0.06354785852186942,-0.04598505683410491,-0.017562801687764508
2019-02-14,equity,-0.062343763454926426,-0.04708239961775456,-0.015261363837171867
2019-02-15,equity,-0.09369914011695983,-0.05308017345746334,-0.04061896665949649
2019-02-19,equity,-0.12786968540819152,-0.05311434673700646,-0.07475533867118506
2019-02-20,equity,-0.12733800848240023,-0.053179475604544404,-0.07415853287785583
2019-02-21,equity,-0.09099671510744627,-0.054678295987431895,-0.03631841912001437
2019-02-22,equity,-0.11290577873230519,-0.054775865282600096,-0.05812991344970509
2019-02-25,equity,-0.11314111653502391,-0.05497543868929171,-0.058165677845732205
2019-02-26,equity,-0.10947290096909212,-0.05480817074256766,-0.05466473022652446
2019-02-27,equity,-0.1264033550312405,-0.05602337695056601,-0.0703799780806745
2019-02-28,equity,-0.11031565789764847,-0.06082385602809824,-0.049491801869550225
2019-03-01,equity,-0.10670463837687624,-0.06582742466540988,-0.04087721371146637
2019-03-04,equity,-0.0834813703190166,-0.06696959632521633,-0.01651177399380027
2019-03-05,equity,-0.0868163353838412,-0.06812316545271418,-0.01869316993112702
2019-03-06,equity,-0.1110335500368648,-0.0674645753079153,-0.043568974728949494
2019-03-07,equity,-0.10673777712774571,-0.0681671069687625,-0.0385706701589832
2019-03-08,equity,-0.10925208832609566,-0.06918961207455467,-0.040062476251540996
2019-03-11,equity,-0.1083928065280878,-0.07095003295065569,-0.037442773577432115
2019-03-12,equity,-0.08044280908260727,-0.07173929695043052,-0.008703512132176752
2019-03-13,equity,-0.07998704464695007,-0.06974680696127859,-0.010240237685671477
2019-03-14,equity,-0.07565631260524128,-0.06895631111427722,-0.006700001490964058
2019-03-15,equity,-0.09181713687976979,-0.06822746263439249,-0.023589674245377307
2019-03-18,equity,-0.0899528322546996,-0.06832436340751498,-0.021628468847184626
2019-03-19,equity,-0.09260572182356283,-0.06821431037156653,-0.024391411451996303
2019-03-20,equity,-0.10181314033290118,-0.06828835853621233,-0.03352478179668884
2019-03-21,equity,-0.10807057261049928,-0.06941376028541245,-0.03865681232508683
2019-03-22,equity,-0.11282250476971163,-0.06887162328389028,-0.04395088148582135
2019-03-25,equity,-0.14088375688537516,-0.07484626488451483,-0.06603749200086033
2019-03-26,equity,-0.13752276778323583,-0.06641604208323941,-0.07110672569999642
2019-03-27,equity,-0.05610672053999149,-0.07301283243345663,0.016906111893465144
2019-03-28,equity,-0.056536743359201225,-0.08023740260583147,0.023700659246630243
2019-03-29,equity,-0.05143773147620645,-0.08169260894418298,0.030254877467976532
2019-04-01,equity,-0.006036909180536534,-0.0839630390319037,0.07792612985136717
2019-04-02,equity,-0.05380067287413683,-0.07448889314781378,0.020688220273676942
2019-04-03,equity,-0.08310986095420957,-0.0712229716947668,-0.01188688925944277
2019-04-04,equity,-0.048004417555417296,-0.07202484714068792,0.024020429585270626
2019-04-05,equity,-0.038015416438247615,-0.07087437434966312,0.03285895791141551
2019-04-08,equity,-0.05769013686151159,-0.06759031098789467,0.009900174126383082
2019-04-09,equity,-0.059739056179048004,-0.0694474108741755,0.009708354695127493
2019-04-10,equity,-0.073605439084602,-0.07155739956940589,-0.0020480395151961095
2019-04-11,equity,-0.06997785104714468,-0.0694415172206735,-0.0005363338264711831
2019-04-12,equity,-0.10817921589481569,-0.06573051259603224,-0.04244870329878345
2019-04-15,equity,-0.10068230825849415,-0.06472320979873221,-0.035959098459761946
2019-04-16,equity,-0.096655389399218,-0.06551504777591606,-0.03114034162330194
2019-04-17,equity,-0.0928727526698458,-0.06615106712347012,-0.02672168554637569
2019-04-18,equity,-0.09298063477060128,-0.06611502848167615,-0.026865606288925134
2019-04-22,equity,-0.08765395783078266,-0.06667635058585225,-0.020977607244930405
2019-04-23,equity,-0.05888507378178213,-0.07034578106243945,0.011460707280657324
2019-04-24,equity,-0.055010980341387745,-0.07078844819203342,0.015777467850645675
2019-04-25,equity,-0.013503499671486308,-0.06830496304193621,0.05480146337044991
2019-04-26,equity,-0.017320901036808837,-0.06655851523464948,0.049237614197840646
2019-04-29,equity,-0.013884810038755017,-0.06546282971592719,0.051578019677172175
2019-04-30,equity,-0.014406536199715572,-0.0655250958702542,0.05111855967053862
2019-05-01,equity,-0.008789493369225796,-0.06601588813630975,0.05722639476708395
2019-05-02,equity,-0.008409547321624503,-0.06491260802228983,0.05650306070066533
2019-05-03,equity,0.01723351935746184,-0.06247557175818474,0.07970909111564659
2019-05-06,equity,0.02271223156725585,-0.06211537704269962,0.08482760860995547
2019-05-07,equity,0.0025572198361543987,-0.06555512276834297,0.06811234260449736
2019-05-08,equity,0.005243112458631742,-0.06542068924018915,0.07066380169882089
2019-05-09,equity,-6.055372818806102e-07,-0.06575517497235442,0.06575456943507253
2019-05-10,equity,0.004773765621296575,-0.06483442208646224,0.06960818770775881
2019-05-13,equity,-0.2063033582143282,-0.07718762508447188,-0.1291157331298563
2019-05-14,equity,-0.20658469730293963,-0.07745549339270955,-0.12912920391023008
2019-05-15,equity,-0.1934289788700058,-0.07734527951857073,-0.11608369935143506
2019-05-16,equity,-0.2145135919125901,-0.08497967838430405,-0.12953391352828603
2019-05-17,equity,-0.18246811007269376,-0.08277522873368247,-0.09969288133901129
2019-05-20,equity,-0.20953229631984777,-0.08256787922392242,-0.12696441709592535
2019-05-21,equity,-0.20053841656533314,-0.08310586837336557,-0.11743254819196756
2019-05-22,equity,-0.2050524861267492,-0.08333646499877477,-0.12171602112797443
2019-05-23,equity,-0.19779724209866428,-0.08699418163955577,-0.11080306045910851
2019-05-24,equity,-0.18619987302556038,-0.08711449555361046,-0.09908537747194991
2019-05-28,equity,-0.21501914132029828,-0.08465793073698577,-0.13036121058331251
2019-05-29,equity,-0.21637279215651803,-0.08494210851870398,-0.13143068363781404
2019-05-30,equity,-0.21472531828409902,-0.08490109741154103,-0.129824220872558
2019-05-31,equity,-0.19039964394896405,-0.09338661008630045,-0.0970130338626636
2019-06-03,equity,-0.18331547357917138,-0.09596619401842191,-0.08734927956074948
2019-06-04,equity,-0.28043825290679286,-0.09207692274991941,-0.18836133015687345
2019-06-05,equity,-0.274105338435725,-0.09085714232391068,-0.1832481961118143
2019-06-06,equity,-0.2804243983220043,-0.09000596598047779,-0.1904184323415265
2019-06-07,equity,-0.2559828760243002,-0.08761680897236543,-0.16836606705193477
2019-06-10,equity,-0.2547377255269386,-0.08949554909319374,-0.16524217643374484
2019-06-11,equity,-0.25370923320713185,-0.08964502493883421,-0.16406420826829765
2019-06-12,equity,-0.25162403725855437,-0.09017070849169205,-0.1614533287668623
2019-06-13,equity,-0.24677434135196682,-0.08888184883268775,-0.15789249251927906
2019-06-14,equity,-0.2546256285925119,-0.08838927000134093,-0.16623635859117097
2019-06-17,equity,-0.2568740925136157,-0.08857299712981713,-0.16830109538379856
2019-06-18,equity,-0.26634430211493965,-0.08711301834467465,-0.17923128377026498
2019-06-19,equity,-0.26346193166041637,-0.08662484973605081,-0.17683708192436556
2019-06-20,equity,-0.24706465236609187,-0.07735238678386916,-0.16971226558222272
2019-06-21,equity,-0.24954551012942341,-0.07745830409740288,-0.17208720603202055
2019-06-24,equity,-0.26029656729563794,-0.07940284958935814,-0.1808937177062798
2019-06-25,equity,-0.2699735475021812,-0.07984614783036584,-0.19012739967181538
2019-06-26,equity,-0.2804883385028947,-0.08239337445078379,-0.19809496405211088
2019-06-27,equity,-0.314750440366783,-0.08210827330478708,-0.23264216706199592
2019-06-28,equity,-0.2918059819571514,-0.08411096912724828,-0.20769501282990313
2019-07-01,equity,-0.3475448217568547,-0.08938652766671044,-0.25815829409014424
2019-07-02,equity,-0.341585815685873,-0.08715322850608453,-0.25443258717978845
2019-07-03,equity,-0.3440646880896248,-0.08541633123767602,-0.2586483568519488
2019-07-05,equity,-0.34557985873536695,-0.08223826646922192,-0.26334159226614506
2019-07-08,equity,-0.3611821785671707,-0.08189524494120029,-0.27928693362597046
2019-07-09,equity,-0.36362088607458065,-0.08130989910021619,-0.28231098697436446
2019-07-10,equity,-0.37785351036307635,-0.07948761957299472,-0.29836589079008163
2019-07-11,equity,-0.3745643184392593,-0.07995877273220713,-0.29460554570705216
2019-07-12,equity,-0.377454242033984,-0.08263879415146087,-0.2948154478825231
2019-07-15,equity,-0.36748457401077944,-0.08420774102520673,-0.2832768329855727
2019-07-16,equity,-0.3491200465580573,-0.08256968901967164,-0.26655035753838563
2019-07-17,equity,-0.3448163074289225,-0.08709281121542584,-0.25772349621349666
2019-07-18,equity,-0.3479612148165801,-0.08336978504589737,-0.26459142977068273
2019-07-19,equity,-0.34544875084247895,-0.07895552484117767,-0.26649322600130126
2019-07-22,equity,-0.34716118635613546,-0.07995218614211108,-0.2672090002140244
2019-07-23,equity,-0.3480809084564929,-0.0812540186408161,-0.2668268898156768
2019-07-24,equity,-0.3609182720424028,-0.07999269872721419,-0.2809255733151886
2019-07-25,equity,-0.37763979493822564,-0.07809950745326744,-0.2995402874849582
2019-07-26,equity,-0.3740364700956628,-0.07972105649727985,-0.294315413598383
2019-07-29,equity,-0.369706011012958,-0.08140787032333896,-0.28829814068961906
2019-07-30,equity,-0.37326181119108603,-0.08190010313073512,-0.2913617080603509
2019-07-31,equity,-0.3935167975768173,-0.0755534585743807,-0.31796333900243656
2019-08-01,equity,-0.3942860972064479,-0.08492011265523756,-0.30936598455121034
2019-08-02,equity,-0.3992103028413588,-0.08371695365031585,-0.31549334919104294
2019-08-05,equity,-0.5278739493900529,-0.09580069055071662,-0.43207325883933634
2019-08-06,equity,-0.5232760248928968,-0.09189504163995117,-0.43138098325294566
2019-08-07,equity,-0.5144534216034481,-0.09068273997181668,-0.4237706816316314
2019-08-08,equity,-0.5211805080930906,-0.08651411145221444,-0.43466639664087614
2019-08-09,equity,-0.5262390697858794,-0.0852091745212966,-0.4410298952645828
2019-08-12,equity,-0.5047988349178043,-0.08910194976187437,-0.41569688515592995
2019-08-13,equity,-0.5327735547169518,-0.09284268547936388,-0.4399308692375879
2019-08-14,equity,-0.4309627345848353,-0.09902773501618604,-0.33193499956864925
2019-08-15,equity,-0.4251430778170724,-0.0986335757046309,-0.3265095021124415
2019-08-16,equity,-0.39256575733474125,-0.10730108145382672,-0.28526467588091453
2019-08-19,equity,-0.3837450245008711,-0.11220944884537173,-0.27153557565549935
2019-08-20,equity,-0.3850837027361373,-0.11506805802543062,-0.27001564471070666
2019-08-21,equity,-0.40247688713526086,-0.11642282633930555,-0.2860540607959553
2019-08-22,equity,-0.4023782082401159,-0.11651270846684385,-0.285865499773272
2019-08-23,equity,-0.4126969768286171,-0.1314366534111058,-0.2812603234175113
2019-08-26,equity,-0.4149958652544379,-0.13186295782487648,-0.28313290742956143
2019-08-27,equity,-0.42006471314622623,-0.1367083241503481,-0.2833563889958781
2019-08-28,equity,-0.43694714744543206,-0.1384829106257107,-0.29846423681972134
2019-08-29,equity,-0.44387240961003455,-0.14133791285642652,-0.302534496753608
2019-08-30,equity,-0.44140305936244384,-0.14233276144011278,-0.2990702979223311
2019-09-03,equity,-0.47223413082341753,-0.14639997637059782,-0.3258341544528197
2019-09-04,equity,-0.46911735133788074,-0.14373218051408593,-0.3253851708237948
2019-09-05,equity,-0.47173862576245046,-0.15501600720400496,-0.3167226185584455
2019-09-06,equity,-0.47908299048255465,-0.15506563583969543,-0.3240173546428592
2019-09-09,equity,-0.4885667815091237,-0.15496354646791471,-0.333603235041209
2019-09-10,equity,-0.4896993450094992,-0.1553631160326571,-0.3343362289768421
2019-09-11,equity,-0.4867535123327855,-0.15368213143487516,-0.33307138089791033
2019-09-12,equity,-0.484083725243356,-0.15356339730905616,-0.33052032793429986
2019-09-13,equity,-0.4837606491434837,-0.15331869908142212,-0.33044195006206156
2019-09-16,equity,-0.4863805951753449,-0.1534703199886188,-0.3329102751867261
2019-09-17,equity,-0.48530382197524885,-0.15330092092134212,-0.33200290105390673
2019-09-18,equity,-0.4948028418757569,-0.15263423138567347,-0.3421686104900834
2019-09-19,equity,-0.4958410933564402,-0.15235407608915505,-0.34348701726728514
2019-09-20,equity,-0.49705396883885306,-0.15432312007770227,-0.3427308487611508
2019-09-23,equity,-0.4978017045630121,-0.15539209804195078,-0.34240960652106134
2019-09-24,equity,-0.44623650437610823,-0.1564448413443758,-0.2897916630317324
2019-09-25,equity,-0.44899017503586475,-0.16076370988314953,-0.2882264651527152
2019-09-26,equity,-0.44846548732244496,-0.16059679789276096,-0.287868689429684
2019-09-27,equity,-0.44228747807169866,-0.1600647920098664,-0.28222268606183226
2019-09-30,equity,-0.438598868231723,-0.16197534274104364,-0.27662352549067937
2019-10-01,equity,-0.4375814202109557,-0.163119633239779,-0.27446178697117674
2019-10-02,equity,-0.42664330563526714,-0.16785799679236768,-0.25878530884289946
2019-10-03,equity,-0.42985231892672593,-0.16631784967916222,-0.26353446924756374
2019-10-04,equity,-0.4245752910160381,-0.16547389942189597,-0.25910139159414214
2019-10-07,equity,-0.41985254085278034,-0.16434338835856793,-0.2555091524942124
2019-10-08,equity,-0.4138903232588707,-0.16703114130249966,-0.24685918195637105
2019-10-09,equity,-0.39724381320710017,-0.16672989312985573,-0.23051392007724444
2019-10-10,equity,-0.39791364984246874,-0.16866246627616485,-0.2292511835663039
2019-10-11,equity,-0.42728325929089844,-0.1753620121416732,-0.25192124714922526
2019-10-14,equity,-0.47497722629863615,-0.15940809394537683,-0.31556913235325934
2019-10-15,equity,-0.48438160198422675,-0.15991736108887203,-0.32446424089535475
2019-10-16,equity,-0.4679303812180833,-0.1591814484201253,-0.308748932797958
2019-10-17,equity,-0.47252101116182216,-0.1597514871410363,-0.31276952402078584
2019-10-18,equity,-0.4698538833372494,-0.1593776362099364,-0.31047624712731303
2019-10-21,equity,-0.4726343934340243,-0.16159623230138426,-0.31103816113264005
2019-10-22,equity,-0.47231453653116,-0.16182606724128856,-0.31048846928987145
2019-10-23,equity,-0.4808831736598822,-0.16235367536190934,-0.31852949829797284
2019-10-24,equity,-0.48123081999577527,-0.16104933262419596,-0.3201814873715793
2019-10-25,equity,-0.48051037642269345,-0.16520832122745596,-0.31530205519523746
2019-10-28,equity,-0.4658650318504715,-0.1669146377294923,-0.29895039412097923
2019-10-29,equity,-0.4727280209162528,-0.16712363024976318,-0.30560439066648964
2019-10-30,equity,-0.4837400576170352,-0.16824900455969224,-0.31549105305734293
2019-10-31,equity,-0.48646451274962865,-0.16786266614813508,-0.3186018466014936
2019-11-01,equity,-0.4911596700348344,-0.16528341845426434,-0.3258762515805701
2019-11-04,equity,-0.4891570885191818,-0.17126740728222228,-0.31788968123695954
2019-11-05,equity,-0.4874141045649576,-0.17057795784854515,-0.31683614671641247
2019-11-06,equity,-0.48851598337119023,-0.17007062085108413,-0.31844536252010613
2019-11-07,equity,-0.4910218292045089,-0.1709462092606959,-0.32007561994381295
2019-11-08,equity,-0.513690189148487,-0.17390146148469224,-0.33978872766379475
2019-11-11,equity,-0.514326983135529,-0.17396257627131548,-0.34036440686421354
2019-11-12,equity,-0.5205276987103233,-0.1793672707466744,-0.3411604279636489
2019-11-13,equity,-0.5269142595389739,-0.18937644607349988,-0.33753781346547396
2019-11-14,equity,-0.5268397973782584,-0.18939551729215473,-0.3374442800861036
2019-11-15,equity,-0.575396379383891,-0.18792953373321494,-0.387466845650676
2019-11-18,equity,-0.567349761641323,-0.18890177869195354,-0.37844798294936943
2019-11-19,equity,-0.5665484923616362,-0.18938546561936945,-0.37716302674226676
2019-11-20,equity,-0.6613536601024612,-0.19187375772770882,-0.4694799023747524
2019-11-21,equity,-0.7579454822354138,-0.19485050794913936,-0.5630949742862744
2019-11-22,equity,-0.7619428401623736,-0.1951540861200279,-0.5667887540423456
2019-11-25,equity,-0.7845804714408018,-0.19731330410124964,-0.5872671673395522
2019-11-26,equity,-0.6990892176074298,-0.1977365876388044,-0.5013526299686254
2019-11-27,equity,-0.6912290679473877,-0.19785235715567576,-0.49337671079171197
2019-11-29,equity,-0.8357599747666615,-0.20624439515452042,-0.6295155796121411
2019-12-02,equity,-0.8103293037996923,-0.204726743514382,-0.6056025602853102
2019-12-03,equity,-0.7912714437831724,-0.20679991555178104,-0.5844715282313914
2019-12-04,equity,-0.7817819851636262,-0.21126730876098934,-0.5705146764026369
2019-12-05,equity,-0.8166492034041226,-0.21392344597672558,-0.602725757427397
2019-12-06,equity,-0.818843954355995,-0.2175899639285136,-0.6012539904274814
2019-12-09,equity,-0.9531078712458432,-0.2146769487243444,-0.7384309225214988
2019-12-10,equity,-0.9523644894526336,-0.21463373388192752,-0.7377307555707061
2019-12-11,equity,-0.9536950178613581,-0.21401363217708153,-0.7396813856842765
2019-12-12,equity,-0.9527173674734231,-0.2155440086519807,-0.7371733588214424
2019-12-13,equity,-0.954940411941826,-0.21579399810707364,-0.7391464138347523
2019-12-16,equity,-1.0196527247852807,-0.22456903747131027,-0.7950836873139704
2019-12-17,equity,-0.9321410284008342,-0.22307235153188631,-0.7090686768689479
2019-12-18,equity,-0.9376990007791678,-0.2229494373362612,-0.7147495634429066
2019-12-19,equity,-0.9025309438610141,-0.2313282395470948,-0.6712027043139193
2019-12-20,equity,-0.8822394577434151,-0.22156600115620778,-0.6606734565872072
2019-12-23,equity,-0.9328431544699,-0.23319811842454766,-0.6996450360453523
2019-12-24,equity,-0.8685437094273722,-0.2281328108183965,-0.6404108986089757
2019-12-26,equity,-0.7375756716035597,-0.24762629995031632,-0.4899493716532434
2019-12-27,equity,-0.7147268595137334,-0.2517467092676758,-0.4629801502460576
2019-12-30,equity,-0.7032096498132595,-0.25121426112489176,-0.45199538868836775
2019-12-31,equity,-0.6839027733618774,-0.2523360622292005,-0.4315667111326769
2020-01-02,equity,-0.698642569603396,-0.2483375979111016,-0.4503049716922944
2020-01-03,equity,-0.7903958012465632,-0.2508179651569113,-0.5395778360896519
2020-01-06,equity,-0.8284419353652588,-0.24745287475090896,-0.5809890606143499
2020-01-07,equity,-0.8722569463282909,-0.24986914446649922,-0.6223878018617917
2020-01-08,equity,-0.8784767821844718,-0.2511420673275357,-0.6273347148569361
2020-01-09,equity,-0.8894084633292453,-0.2546625163394058,-0.6347459469898395
2020-01-10,equity,-0.8702498902563869,-0.25436164167206377,-0.6158882485843231
2020-01-13,equity,-0.8647440618564803,-0.2571954074135471,-0.6075486544429333
2020-01-14,equity,-0.876709439110177,-0.2567661992671845,-0.6199432398429925
2020-01-15,equity,-0.8606492533852091,-0.2564462196406743,-0.6042030337445348
2020-01-16,equity,-0.8644846745572645,-0.2569199673630017,-0.6075647071942628
2020-01-17,equity,-0.8662285798504857,-0.2563653178702625,-0.6098632619802232
2020-01-21,equity,-0.8630332480655324,-0.25032166308342535,-0.612711584982107
2020-01-22,equity,-0.8843673264796493,-0.25143223443495677,-0.6329350920446926
2020-01-23,equity,-0.8834043010001779,-0.2512311543590037,-0.6321731466411742
2020-01-24,equity,-0.8845975701340777,-0.2530313850083839,-0.6315661851256937
2020-01-27,equity,-0.9320039805203584,-0.2639303361862456,-0.6680736443341128
2020-01-28,equity,-0.9542721334974377,-0.26851644221128856,-0.6857556912861491
2020-01-29,equity,-0.9597802938476019,-0.2683314081792209,-0.6914488856683809
2020-01-30,equity,-0.9806113857223704,-0.27797982289471096,-0.7026315628276594
2020-01-31,equity,-0.9152667727868624,-0.2789444027081679,-0.6363223700786945
2020-02-03,equity,-0.9145200994479364,-0.28145343181312266,-0.6330666676348138
2020-02-04,equity,-0.9166709066705488,-0.2899075255678715,-0.6267633811026774
2020-02-05,equity,-0.8757019097686214,-0.28810587352370776,-0.5875960362449136
2020-02-06,equity,-0.879212927328017,-0.2889199354386917,-0.5902929918893254
2020-02-07,equity,-0.8826060141340457,-0.2898757271305251,-0.5927302870035206
2020-02-10,equity,-0.8758398658371138,-0.28812264440779173,-0.587717221429322
2020-02-11,equity,-0.8739261724581793,-0.2884119791448256,-0.5855141933133536
2020-02-12,equity,-0.873954974017355,-0.2925332575607974,-0.5814217164565576
2020-02-13,equity,-0.8679220622403746,-0.2926417396353822,-0.5752803226049924
2020-02-14,equity,-0.8693236902798868,-0.29141292850387046,-0.5779107617760163
2020-02-18,equity,-0.866388865832998,-0.30022035207306225,-0.5661685137599357
2020-02-19,equity,-0.8712438885293396,-0.2992121050881121,-0.5720317834412276
2020-02-20,equity,-0.8496632805171722,-0.2997080954924094,-0.5499551850247628
2020-02-21,equity,-0.8536472252276418,-0.31248891367046194,-0.5411583115571799
2020-02-24,equity,-0.7571087991531844,-0.30787067924053263,-0.4492381199126518
2020-02-25,equity,-0.6488037711986641,-0.25267356199403257,-0.3961302092046315
2020-02-26,equity,-0.6330323997245971,-0.2532815582824854,-0.37975084144211174
2020-02-27,equity,-0.5761466944262986,-0.22335056436319836,-0.3527961300631003
2020-02-28,equity,-0.5552624087896612,-0.20599666560852975,-0.3492657431811314
2020-03-02,equity,-0.44194781929267374,-0.1698270381770579,-0.27212078111561583
2020-03-03,equity,-0.4000975769764204,-0.2051424306543195,-0.1949551463221009
2020-03-04,equity,-0.37496060311285045,-0.18853718249803492,-0.18642342061481554
2020-03-05,equity,-0.419247752367011,-0.20961614455344865,-0.20963160781356235
2020-03-06,equity,-0.40973295934477516,-0.20775533626719278,-0.20197762307758238
2020-03-09,equity,0.06956488268318388,-0.1658971046894631,0.23546198737264695
2020-03-10,equity,0.094494500371741,-0.18552695019308427,0.28002145056482525
2020-03-11,equity,0.11878176737208761,-0.16627969503908888,0.28506146241117647
2020-03-12,equity,0.6753367815315031,-0.038596451603795504,0.7139332331352987
2020-03-13,equity,0.38252572598765666,-0.08630131349027223,0.4688270394779289
2020-03-16,equity,0.45614082532835293,-0.04408209047072988,0.5002229157990828
2020-03-17,equity,0.5011088461774945,-0.031541659071004924,0.5326505052484994
2020-03-18,equity,0.4894330583205862,-0.01590658907416217,0.5053396473947483
2020-03-19,equity,0.500185829462985,-0.0171066910012588,0.5172925204642438
2020-03-20,equity,0.49451099443881974,-0.0242062395854282,0.518717234024248
2020-03-23,equity,0.48778297228419765,-0.039515286456215236,0.5272982587404129
2020-03-24,equity,0.5093670290236235,0.01347823826895871,0.4958887907546648
2020-03-25,equity,0.5069181404957984,0.011943129849174769,0.49497501064662364
2020-03-26,equity,0.48922480260428103,0.019281945306467457,0.4699428572978136
2020-03-27,equity,0.4839491433810331,0.022445690741321554,0.46150345263971154
2020-03-30,equity,0.4604711601859073,0.023457994428340557,0.4370131657575667
2020-03-31,equity,0.4561314493185131,0.029759443712442397,0.42637200560607075
2020-04-01,equity,0.4663296033442043,0.025008012108888245,0.44132159123531606
2020-04-02,equity,0.48397710469516353,0.028715613007414015,0.45526149168774954
2020-04-03,equity,0.4855317870797853,0.02797636567720552,0.45755542140257977
2020-04-06,equity,0.509052992156898,0.04497607592666138,0.46407691623023667
2020-04-07,equity,0.5085729653646738,0.045010926253571976,0.46356203911110183
2020-04-08,equity,0.5034688719359411,0.04143796576245946,0.4620309061734817
2020-04-09,equity,0.500093152990973,0.04487478030308357,0.45521837268788945
2020-04-13,equity,0.5067826091947059,0.04327231158022503,0.4635102976144808
2020-04-14,equity,0.5086502833624416,0.045041415818044286,0.4636088675443973
2020-04-15,equity,0.5124302585687147,0.046169334971379934,0.4662609235973348
2020-04-16,equity,0.5148862808814759,0.046102257796646534,0.46878402308482936
2020-04-17,equity,0.511271014452298,0.04036278847039777,0.4709082259819002
2020-04-20,equity,0.5173616846339496,0.03919765231295646,0.47816403232099314
2020-04-21,equity,0.5085464045412741,0.041220549259991274,0.4673258552812828
2020-04-22,equity,0.5098467519170273,0.04534526182294515,0.4645014900940822
2020-04-23,equity,0.5090514080377522,0.04535024102081335,0.4637011670169388
2020-04-24,equity,0.5079462620612069,0.04453083688081959,0.46341542518038725
2020-04-27,equity,0.5119168614797124,0.043101301336639974,0.4688155601430724
2020-04-28,equity,0.5118134624765297,0.04342904913252331,0.4683844133440064
2020-04-29,equity,0.5384485118881001,0.04421791740599424,0.4942305944821058
2020-04-30,equity,0.5381699321170464,0.04535391303712936,0.49281601907991707
2020-05-01,equity,0.538366602050121,0.043571558797105364,0.4947950432530156
2020-05-04,equity,0.5352068501916851,0.04326337101183752,0.4919434791798476
2020-05-05,equity,0.5356307240708023,0.0435107731642125,0.4921199509065898
2020-05-06,equity,0.5377724038382385,0.044865810103244586,0.49290659373499396
2020-05-07,equity,0.5440379769055862,0.04628223136433523,0.49775574554125096
2020-05-08,equity,0.5444814812639719,0.0450797553720033,0.4994017258919686
2020-05-11,equity,0.5429848038374493,0.04505086791257304,0.4979339359248762
2020-05-12,equity,0.5893280584992842,0.04666569906720365,0.5426623594320805
2020-05-13,equity,0.5824900147567467,0.04535752463738738,0.5371324901193593
2020-05-14,equity,0.5847761651791242,0.046235765852349606,0.5385403993267747
2020-05-15,equity,0.5871308388628319,0.04712454220540535,0.5400062966574266
2020-05-18,equity,0.5874763402145735,0.04373509473804694,0.5437412454765266
2020-05-19,equity,0.5934547892457188,0.04279320031076405,0.5506615889349548
2020-05-20,equity,0.5888983874284971,0.04316210337790026,0.5457362840505968
2020-05-21,equity,0.5920977417428389,0.04425045212113014,0.5478472896217088
2020-05-22,equity,0.5909971157538833,0.04514026430985746,0.5458568514440258
2020-05-26,equity,0.5851716027593087,0.0433582312879964,0.5418133714713123
2020-05-27,equity,0.5961644073792598,0.04299084152288855,0.5531735658563712
2020-05-28,equity,0.5956070121809441,0.0429048074947106,0.5527022046862335
2020-05-29,equity,0.5954063205382936,0.043062145909306314,0.5523441746289872
2020-06-01,equity,0.5942514709281548,0.04479324633312233,0.5494582245950325
2020-06-02,equity,0.5938849803538966,0.04462242461541387,0.5492625557384827
2020-06-03,equity,0.618917771667799,0.04246863111309912,0.5764491405546999
2020-06-04,equity,0.6168975835784117,0.04203977193269906,0.5748578116457127
2020-06-05,equity,0.6122819847573416,0.03663238573077069,0.575649599026571
2020-06-08,equity,0.6076534075416177,0.0372346424574294,0.5704187650841883
2020-06-09,equity,0.6071244197330476,0.0369833337487161,0.5701410859843316
2020-06-10,equity,0.6062571672775732,0.03625755628553959,0.5699996109920336
2020-06-11,equity,0.619699855405977,0.03965162806604564,0.5800482273399314
2020-06-12,equity,0.6202122376405312,0.03946853082241484,0.5807437068181164
2020-06-15,equity,0.6200471641940769,0.0392260847861056,0.5808210794079713
2020-06-16,equity,0.6190795564689325,0.03887252592617336,0.5802070305427591
2020-06-17,equity,0.6221286690214687,0.03852625169481347,0.5836024173266552
2020-06-18,equity,0.6220354531467632,0.03839662135020937,0.5836388317965538
2020-06-19,equity,0.6196272439812578,0.03592421124489002,0.5837030327363678
2020-06-22,equity,0.6214719220123188,0.036296662910457834,0.585175259101861
2020-06-23,equity,0.6234780256191289,0.036806559980675016,0.5866714656384538
2020-06-24,equity,0.6320777743344036,0.03771880543392206,0.5943589689004816
2020-06-25,equity,0.634010297042228,0.037415357194197724,0.5965949398480302
2020-06-26,equity,0.6407630806773539,0.03650439101543898,0.6042586896619149
2020-06-29,equity,0.6340846463530762,0.036313511698957274,0.5977711346541189
2020-06-30,equity,0.6450862480059109,0.03806598646901457,0.6070202615368963
2020-07-01,equity,0.6442918704769447,0.03734570889442076,0.6069461615825239
2020-07-02,equity,0.641387974184971,0.03735636265864448,0.6040316115263265
2020-07-06,equity,0.6435494344290797,0.03775204698006448,0.6057973874490152
2020-07-07,equity,0.64758949733467,0.036873906985247756,0.6107155903494222
2020-07-08,equity,0.6484715740668717,0.03717663240996656,0.6112949416569051
2020-07-09,equity,0.6507377384062001,0.03681224925404258,0.6139254891521575
2020-07-10,equity,0.6511819493822824,0.036634196412790254,0.614547752969492
2020-07-13,equity,0.6505759459169146,0.03638411594361482,0.6141918299732998
2020-07-14,equity,0.6500944119030739,0.03675180284509668,0.6133426090579772
2020-07-15,equity,0.645507404599669,0.036421008653534516,0.6090863959461346
2020-07-16,equity,0.6461347338160368,0.037684801328377544,0.6084499324876592
2020-07-17,equity,0.6440986894363304,0.03747346696845214,0.6066252224678783
2020-07-20,equity,0.643446094808368,0.03684536356384762,0.6066007312445204
2020-07-21,equity,0.6441898019961763,0.036998340207602225,0.6071914617885741
2020-07-22,equity,0.6444465916129393,0.03804003056296128,0.606406561049978
2020-07-23,equity,0.6429469759530545,0.03699115116401147,0.6059558247890431
2020-07-24,equity,0.6439857467452359,0.03617278318522698,0.6078129635600089
2020-07-27,equity,0.651440765113029,0.03727844834461948,0.6141623167684095
2020-07-28,equity,0.6495434745980958,0.036937685344815396,0.6126057892532804
2020-07-29,equity,0.6509665471391309,0.037599309597553685,0.6133672375415773
2020-07-30,equity,0.6556763488353289,0.036526937040741864,0.619149411794587
2020-07-31,equity,0.6593812152097149,0.03887151602363521,0.6205096991860797
2020-08-03,equity,0.6608870725347938,0.03853104447224411,0.6223560280625497
2020-08-04,equity,0.6976723218968173,0.042787934523956184,0.6548843873728611
2020-08-05,equity,0.700673581012649,0.042500136004835334,0.6581734450078136
2020-08-06,equity,0.7014052342038539,0.04307428111157143,0.6583309530922825
2020-08-07,equity,0.7057969081191242,0.04258323795836717,0.663213670160757
2020-08-10,equity,0.7079080841434916,0.04222645651916579,0.6656816276243258
2020-08-11,equity,0.7078023385797478,0.04745721581926979,0.6603451227604781
2020-08-12,equity,0.7154448233603833,0.04766416075530018,0.6677806626050831
2020-08-13,equity,0.7009324593074173,0.04909869539147114,0.6518337639159462
2020-08-14,equity,0.700822805814674,0.04904992801347,0.6517728778012041
2020-08-17,equity,0.6987427583484183,0.05040767734070775,0.6483350810077105
2020-08-18,equity,0.696903463245016,0.05189314365527861,0.6450103195897373
2020-08-19,equity,0.6987869685010991,0.053903962687488885,0.6448830058136102
2020-08-20,equity,0.7035938459472534,0.054346752557501314,0.6492470933897521
2020-08-21,equity,0.7032138808232842,0.0540789216783269,0.6491349591449573
2020-08-24,equity,0.7132047185214336,0.058293343254068604,0.654911375267365
2020-08-25,equity,0.7135115860604965,0.05842150121718121,0.6550900848433152
2020-08-26,equity,0.7136701306773412,0.059601365729767625,0.6540687649475736
2020-08-27,equity,0.716241326233441,0.059708134933750004,0.6565331912996909
2020-08-28,equity,0.720098438504877,0.061504789046364944,0.6585936494585121
2020-08-31,equity,0.719556425925804,0.06146124848470752,0.6580951774410966
2020-09-01,equity,0.7280659506135585,0.06236522990565835,0.6657007207079002
2020-09-02,equity,0.7205766747089856,0.059993174023194075,0.6605835006857915
2020-09-03,equity,0.735517839543673,0.06502620986493536,0.6704916296787377
2020-09-04,equity,0.7358918596724849,0.06487104489612912,0.6710208147763558
2020-09-08,equity,0.7447469205350234,0.06511216862411283,0.6796347519109106
2020-09-09,equity,0.7470419828973218,0.06635755078081657,0.6806844321165053
2020-09-10,equity,0.7449997814567851,0.06657692859880932,0.6784228528579759
2020-09-11,equity,0.7445658417316529,0.06655708672604804,0.6780087550056049
2020-09-14,equity,0.7469818149767047,0.06710381321787408,0.6798780017588306
2020-09-15,equity,0.7470840459670673,0.06718590969690393,0.6798981362701634
2020-09-16,equity,0.7458959694143708,0.0670756738475138,0.678820295566857
2020-09-17,equity,0.7458582808278399,0.067531047090613,0.6783272337372269
2020-09-18,equity,0.7454414221522764,0.06743348140127495,0.6780079407510015
2020-09-21,equity,0.7486468228984907,0.07008866155120806,0.6785581613472826
2020-09-22,equity,0.7477633778357023,0.06954287020687264,0.6782205076288297
2020-09-23,equity,0.736342580791004,0.07436137441766302,0.661981206373341
2020-09-24,equity,0.7374003867748143,0.07542692008217448,0.6619734666926399
2020-09-25,equity,0.7359263046927536,0.07475374112381025,0.6611725635689433
2020-09-28,equity,0.7353897554249968,0.07554598877606383,0.659843766648933
2020-09-29,equity,0.7346424557127248,0.07585421103466836,0.6587882446780564
2020-09-30,equity,0.7353689096052338,0.07595402828054325,0.6594148813246906
2020-10-01,equity,0.7360129343988392,0.07821637105672456,0.6577965633421147
2020-10-02,equity,0.7375757433194087,0.07811400728145267,0.659461736037956
2020-10-05,equity,0.7392891918707137,0.07873349938376772,0.660555692486946
2020-10-06,equity,0.7402063601789144,0.07980542105328822,0.6604009391256261
2020-10-07,equity,0.7401504055489397,0.08070057897721174,0.659449826571728
2020-10-08,equity,0.7380235055162655,0.08087869210559849,0.657144813410667
2020-10-09,equity,0.7389309223116686,0.08252889441079066,0.6564020279008779
2020-10-12,equity,0.7463134888072029,0.08248438104023437,0.6638291077669686
2020-10-13,equity,0.7468854527324267,0.08352338633320906,0.6633620663992176
2020-10-14,equity,0.7489931388102911,0.084048116220556,0.6649450225897351
2020-10-15,equity,0.748103445777287,0.08410731726581044,0.6639961285114766
2020-10-16,equity,0.748003713341497,0.08411956392181857,0.6638841494196783
2020-10-19,equity,0.740980056132987,0.08391072827642965,0.6570693278565574
2020-10-20,equity,0.7401977394135745,0.08437719386342232,0.6558205455501521
2020-10-21,equity,0.7386966289976102,0.0842990781392058,0.6543975508584045
2020-10-22,equity,0.7415033045217557,0.08382572780835926,0.6576775767133964
2020-10-23,equity,0.741158269569787,0.08369912909486128,0.6574591404749257
2020-10-26,equity,0.7337427637733864,0.08363355033891309,0.6501092134344734
2020-10-27,equity,0.7287652617022665,0.08401336327896189,0.6447518984233046
2020-10-28,equity,0.7321657888460655,0.08833827472398006,0.6438275141220855
2020-10-29,equity,0.7337610983909668,0.08763612144538734,0.6461249769455795
2020-10-30,equity,0.7326610384283045,0.08739354138191319,0.6452674970463914
2020-11-02,equity,0.7335756827081726,0.0882377890356094,0.6453378936725632
2020-11-03,equity,0.7314874220937395,0.08882693183607078,0.6426604902576687
2020-11-04,equity,0.7321799103965471,0.08798490012350307,0.644195010273044
2020-11-05,equity,0.7409175533018185,0.09114002572504658,0.649777527576772
2020-11-06,equity,0.7410001558890686,0.09145092702106948,0.6495492288679992
2020-11-09,equity,0.7401613874269538,0.08717610695393796,0.6529852804730158
2020-11-10,equity,0.7400577617311127,0.08706868205829364,0.652989079672819
2020-11-11,equity,0.7412249235881405,0.08670467703400801,0.6545202465541325
2020-11-12,equity,0.7383418360591989,0.08616943575900421,0.6521724003001947
2020-11-13,equity,0.737447222974977,0.08667211871798297,0.650775104256994
2020-11-16,equity,0.7416745985768648,0.08673317268469562,0.6549414258921692
2020-11-17,equity,0.7393770192212762,0.08692270059005792,0.6524543186312183
2020-11-18,equity,0.7388310787441398,0.08749115979028803,0.6513399189538518
2020-11-19,equity,0.7391980419251859,0.08740153638672553,0.6517965055384604
2020-11-20,equity,0.7359016328220069,0.0871229676380672,0.6487786651839398
2020-11-23,equity,0.7356032890066291,0.08626439540006718,0.6493388936065619
2020-11-24,equity,0.7400925017949622,0.08435408045902361,0.6557384213359386
2020-11-25,equity,0.740454350800151,0.08432294034663414,0.6561314104535169
2020-11-27,equity,0.7368730695430927,0.08434591678472377,0.6525271527583689
2020-11-30,equity,0.7313516740768116,0.08487001578779138,0.6464816582890202
2020-12-01,equity,0.724009148298974,0.08651933156361061,0.6374898167353634
2020-12-02,equity,0.7241543852557042,0.08714979676844398,0.6370045884872602
2020-12-03,equity,0.725058900734658,0.08720066312305114,0.6378582376116069
2020-12-04,equity,0.7228245600741067,0.08690479745217056,0.6359197626219362
2020-12-07,equity,0.7229919702096537,0.08741540579796175,0.635576564411692
2020-12-08,equity,0.7220393627081558,0.08742788324066074,0.6346114794674951
2020-12-09,equity,0.7231897974217896,0.08870776647198808,0.6344820309498015
2020-12-10,equity,0.7234018864458425,0.08863938902375774,0.6347624974220847
2020-12-11,equity,0.7236685098374203,0.08895870047033884,0.6347098093670814
2020-12-14,equity,0.7209585542332969,0.08921770264996144,0.6317408515833355
2020-12-15,equity,0.7246803533587466,0.09051860388585241,0.6341617494728942
2020-12-16,equity,0.7251780952609669,0.09056075007048209,0.6346173451904848
2020-12-17,equity,0.7293538138551028,0.0909418967055506,0.6384119171495521
2020-12-18,equity,0.7295244233509214,0.09097809779563751,0.6385463255552839
2020-12-21,equity,0.7294689291327326,0.09112743098613223,0.6383414981466005
2020-12-22,equity,0.7289082119119721,0.09130834426090717,0.6375998676510649
2020-12-23,equity,0.7287378542235458,0.09137051333591718,0.6373673408876286
2020-12-24,equity,0.728598513438096,0.09119186665697535,0.6374066467811207
2020-12-28,equity,0.7372352487301654,0.09083393156975222,0.6464013171604133
2020-12-29,equity,0.7374799125874284,0.09086056479034542,0.646619347797083
2020-12-30,equity,0.7382334156198436,0.09088701895324539,0.6473463966665982
2020-12-31,equity,0.741147691770071,0.0906275816435412,0.6505201101265298
2021-01-04,equity,0.7347080850526662,0.08856685088097856,0.6461412341716876
2021-01-05,equity,0.7380716035588569,0.08841797398519828,0.6496536295736587
2021-01-06,equity,0.7422306224021509,0.0877623561902492,0.6544682662119017
2021-01-07,equity,0.7507895405283848,0.08756008712987515,0.6632294533985096
2021-01-08,equity,0.7523015729318419,0.0864571900530508,0.665844382878791
2021-01-11,equity,0.7624624993470799,0.08673879823177813,0.6757237011153018
2021-01-12,equity,0.762456565082939,0.08718807089801381,0.6752684941849252
2021-01-13,equity,0.7641564539416137,0.08709132007535157,0.6770651338662621
2021-01-14,equity,0.7612104000903455,0.08706706520253718,0.6741433348878083
2021-01-15,equity,0.7688654849105331,0.08805407028736292,0.6808114146231702
2021-01-19,equity,0.7693930748420905,0.08847723952156927,0.6809158353205212
2021-01-20,equity,0.7625414481224989,0.09006689566020781,0.672474552462291
2021-01-21,equity,0.7627323371623776,0.09006900249210899,0.6726633346702686
2021-01-22,equity,0.7615212783839469,0.09030779493590183,0.6712134834480451
2021-01-25,equity,0.76253663080495,0.0907909223024662,0.6717457085024838
2021-01-26,equity,0.77224429399668,0.09189353827100102,0.680350755725679
2021-01-27,equity,0.7723588552831377,0.09369672089146659,0.6786621343916711
2021-01-28,equity,0.7743128729338566,0.09371390192051392,0.6805989710133428
2021-01-29,equity,0.762512053631392,0.09358659841413326,0.6689254552172587
2021-02-01,equity,0.7549142733218354,0.095554423655169,0.6593598496666664
2021-02-02,equity,0.7599276918427459,0.09444823557727892,0.665479456265467
2021-02-03,equity,0.7633585349131332,0.09620694486838947,0.6671515900447438
2021-02-04,equity,0.7603841118268966,0.0942800190873336,0.666104092739563
2021-02-05,equity,0.7601761890933724,0.09442073019918454,0.6657554588941879
2021-02-08,equity,0.7680239104872753,0.09504118712685841,0.6729827233604169
2021-02-09,equity,0.7671605777022591,0.0949268168082956,0.6722337608939635
2021-02-10,equity,0.767368908935356,0.0949391317363454,0.6724297771990106
2021-02-11,equity,0.7675618479534049,0.09495138454219301,0.6726104634112119
2021-02-12,equity,0.7672966066342609,0.09491369479420247,0.6723829118400584
2021-02-16,equity,0.767053537398329,0.09502156557756057,0.6720319718207685
2021-02-17,equity,0.7659056414498566,0.09547885786330314,0.6704267835865535
2021-02-18,equity,0.766452417872465,0.09530644820447881,0.6711459696679862
2021-02-19,equity,0.7631231047251669,0.09537587465771728,0.6677472300674496
2021-02-22,equity,0.7663619826322305,0.09575987424201444,0.6706021083902161
2021-02-23,equity,0.7685292430999827,0.09919849482861737,0.6693307482713653
2021-02-24,equity,0.7668736061643452,0.09497515495667919,0.671898451207666
2021-02-25,equity,0.7615156014295871,0.09876325753438267,0.6627523438952044
2021-02-26,equity,0.7791493186706973,0.10168394384417909,0.6774653748265181
2021-03-01,equity,0.7811623224019962,0.09799416018640121,0.6831681622155951
2021-03-02,equity,0.7867066318986848,0.09719928411804746,0.6895073477806374
2021-03-03,equity,0.777777165865368,0.10695057426269039,0.6708265916026777
2021-03-04,equity,0.796798468981512,0.10898361092697992,0.687814858054532
2021-03-05,equity,0.8174705950755444,0.1165870000629421,0.7008835950126023
2021-03-08,equity,0.8157577481248715,0.11753040522407274,0.6982273429007987
2021-03-09,equity,0.7515177958580989,0.12816930605383084,0.623348489804268
2021-03-10,equity,0.7641161246523819,0.14069091891236055,0.6234252057400214
2021-03-11,equity,0.7709115895771079,0.142240406168062,0.6286711834090459
2021-03-12,equity,0.560592630960249,0.11286365035368714,0.44772898060656185
2021-03-15,equity,0.7356704917976061,0.15576571991700272,0.5799047718806034
2021-03-16,equity,0.732410900121066,0.1713250879940045,0.5610858121270615
2021-03-17,equity,0.7037544524073974,0.16854162107596837,0.535212831331429
2021-03-18,equity,0.7244105397509282,0.15931021527613395,0.5651003244747942
2021-03-19,equity,0.7172115619584647,0.16005166296885903,0.5571598989896056
2021-03-22,equity,0.726437709577178,0.17672914639107234,0.5497085631861056
2021-03-23,equity,0.7433545964829282,0.2041570266795539,0.5391975698033743
2021-03-24,equity,0.7567642605354261,0.1531314375783272,0.6036328229570989
2021-03-25,equity,0.7579577603317595,0.1557833286328841,0.6021744316988754
2021-03-26,equity,0.8198951236465547,0.15174828132430554,0.6681468423222492
2021-03-29,equity,0.8325825331934954,0.15144098031917508,0.6811415528743203
2021-03-30,equity,0.8853265954758743,0.15358107707336546,0.7317455184025089
2021-03-31,equity,0.8933646783983723,0.14238557722453613,0.7509791011738361
2021-04-01,equity,0.8810861508896511,0.16220434369219175,0.7188818071974594
2021-04-05,equity,0.8439220283926903,0.15529799926138135,0.6886240291313089
2021-04-06,equity,0.8456769147592177,0.15771651463449354,0.6879604001247241
2021-04-07,equity,0.8343985480461857,0.12860560719129407,0.7057929408548916
2021-04-08,equity,0.8353441615797605,0.12883331575064338,0.7065108458291172
2021-04-09,equity,0.862625143234934,0.1388681862514804,0.7237569569834537
2021-04-12,equity,0.8704267154444885,0.13085000037433722,0.7395767150701512
2021-04-13,equity,0.8502775718684356,0.13708264751255053,0.713194924355885
2021-04-14,equity,0.8624636508976986,0.13454418586929304,0.7279194650284055
2021-04-15,equity,0.8524228620877186,0.13717894388442226,0.7152439182032964
2021-04-16,equity,0.8459286518676591,0.13768228641659447,0.7082463654510647
2021-04-19,equity,0.8868951621479324,0.15467691435785225,0.7322182477900802
2021-04-20,equity,0.8646900828803583,0.15919154587451947,0.7054985370058389
2021-04-21,equity,0.8899681865237973,0.15933227198193722,0.73063591454186
2021-04-22,equity,0.901817906310808,0.15081891930224153,0.7509989870085665
2021-04-23,equity,0.8896692832014815,0.14996622718016137,0.7397030560213201
2021-04-26,equity,0.896918345416729,0.1522878720420445,0.7446304733746845
2021-04-27,equity,0.8950647522614064,0.1559017180003966,0.7391630342610098
2021-04-28,equity,0.8947572812290097,0.1549465975736561,0.7398106836553535
2021-04-29,equity,0.8138836705072555,0.15292291888047746,0.660960751626778
2021-04-30,equity,0.7984733487411895,0.14794354178090408,0.6505298069602854
2021-05-03,equity,0.8025179858689073,0.15839137637614112,0.6441266094927662
2021-05-04,equity,0.8167123058165586,0.15977565981911115,0.6569366459974475
2021-05-05,equity,0.8168610053033594,0.15898121498125564,0.6578797903221038
2021-05-06,equity,0.8203132748003376,0.15900368647195656,0.661309588328381
2021-05-07,equity,0.8068971605508658,0.15620058705963677,0.650696573491229
2021-05-10,equity,0.8237537561088386,0.15866984375403193,0.6650839123548067
2021-05-11,equity,0.8130460407703832,0.1579400493183565,0.6551059914520267
2021-05-12,equity,0.8448016923586205,0.16784257668633745,0.676959115672283
2021-05-13,equity,0.8303594281516538,0.17624971187559285,0.654109716276061
2021-05-14,equity,0.8239238727001638,0.1768448294983789,0.6470790432017849
2021-05-17,equity,0.843930750728206,0.17489946699089015,0.6690312837373158
2021-05-18,equity,0.8431652335084359,0.1865029134272067,0.6566623200812292
2021-05-19,equity,0.8563382469102916,0.1908700806780411,0.6654681662322505
2021-05-20,equity,0.8735326457589978,0.19204091879441149,0.6814917269645864
2021-05-21,equity,0.8668059710921456,0.18796781919925412,0.6788381518928915
2021-05-24,equity,0.8894155427851322,0.18775027290198712,0.7016652698831451
2021-05-25,equity,0.9173788800487466,0.19271262672629727,0.7246662533224493
2021-05-26,equity,0.9079151160630374,0.19319944821430032,0.7147156678487371
2021-05-27,equity,0.9112008969700803,0.19361289560110526,0.717588001368975
2021-05-28,equity,0.9142976920338588,0.19281028437861503,0.7214874076552438
2021-06-01,equity,0.9133698830480689,0.19265720090084498,0.7207126821472238
2021-06-02,equity,0.9179833991688696,0.1945948889045864,0.7233885102642832
2021-06-03,equity,0.9191068636434552,0.20667177219964308,0.7124350914438121
2021-06-04,equity,0.9073455348624462,0.2106285097552993,0.6967170251071468
2021-06-07,equity,0.941350450271111,0.2325938966040874,0.7087565536670235
2021-06-08,equity,0.9509550972059011,0.229765377417534,0.7211897197883671
2021-06-09,equity,0.9435059922593841,0.23340687467388924,0.7100991175854949
2021-06-10,equity,0.9468048988604129,0.23722475362321965,0.7095801452371933
2021-06-11,equity,0.931194054079004,0.2546567163028913,0.6765373377761128
2021-06-14,equity,0.9324466400385174,0.25540348200402563,0.6770431580344918
2021-06-15,equity,0.9357912424571724,0.2569157444448601,0.6788754980123123
2021-06-16,equity,0.9534851415574754,0.26488980329045236,0.6885953382670231
2021-06-17,equity,0.9509780003488743,0.2675543604396828,0.6834236399091915
2021-06-18,equity,0.9842514948443518,0.26854909161012225,0.7157024032342296
2021-06-21,equity,0.9313295636234997,0.27652342207412983,0.6548061415493699
2021-06-22,equity,0.9255549657967737,0.27464500101422534,0.6509099647825483
2021-06-23,equity,0.9244169569158042,0.273712998892417,0.6507039580233871
2021-06-24,equity,0.9157353935661486,0.277965111579587,0.6377702819865616
2021-06-25,equity,0.9146627385566406,0.27950435707601945,0.6351583814806212
2021-06-28,equity,0.9233879562466119,0.2924539613355951,0.6309339949110168
2021-06-29,equity,0.9315382427064542,0.294822509041283,0.6367157336651712
2021-06-30,equity,0.9443176893688872,0.294607139249465,0.6497105501194221
2021-07-01,equity,0.9340421382195462,0.29590048637585337,0.6381416518436929
2021-07-02,equity,0.937014030018677,0.29699691236548087,0.6400171176531961
2021-07-06,equity,0.929992136805242,0.2950812244152761,0.6349109123899659
2021-07-07,equity,0.9312797428708343,0.30067414750223126,0.630605595368603
2021-07-08,equity,0.9477289596177624,0.29843664183541285,0.6492923177823495
2021-07-09,equity,0.9407741164838633,0.29840827409357557,0.6423658423902878
2021-07-12,equity,0.9430484801890792,0.3003701990772476,0.6426782811118316
2021-07-13,equity,0.9488548626598042,0.30189492037199145,0.6469599422878127
2021-07-14,equity,0.9556490044266676,0.30130418671069453,0.654344817715973
2021-07-15,equity,0.9707152898906353,0.3015239099905944,0.6691913799000409
2021-07-16,equity,0.9633193992783349,0.30263950814465435,0.6606798911336805
2021-07-19,equity,0.9828085919638138,0.2972639570770995,0.6855446348867142
2021-07-20,equity,0.9561471745598454,0.29311561553220117,0.6630315590276443
2021-07-21,equity,0.9707754183804086,0.2910717468932233,0.6797036714871854
2021-07-22,equity,0.9728936319401571,0.28836340664924376,0.6845302252909133
2021-07-23,equity,0.9849637076849401,0.2938741900351003,0.6910895176498398
2021-07-26,equity,0.9947966767831841,0.2973425038227504,0.6974541729604337
2021-07-27,equity,0.9762545380106824,0.2915128136035183,0.6847417244071641
2021-07-28,equity,0.9795082971647638,0.2948573166663961,0.6846509804983678
2021-07-29,equity,0.9745668045830175,0.29400979504475483,0.6805570095382627
2021-07-30,equity,0.9708887923855598,0.29442681661244824,0.6764619757731116
2021-08-02,equity,0.9716070079084885,0.29228671784886867,0.6793202900596198
2021-08-03,equity,0.959486214244068,0.29161194945717694,0.667874264786891
2021-08-04,equity,0.9503078040390066,0.2887623930248331,0.6615454110141735
2021-08-05,equity,0.9469493608628242,0.28579990115288484,0.6611494597099394
2021-08-06,equity,0.9460904282449492,0.28232611824350706,0.6637643100014421
2021-08-09,equity,0.9393018368685997,0.28351847496985244,0.6557833618987472
2021-08-10,equity,0.9375665510041783,0.2837507436079852,0.653815807396193
2021-08-11,equity,0.9230386626419734,0.2634288704627305,0.659609792179243
2021-08-12,equity,0.9195157987361372,0.26783930095750974,0.6516764977786275
2021-08-13,equity,0.9192821989722894,0.2716371873314291,0.6476450116408603
2021-08-16,equity,0.9195130923172437,0.2717596765862391,0.6477534157310045
2021-08-17,equity,0.921078470061087,0.2698169461833393,0.6512615238777477
2021-08-18,equity,0.9265611316705625,0.26697832665751653,0.659582805013046
2021-08-19,equity,0.9199713168825282,0.2596187803799225,0.6603525365026057
2021-08-20,equity,0.9283152966303221,0.25870945403375656,0.6696058425965655
2021-08-23,equity,0.9302674671182145,0.26302498998574325,0.6672424771324712
2021-08-24,equity,0.9326849092009561,0.2660810724956975,0.6666038367052587
2021-08-25,equity,0.9381106835179461,0.2656282811004559,0.6724824024174902
2021-08-26,equity,0.9487358138563996,0.2607029467409007,0.6880328671154989
2021-08-27,equity,0.9548239380356124,0.2655892998040494,0.6892346382315631
2021-08-30,equity,0.9516912689943934,0.26073251873931036,0.690958750255083
2021-08-31,equity,0.9573662856864493,0.26092957808541944,0.6964367076010298
2021-09-01,equity,0.9546904141553464,0.2609590310632702,0.6937313830920762
2021-09-02,equity,0.9997810897201844,0.2713948026812574,0.728386287038927
2021-09-03,equity,0.9400093683493044,0.27437425776160285,0.6656351105877015
2021-09-07,equity,0.9539013751310315,0.28078656265526464,0.6731148124757669
2021-09-08,equity,0.9046250665919403,0.29067378711854736,0.613951279473393
2021-09-09,equity,0.8991603062144652,0.28446021668971183,0.6147000895247534
2021-09-10,equity,0.9174588165747836,0.28788541930042205,0.6295733972743616
2021-09-13,equity,0.9158900848526629,0.288094938605359,0.6277951462473039
2021-09-14,equity,0.8924988139517626,0.28206565939157446,0.6104331545601881
2021-09-15,equity,0.9003249155722823,0.27985708148336347,0.6204678340889189
2021-09-16,equity,0.907870431035557,0.2842807691842112,0.6235896618513458
2021-09-17,equity,0.9036649544904779,0.28217973512407385,0.621485219366404
2021-09-20,equity,0.9688470463750853,0.2736337748870898,0.6952132714879955
2021-09-21,equity,0.9552548815353302,0.2620600059383615,0.6931948755969688
2021-09-22,equity,0.9706173395841106,0.26301271294124856,0.707604626642862
2021-09-23,equity,0.97876977469979,0.23481304708635428,0.7439567276134357
2021-09-24,equity,0.9756345125355597,0.2344734661724531,0.7411610463631065
2021-09-27,equity,0.9835477453978345,0.2384910012845965,0.7450567441132381
2021-09-28,equity,1.008418123953471,0.23808466651614196,0.7703334574373291
2021-09-29,equity,1.004435254356878,0.2411388665705832,0.7632963877862948
2021-09-30,equity,0.9675102251802984,0.22933263684538457,0.7381775883349138
2021-10-01,equity,1.016808210681906,0.22757807809922923,0.7892301325826768
2021-10-04,equity,0.9875692580070724,0.22257356153781474,0.7649956964692577
2021-10-05,equity,1.0000430921256236,0.2180571017218777,0.7819859904037458
2021-10-06,equity,1.005457662697731,0.21180360476285892,0.7936540579348721
2021-10-07,equity,1.005697499739932,0.21240427565627473,0.7932932240836572
2021-10-08,equity,1.0012334071072369,0.2112928195346633,0.7899405875725736
2021-10-11,equity,0.9795419562241481,0.20416355443973827,0.7753784017844099
2021-10-12,equity,0.9667613812133814,0.20793955933617128,0.7588218218772101
2021-10-13,equity,0.9646281036703069,0.20448464019770166,0.7601434634726053
2021-10-14,equity,0.9529477785634859,0.20596618834175234,0.7469815902217336
2021-10-15,equity,0.9713039014450165,0.20057835678638608,0.7707255446586305
2021-10-18,equity,0.9689768196653951,0.20009767195143402,0.768879147713961
2021-10-19,equity,1.021572400092037,0.20504212604341204,0.8165302740486249
2021-10-20,equity,1.0233916614332434,0.2053712246166071,0.8180204368166364
2021-10-21,equity,1.0275094301518375,0.20681268787169932,0.8206967422801381
2021-10-22,equity,1.0268959106467876,0.2083495663785416,0.818546344268246
2021-10-25,equity,1.0329193791371194,0.20979960854672328,0.8231197705903961
2021-10-26,equity,1.055692046874717,0.213899922278048,0.8417921245966691
2021-10-27,equity,1.083746305024151,0.21331742077525415,0.8704288842488968
2021-10-28,equity,1.0898086624203636,0.19399852934845638,0.8958101330719072
2021-10-29,equity,1.0858275393824992,0.19755433752362742,0.8882732018588718
2021-11-01,equity,1.0951149196097982,0.20393133342092512,0.8911835861888731
2021-11-02,equity,1.1046995675694795,0.19838183200821488,0.9063177355612646
2021-11-03,equity,1.116674527403105,0.19264344521820448,0.9240310821849005
2021-11-04,equity,1.119587464627081,0.20039223705247042,0.9191952275746105
2021-11-05,equity,1.0637902307622784,0.179284743017162,0.8845054877451164
2021-11-08,equity,1.0647209260414576,0.17940323869809735,0.8853176873433602
2021-11-09,equity,1.0758361778670362,0.21050491759251397,0.8653312602745222
2021-11-10,equity,1.0857506526300005,0.2031803035911391,0.8825703490388614
2021-11-11,equity,1.0798781179502397,0.20544815338025357,0.8744299645699861
2021-11-12,equity,1.0956076643591017,0.21193247816792468,0.883675186191177
2021-11-15,equity,1.1093079385213673,0.20848235719799219,0.9008255813233752
2021-11-16,equity,1.0797606985523542,0.20855287425182245,0.8712078243005318
2021-11-17,equity,1.0974420732379857,0.2051369516970207,0.892305121540965
2021-11-18,equity,1.096007320743725,0.20184543214351786,0.8941618886002072
2021-11-19,equity,1.0942552343794576,0.20354243236416955,0.890712802015288
2021-11-22,equity,1.1243584914957998,0.2125664050057703,0.9117920864900295
2021-11-23,equity,1.1327997026192462,0.2187358114052829,0.9140638912139634
2021-11-24,equity,1.115632682149596,0.23829306933634575,0.8773396128132503
2021-11-26,equity,1.169877511532883,0.23158954516188424,0.9382879663709988
2021-11-29,equity,1.2224442449764505,0.2292186613236268,0.9932255836528238
2021-11-30,equity,1.2660212619630504,0.2300320662673308,1.0359891956957197
2021-12-01,equity,1.2913300154529994,0.2117614720048144,1.079568543448185
2021-12-02,equity,1.2767795674578526,0.2042897700055813,1.0724897974522714
2021-12-03,equity,1.312091391621404,0.1988331697597941,1.11325822186161
2021-12-06,equity,1.2552641393046238,0.19791728619482535,1.0573468531097985
2021-12-07,equity,1.2609018055269392,0.20046027463138336,1.060441530895556
2021-12-08,equity,1.2632529068870826,0.20012232879627376,1.063130578090809
2021-12-09,equity,1.2831441083349895,0.1938084949390582,1.0893356133959313
2021-12-10,equity,1.2836173108015227,0.19505286225119586,1.088564448550327
2021-12-13,equity,1.2981501929293746,0.19248558293416515,1.1056646099952094
2021-12-14,equity,1.3046025506945416,0.19502399219305155,1.10957855850149
2021-12-15,equity,1.313325643507704,0.18785414881878615,1.125471494688918
2021-12-16,equity,1.320412314904725,0.17927321934682802,1.141139095557897
2021-12-17,equity,1.3135959230807035,0.17636801273337502,1.1372279103473284
2021-12-20,equity,1.2908469989235982,0.1775533691476779,1.1132936297759204
2021-12-21,equity,1.3012523360162995,0.17380160507928755,1.1274507309370119
2021-12-22,equity,1.3019502614476344,0.17680871987535518,1.1251415415722792
2021-12-23,equity,1.3109815304822858,0.1773514369361607,1.1336300935461252
2021-12-27,equity,1.3023223481625028,0.17700293041115975,1.125319417751343
2021-12-28,equity,1.2537282684722209,0.1796192667557914,1.0741090017164294
2021-12-29,equity,1.2546380295556046,0.18044006013274536,1.0741979694228592
2021-12-30,equity,1.2535155072735094,0.1784085055124449,1.0751070017610644
2021-12-31,equity,1.257931133954396,0.17587995325992672,1.0820511806944693
2022-01-03,equity,1.3385689024402159,0.19424305069905787,1.144325851741158
2022-01-04,equity,1.3111815873060475,0.19271559560938736,1.1184659916966602
2022-01-05,equity,1.3268735140812893,0.1959467965675797,1.1309267175137097
2022-01-06,equity,1.2769055232324262,0.20109583444415538,1.0758096887882709
2022-01-07,equity,1.2860011042321209,0.20916357147847325,1.0768375327536477
2022-01-10,equity,1.2223711641419368,0.2085542199335516,1.013816944208385
2022-01-11,equity,1.2300662641383442,0.21374301339840956,1.0163232507399347
2022-01-12,equity,1.2280573586226307,0.21438369326277273,1.013673665359858
2022-01-13,equity,1.2560795580374473,0.21459706688365424,1.041482491153793
2022-01-14,equity,1.214181158844863,0.2095991447817651,1.0045820140630979
2022-01-18,equity,1.2175452241796683,0.20398895576855608,1.0135562684111121
2022-01-19,equity,1.2562248660234452,0.1830933991034613,1.0731314669199838
2022-01-20,equity,1.2281733241819504,0.18326873283347275,1.0449045913484776
2022-01-21,equity,1.3312877745416314,0.1813920924254817,1.1498956821161497
2022-01-24,equity,1.3281152839349808,0.18196715440853684,1.146148129526444
2022-01-25,equity,1.3186197760349094,0.1778377967442081,1.1407819792907012
2022-01-26,equity,1.347881985739914,0.17727355646120957,1.1706084292787045
2022-01-27,equity,1.348190508153466,0.1816433419612074,1.1665471661922586
2022-01-28,equity,1.4836272695794044,0.17599388015094736,1.307633389428457
2022-01-31,equity,1.5130735487689315,0.1730616930563267,1.3400118557126048
2022-02-01,equity,1.4832899522604985,0.18379740356419225,1.2994925486963063
2022-02-02,equity,1.4639738478702395,0.18486237943702338,1.279111468433216
2022-02-03,equity,1.4570791169524442,0.19348244904978507,1.2635966679026591
2022-02-04,equity,1.4833093729892053,0.19197144077193345,1.2913379322172718
2022-02-07,equity,1.4069209902133635,0.18674328597782316,1.2201777042355404
2022-02-08,equity,1.4097567168367802,0.1877746684454841,1.221982048391296
2022-02-09,equity,1.4007478782223626,0.18860300595204516,1.2121448722703174
2022-02-10,equity,1.3859971033949539,0.1893313825118833,1.1966657208830704
2022-02-11,equity,1.3982534268862605,0.16691724107743475,1.2313361858088259
2022-02-14,equity,1.399054745774466,0.16480637887113414,1.2342483669033317
2022-02-15,equity,1.4214623868477263,0.15475761120359052,1.2667047756441359
2022-02-16,equity,1.4227892369009278,0.15507918399869802,1.2677100529022298
2022-02-17,equity,1.4787637105003348,0.13703495712936192,1.341728753370973
2022-02-18,equity,1.4756997545465211,0.1435553124582726,1.3321444420882484
2022-02-22,equity,1.500683027722127,0.1418287609312162,1.3588542667909107
2022-02-23,equity,1.472684148796206,0.13659544354447137,1.3360887052517345
2022-02-24,equity,1.5220642454897562,0.11002628119246961,1.4120379642972865
2022-02-25,equity,1.4931419083789457,0.09722882374068871,1.395913084638257
2022-02-28,equity,1.4660150120271855,0.10078081996775379,1.3652341920594318
2022-03-01,equity,1.4023576868392118,0.08776796255595566,1.314589724283256
2022-03-02,equity,1.4294076745565527,0.0694313285821046,1.359976345974448
2022-03-03,equity,1.4204788808530113,0.061017218379130614,1.3594616624738807
2022-03-04,equity,1.4484858546217327,0.0551553923240319,1.3933304622977007
2022-03-07,equity,1.4713027320569858,0.02852250478292495,1.4427802272740609
2022-03-08,equity,1.437550623446868,0.005030436198247211,1.4325201872486208
2022-03-09,equity,1.4877664793192795,-0.033328053575524534,1.521094532894804
2022-03-10,equity,1.4946026675291957,-0.03333780571091403,1.5279404732401096
2022-03-11,equity,1.5017759529627568,-0.028186734969546937,1.5299626879323038
2022-03-14,equity,1.4957384036611525,-0.023570543404221208,1.5193089470653738
2022-03-15,equity,1.4885225212192736,-0.041946641580268194,1.530469162799542
2022-03-16,equity,1.4817206779786487,-0.035987120627440895,1.5177077986060896
2022-03-17,equity,1.4826629909929323,-0.03808121689749925,1.5207442078904316
2022-03-18,equity,1.4907946952525613,-0.042356928007986884,1.5331516232605482
2022-03-21,equity,1.5112428275001601,-0.042194953997090126,1.5534377814972502
2022-03-22,equity,1.5183606726242684,-0.04875643806941393,1.5671171106936823
2022-03-23,equity,1.5086521611428865,-0.055335739105704586,1.563987900248591
2022-03-24,equity,1.5319791292869138,-0.049887509681198206,1.581866638968112
2022-03-25,equity,1.528783858690526,-0.053072254733934655,1.5818561134244606
2022-03-28,equity,1.5534174644171141,-0.05939595645121559,1.6128134208683298
2022-03-29,equity,1.5467567667402422,-0.06209504385565403,1.6088518105958962
2022-03-30,equity,1.5489728496474626,-0.06631066261985971,1.6152835122673224
2022-03-31,equity,1.5585108395274188,-0.07193234420536543,1.6304431837327842
2022-04-01,equity,1.572337002712387,-0.07294268924215594,1.645279691954543
2022-04-04,equity,1.5646637740705927,-0.07075004554237327,1.635413819612966
2022-04-05,equity,1.552547879128762,-0.06615862505196317,1.6187065041807251
2022-04-06,equity,1.5640760616661222,-0.06855459062143852,1.6326306522875607
2022-04-07,equity,1.5615416015457453,-0.06547747823998797,1.6270190797857333
2022-04-08,equity,1.5635312051845192,-0.06638522546030083,1.62991643064482
2022-04-11,equity,1.586515827271832,-0.06984930758227545,1.6563651348541075
2022-04-12,equity,1.5871410486417963,-0.07195374559141393,1.6590947942332102
2022-04-13,equity,1.5987651874533888,-0.07728188531105028,1.676047072764439
2022-04-14,equity,1.608737966408354,-0.07559479929750582,1.68433276570586
2022-04-18,equity,1.586981891785317,-0.0765139424461858,1.6634958342315027
2022-04-19,equity,1.5904716923892248,-0.08553318178563701,1.6760048741748619
2022-04-20,equity,1.6033561178415439,-0.08974212169308746,1.6930982395346312
2022-04-21,equity,1.5736456136610577,-0.08946788981200436,1.663113503473062
2022-04-22,equity,1.5950024449871008,-0.0729629476303061,1.667965392617407
2022-04-25,equity,1.5932620750226218,-0.07737264588997182,1.6706347209125936
2022-04-26,equity,1.5968984222998794,-0.07631757709684862,1.6732159993967282
2022-04-27,equity,1.598531045081987,-0.07688137300659464,1.6754124180885817
2022-04-28,equity,1.6046617706250992,-0.06902498580590388,1.6736867564310032
2022-04-29,equity,1.6030433058158668,-0.06607370272567115,1.669117008541538
2022-05-02,equity,1.6019943057550223,-0.07141962664217508,1.6734139323971975
2022-05-03,equity,1.5862474791538281,-0.07292077601862258,1.6591682551724507
2022-05-04,equity,1.5960166997333385,-0.060408200616324695,1.6564249003496632
2022-05-05,equity,1.6469060119901342,-0.05734226852180112,1.7042482805119352
2022-05-06,equity,1.642501236458279,-0.05999759523575855,1.7024988316940375
2022-05-09,equity,1.7434147213509827,-0.040946702334808883,1.7843614236857916
2022-05-10,equity,1.7538573272520905,-0.041744582656080206,1.7956019099081708
2022-05-11,equity,1.7733697478328598,-0.05396297354666363,1.8273327213795234
2022-05-12,equity,1.8304353961264321,-0.05535092818465721,1.8857863243110893
2022-05-13,equity,1.8334069695748259,-0.06588439113836682,1.8992913607131927
2022-05-16,equity,1.824746213834585,-0.0661591346927639,1.8909053485273488
2022-05-17,equity,1.8115889487204118,-0.06900651015560114,1.880595458876013
2022-05-18,equity,1.7406259793373802,-0.06610730682371585,1.806733286161096
2022-05-19,equity,1.7337540070079867,-0.07051769729475074,1.8042717043027374
2022-05-20,equity,1.7316948151301785,-0.0704986757473827,1.8021934908775612
2022-05-23,equity,1.6845512158721694,-0.06775875058211925,1.7523099664542887
2022-05-24,equity,1.6750047052406138,-0.06898174697479569,1.7439864522154096
2022-05-25,equity,1.6706448663222435,-0.07048659237442773,1.7411314586966713
2022-05-26,equity,1.6459432396929674,-0.0707232934949265,1.7166665331878939
2022-05-27,equity,1.605685537979088,-0.06904812426039142,1.6747336622394795
2022-05-31,equity,1.586454953177791,-0.06713530639349659,1.6535902595712875
2022-06-01,equity,1.592279608587133,-0.06873151336598035,1.6610111219531132
2022-06-02,equity,1.5824431925081062,-0.06338005958944802,1.6458232520975542
2022-06-03,equity,1.5971914756847956,-0.060891316698635754,1.6580827923834314
2022-06-06,equity,1.6021679245765288,-0.061204790928390866,1.6633727155049196
2022-06-07,equity,1.5947583753955603,-0.05912453769581531,1.6538829130913757
2022-06-08,equity,1.6040168004681192,-0.05875443221199519,1.6627712326801145
2022-06-09,equity,1.5788019333586671,-0.05626683018149534,1.6350687635401624
2022-06-10,equity,1.5679911815224656,-0.06539641884344184,1.6333876003659076
2022-06-13,equity,1.7344690485454997,-0.033688903271813446,1.7681579518173132
2022-06-14,equity,1.738261869196289,-0.033122220527003116,1.7713840897232922
2022-06-15,equity,1.7153141691518201,-0.029912762041124766,1.745226931192945
2022-06-16,equity,1.6958897832996014,-0.0385977279426747,1.7344875112422762
2022-06-17,equity,1.680490833277713,-0.041293243039459505,1.7217840763171726
2022-06-21,equity,1.7057528018548036,-0.047924328374750885,1.7536771302295544
2022-06-22,equity,1.7083598193076703,-0.04741508918668024,1.7557749084943506
2022-06-23,equity,1.714785425884892,-0.0489394531342317,1.7637248790191238
2022-06-24,equity,1.6802277469288296,-0.048565791276041076,1.7287935382048707
2022-06-27,equity,1.6889093915297209,-0.04879741525093716,1.737706806780658
2022-06-28,equity,1.6812530708840412,-0.04743115818355852,1.7286842290675997
2022-06-29,equity,1.6801989079988215,-0.047226330251441344,1.7274252382502628
2022-06-30,equity,1.6928726820931013,-0.0460613195944372,1.7389340016875385
2022-07-01,equity,1.7031435253656835,-0.04669327184169073,1.7498367972073743
2022-07-05,equity,1.7066254630968554,-0.04921290407468304,1.7558383671715383
2022-07-06,equity,1.7067404894032896,-0.05063252488557199,1.7573730142888615
2022-07-07,equity,1.7233263382225945,-0.05045938099865875,1.7737857192212532
2022-07-08,equity,1.7166414437260882,-0.05065300780216786,1.767294451528256
2022-07-11,equity,1.729523133845711,-0.050230456515478625,1.7797535903611896
2022-07-12,equity,1.740395749319939,-0.04926771227919663,1.7896634615991356
2022-07-13,equity,1.7376000299185381,-0.04963820931265911,1.7872382392311972
2022-07-14,equity,1.7337822115362869,-0.04925284760620597,1.7830350591424928
2022-07-15,equity,1.7290108360111118,-0.049602420218282484,1.7786132562293944
2022-07-18,equity,1.7263400122884014,-0.0515035587913945,1.777843571079796
2022-07-19,equity,1.7452218668832549,-0.04850239126328105,1.793724258146536
2022-07-20,equity,1.7674015325580048,-0.049756936137776375,1.8171584686957811
2022-07-21,equity,1.7483686167655699,-0.0454001045365909,1.7937687213021607
2022-07-22,equity,1.749302894075533,-0.04604226896242019,1.7953451630379533
2022-07-25,equity,1.753338146367176,-0.045509024587972007,1.798847170955148
2022-07-26,equity,1.7463058202963537,-0.04495377871363517,1.7912595990099889
2022-07-27,equity,1.7696988895646282,-0.037457253680866706,1.8071561432454948
2022-07-28,equity,1.7766191805842995,-0.0336596266070051,1.8102788071913045
2022-07-29,equity,1.7725675627443538,-0.03369166304111547,1.8062592257854693
2022-08-01,equity,1.776661658699682,-0.03503264299062689,1.8116943016903089
2022-08-02,equity,1.7741269841366143,-0.03414099178256013,1.8082679759191744
2022-08-03,equity,1.7813441043368865,-0.03290867493264948,1.814252779269536
2022-08-04,equity,1.7876571797534577,-0.03310213409133625,1.820759313844794
2022-08-05,equity,1.7846294616678309,-0.03217701948052252,1.8168064811483533
2022-08-08,equity,1.7811351761009486,-0.031196387303287113,1.8123315634042358
2022-08-09,equity,1.7849213145284453,-0.03175242733646083,1.8166737418649062
2022-08-10,equity,1.7800013012535105,-0.0327534096556895,1.8127547109092
2022-08-11,equity,1.7784967361689556,-0.03359238187490044,1.812089118043856
2022-08-12,equity,1.7697200507438573,-0.02965407538085641,1.7993741261247138
2022-08-15,equity,1.7665843934206507,-0.0314967891496237,1.7980811825702743
2022-08-16,equity,1.767099348615523,-0.03190921954834834,1.7990085681638714
2022-08-17,equity,1.7693812831595244,-0.031064710132406345,1.8004459932919308
2022-08-18,equity,1.77173381402612,-0.0310748780968808,1.8028086921230009
2022-08-19,equity,1.78999116517042,-0.028664800289488295,1.8186559654599082
2022-08-22,equity,1.769927424056195,-0.02525779567553474,1.7951852197317297
2022-08-23,equity,1.7688144946357256,-0.02813672937778513,1.7969512240135108
2022-08-24,equity,1.7701478790289065,-0.027884955015521365,1.7980328340444278
2022-08-25,equity,1.760817474534666,-0.026303491972368035,1.7871209665070342
2022-08-26,equity,1.7445913118310405,-0.01615956270940687,1.7607508745404474
2022-08-29,equity,1.743044262067514,-0.019432943589008718,1.7624772056565228
2022-08-30,equity,1.739365033321646,-0.01691712418845645,1.7562821575101024
2022-08-31,equity,1.733932518938651,-0.015607686204262585,1.7495402051429136
2022-09-01,equity,1.7319301134165104,-0.016290899556952912,1.7482210129734632
2022-09-02,equity,1.724874444276794,-0.018161641702034194,1.7430360859788283
2022-09-06,equity,1.7283953276986865,-0.017774323647507615,1.7461696513461942
2022-09-07,equity,1.715654382553927,-0.014541319783252174,1.7301957023371792
2022-09-08,equity,1.7172519112883304,-0.015490227230098174,1.7327421385184285
2022-09-09,equity,1.7434690053932007,-0.013085569553917717,1.7565545749471185
2022-09-12,equity,1.751510405355801,-0.012604623755203095,1.7641150291110042
2022-09-13,equity,1.7721504292886987,-0.0002505150089718153,1.7724009442976705
2022-09-14,equity,1.7761763362297445,0.0002006126210454418,1.775975723608699
2022-09-15,equity,1.7688218189983207,0.00556609352174742,1.7632557254765733
2022-09-16,equity,1.7676604528203135,0.004263468884644419,1.7633969839356691
2022-09-19,equity,1.7690568465469798,0.004162827974120536,1.7648940185728592
2022-09-20,equity,1.7533487923029822,0.008057942235980291,1.745290850067002
2022-09-21,equity,1.741334734601407,0.0063171626124719545,1.735017571988935
2022-09-22,equity,1.7320093160733443,0.0071251327246120814,1.7248841833487323
2022-09-23,equity,1.7265004649978162,0.01625947088421402,1.710240994113602
2022-09-26,equity,1.7208200762112198,0.01860364802325385,1.702216428187966
2022-09-27,equity,1.7217621054777537,0.0186386089835269,1.7031234964942268
2022-09-28,equity,1.720302243282557,0.0235224003417787,1.6967798429407783
2022-09-29,equity,1.7072671098105283,0.023525300826463695,1.6837418089840646
2022-09-30,equity,1.7159490311554355,0.027651333994669205,1.6882976971607664
2022-10-03,equity,1.674942587281253,0.03988614654728047,1.6350564407339725
2022-10-04,equity,1.679555286536424,0.049448701767455853,1.6301065847689682
2022-10-05,equity,1.6747738089153228,0.05075632387716153,1.6240174850381612
2022-10-06,equity,1.6652893515229994,0.05061359976155405,1.6146757517614454
2022-10-07,equity,1.6584215069821553,0.05690160610855741,1.6015199008735979
2022-10-10,equity,1.6585304509302272,0.05891888072602975,1.5996115702041975
2022-10-11,equity,1.6661336100731936,0.05893186067543492,1.6072017493977586
2022-10-12,equity,1.6643006812977532,0.05880236053941444,1.6054983207583389
2022-10-13,equity,1.647511172995743,0.053186259765579315,1.5943249132301638
2022-10-14,equity,1.6380285548501128,0.05755535000121751,1.5804732048488952
2022-10-17,equity,1.6186783290605187,0.06101890085537379,1.5576594282051448
2022-10-18,equity,1.6115536148797511,0.06161466387800068,1.5499389510017505
2022-10-19,equity,1.6042706925683368,0.0626123218911088,1.541658370677228
2022-10-20,equity,1.6004537110183785,0.06195276507260956,1.538500945945769
2022-10-21,equity,1.591844023350267,0.06970571002265177,1.5221383133276154
2022-10-24,equity,1.589935558749795,0.06883515293455442,1.5211004058152406
2022-10-25,equity,1.5955584422481428,0.06859705498908465,1.5269613872590582
2022-10-26,equity,1.5910741459883326,0.06802757649908601,1.5230465694892465
2022-10-27,equity,1.587325147930419,0.0683848253866497,1.5189403225437692
2022-10-28,equity,1.565280083809462,0.0630220521138535,1.5022580316956085
2022-10-31,equity,1.563822733694228,0.06438304945579408,1.499439684238434
2022-11-01,equity,1.5637705290284416,0.06343938245825372,1.5003311465701878
2022-11-02,equity,1.5460040660203023,0.06593655265218834,1.4800675133681138
2022-11-03,equity,1.5449113572503053,0.06760058020013121,1.477310777050174
2022-11-04,equity,1.5537281323602177,0.07445162855689004,1.4792765038033275
2022-11-07,equity,1.5490710755724535,0.07249856670631187,1.4765725088661417
2022-11-08,equity,1.5297976753305285,0.07506935594265322,1.4547283193878753
2022-11-09,equity,1.5592370396351238,0.07653003248903965,1.4827070071460842
2022-11-10,equity,1.5861089355854734,0.10292633815180371,1.4831825974336696
2022-11-11,equity,1.5700382457524,0.1038017712458867,1.4662364745065133
2022-11-14,equity,1.5728096682933324,0.10314859234922256,1.4696610759441098
2022-11-15,equity,1.5768060613360282,0.10361186246642208,1.473194198869606
2022-11-16,equity,1.5820278883683456,0.10437716144024717,1.4776507269280985
2022-11-17,equity,1.5820193298787313,0.1049806762641589,1.4770386536145723
2022-11-18,equity,1.5843655302932587,0.10453762049600065,1.479827909797258
2022-11-21,equity,1.5867696754288199,0.10472543362023391,1.482044241808586
2022-11-22,equity,1.5867833754319083,0.1037221751348584,1.4830612002970498
2022-11-23,equity,1.5880742077779715,0.10470546510461073,1.4833687426733608
2022-11-25,equity,1.5884312789407216,0.10476906469246133,1.4836622142482603
2022-11-28,equity,1.5785818526171789,0.10672207364755797,1.4718597789696208
2022-11-29,equity,1.5659363750827016,0.10728995863919906,1.4586464164435025
2022-11-30,equity,1.5691523173691295,0.110829493700183,1.4583228236689465
2022-12-01,equity,1.5715836375344174,0.11172777574530628,1.459855861789111
2022-12-02,equity,1.5749015341392456,0.11359309917754619,1.4613084349616994
2022-12-05,equity,1.560145500300017,0.11952584159555442,1.4406196587044626
2022-12-06,equity,1.5752972308167466,0.11927391967949513,1.4560233111372514
2022-12-07,equity,1.5741449965014553,0.1186965126198275,1.4554484838816277
2022-12-08,equity,1.5758427790630487,0.11867287862262348,1.4571699004404253
2022-12-09,equity,1.5694740366805657,0.11756051187808615,1.4519135248024795
2022-12-12,equity,1.5642136318684876,0.11444214228376144,1.4497714895847262
2022-12-13,equity,1.5650237382137016,0.11715403604524693,1.4478697021684546
2022-12-14,equity,1.568364671322583,0.11629529745426596,1.452069373868317
2022-12-15,equity,1.556696369064411,0.12141828562357725,1.4352780834408336
2022-12-16,equity,1.5573877815298245,0.12142616296682018,1.4359616185630042
2022-12-19,equity,1.5543054880840128,0.12152457165766616,1.4327809164263468
2022-12-20,equity,1.5619905039148503,0.12147577331070139,1.4405147306041488
2022-12-21,equity,1.5526245742115599,0.12137056542668621,1.4312540087848737
2022-12-22,equity,1.5475051630837564,0.1223568458367402,1.4251483172470163
2022-12-23,equity,1.5430727240329372,0.12243869862504875,1.4206340254078884
2022-12-27,equity,1.5461528542296408,0.12179503516067648,1.4243578190689643
2022-12-28,equity,1.5426650102308817,0.12239526732513299,1.4202697429057487
2022-12-29,equity,1.5355447984504897,0.12347163638149843,1.4120731620689912
2022-12-30,equity,1.5355451480855624,0.12360236885988146,1.411942779225681
2023-01-03,equity,1.5341137039847237,0.1233437781706347,1.4107699258140889
2023-01-04,equity,1.5348722894468483,0.1265848089699047,1.4082874804769436
2023-01-05,equity,1.5304102244056077,0.1286388556030773,1.4017713688025304
2023-01-06,equity,1.5126422317555606,0.13462286784104593,1.3780193639145146
2023-01-09,equity,1.5125846696445553,0.13457553234892436,1.378009137295631
2023-01-10,equity,1.5122197445179977,0.13517568243185824,1.3770440620861395
2023-01-11,equity,1.5092984396442668,0.13460533204126943,1.3746931076029973
2023-01-12,equity,1.5124310177618303,0.13359791268363608,1.3788331050781943
2023-01-13,equity,1.5126045585936378,0.13436426871784615,1.3782402898757917
2023-01-17,equity,1.510263524334469,0.1341129362312219,1.3761505881032472
2023-01-18,equity,1.51156478018335,0.13445828946812993,1.3771064907152202
2023-01-19,equity,1.50747115499008,0.13264653674342938,1.3748246182466508
2023-01-20,equity,1.5187358723099735,0.13325397352413432,1.3854818987858393
2023-01-23,equity,1.5301756877585613,0.1330440084909075,1.3971316792676538
2023-01-24,equity,1.5054249212093929,0.13271292259582115,1.3727119986135716
2023-01-25,equity,1.5071782428169638,0.13246556950872382,1.37471267330824
2023-01-26,equity,1.5078075383869907,0.13132158546918699,1.3764859529178037
2023-01-27,equity,1.5078603421346009,0.1308860665405058,1.376974275594095
2023-01-30,equity,1.5045526290829503,0.13003421141146673,1.3745184176714835
2023-01-31,equity,1.4934639839178954,0.133097438293587,1.3603665456243084
2023-02-01,equity,1.4973868580017697,0.13409002714884535,1.3632968308529243
2023-02-02,equity,1.4962821321154516,0.12814948831674586,1.3681326437987058
2023-02-03,equity,1.5036018501721786,0.1319593997965672,1.3716424503756115
2023-02-06,equity,1.5065247646457565,0.1323935068309696,1.3741312578147868
2023-02-07,equity,1.4945165787309496,0.13211403383589657,1.362402544895053
2023-02-08,equity,1.4993544491241626,0.13185597574596544,1.3674984733781972
2023-02-09,equity,1.5036716657270155,0.13259663227591378,1.3710750334511017
2023-02-10,equity,1.5052337448983633,0.13231067010312103,1.3729230747952421
2023-02-13,equity,1.506223947078371,0.13047005618722862,1.3757538908911422
2023-02-14,equity,1.5030102401967314,0.13753482833130365,1.3654754118654278
2023-02-15,equity,1.5074897372911908,0.13735716273940968,1.3701325745517812
2023-02-16,equity,1.4913007336340656,0.14036036350912007,1.3509403701249454
2023-02-17,equity,1.4906250579003593,0.1399955278213652,1.3506295300789941
2023-02-21,equity,1.4689361260636522,0.14645286041625005,1.3224832656474022
2023-02-22,equity,1.4683648874006674,0.14661883458847236,1.3217460528121951
2023-02-23,equity,1.4617378547058748,0.1471491163403211,1.3145887383655537
2023-02-24,equity,1.4716136439092613,0.15055534578187554,1.3210582981273857
2023-02-27,equity,1.471909306700464,0.15306565915000903,1.318843647550455
2023-02-28,equity,1.4770962024707581,0.15548012318085813,1.3216160792899
2023-03-01,equity,1.478654758970405,0.1553633878190322,1.323291371151373
2023-03-02,equity,1.4983291578571287,0.1607758814475968,1.337553276409532
2023-03-03,equity,1.4877791360825146,0.16769676525620084,1.3200823708263136
2023-03-06,equity,1.4850329124726576,0.16822781286300179,1.3168050996096559
2023-03-07,equity,1.4751460861330734,0.17464541496454347,1.3005006711685299
2023-03-08,equity,1.473697554454686,0.18564632305659168,1.2880512313980943
2023-03-09,equity,1.4999506289166387,0.1847532633839908,1.3151973655326479
2023-03-10,equity,1.4734297700596362,0.19465959961511653,1.2787701704445196
2023-03-13,equity,1.4660462487493546,0.19448218482393798,1.2715640639254167
2023-03-14,equity,1.4659973805044793,0.19075650780254233,1.2752408727019369
2023-03-15,equity,1.471080671340259,0.18783158333313787,1.2832490880071212
2023-03-16,equity,1.4733750396854772,0.19642273152349027,1.276952308161987
2023-03-17,equity,1.4567462949593766,0.18958816307065365,1.2671581318887228
2023-03-20,equity,1.4646920116813666,0.1887747153123531,1.2759172963690135
2023-03-21,equity,1.4605728908472908,0.18592584438111365,1.2746470464661772
2023-03-22,equity,1.4688930885629898,0.18003545620385064,1.2888576323591392
2023-03-23,equity,1.4703009796957252,0.18284735237775424,1.2874536273179709
2023-03-24,equity,1.4710841066313158,0.18485814807421388,1.2862259585571019
2023-03-27,equity,1.464501608860467,0.18324547832064594,1.2812561305398211
2023-03-28,equity,1.4634939494878805,0.1836119850192778,1.2798819644686026
2023-03-29,equity,1.4584198134258521,0.18432197866530434,1.2740978347605478
2023-03-30,equity,1.4609670881677603,0.18568449804912873,1.2752825901186315
2023-03-31,equity,1.4599985896565826,0.18444495505631753,1.2755536346002652
2023-04-03,equity,1.456419206137747,0.1858264028640546,1.2705928032736924
2023-04-04,equity,1.4541002482643288,0.1843894568017279,1.269710791462601
2023-04-05,equity,1.4569672455102936,0.1839237577320322,1.2730434877782613
2023-04-06,equity,1.4611073276485484,0.18237113248727724,1.2787361951612712
2023-04-10,equity,1.4559537829914835,0.18285922604539553,1.2730945569460879
2023-04-11,equity,1.4573096764017908,0.18265349108044202,1.2746561853213487
2023-04-12,equity,1.45715084482793,0.1825495361901638,1.274601308637766
2023-04-13,equity,1.444277462022695,0.1877302132306998,1.2565472487919953
2023-04-14,equity,1.443477069649483,0.18881565371039422,1.2546614159390888
2023-04-17,equity,1.4352402702911762,0.18791886983909584,1.2473214004520803
2023-04-18,equity,1.4327490554141273,0.18774844658677156,1.2450006088273557
2023-04-19,equity,1.432659044809016,0.18773514294919694,1.244923901859819
2023-04-20,equity,1.4370110424990756,0.1927981361373573,1.2442129063617182
2023-04-21,equity,1.4363100004858012,0.19259418961462366,1.2437158108711774
2023-04-24,equity,1.4427990058146036,0.192432052301404,1.2503669535131996
2023-04-25,equity,1.4326412647536368,0.1876278525362221,1.2450134122174148
2023-04-26,equity,1.4302380679843882,0.1901548119102356,1.2400832560741526
2023-04-27,equity,1.4392433485543663,0.19242316000208026,1.246820188552286
2023-04-28,equity,1.4351243872015822,0.1925198544073312,1.242604532794251
2023-05-01,equity,1.4379939707656848,0.19231436554199535,1.2456796052236894
2023-05-02,equity,1.4358859825815293,0.1924216204624838,1.2434643621190455
2023-05-03,equity,1.4362076584388257,0.19338167175498125,1.2428259866838445
2023-05-04,equity,1.4344714355665327,0.19210031689436935,1.2423711186721633
2023-05-05,equity,1.4252137406338956,0.18254443204457013,1.2426693085893254
2023-05-08,equity,1.3941024542390055,0.18445113584149925,1.2096513183975062
2023-05-09,equity,1.3921325819640435,0.18401200716739732,1.2081205747966461
2023-05-10,equity,1.3187580352874497,0.17761963961140323,1.1411383956760466
2023-05-11,equity,1.3193627312654463,0.1784092991380778,1.1409534321273687
2023-05-12,equity,1.3048309892771557,0.18232750494274852,1.1225034843344073
2023-05-15,equity,1.3059977839828338,0.18191022152714,1.1240875624556939
2023-05-16,equity,1.2977339287940581,0.19001871823354702,1.107715210560511
2023-05-17,equity,1.2972003036584485,0.1893712766203994,1.107829027038049
2023-05-18,equity,1.2934333992694844,0.19078303313608472,1.1026503661333997
2023-05-19,equity,1.317698059330783,0.19798490883624503,1.119713150494538
2023-05-22,equity,1.322069307734657,0.2001279729693222,1.1219413347653349
2023-05-23,equity,1.3149115945873282,0.1992861632576459,1.1156254313296823
2023-05-24,equity,1.3315797752909315,0.20012462581453838,1.1314551494763931
2023-05-25,equity,1.335142489336803,0.19958749479325172,1.1355549945435512
2023-05-26,equity,1.3345922579888247,0.20161995126145782,1.132972306727367
2023-05-30,equity,1.349128234324454,0.2042433666740334,1.1448848676504206
2023-05-31,equity,1.3801454619994018,0.2064847927640781,1.1736606692353238
2023-06-01,equity,1.390580257158022,0.2064464666374083,1.1841337905206135
2023-06-02,equity,1.3822568328856646,0.20188279710329246,1.1803740357823722
2023-06-05,equity,1.3930379478996362,0.19806891389553632,1.1949690340041
2023-06-06,equity,1.3955783855532866,0.1953530122309039,1.2002253733223827
2023-06-07,equity,1.3930271069997875,0.19677267442903829,1.1962544325707491
2023-06-08,equity,1.3977806207068608,0.19745074580144947,1.2003298749054114
2023-06-09,equity,1.394032234164968,0.19764415717533484,1.1963880769896331
2023-06-12,equity,1.404129349463157,0.19783817576025442,1.2062911737029025
2023-06-13,equity,1.4085525815416116,0.2101664458035584,1.1983861357380532
2023-06-14,equity,1.2428285368392988,0.19159003196657962,1.0512385048727193
2023-06-15,equity,1.2295163525200237,0.19206451259475338,1.0374518399252703
2023-06-16,equity,1.2401398133869503,0.18868948979744216,1.051450323589508
2023-06-20,equity,1.2356847977394367,0.20508634213547502,1.0305984556039618
2023-06-21,equity,1.2243078331476183,0.20548485663500896,1.0188229765126093
2023-06-22,equity,1.231713534048176,0.21000544309704328,1.0217080909511327
2023-06-23,equity,1.2233182449872058,0.20927832603587945,1.0140399189513263
2023-06-26,equity,1.219361503435119,0.2108440835803395,1.0085174198547795
2023-06-27,equity,1.2357123693260528,0.21464404851361454,1.0210683208124383
2023-06-28,equity,1.2346351121817258,0.21464314762808315,1.0199919645536426
2023-06-29,equity,1.2328404270986093,0.21591329713922217,1.0169271299593872
2023-06-30,equity,1.2256409803292414,0.21712078943792956,1.008520190891312
2023-07-03,equity,1.211598555653737,0.2160508530178122,0.9955477026359247
2023-07-05,equity,1.2101498167340794,0.21712422588531893,0.9930255908487604
2023-07-06,equity,1.207794728329195,0.21803540392110798,0.989759324408087
2023-07-07,equity,1.2084561101719609,0.21869008097216452,0.9897660291997963
2023-07-10,equity,1.1892016060125734,0.21984139625052576,0.9693602097620476
2023-07-11,equity,1.186337330643769,0.22018656905508907,0.96615076158868
2023-07-12,equity,1.1667672255004056,0.22128581257408367,0.9454814129263219
2023-07-13,equity,1.1611620058584848,0.22042730110311604,0.9407347047553688
2023-07-14,equity,1.165763457673526,0.22133623431141392,0.9444272233621122
2023-07-17,equity,1.1696860463474799,0.2199104019103795,0.9497756444371004
2023-07-18,equity,1.1652051488363069,0.22487720768260988,0.940327941153697
2023-07-19,equity,1.1731255055780192,0.2254420494144677,0.9476834561635515
2023-07-20,equity,1.1387031771763678,0.22936533738480236,0.9093378397915655
2023-07-21,equity,1.1380583631273808,0.2310598474864614,0.9069985156409195
2023-07-24,equity,1.1432540946629604,0.22755772194648563,0.9156963727164747
2023-07-25,equity,1.1386503196467193,0.22903195054524375,0.9096183691014755
2023-07-26,equity,1.1392137972396943,0.22901359548486763,0.9102002017548266
2023-07-27,equity,1.1280872265850388,0.23230274751312266,0.8957844790719162
2023-07-28,equity,1.0861387295429399,0.2309742166076043,0.8551645129353356
2023-07-31,equity,1.0758689893972992,0.22804259044880343,0.8478263989484958
2023-08-01,equity,1.0796978191533815,0.22923202430708095,0.8504657948463006
2023-08-02,equity,1.0719663637595085,0.23054943253454235,0.8414169312249662
2023-08-03,equity,1.0727138823696136,0.2296013986332615,0.8431124837363522
2023-08-04,equity,1.0711794939848236,0.22947651430843344,0.8417029796763902
2023-08-07,equity,1.0682976569311513,0.22884342813977954,0.8394542287913718
2023-08-08,equity,1.0658004761427013,0.22895163921652803,0.8368488369261733
2023-08-09,equity,1.0696140600560222,0.2300462740263585,0.8395677860296638
2023-08-10,equity,1.0652459140505686,0.23055650214120915,0.8346894119093594
2023-08-11,equity,1.0640768992731588,0.23513561870530902,0.8289412805678498
2023-08-14,equity,1.06349642718438,0.2343281529177229,0.8291682742666572
2023-08-15,equity,1.0717951187849246,0.23190522237526479,0.8398898964096598
2023-08-16,equity,1.0720991532803943,0.2344348654485133,0.837664287831881
2023-08-17,equity,1.0803507831702628,0.23454596160956467,0.8458048215606981
2023-08-18,equity,1.0764424024003274,0.2334709237121158,0.8429714786882117
2023-08-21,equity,1.075157604896191,0.2338613747247748,0.8412962301714162
2023-08-22,equity,1.0464513141204137,0.2319272171096641,0.8145240970107496
2023-08-23,equity,1.058849736372837,0.23299246874497223,0.8258572676278648
2023-08-24,equity,1.0641481315741692,0.2324519408759464,0.8316961906982228
2023-08-25,equity,1.0618099556860994,0.2316989353311184,0.830111020354981
2023-08-28,equity,1.0688748856172887,0.23209118239539847,0.8367837032218902
2023-08-29,equity,1.0811270799752517,0.22987193590191932,0.8512551440733324
2023-08-30,equity,1.0737653365780309,0.23040367757136954,0.8433616590066613
2023-08-31,equity,1.0774246360000792,0.2283263381981886,0.8490982978018906
2023-09-01,equity,1.0821844979714652,0.22669387886132608,0.8554906191101391
2023-09-05,equity,1.0830060614204555,0.2285487034923507,0.8544573579281048
2023-09-06,equity,1.085873496263094,0.23309387316173033,0.8527796231013637
2023-09-07,equity,1.0772709288866595,0.23217962053947894,0.8450913083471806
2023-09-08,equity,1.083475702354764,0.22911087806711936,0.8543648242876447
2023-09-11,equity,1.0731654050876558,0.23060767811971813,0.8425577269679376
2023-09-12,equity,1.0279529182288931,0.23075013876463074,0.7972027794642624
2023-09-13,equity,1.0149527949884765,0.22993286744490232,0.7850199275435741
2023-09-14,equity,0.9345991916757845,0.22463437354294574,0.7099648181328388
2023-09-15,equity,0.9364416830334941,0.221307576355232,0.715134106678262
2023-09-18,equity,0.9370839825770911,0.21470405520740726,0.7223799273696838
2023-09-19,equity,0.9351446120135971,0.21650348066796873,0.7186411313456283
2023-09-20,equity,0.938229943976319,0.2159748473737073,0.7222550966026117
2023-09-21,equity,0.9301511426357107,0.21685950133015253,0.7132916413055582
2023-09-22,equity,0.9395764455688146,0.22127941953247207,0.7182970260363425
2023-09-25,equity,0.9451487154112042,0.22079227892727118,0.724356436483933
2023-09-26,equity,0.9334656684412779,0.21499885437731506,0.7184668140639628
2023-09-27,equity,0.9445327762595082,0.21147889177399912,0.733053884485509
2023-09-28,equity,0.948460493059771,0.21049344629064273,0.7379670467691283
2023-09-29,equity,0.945715487719946,0.2012256224708413,0.7444898652491047
2023-10-02,equity,0.9542094921728211,0.2043561390331232,0.7498533531396979
2023-10-03,equity,0.9701213010279671,0.20612482649516817,0.763996474532799
2023-10-04,equity,0.990621545916396,0.18914872101539248,0.8014728249010035
2023-10-05,equity,0.9872257771894168,0.18014505586907673,0.8070807213203401
2023-10-06,equity,0.9889198479677948,0.18084775701750433,0.8080720909502904
2023-10-09,equity,0.9865547555040168,0.1846204375514543,0.8019343179525625
2023-10-10,equity,0.9835375702772203,0.17755510229889068,0.8059824679783296
2023-10-11,equity,0.9778648968454581,0.173940103080836,0.8039247937646221
2023-10-12,equity,0.9754016381932888,0.17420448130201038,0.8011971568912785
2023-10-13,equity,0.975445010705291,0.16801133781510436,0.8074336728901866
2023-10-16,equity,1.0075716072717187,0.176559452413817,0.8310121548579017
2023-10-17,equity,1.0200824274859313,0.16796760176051012,0.8521148257254212
2023-10-18,equity,1.027201659115944,0.16083128933493993,0.8663703697810041
2023-10-19,equity,1.0302219389208003,0.15617355435286007,0.8740483845679402
2023-10-20,equity,1.011064772957979,0.15022621456109012,0.8608385583968888
2023-10-23,equity,1.0050550330720964,0.15020497455059587,0.8548500585215005
2023-10-24,equity,1.040689709304843,0.13700572624516222,0.9036839830596808
2023-10-25,equity,1.0187877346273253,0.13619101504185033,0.8825967195854749
2023-10-26,equity,1.0051167890907449,0.13529815205302242,0.8698186370377224
2023-10-27,equity,1.0159289234681614,0.13499311902065517,0.8809358044475063
2023-10-30,equity,1.0190961530694573,0.1308512874662961,0.8882448656031612
2023-10-31,equity,1.0453731491519034,0.14323662610049673,0.9021365230514067
2023-11-01,equity,1.038434092025591,0.13842942664239352,0.9000046653831975
2023-11-02,equity,1.0333116227203438,0.14033550731504416,0.8929761154052996
2023-11-03,equity,1.0402425815684768,0.13646068454487065,0.9037818970236062
2023-11-06,equity,1.0456135154199138,0.13458787263616198,0.9110256427837518
2023-11-07,equity,1.0328404852881339,0.11874642266325112,0.9140940626248828
2023-11-08,equity,1.0428167705515488,0.1207253158028467,0.922091454748702
2023-11-09,equity,1.0618330655917034,0.11438538973628477,0.9474476758554187
2023-11-10,equity,0.9756939490143206,0.10302207789899749,0.8726718711153231
2023-11-13,equity,0.8351427232901315,0.03929700990216249,0.7958457133879691
2023-11-14,equity,0.8219634942461727,0.04377604776776413,0.7781874464784085
2023-11-15,equity,0.8173642564276455,0.04463175281852881,0.7727325036091167
2023-11-16,equity,0.8060784405664968,0.04389573686995467,0.7621827036965422
2023-11-17,equity,0.8015621594953771,0.04286501005345446,0.7586971494419227
2023-11-20,equity,0.8094785539502889,0.04071910027875483,0.7687594536715341
2023-11-21,equity,0.8137478095976579,0.04097095859837688,0.7727768509992811
2023-11-22,equity,0.8043805346574044,0.03882151266549796,0.7655590219919065
2023-11-24,equity,0.7991987381822416,0.03874297371829721,0.7604557644639445
2023-11-27,equity,0.7969213599351694,0.03651130560724816,0.7604100543279213
2023-11-28,equity,0.7973950707925341,0.03683357812010478,0.7605614926724293
2023-11-29,equity,0.7937499111556601,0.030330583341007595,0.7634193278146525
2023-11-30,equity,0.7944588685663748,0.03001497676931998,0.7644438917970549
2023-12-01,equity,0.7859356963901307,0.016947887268574675,0.7689878091215561
2023-12-04,equity,0.7614882291502821,0.025072938961361445,0.7364152901889207
2023-12-05,equity,0.7594750196738895,0.024964043079336258,0.7345109765945532
2023-12-06,equity,0.7646203934403735,0.0070135297324911035,0.7576068637078823
2023-12-07,equity,0.7648614628301353,0.009318003424505351,0.75554345940563
2023-12-08,equity,0.7669085241668759,0.007846465062235299,0.7590620591046406
2023-12-11,equity,0.7462681249034022,0.005649362594013703,0.7406187623093885
2023-12-12,equity,0.7455310291212527,0.006836273439198604,0.7386947556820541
2023-12-13,equity,0.7727323957609381,0.028546621865349724,0.7441857738955884
2023-12-14,equity,0.7625315572253368,0.02327133176661554,0.7392602254587213
2023-12-15,equity,0.7642667063885654,0.02265751978932116,0.7416091865992442
2023-12-18,equity,0.756601133129033,-0.0004966955314969381,0.7570978286605299
2023-12-19,equity,0.7383226951711624,0.00688315045671386,0.7314395447144486
2023-12-20,equity,0.6993284275441577,0.010227309657459872,0.6891011178866978
2023-12-21,equity,0.6980175221277983,0.013474036779234939,0.6845434853485634
2023-12-22,equity,0.7119622636883323,0.015482592466861877,0.6964796712214704
2023-12-26,equity,0.7102869216933118,0.00583663796537546,0.7044502837279363
2023-12-27,equity,0.7126640252560247,0.005273548288802631,0.707390476967222
2023-12-28,equity,0.7108562975339773,0.00770122769124649,0.7031550698427308
2023-12-29,equity,0.714569236000746,0.004423481399475476,0.7101457546012705
2024-01-02,equity,0.7046002109328094,0.0006602907890763033,0.7039399201437332
2024-01-03,equity,0.7273017086045576,0.006084414168356935,0.7212172944362006
2024-01-04,equity,0.720970124278401,0.008179816033168478,0.7127903082452325
2024-01-05,equity,0.7204784713833888,0.004636370732706171,0.7158421006506827
2024-01-08,equity,0.764334566496745,-0.011269944640708473,0.7756045111374535
2024-01-09,equity,0.7891828573747239,-0.03550290509058299,0.8246857624653069
2024-01-10,equity,0.785192158671867,-0.03603264035753672,0.8212247990294037
2024-01-11,equity,0.7829499381728323,-0.03751849094791011,0.8204684291207425
2024-01-12,equity,0.7895909516102447,-0.037126814255018,0.8267177658652627
2024-01-16,equity,0.7799008499920791,-0.03625915367754717,0.8161600036696263
2024-01-17,equity,0.7802219451818447,-0.03420456305662619,0.814426508238471
2024-01-18,equity,0.7690348924439264,-0.03127495234748968,0.8003098447914161
2024-01-19,equity,0.7527975282169265,-0.032727989331840485,0.785525517548767
2024-01-22,equity,0.7608362647660251,-0.0250599697234698,0.7858962344894949
2024-01-23,equity,0.7135729201115636,-0.021125942934116983,0.7346988630456806
2024-01-24,equity,0.6980901086554963,-0.022508244510156643,0.7205983531656529
2024-01-25,equity,0.6985371800126117,-0.021081120193290927,0.7196183002059026
2024-01-26,equity,0.6936247124215119,-0.02073294292897086,0.7143576553504828
2024-01-29,equity,0.7035606209496481,-0.011903814039123476,0.7154644349887715
2024-01-30,equity,0.7032868957763128,-0.011832529893671912,0.7151194256699847
2024-01-31,equity,0.7091913762587344,-0.013157526744514494,0.7223489030032489
2024-02-01,equity,0.7049241991464131,-0.008703383285366982,0.7136275824317801
2024-02-02,equity,0.6913712394457402,-0.02227711161054778,0.713648351056288
2024-02-05,equity,0.6936794349524585,-0.0023443952645029477,0.6960238302169615
2024-02-06,equity,0.6825671757621927,-0.020099119235317143,0.7026662949975099
2024-02-07,equity,0.6849132377515998,-0.01959688976795018,0.70451012751955
2024-02-08,equity,0.6866717719110457,-0.020237946827928063,0.7069097187389737
2024-02-09,equity,0.6906005090247066,-0.020066312894709504,0.7106668219194161
2024-02-12,equity,0.6630733325895835,-0.02509984214377912,0.6881731747333626
2024-02-13,equity,0.6730361172096552,-0.011515432795084804,0.68455155000474
2024-02-14,equity,0.7028364403581406,-0.008332027236433297,0.711168467594574
2024-02-15,equity,0.7021961044491144,-0.006182616032617282,0.7083787204817317
2024-02-16,equity,0.6908171308458618,-0.006033987228207664,0.6968511180740695
2024-02-20,equity,0.7121089767176143,-0.009762353027097917,0.7218713297447122
2024-02-21,equity,0.7137041057908462,-0.00916906686783889,0.7228731726586851
2024-02-22,equity,0.714354395141732,-0.014834163500394371,0.7291885586421264
2024-02-23,equity,0.7103664675721618,-0.016059865356623404,0.7264263329287852
2024-02-26,equity,0.6904070360604112,-0.014957821270884991,0.7053648573312962
2024-02-27,equity,0.6722170810760608,-0.021028348012224626,0.6932454290882855
2024-02-28,equity,0.6624025870638158,-0.021749748011197712,0.6841523350750135
2024-02-29,equity,0.6667019727636325,-0.01932469836810446,0.686026671131737
2024-03-01,equity,0.6720501381387968,-0.00884547839087643,0.6808956165296732
2024-03-04,equity,0.6648911057423867,-0.010679544532676322,0.675570650275063
2024-03-05,equity,0.792108528589324,-0.02506069850748316,0.8171692270968072
2024-03-06,equity,0.8118700295908989,-0.02296512694277017,0.8348351565336691
2024-03-07,equity,0.8055303047571684,-0.04038604881620979,0.8459163535733781
2024-03-08,equity,0.7933412486991778,-0.04413485100181754,0.8374760997009953
2024-03-11,equity,0.6746534104176811,-0.03307957434416301,0.7077329847618441
2024-03-12,equity,0.6581257531666058,-0.018823704521337883,0.6769494576879437
2024-03-13,equity,0.6886830232762646,-0.016073963475597478,0.7047569867518622
2024-03-14,equity,0.6868366317782014,-0.00818556556797005,0.6950221973461714
2024-03-15,equity,0.674809761523105,-0.0020148407541518915,0.6768246022772569
2024-03-18,equity,0.6505063548767445,-0.003465605600107684,0.6539719604768521
2024-03-19,equity,0.703597184105707,0.021090490519756363,0.6825066935859507
2024-03-20,equity,0.69600464655878,0.027574127114792738,0.6684305194439872
2024-03-21,equity,0.6933239997694685,0.04455401060381168,0.6487699891656568
2024-03-22,equity,0.6384313491646552,0.06915988189505066,0.5692714672696045
2024-03-25,equity,0.5975804339611921,0.06648816900799574,0.5310922649531964
2024-03-26,equity,0.6129884937013699,0.06965013452787647,0.5433383591734934
2024-03-27,equity,0.6030743251494376,0.07359882435726171,0.5294755007921759
2024-03-28,equity,0.6060493339886773,0.07519893810527764,0.5308503958833997
2024-04-01,equity,0.5865051472753386,0.07925820320964395,0.5072469440656947
2024-04-02,equity,0.6278324724259475,0.06711076207630776,0.5607217103496398
2024-04-03,equity,0.6222793017117941,0.07404397145567661,0.5482353302561175
2024-04-04,equity,0.5805372766604238,0.07807442133443128,0.5024628553259924
2024-04-05,equity,0.5633122403984567,0.09937818972234193,0.4639340506761148
2024-04-08,equity,0.5573859172945678,0.0985377716376257,0.4588481456569421
2024-04-09,equity,0.5583520742016894,0.10030409585522777,0.45804797834646166
2024-04-10,equity,0.5442013641921616,0.10743117233842743,0.43677019185373417
2024-04-11,equity,0.5455240115887537,0.11653790767325126,0.4289861039155025
2024-04-12,equity,0.5955256372542784,0.1322170006042006,0.4633086366500778
2024-04-15,equity,0.6360866443196775,0.10341396340954065,0.5326726809101369
2024-04-16,equity,0.6379353319185525,0.09940361430423592,0.5385317176143165
2024-04-17,equity,0.6566485407673746,0.10396752330848016,0.5526810174588944
2024-04-18,equity,0.6481485815584223,0.1032826708000513,0.544865910758371
2024-04-19,equity,0.6346747729251222,0.10059339080573733,0.5340813821193848
2024-04-22,equity,0.6306893702244433,0.08725157574178025,0.543437794482663
2024-04-23,equity,0.6221067958965242,0.08411997282527928,0.5379868230712449
2024-04-24,equity,0.6238881440177555,0.08421631774509464,0.5396718262726609
2024-04-25,equity,0.6380248642712194,0.08914640770855078,0.5488784565626686
2024-04-26,equity,0.6244709977193725,0.0884139438844928,0.5360570538348798
2024-04-29,equity,0.5559279313900533,0.0909772146695139,0.46495071672053934
2024-04-30,equity,0.6323562054206637,0.11503171635015412,0.5173244890705097
2024-05-01,equity,0.6402897049713107,0.11187688745558273,0.5284128175157279
2024-05-02,equity,0.6926545117571038,0.12739878041686323,0.5652557313402405
2024-05-03,equity,0.7154850586192475,0.13022332953878993,0.5852617290804576
2024-05-06,equity,0.7350361575228282,0.14079311008446888,0.5942430474383593
2024-05-07,equity,0.7257632639782694,0.16505124227595935,0.56071202170231
2024-05-08,equity,0.7241772476032102,0.1653022957976348,0.5588749518055754
2024-05-09,equity,0.7295554862711768,0.17289456800760253,0.5566609182635743
2024-05-10,equity,0.7295968578419562,0.17398871103759472,0.5556081468043614
2024-05-13,equity,0.7199081670279225,0.1732854427617322,0.5466227242661903
2024-05-14,equity,0.7077013673340361,0.1750206781067906,0.5326806892272455
2024-05-15,equity,0.7494559234692343,0.18301076783527018,0.5664451556339641
2024-05-16,equity,0.7438630007513332,0.17735170006160186,0.5665113006897313
2024-05-17,equity,0.7400594241064239,0.18256602267345987,0.557493401432964
2024-05-20,equity,0.7617756707627301,0.19243924906836904,0.569336421694361
2024-05-21,equity,0.760293857136207,0.19385243878482503,0.566441418351382
2024-05-22,equity,0.7590417555878243,0.19882484860955466,0.5602169069782696
2024-05-23,equity,0.7962793259548544,0.21378735387067122,0.5824919720841832
2024-05-24,equity,0.7849943504572335,0.20887483864435752,0.576119511812876
2024-05-28,equity,0.7867405105877525,0.21543568190273024,0.5713048286850223
2024-05-29,equity,0.7977177691192404,0.22015190234916407,0.5775658667700764
2024-05-30,equity,0.7883783302838367,0.21909417617273177,0.569284154111105
2024-05-31,equity,0.760034709239461,0.2159597836991071,0.544074925540354
2024-06-03,equity,0.7713274660608935,0.21244882213847174,0.5588786439224218
2024-06-04,equity,0.7723213126064407,0.23158717065823925,0.5407341419482015
2024-06-05,equity,0.7580993979358629,0.2401917500282236,0.5179076479076393
2024-06-06,equity,0.7536254424758443,0.23960324329409252,0.5140221991817517
2024-06-07,equity,0.748432612227406,0.2410437420587643,0.5073888701686416
2024-06-10,equity,0.7505243050659843,0.23747890895814763,0.5130453961078367
2024-06-11,equity,0.7456393400982407,0.23780316208400798,0.5078361780142328
2024-06-12,equity,0.7623970449894241,0.2402395445748062,0.5221575004146178
2024-06-13,equity,0.7627677273382949,0.24367906025229152,0.5190886670860033
2024-06-14,equity,0.7646410347085423,0.24244600420827137,0.5221950305002709
2024-06-17,equity,0.7948294203354633,0.2352183817765961,0.5596110385588673
2024-06-18,equity,0.8023888071406492,0.2351961090171196,0.5671926981235296
2024-06-20,equity,0.8265967835500169,0.22747251856997047,0.5991242649800463
2024-06-21,equity,0.8659609914920117,0.23015548584057322,0.6358055056514385
2024-06-24,equity,0.8911955401257715,0.23141215238264415,0.6597833877431274
2024-06-25,equity,0.9188573517443313,0.23257938962109964,0.6862779621232316
2024-06-26,equity,0.9097893990459095,0.2330425443688471,0.6767468546770624
2024-06-27,equity,0.9089699690451761,0.23960068448525157,0.6693692845599246
2024-06-28,equity,0.9150381353536241,0.23911391839959623,0.6759242169540278
2024-07-01,equity,0.9188207437713061,0.2400978840092959,0.6787228597620102
2024-07-02,equity,0.9252290579388559,0.23629407346619566,0.6889349844726602
2024-07-03,equity,0.9144188862398093,0.23951440731962703,0.6749044789201822
2024-07-05,equity,0.8819261083316281,0.2429015976889419,0.6390245106426862
2024-07-08,equity,0.8828711863145675,0.24157627259390296,0.6412949137206645
2024-07-09,equity,0.8821324737404123,0.24391447682482095,0.6382179969155913
2024-07-10,equity,0.8662976285615003,0.24440865047221927,0.621888978089281
2024-07-11,equity,0.8691712981159334,0.22868894553224559,0.6404823525836878
2024-07-12,equity,0.877360842363857,0.2219302219226025,0.6554306204412546
2024-07-15,equity,0.8712221287505817,0.22332636538894848,0.6478957633616332
2024-07-16,equity,0.8726898611127801,0.23058011842129497,0.6421097426914851
2024-07-17,equity,0.8746529722381821,0.23329956609197416,0.6413534061462078
2024-07-18,equity,0.8896644495722499,0.2323752008879123,0.6572892486843376
2024-07-19,equity,0.8518555290396783,0.24317149207210564,0.6086840369675727
2024-07-22,equity,0.8512753975101821,0.23854878318757297,0.6127266143226091
2024-07-23,equity,0.8590553346317215,0.23779285240057832,0.6212624822311431
2024-07-24,equity,0.8316327197655551,0.2366174353979313,0.5950152843676237
2024-07-25,equity,0.8377136382599623,0.24256959595535732,0.5951440423046049
2024-07-26,equity,0.867144534128871,0.24842868106174792,0.6187158530671231
2024-07-29,equity,0.8642436164089317,0.24046517365483447,0.6237784427540972
2024-07-30,equity,0.8764045889663744,0.23258540789150411,0.6438191810748704
2024-07-31,equity,0.8475254651395225,0.24756512133980382,0.5999603437997187
2024-08-01,equity,0.8688854670109588,0.2457660150677287,0.6231194519432302
2024-08-02,equity,0.8730196461763734,0.2409116524543815,0.6321079937219919
2024-08-05,equity,1.1537426088145237,0.25371814851690605,0.9000244602976177
2024-08-06,equity,1.1821194117654972,0.2480404678751491,0.9340789438903481
2024-08-07,equity,1.2028898635538356,0.25062283543002284,0.9522670281238128
2024-08-08,equity,1.2870689487827416,0.26193708704523266,1.025131861737509
2024-08-09,equity,1.2861348247084516,0.26021991647526327,1.0259149082331884
2024-08-12,equity,1.2873734302099307,0.25945680031571844,1.0279166298942122
2024-08-13,equity,1.2935477152313508,0.2525618954268286,1.040985819804522
2024-08-14,equity,1.2892680285284075,0.25230224807367146,1.036965780454736
2024-08-15,equity,1.2425176608922677,0.25027444084506284,0.9922432200472049
2024-08-16,equity,1.2483197956470238,0.2491548157434335,0.9991649799035902
2024-08-19,equity,1.2144058969484677,0.2461338348657107,0.968272062082757
2024-08-20,equity,1.2074918336920748,0.24545921626405726,0.9620326174280176
2024-08-21,equity,1.2165541452063677,0.2447125860845446,0.9718415591218231
2024-08-22,equity,1.2215336975072635,0.25185990746414627,0.9696737900431172
2024-08-23,equity,1.2357559832691252,0.25288720006431625,0.9828687832048089
2024-08-26,equity,1.2289641508218625,0.25428270334906855,0.974681447472794
2024-08-27,equity,1.2328614377663347,0.2557581694714618,0.9771032682948729
2024-08-28,equity,1.2574005132386834,0.2584541477045974,0.998946365534086
2024-08-29,equity,1.2145603778613636,0.25358865857765467,0.960971719283709
2024-08-30,equity,1.206279712565613,0.24717970162524405,0.959100010940369
2024-09-03,equity,1.1828055297959754,0.24661265005766783,0.9361928797383076
2024-09-04,equity,1.1843566245052415,0.24662397475836006,0.9377326497468814
2024-09-05,equity,1.1938334887658508,0.2421142394578423,0.9517192493080086
2024-09-06,equity,1.2279446335443442,0.24492059737255528,0.983024036171789
2024-09-09,equity,1.2621112319095007,0.24552369887769013,1.0165875330318106
2024-09-10,equity,1.2638592662109094,0.24610569053168702,1.0177535756792224
2024-09-11,equity,1.2669102730695867,0.24330407791504743,1.0236061951545392
2024-09-12,equity,1.2864545051109249,0.2473869858015535,1.0390675193093712
2024-09-13,equity,1.2903150268764005,0.24956090740617742,1.0407541194702232
2024-09-16,equity,1.2860885700646179,0.2507069210092451,1.0353816490553727
2024-09-17,equity,1.2873865716230932,0.2581113081311771,1.029275263491916
2024-09-18,equity,1.2867881358862918,0.26004696203169353,1.0267411738545982
2024-09-19,equity,1.3169121056894284,0.2697173871541662,1.0471947185352621
2024-09-20,equity,1.31873407278868,0.2690140924541907,1.0497199803344892
2024-09-23,equity,1.3272179143236091,0.26489136464198015,1.062326549681629
2024-09-24,equity,1.3278578539708035,0.26657841522477965,1.0612794387460238
2024-09-25,equity,1.333815943320673,0.2682467260750106,1.0655692172456626
2024-09-26,equity,1.351775043068694,0.26364216830353543,1.0881328747651584
2024-09-27,equity,1.3494803407527345,0.26417132408396865,1.0853090166687658
2024-09-30,equity,1.3349788960191993,0.2644662807882657,1.0705126152309337
2024-10-01,equity,1.3451834316662996,0.2539324438363547,1.091250987829945
2024-10-02,equity,1.3493509325314628,0.25320739720010654,1.0961435353313562
2024-10-03,equity,1.3390615700862134,0.25292329395482493,1.0861382761313885
2024-10-04,equity,1.3430271716473932,0.2516949607352025,1.0913322109121908
2024-10-07,equity,1.323291014564179,0.2527503185794391,1.0705406959847399
2024-10-08,equity,1.3054964254329144,0.24607539647398244,1.059421028958932
2024-10-09,equity,1.3010680973675164,0.2377906590568585,1.0632774383106578
2024-10-10,equity,1.3095545444933487,0.23744155914530063,1.0721129853480482
2024-10-11,equity,1.329945934300528,0.23901429376493907,1.0909316405355889
2024-10-14,equity,1.345489500782144,0.23584460583891903,1.109644894943225
2024-10-15,equity,1.3349548349656493,0.24608226155711627,1.088872573408533
2024-10-16,equity,1.3084379797923742,0.2518240834582469,1.0566138963341274
2024-10-17,equity,1.3096912616058078,0.25146933742604444,1.0582219241797635
2024-10-18,equity,1.3190793885655772,0.2690142981055452,1.050065090460032
2024-10-21,equity,1.338757189071262,0.27779056406271885,1.0609666250085432
2024-10-22,equity,1.3791897995554099,0.28156194454239486,1.097627855013015
2024-10-23,equity,1.393454532486887,0.28803942964314116,1.1054151028437458
2024-10-24,equity,1.3696143261798142,0.2896259689657539,1.0799883572140603
2024-10-25,equity,1.420781976259887,0.29737415616523766,1.1234078200946493
2024-10-28,equity,1.4203251096330534,0.30103656237917104,1.1192885472538823
2024-10-29,equity,1.4191134602628426,0.30630772619553404,1.1128057340673085
2024-10-30,equity,1.4185519806172335,0.31189740712619507,1.1066545734910385
2024-10-31,equity,1.4193741709283427,0.32905878021444135,1.0903153907139014
2024-11-01,equity,1.425318464698143,0.332468133017891,1.092850331680252
2024-11-04,equity,1.450077179532687,0.3365905317836697,1.1134866477490173
2024-11-05,equity,1.4748770359542072,0.33474946738793154,1.1401275685662755
2024-11-06,equity,1.5580857072163348,0.27251060250821396,1.2855751047081208
2024-11-07,equity,1.5535054318693788,0.278410652121702,1.2750947797476768
2024-11-08,equity,1.5526667413199549,0.2768021438021532,1.2758645975178018
2024-11-11,equity,1.573281135847125,0.2805991389173988,1.2926819969297263
2024-11-12,equity,1.5715476048876036,0.29830309908145225,1.2732445058061512
2024-11-13,equity,1.569830417344245,0.29970441493364625,1.2701260024105987
2024-11-14,equity,1.665411812282443,0.29744257595500573,1.3679692363274374
2024-11-15,equity,1.602631294023205,0.2961752212632944,1.3064560727599106
2024-11-18,equity,1.6015332467349166,0.2993168537914585,1.302216392943458
2024-11-19,equity,1.6018435450486301,0.3006780409102587,1.3011655041383714
2024-11-20,equity,1.5942873649215243,0.3023131335454675,1.2919742313760567
2024-11-21,equity,1.5995366565363438,0.3061678440277887,1.2933688125085552
2024-11-22,equity,1.598083696264093,0.3091827957940595,1.2889009004700336
2024-11-25,equity,1.5916636773896529,0.30520798442173885,1.286455692967914
2024-11-26,equity,1.5697799334223574,0.30639383033009643,1.263386103092261
2024-11-27,equity,1.5496494933217628,0.30560707962709366,1.244042413694669
2024-11-29,equity,1.545986293611038,0.30761438663313984,1.2383719069778982
2024-12-02,equity,1.5453923978015927,0.30777567525821603,1.2376167225433767
2024-12-03,equity,1.5405527258098166,0.30305417681328095,1.2374985489965358
2024-12-04,equity,1.583201285078057,0.2940958278825573,1.2891054571954998
2024-12-05,equity,1.5875554145292827,0.29512811796338895,1.2924272965658938
2024-12-06,equity,1.5905499296644077,0.2964388206433735,1.2941111090210342
2024-12-09,equity,1.6236194803779358,0.2917066175560451,1.3319128628218908
2024-12-10,equity,1.6185966576988333,0.29122890415184655,1.3273677535469868
2024-12-11,equity,1.6517852530808728,0.29665154138812355,1.355133711692749
2024-12-12,equity,1.6541036071697937,0.30339816023734884,1.3507054469324449
2024-12-13,equity,1.6404669108513337,0.2896292121795462,1.3508376986717874
2024-12-16,equity,1.6469998761033604,0.28925572095064633,1.357744155152714
2024-12-17,equity,1.6414015238746358,0.2896796623948688,1.351721861479767
2024-12-18,equity,1.6637655340126463,0.3114387030962529,1.3523268309163934
2024-12-19,equity,1.6704550614082874,0.3099719306905688,1.3604831307177185
2024-12-20,equity,1.709506876695463,0.31241567082990884,1.3970912058655542
2024-12-23,equity,1.6963549671249678,0.3074067088011728,1.3889482583237949
2024-12-24,equity,1.721242844363193,0.30594352026110033,1.4152993241020928
2024-12-26,equity,1.7333817105087561,0.3042308822623013,1.429150828246455
2024-12-27,equity,1.7270822715027574,0.30727261485632235,1.419809656646435
2024-12-30,equity,1.7159354646413523,0.30745379989129124,1.408481664750061
2024-12-31,equity,1.7148889475290436,0.30493673250177084,1.4099522150272727
2025-01-02,equity,1.7362269408282744,0.3018025821493244,1.43442435867895
2025-01-03,equity,1.707190569492349,0.28905653601000697,1.418134033482342
2025-01-06,equity,1.7248113806853993,0.28838769143005794,1.4364236892553413
2025-01-07,equity,1.7542569971344644,0.2823756683131882,1.4718813288212762
2025-01-08,equity,1.7232227213168498,0.29289800956967493,1.430324711747175
2025-01-10,equity,1.690045481692461,0.27956328786473617,1.410482193827725
2025-01-13,equity,1.6959112927679187,0.2804388161993816,1.4154724765685371
2025-01-14,equity,1.69669700970018,0.280644631612864,1.4160523780873158
2025-01-15,equity,1.6950846922091476,0.28228022148816084,1.4128044707209868
2025-01-16,equity,1.6917037755416418,0.2784751493390612,1.4132286262025806
2025-01-17,equity,1.7032620860735228,0.26944842532219243,1.4338136607513303
2025-01-21,equity,1.731184205992185,0.2728203067710729,1.458363899221112
2025-01-22,equity,1.7246549767404746,0.27450839059455195,1.4501465861459226
2025-01-23,equity,1.7221807867981431,0.27390351448538613,1.448277272312757
2025-01-24,equity,1.7220834160716056,0.27226745161933075,1.449815964452275
2025-01-27,equity,1.7320795275547285,0.279161988647605,1.4529175389071236
2025-01-28,equity,1.7234943913977476,0.2812860347553215,1.4422083566424262
2025-01-29,equity,1.7167183859777941,0.2823113647378063,1.4344070212399878
2025-01-30,equity,1.7106005657127061,0.28406511062201734,1.4265354550906888
2025-01-31,equity,1.7199427571170223,0.28327238375501956,1.4366703733620028
2025-02-03,equity,1.719583779259763,0.282885244102268,1.436698535157495
2025-02-04,equity,1.7132925871601217,0.28140961595276826,1.4318829712073535
2025-02-05,equity,1.7219757297244382,0.29028979502788343,1.4316859346965547
2025-02-06,equity,1.7177417673837767,0.288064538658266,1.4296772287255108
2025-02-07,equity,1.7153269132685525,0.2856175559271864,1.4297093573413662
2025-02-10,equity,1.7128415165519024,0.29224729337397704,1.4205942231779254
2025-02-11,equity,1.7137900853706813,0.2923490669365247,1.4214410184341566
2025-02-12,equity,1.6997045126264925,0.2942444157885116,1.405460096837981
2025-02-13,equity,1.6896851205018715,0.2971026140375776,1.3925825064642938
2025-02-14,equity,1.6951671960045815,0.28814942398536,1.4070177720192216
2025-02-18,equity,1.676546601975233,0.2920528115517899,1.3844937904234431
2025-02-19,equity,1.6814070234219196,0.29076673576197437,1.3906402876599453
2025-02-20,equity,1.675481236635441,0.2919138601092127,1.3835673765262282
2025-02-21,equity,1.6883653320537035,0.2915038825510773,1.3968614495026261
2025-02-24,equity,1.6904262931299003,0.28961269875907236,1.400813594370828
2025-02-25,equity,1.7299180786645865,0.3025999981769304,1.4273180804876562
2025-02-26,equity,1.7309469216020625,0.3026659820033555,1.428280939598707
2025-02-27,equity,1.7328039088825145,0.31389547704355053,1.418908431838964
2025-02-28,equity,1.7120008751550382,0.30283018997421934,1.4091706851808188
2025-03-03,equity,1.6638327680346472,0.2842895331884754,1.3795432348461718
2025-03-04,equity,1.637976010256151,0.27543566732171804,1.362540342934433
2025-03-05,equity,1.6514463311124257,0.26741887125657704,1.3840274598558486
2025-03-06,equity,1.64455261298262,0.2703924940537521,1.374160118928868
2025-03-07,equity,1.5923976921720469,0.27451036164826714,1.3178873305237797
2025-03-10,equity,1.6544852134277062,0.2766417120990489,1.3778435013286572
2025-03-11,equity,1.6313218355161996,0.2701294745405144,1.3611923609756853
2025-03-12,equity,1.6411968364406953,0.2740727011331367,1.3671241353075585
2025-03-13,equity,1.6526071347947962,0.2582693210146891,1.394337813780107
2025-03-14,equity,1.688285443004455,0.2601079691795752,1.4281774738248798
2025-03-17,equity,1.6882907749608302,0.26170815523391167,1.4265826197269185
2025-03-18,equity,1.684286186676113,0.2531254506076882,1.4311607360684246
2025-03-19,equity,1.696279661183991,0.2521761562751626,1.4441035049088284
2025-03-20,equity,1.7106234503698914,0.2528370202968743,1.457786430073017
2025-03-21,equity,1.7241820940415127,0.25367450115062334,1.4705075928908893
2025-03-24,equity,1.7387191607865429,0.2408304174031448,1.497888743383398
2025-03-25,equity,1.740639564267728,0.24145463204427894,1.499184932223449
2025-03-26,equity,1.7381229017242712,0.2402164601829813,1.49790644154129
2025-03-27,equity,1.7556428026460194,0.23823209537208623,1.5174107072739331
2025-03-28,equity,1.7566621308093184,0.22739351030339736,1.5292686205059212
2025-03-31,equity,1.7613336228193288,0.22885863355523212,1.5324749892640968
2025-04-01,equity,1.7642433980874757,0.22762641228698002,1.5366169858004957
2025-04-02,equity,1.7660825512320484,0.22849660220861256,1.5375859490234358
2025-04-03,equity,1.685204270134597,0.22441001606112235,1.4607942540734746
2025-04-04,equity,1.3814471464135418,0.25040218987120294,1.1310449565423388
2025-04-07,equity,1.414914736213065,0.2505619652715202,1.1643527709415449
2025-04-08,equity,1.425733524015964,0.23974441688974785,1.1859891071262163
2025-04-09,equity,1.2626451066320619,0.27589204619493146,0.9867530604371304
2025-04-10,equity,1.253269661509444,0.24290469162106093,1.0103649698883832
2025-04-11,equity,1.274915196344822,0.24734142166415565,1.0275737746806664
2025-04-14,equity,1.2763025992706791,0.24207946667591143,1.0342231325947677
2025-04-15,equity,1.2622607209546004,0.23722649416149638,1.025034226793104
2025-04-16,equity,1.2280837003719254,0.22099066272398968,1.0070930376479357
2025-04-17,equity,1.2277196570656748,0.22082346429224958,1.0068961927734252
2025-04-21,equity,1.1857555983929213,0.19677845418005432,0.988977144212867
2025-04-22,equity,1.1978236079974887,0.18316017676429608,1.0146634312331926
2025-04-23,equity,1.2040800063019803,0.17144093206283328,1.032639074239147
2025-04-24,equity,1.1861288415900395,0.1828212761906069,1.0033075653994326
2025-04-25,equity,1.1926340685256054,0.1821202048379442,1.0105138636876612
2025-04-28,equity,1.1924388491361053,0.18221081092527686,1.0102280382108284
2025-04-29,equity,1.1942335470517964,0.1811563015344163,1.0130772455173802
2025-04-30,equity,1.2014063452624069,0.18085775462997314,1.0205485906324336
2025-05-01,equity,1.205265702410263,0.17742074202028696,1.0278449603899762
2025-05-02,equity,1.1808669376369605,0.16847012287587979,1.0123968147610807
2025-05-05,equity,1.1807542464312761,0.16393091189994585,1.0168233345313302
2025-05-06,equity,1.1708449563535106,0.15928394064606474,1.011561015707446
2025-05-07,equity,1.1620976616007372,0.15883007984101358,1.0032675817597236
2025-05-08,equity,1.1671641062401719,0.15356685334340095,1.013597252896771
2025-05-09,equity,1.1668025377011664,0.15356044740914362,1.0132420902920227
2025-05-12,equity,1.1233563948767449,0.1244327317265193,0.9989236631502256
2025-05-13,equity,1.1270354313629734,0.12313528349443366,1.0039001478685396
2025-05-14,equity,1.1277683156828717,0.12260492535930151,1.0051633903235702
2025-05-15,equity,1.1277667683200017,0.12372615333348824,1.0040406149865135
2025-05-16,equity,1.1312842420098204,0.12054262269184124,1.010741619317979
2025-05-19,equity,1.1153034902138113,0.11764451824718498,0.9976589719666262
2025-05-20,equity,1.1125576802133619,0.11528263315815516,0.9972750470552068
2025-05-21,equity,1.0983756960564115,0.11147930141586695,0.9868963946405446
2025-05-22,equity,1.0973175067008865,0.11165877546484677,0.9856587312360396
2025-05-23,equity,1.1011976408933408,0.10787772294820949,0.9933199179451313
2025-05-27,equity,1.095021760312271,0.09573231174255725,0.9992894485697137
2025-05-28,equity,1.092625631302379,0.09198283038197017,1.000642800920409
2025-05-29,equity,1.087778818386467,0.09255048082672289,0.995228337559744
2025-05-30,equity,1.0878772786797366,0.09269816964424084,0.9951791090354958
2025-06-02,equity,1.085053874507312,0.09297940434950243,0.9920744701578095
2025-06-03,equity,1.090736116774395,0.0916716334470437,0.9990644833273513
2025-06-04,equity,1.095609840517438,0.09317734280084271,1.0024324977165953
2025-06-05,equity,1.0989319516969567,0.09394922667127226,1.0049827250256844
2025-06-06,equity,1.1010993894200616,0.090222707389859,1.0108766820302026
2025-06-09,equity,1.1021259984006833,0.0874960454943805,1.0146299529063028
2025-06-10,equity,1.1021195334647262,0.08740797777309763,1.0147115556916286
2025-06-11,equity,1.1018459550154323,0.08549133957287702,1.0163546154425553
2025-06-12,equity,1.0998338885204755,0.08600198606330858,1.013831902457167
2025-06-13,equity,1.1032744563986219,0.08210394049462456,1.0211705159039972
2025-06-16,equity,1.1100890829929801,0.07815754267470404,1.031931540318276
2025-06-17,equity,1.117645140025043,0.07871865417554921,1.0389264858494938
2025-06-18,equity,1.1174658009126486,0.07907102451479066,1.0383947763978578
2025-06-20,equity,1.1162406219324028,0.08054433072876516,1.0356962912036376
2025-06-23,equity,1.1152090717843905,0.0806163560198175,1.0345927157645731
2025-06-24,equity,1.1188032824906147,0.07648553864998013,1.0423177438406346
2025-06-25,equity,1.117961053046063,0.07560125743811602,1.0423597956079471
2025-06-26,equity,1.1083980673058644,0.07525681499952386,1.0331412523063406
2025-06-27,equity,1.1032828016533212,0.0734055044110532,1.029877297242268
2025-06-30,equity,1.1039952283548007,0.07492798248322681,1.029067245871574
2025-07-01,equity,1.1048753641710667,0.07450866634217358,1.030366697828893
2025-07-02,equity,1.1062038417856905,0.07480092209736107,1.0314029196883294
2025-07-03,equity,1.100810256268795,0.07297618206007969,1.0278340742087153
2025-07-07,equity,1.1059483550442104,0.07325703640165339,1.032691318642557
2025-07-08,equity,1.1094271992813511,0.07249513252843554,1.0369320667529156
2025-07-09,equity,1.1218771608546052,0.07139201853846251,1.0504851423161428
2025-07-10,equity,1.1224175725554015,0.07162932878782895,1.0507882437675726
2025-07-11,equity,1.118107333062466,0.07080757352869586,1.04729975953377
2025-07-14,equity,1.123868199315811,0.07027972469476891,1.0535884746210422
2025-07-15,equity,1.1287449942344896,0.07489522338464634,1.0538497708498433
2025-07-16,equity,1.130686280440074,0.07544110163121094,1.055245178808863
2025-07-17,equity,1.1238144682908102,0.07484762647773113,1.048966841813079
2025-07-18,equity,1.121063046624211,0.07206075421681644,1.0490022924073947
2025-07-21,equity,1.1227103473684639,0.0705850089501746,1.0521253384182894
2025-07-22,equity,1.1207952498653424,0.06907116024077053,1.0517240896245719
2025-07-23,equity,1.1297206584479358,0.06258314154985915,1.0671375168980766
2025-07-24,equity,1.1291589998678901,0.0629970737383098,1.0661619261295803
2025-07-25,equity,1.1247026989068618,0.06216002087355594,1.0625426780333058
2025-07-28,equity,1.141425650584951,0.060153559958286064,1.0812720906266649
2025-07-29,equity,1.1400898122965284,0.0574222559337973,1.082667556362731
2025-07-30,equity,1.1305234412735548,0.05597923247368667,1.074544208799868
2025-07-31,equity,1.1304153504479866,0.05535329920645873,1.0750620512415279
2025-08-01,equity,1.133880276631683,0.04797675450430412,1.0859035221273787
2025-08-04,equity,1.143675493617537,0.04304397407766162,1.1006315195398755
2025-08-05,equity,1.1390998963349228,0.04151860038263852,1.0975812959522844
2025-08-06,equity,1.1434646537610835,0.03964577940949861,1.1038188743515849
2025-08-07,equity,1.0354873972264784,0.02834804756232927,1.0071393496641492
2025-08-08,equity,1.0195775779459215,0.03053259978118804,0.9890449781647335
2025-08-11,equity,1.0103691616854749,0.03154536489154327,0.9788237967939316
2025-08-12,equity,0.973309644410991,0.02249872782783782,0.9508109165831532
2025-08-13,equity,0.9731202630046163,0.022497779973463854,0.9506224830311525
2025-08-14,equity,0.9730685829376404,0.02290719785465503,0.9501613850829854
2025-08-15,equity,0.9687428278773345,0.024339073508519545,0.944403754368815
2025-08-18,equity,0.9722413369318426,0.02523239681342699,0.9470089401184155
2025-08-19,equity,0.9981102339274893,0.02575305434275522,0.9723571795847341
2025-08-20,equity,0.9955850056028992,0.024154367751373945,0.9714306378515253
2025-08-21,equity,1.0038168027027083,0.025500873912876365,0.978315928789832
2025-08-22,equity,1.013352562099725,0.029412891270948094,0.9839396708287769
2025-08-25,equity,1.0172479693642351,0.030143824062817147,0.987104145301418
2025-08-26,equity,1.0134195588792467,0.027268010993438892,0.9861515478858078
2025-08-27,equity,1.0013297002344568,0.024252162403517356,0.9770775378309394
2025-08-28,equity,1.000542458676118,0.02491826869274538,0.9756241899833726
2025-08-29,equity,1.0068704826013897,0.023191252754290476,0.9836792298470992
2025-09-02,equity,0.9918015429342887,0.016987276263663673,0.974814266670625
2025-09-03,equity,0.9925636822986181,0.017863713609130347,0.9746999686894878
2025-09-04,equity,0.9913381722459089,0.01888829393726444,0.9724498783086445
2025-09-05,equity,0.9944901748553637,0.014268126375424808,0.9802220484799389
2025-09-08,equity,0.9944902384607885,0.014627298864619718,0.9798629395961689
2025-09-09,equity,0.990231461752262,0.015133260910188556,0.9750982008420734
2025-09-10,equity,0.9750257774667931,0.010769109722525018,0.9642566677442681
2025-09-11,equity,0.9585309783119572,0.009279952828867314,0.9492510254830899
2025-09-12,equity,0.9569851580850481,0.008948518752397393,0.9480366393326507
2025-09-15,equity,0.9602335471253842,0.01087432196908034,0.9493592251563039
2025-09-16,equity,0.9586519150556326,0.007718731952928225,0.9509331831027044
2025-09-17,equity,0.9570043593505125,0.006983426015303982,0.9500209333352085
2025-09-18,equity,0.9586586781391448,0.006361264504693883,0.952297413634451
2025-09-19,equity,0.9557570234531945,0.007398966855832454,0.948358056597362
2025-09-22,equity,0.9525014493785979,0.008134609374819989,0.9443668400037779
2025-09-23,equity,0.936561145251795,0.0011501949263857747,0.9354109503254092
2025-09-24,equity,0.9343717366859695,0.0030429703703095915,0.93132876631566
2025-09-25,equity,0.9396172076218577,0.0025528498234193174,0.9370643577984384
2025-09-26,equity,0.9375997983252093,0.002525493030938048,0.9350743052942713
2025-09-29,equity,0.9388187893436235,0.0032148511762612455,0.9356039381673623
2025-09-30,equity,0.9365023394469046,0.0035677418950685034,0.9329345975518362
2025-10-01,equity,0.9390182319316032,0.003063854529542431,0.9359543774020608
2025-10-02,equity,0.9431699000307651,0.004066473541499027,0.939103426489266
2025-10-03,equity,0.9368672042448103,0.006581251372491533,0.9302859528723187
2025-10-06,equity,0.9378915019968296,0.00805544431448969,0.9298360576823399
2025-10-07,equity,0.9426098418618855,0.007431246791987559,0.9351785950698979
2025-10-08,equity,0.9410202411784256,0.010541601820563951,0.9304786393578617
2025-10-09,equity,0.9499870906479196,0.011081166027437507,0.9389059246204822
2025-10-10,equity,0.9672258676089008,0.006423316838934625,0.9608025507699662
2025-10-13,equity,0.9621373639612087,0.017245612394870023,0.9448917515663388
2025-10-14,equity,0.9622308347268974,0.017338939025515407,0.944891895701382
2025-10-15,equity,0.9531015158498258,0.01745367959750271,0.9356478362523232
2025-10-16,equity,0.9504866314898217,0.014019868670019984,0.9364667628198017
2025-10-17,equity,0.9523999049430236,0.011579838304035632,0.940820066638988
2025-10-20,equity,0.9599575716106958,0.020917882198017424,0.9390396894126785
2025-10-21,equity,0.9595424748066556,0.0220417224251477,0.9375007523815079
2025-10-22,equity,0.9628657870209004,0.021413840915076705,0.9414519461058237
2025-10-23,equity,0.96422570865336,0.02163382193960297,0.942591886713757
2025-10-24,equity,0.9629890802661469,0.02084426809421091,0.942144812171936
2025-10-27,equity,0.969125043048843,0.007181251160278855,0.961943791888564
2025-10-28,equity,0.9674655149938859,0.006526603195776053,0.9609389117981099
2025-10-29,equity,0.9674200827155822,0.006651132122067585,0.9607689505935146
2025-10-30,equity,0.9741635109162182,0.0013027577809178012,0.9728607531353004
2025-10-31,equity,0.9746069979377738,0.0006526816606787086,0.9739543162770952
2025-11-03,equity,0.972773526202743,0.001118241974267374,0.9716552842284757
2025-11-04,equity,0.9853894774769415,-0.0015388161956503676,0.9869282936725918
2025-11-05,equity,0.98918370806159,-0.00014729773981728256,0.9893310058014072
2025-11-06,equity,0.9927891133326266,0.0007538528469474291,0.9920352604856792
2025-11-07,equity,0.9874498382776582,0.0005848374702553832,0.9868650008074028
2025-11-10,equity,0.9432290276944219,0.03420971829449334,0.9090193093999285
2025-11-11,equity,0.9424342109218317,0.031529371074189044,0.9109048398476426
2025-11-12,equity,0.9425911034403739,0.03236752839663814,0.9102235750437357
2025-11-13,equity,0.949962446188651,0.037319498928755246,0.9126429472598958
2025-11-14,equity,0.9540943174613752,0.03687605223770395,0.9172182652236712
2025-11-17,equity,0.9589106758836037,0.04037706707898636,0.9185336088046173
2025-11-18,equity,0.9512993912432898,0.038164874899676536,0.9131345163436132
2025-11-19,equity,0.9696550855475198,0.03692330552506746,0.9327317800224523
2025-11-20,equity,0.9786421648234493,0.03593855208442341,0.9427036127390259
2025-11-21,equity,0.9696426838614253,0.034267393711922174,0.935375290149503
2025-11-24,equity,0.9858405329344314,0.039987518054615756,0.9458530148798157
2025-11-25,equity,0.9744240439778158,0.03854462685258658,0.9358794171252292
2025-11-26,equity,0.9777318298521366,0.03871182633966364,0.939020003512473
2025-11-28,equity,0.9815171376413342,0.042347633128982064,0.9391695045123521
2025-12-01,equity,0.9970495309265524,0.04184466093323502,0.9552048699933173
2025-12-02,equity,1.0080058016736881,0.0414482055991345,0.9665575960745536
2025-12-03,equity,1.0093115098838268,0.040309762008259496,0.9690017478755673
2025-12-04,equity,1.0100561025868182,0.04087668282283199,0.9691794197639862
2025-12-05,equity,1.0085931539798851,0.040728327381306204,0.967864826598579
2025-12-08,equity,1.0020279821362132,0.04105477439438539,0.9609732077418278
2025-12-09,equity,1.001399774669202,0.04032254077789099,0.9610772338913111
2025-12-10,equity,0.9978942841780671,0.04078830524405492,0.9571059789340122
2025-12-11,equity,0.9890893390099769,0.04273536535778853,0.9463539736521883
2025-12-12,equity,0.9915346534317494,0.042519286954926364,0.949015366476823
2025-12-15,equity,0.9852932107479992,0.0409827889536516,0.9443104217943477
2025-12-16,equity,0.9823779377957551,0.038385118630296325,0.9439928191654587
2025-12-17,equity,0.9849578764174248,0.03578520458798774,0.9491726718294371
2025-12-18,equity,0.9768374228941944,0.03491002236587608,0.9419274005283184
2025-12-19,equity,0.9863003820263652,0.03396856229412931,0.9523318197322359
2025-12-22,equity,0.9631231738174676,0.019584094761230745,0.9435390790562368
2025-12-23,equity,0.9600509056468008,0.02078087025587546,0.9392700353909254
2025-12-24,equity,0.9622040302553545,0.017955603102999627,0.9442484271523549
2025-12-26,equity,0.9698753172716599,0.01904746233015236,0.9508278549415076
2025-12-29,equity,0.9551839232765801,0.02459344271161133,0.9305904805649687
2025-12-30,equity,0.953740719759652,0.024788887877914147,0.9289518318817379
2025-12-31,equity,0.9529829137251451,0.02379000732855743,0.9291929063965877
2026-01-02,equity,0.9566160712900145,0.0222863046474252,0.9343297666425893
2026-01-05,equity,0.9632544206093,0.026857559898837396,0.9363968607104626
2026-01-06,equity,0.9630549846459486,0.029189748547865955,0.9338652360980827
2026-01-07,equity,0.9647645258434675,0.03413574579092811,0.9306287800525394
2026-01-08,equity,0.9599232013659332,0.034583448814509865,0.9253397525514233
2026-01-09,equity,0.9424469943234441,0.03678213975016364,0.9056648545732805
2026-01-12,equity,0.9435078191090882,0.037141728904209595,0.9063660902048786
2026-01-13,equity,0.9517049107936868,0.04122930056607034,0.9104756102276165
2026-01-14,equity,0.9450029730839182,0.04007216274719576,0.9049308103367225
2026-01-15,equity,0.9431005635956817,0.03956271141281366,0.9035378521828681
2026-01-16,equity,0.9352208402293876,0.037405224974746715,0.8978156152546408
2026-01-20,equity,0.9627595128563393,0.015302640419379551,0.9474568724369598
2026-01-21,equity,0.9519024844478864,0.021305191002863176,0.9305972934450232
2026-01-22,equity,0.9484439278520542,0.020506354306496347,0.9279375735455578
2026-01-23,equity,0.952040741355519,0.019999767985548915,0.93204097336997
2026-01-26,equity,0.9507314625749332,0.022136189427688267,0.928595273147245
2026-01-27,equity,0.9544144002341484,0.0247854497631892,0.9296289504709592
2026-01-28,equity,0.9460792319425538,0.018406808347309823,0.927672423595244
2026-01-29,equity,0.9513046562994982,0.01691945255701491,0.9343852037424834
2026-01-30,equity,0.9563836327738284,0.03191733591324455,0.9244662968605839
2026-02-02,equity,0.9449805323922139,0.023965149775941493,0.9210153826162725
2026-02-03,equity,0.9435814078302448,0.008078483281881162,0.9355029245483636
2026-02-04,equity,0.9498065030717896,0.009326304148296615,0.940480198923493
2026-02-05,equity,1.0042405530547025,0.018819468098638763,0.9854210849560637
2026-02-06,equity,1.0477297947651407,0.033854995381298825,1.013874799383842
2026-02-09,equity,1.0491787490265596,0.03705829090017285,1.0121204581263867
2026-02-10,equity,1.051725333921651,0.0383944751068611,1.01333085881479
2026-02-11,equity,1.0499881988468813,0.03565263197649416,1.014335566870387
2026-02-12,equity,1.0562597063649075,0.053112342823633904,1.0031473635412735
2026-02-13,equity,1.0584108063526318,0.05304195329733349,1.0053688530552984
2026-02-17,equity,1.063088756249869,0.050402327894482964,1.012686428355386
2026-02-18,equity,1.0593896194197496,0.053095362397800216,1.0062942570219495
2026-02-19,equity,1.05950665810372,0.052194436910197144,1.0073122211935228
2026-02-20,equity,1.0590266599230742,0.05549528272676091,1.0035313771963132
2026-02-23,equity,1.0747537821670115,0.047373594762902926,1.0273801874041086
2026-02-24,equity,1.0660418673469796,0.042708923971256224,1.0233329433757234
2026-02-25,equity,1.0793952463548926,0.04215521242092444,1.0372400339339682
2026-02-26,equity,1.0736270098669258,0.03865007040844495,1.034976939458481
2026-02-27,equity,1.076107380357494,0.037065920368259966,1.0390414599892341
2026-03-02,equity,1.0799212097855337,0.02863104269513558,1.0512901670903982
2026-03-03,equity,1.0834875431177493,0.04690896926682616,1.0365785738509232
2026-03-04,equity,1.1196998692855251,0.054399165298866466,1.0653007039866587
2026-03-05,equity,1.1321802500710572,0.059809968205510385,1.0723702818655467
2026-03-06,equity,1.1343449709951203,0.05406217094266048,1.0802828000524598
2026-03-09,equity,1.138906729844767,0.04942851901166685,1.0894782108331003
2026-03-10,equity,1.141377541594825,0.048953964023048524,1.0924235775717765
2026-03-11,equity,1.0864623811761966,0.04080929894298008,1.0456530822332166
2026-03-12,equity,1.0942346010207216,0.05387383564627566,1.040360765374446
2026-03-13,equity,1.0911415504532636,0.056695561273864256,1.0344459891793993
2026-03-16,equity,1.0917987338867583,0.06308878882636368,1.0287099450603947
2026-03-17,equity,1.0725155780674762,0.06468044996286507,1.0078351281046112
2026-03-18,equity,1.0875659668186188,0.0788961678133528,1.008669799005266
2026-03-19,equity,1.083724109590815,0.08726657130450845,0.9964575382863066
2026-03-20,equity,1.067166787573095,0.10209603775861795,0.965070749814477
2026-03-23,equity,1.064986488912582,0.09338846793850818,0.9715980209740738
2026-03-24,equity,1.066773939120811,0.09356992109242894,0.9732040180283822
2026-03-25,equity,1.0523405829902694,0.10173909030719205,0.9506014926830774
2026-03-26,equity,1.060040075439137,0.12277131631228132,0.9372687591268557
2026-03-27,equity,1.0678651676256186,0.10383798430338924,0.9640271833222294
2026-03-30,equity,1.0672932903544172,0.10541740913790999,0.9618758812165072
2026-03-31,equity,1.0492007977880242,0.13819713165279024,0.911003666135234
2026-04-01,equity,1.052001807434973,0.13934667151238336,0.9126551359225897
2026-04-02,equity,1.0491152554616319,0.13941529846507392,0.9096999569965579
2026-04-06,equity,1.0502898575614192,0.1387690183727184,0.9115208391887009
2026-04-07,equity,1.0431830600391876,0.13767253659478385,0.9055105234444037
2026-04-08,equity,1.2586037234088634,0.10020258991432572,1.1584011334945377
2026-04-09,equity,1.2508008486663968,0.09821090121454716,1.1525899474518497
2026-04-10,equity,1.2523795372892683,0.10184108769991077,1.1505384495893576
2026-04-13,equity,1.4537211109767345,-0.02235101311760407,1.4760721240943386
2026-04-14,equity,1.4927185010241144,0.03454257096005481,1.4581759300640595
2026-04-15,equity,1.4671184642900164,0.013563880409885836,1.4535545838801305
2026-04-16,equity,1.46616978942788,0.01625300524855387,1.4499167841793261
2026-04-17,equity,1.4721594847181685,0.023962357986583385,1.4481971267315852
2026-04-20,equity,1.5293020653518115,0.06969729399656124,1.4596047713552502
2026-04-21,equity,1.5313992403841772,0.08286688106596055,1.4485323593182167
2026-04-22,equity,1.6560572910490154,0.13661847727895116,1.5194388137700643
2026-04-23,equity,1.6484936428794608,0.1679063990057405,1.4805872438737202
2026-04-24,equity,1.6454844973261937,0.1965608845150361,1.4489236128111576
2026-04-27,equity,1.6821255523676433,0.1849545860508193,1.497170966316824
2026-04-28,equity,1.677174794390713,0.19776079573847202,1.479413998652241
2026-04-29,equity,1.6777112515612842,0.19915041461435617,1.478560836946928
2026-04-30,equity,1.6762668308702589,0.209844158122415,1.4664226727478438
2026-05-01,equity,1.6794057533462174,0.20975442991655585,1.4696513234296615
2026-05-04,equity,1.6635981543902294,0.2244721427578288,1.4391260116324005
2026-05-05,equity,1.683240049173921,0.22943779637135042,1.4538022528025705
2026-05-06,equity,1.6558420265022977,0.26594926493356796,1.3898927615687298
2026-05-07,equity,1.6706317720695474,0.28179272002236194,1.3888390520471854
2026-05-08,equity,1.6636778221823127,0.28615635235260983,1.377521469829703
2026-05-11,equity,1.6511005713243487,0.29308592966584535,1.3580146416585035
2026-05-12,equity,1.6551531055888158,0.2946117965343057,1.36054130905451
2026-05-13,equity,1.7837004893647073,0.37573720919635956,1.4079632801683477
2026-05-14,equity,1.7809717572218762,0.3701908409488081,1.410780916273068
2026-05-15,equity,1.7842157701120007,0.38853556892969543,1.3956802011823053
2026-05-18,equity,1.7883125378105285,0.38540504753997484,1.4029074902705536
2026-05-19,equity,1.7820071691185937,0.39982112523699037,1.3821860438816034
2026-05-20,equity,1.7783663796487736,0.4057950895867286,1.372571290062045
2026-05-21,equity,1.7861176430179018,0.41182846975323956,1.3742891732646623
2026-05-22,equity,1.8364131971497966,0.42561862669001965,1.4107945704597769
2026-05-26,equity,1.8372515786443513,0.4236358951585973,1.413615683485754
2026-05-27,equity,1.8341976934639372,0.43725106056101226,1.396946632902925
2026-05-28,equity,1.8559689667053403,0.47616134000127175,1.3798076267040686
2026-05-29,equity,1.8497968923040065,0.47672020267922977,1.3730766896247766
2026-06-01,equity,1.8498663931958703,0.4741547801116986,1.3757116130841718
2026-06-02,equity,1.8480872784344522,0.47360084869880315,1.374486429735649
2026-06-03,equity,1.855740883512822,0.4726160407784355,1.3831248427343865
2026-06-04,equity,1.8451607340844307,0.47809446432470687,1.3670662697597238
2026-06-05,equity,1.8456313931273522,0.525161727949269,1.3204696651780834
2026-06-08,equity,1.8459784999798199,0.5240664424878179,1.321912057492002
2026-06-09,equity,1.8443015843598511,0.5400755949987124,1.3042259893611388
2026-06-10,equity,1.8083491337780533,0.5787857136392501,1.229563420138803
2026-06-11,equity,1.8061556098896394,0.6019551463512747,1.2042004635383647
2026-06-12,equity,1.8049206760390728,0.6027195556371668,1.2022011204019059
2026-06-15,equity,1.8295063518244425,0.616188821813639,1.2133175300108037
2026-06-16,equity,1.8363388145309365,0.6293093990905316,1.2070294154404049
2026-06-17,equity,1.821540868878523,0.653774380407247,1.1677664884712762
2026-06-18,equity,1.7867870297893835,0.6500172736205697,1.136769756168814
2026-06-22,equity,1.7763607745032812,0.650903933535933,1.1254568409673482
2026-06-23,equity,1.7804304441505887,0.6606983165458733,1.1197321276047154
2026-06-24,equity,1.7926917021553486,0.6660727625556477,1.1266189395997008
2026-06-25,equity,1.7880925469538163,0.6809892573664968,1.1071032895873194
2026-06-26,equity,1.7883062651380075,0.6802394929362947,1.1080667722017128
2026-06-29,equity,1.790088674767005,0.6681558697888333,1.1219328049781718
2026-06-30,equity,1.7765712909880542,0.6716339298538249,1.1049373611342292
2026-07-01,equity,1.7704490037842988,0.6680084628132611,1.1024405409710378
2026-07-02,equity,1.7671830803536077,0.6681778568575504,1.0990052234960572
2026-07-06,equity,1.7693715968684882,0.6698783159574931,1.0994932809109952
2026-07-07,equity,1.7723475536103095,0.6792153576706983,1.0931321959396112
2026-07-08,equity,1.779334634080117,0.6838847947296837,1.0954498393504335
2026-07-09,equity,1.7825226038611792,0.6848276526651241,1.097694951196055
2026-07-10,equity,1.777287563832034,0.6834425434499775,1.0938450203820564
2026-07-13,equity,1.7801595676517339,0.6952709576356869,1.0848886100160469
2026-07-14,equity,1.799629327697986,0.7003267732032659,1.0993025544947201
2026-07-15,equity,1.7995531133921883,0.7000720571676734,1.0994810562245148
2026-07-16,equity,1.7931204525091282,0.7058097399692156,1.0873107125399126
2026-07-17,equity,1.7758665719908402,0.6941699836339474,1.0816965883568928
2026-07-20,equity,1.7746094727129633,0.6961658691853284,1.078443603527635
2026-07-21,equity,1.7780745447692943,0.7029507068503955,1.0751238379188988
2026-07-22,equity,1.7785134366094646,0.7007609977172182,1.0777524388922464
2026-07-23,equity,1.771604394071022,0.710332310525667,1.0612720835453548
2026-07-24,equity,1.7795946109376075,0.7184856708582832,1.0611089400793243
2026-07-27,equity,1.7791396289473835,0.718332730043764,1.0608068989036195
2026-07-28,equity,1.782323662447366,0.719454848012735,1.062868814434631
2026-07-29,equity,1.7575826620188055,0.7043934209717082,1.0531892410470973
2026-07-30,equity,1.752019325484613,0.7094520132882993,1.0425673121963137
2026-07-31,equity,1.7377326955116488,0.6997059621175254,1.0380267333941233
2026-08-03,equity,1.7335774155026122,0.6935152136896978,1.0400622018129144
2026-08-04,equity,1.7134821464512255,0.7188825976356433,0.9945995488155822
2026-08-05,equity,1.7183381394450887,0.7167347337909312,1.0016034056541576
2026-08-06,equity,1.718879729104509,0.7179414421901542,1.0009382869143548
2026-08-07,equity,1.7170365678366417,0.7266699495873516,0.9903666182492901
2026-08-10,equity,1.7201561381418402,0.7266464847020677,0.9935096534397725
2026-08-11,equity,1.72760370483645,0.729814141587195,0.997789563249255
2026-08-12,equity,1.7333838086413944,0.7280429610299994,1.005340847611395
2026-08-13,equity,1.7377153214452243,0.7272014265668705,1.0105138948783539
2026-08-14,equity,1.7341465507288094,0.7261165526619656,1.008029998066844
2026-08-17,equity,1.7208400211522585,0.7211271341860219,0.9997128869662366
2026-08-18,equity,1.7112752984924438,0.727539043798756,0.9837362546936878
2026-08-19,equity,1.7160350054557885,0.7304691547137543,0.9855658507420342
2026-08-20,equity,1.665443327757481,0.7245249529079166,0.9409183748495643
2026-08-21,equity,1.6804664686677195,0.7300428582769127,0.9504236103908068
2026-08-24,equity,1.6715434597842624,0.7277117794675241,0.9438316803167384
2026-08-25,equity,1.6569301691372662,0.7286981421833932,0.928232026953873
2017-08-17,usd,,,
2017-08-18,usd,,,
2017-08-21,usd,,,
2017-08-22,usd,,,
2017-08-23,usd,,,
2017-08-24,usd,,,
2017-08-25,usd,,,
2017-08-28,usd,,,
2017-08-29,usd,,,
2017-08-30,usd,,,
2017-08-31,usd,,,
2017-09-01,usd,,,
2017-09-05,usd,,,
2017-09-07,usd,,,
2017-09-08,usd,,,
2017-09-11,usd,,,
2017-09-12,usd,,,
2017-09-13,usd,,,
2017-09-14,usd,,,
2017-09-15,usd,,,
2017-09-18,usd,,,
2017-09-19,usd,,,
2017-09-20,usd,,,
2017-09-21,usd,,,
2017-09-22,usd,,,
2017-09-25,usd,,,
2017-09-26,usd,,,
2017-09-27,usd,,,
2017-09-28,usd,,,
2017-09-29,usd,,,
2017-10-02,usd,,,
2017-10-03,usd,,,
2017-10-04,usd,,,
2017-10-05,usd,,,
2017-10-06,usd,,,
2017-10-09,usd,,,
2017-10-10,usd,,,
2017-10-11,usd,,,
2017-10-12,usd,,,
2017-10-13,usd,,,
2017-10-16,usd,,,
2017-10-17,usd,,,
2017-10-18,usd,,,
2017-10-19,usd,,,
2017-10-20,usd,,,
2017-10-23,usd,,,
2017-10-24,usd,,,
2017-10-25,usd,,,
2017-10-26,usd,,,
2017-10-27,usd,,,
2017-10-30,usd,,,
2017-10-31,usd,,,
2017-11-01,usd,,,
2017-11-02,usd,,,
2017-11-03,usd,,,
2017-11-06,usd,,,
2017-11-07,usd,,,
2017-11-08,usd,,,
2017-11-09,usd,,,
2017-11-10,usd,,,
2017-11-13,usd,,,
2017-11-14,usd,,,
2017-11-15,usd,,,
2017-11-16,usd,,,
2017-11-17,usd,,,
2017-11-20,usd,,,
2017-11-21,usd,,,
2017-11-22,usd,,,
2017-11-24,usd,,,
2017-11-27,usd,,,
2017-11-28,usd,,,
2017-11-29,usd,,,
2017-11-30,usd,,,
2017-12-01,usd,,,
2017-12-04,usd,,,
2017-12-05,usd,,,
2017-12-06,usd,,,
2017-12-07,usd,,,
2017-12-08,usd,,,
2017-12-11,usd,,,
2017-12-12,usd,,,
2017-12-13,usd,,,
2017-12-14,usd,,,
2017-12-15,usd,,,
2017-12-18,usd,,,
2017-12-19,usd,,,
2017-12-20,usd,,,
2017-12-21,usd,,,
2017-12-22,usd,,,
2017-12-26,usd,,,
2017-12-27,usd,,,
2017-12-28,usd,,,
2017-12-29,usd,,,
2018-01-02,usd,,,
2018-01-03,usd,,,
2018-01-04,usd,,,
2018-01-05,usd,,,
2018-01-08,usd,,,
2018-01-09,usd,,,
2018-01-10,usd,,,
2018-01-11,usd,,,
2018-01-12,usd,,,
2018-01-16,usd,,,
2018-01-17,usd,,,
2018-01-18,usd,,,
2018-01-19,usd,,,
2018-01-22,usd,,,
2018-01-23,usd,,,
2018-01-24,usd,,,
2018-01-25,usd,,,
2018-01-26,usd,,,
2018-01-29,usd,,,
2018-01-30,usd,,,
2018-01-31,usd,,,
2018-02-01,usd,,,
2018-02-02,usd,,,
2018-02-05,usd,,,
2018-02-06,usd,,,
2018-02-07,usd,,,
2018-02-09,usd,,,
2018-02-12,usd,,,
2018-02-13,usd,,,
2018-02-14,usd,,,
2018-02-15,usd,,,
2018-02-16,usd,,,
2018-02-20,usd,,,
2018-02-21,usd,,,
2018-02-22,usd,,,
2018-02-23,usd,,,
2018-02-26,usd,,,
2018-02-27,usd,,,
2018-02-28,usd,,,
2018-03-01,usd,,,
2018-03-02,usd,,,
2018-03-05,usd,,,
2018-03-06,usd,,,
2018-03-07,usd,,,
2018-03-08,usd,,,
2018-03-09,usd,,,
2018-03-12,usd,,,
2018-03-13,usd,,,
2018-03-14,usd,,,
2018-03-15,usd,,,
2018-03-16,usd,,,
2018-03-19,usd,,,
2018-03-20,usd,,,
2018-03-21,usd,,,
2018-03-22,usd,,,
2018-03-23,usd,,,
2018-03-26,usd,,,
2018-03-27,usd,,,
2018-03-28,usd,,,
2018-03-29,usd,,,
2018-04-02,usd,,,
2018-04-03,usd,,,
2018-04-04,usd,,,
2018-04-05,usd,,,
2018-04-06,usd,,,
2018-04-09,usd,,,
2018-04-10,usd,,,
2018-04-11,usd,,,
2018-04-12,usd,,,
2018-04-13,usd,,,
2018-04-16,usd,,,
2018-04-17,usd,,,
2018-04-18,usd,,,
2018-04-19,usd,,,
2018-04-20,usd,,,
2018-04-23,usd,,,
2018-04-24,usd,,,
2018-04-25,usd,,,
2018-04-26,usd,,,
2018-04-27,usd,,,
2018-04-30,usd,,,
2018-05-01,usd,,,
2018-05-02,usd,,,
2018-05-03,usd,,,
2018-05-04,usd,,,
2018-05-07,usd,,,
2018-05-08,usd,,,
2018-05-09,usd,,-1.2749271637412154,
2018-05-10,usd,,-1.2788763880844451,
2018-05-11,usd,1.2651630862562844,-1.276381546001959,2.541544632258243
2018-05-14,usd,1.275861371303922,-1.2787831383282633,2.554644509632185
2018-05-15,usd,1.0837435184080837,-1.3165097388493032,2.400253257257387
2018-05-16,usd,1.0636959553141963,-1.316851820274585,2.380547775588781
2018-05-17,usd,1.0609704286561488,-1.3165486055379971,2.3775190341941457
2018-05-18,usd,1.06307929014358,-1.3057565784693057,2.3688358686128854
2018-05-21,usd,1.0546161530359466,-1.3055141974200033,2.36013035045595
2018-05-22,usd,1.1219988915634094,-1.2882986041055913,2.410297495669001
2018-05-23,usd,0.8636922400555779,-1.2669371115959593,2.130629351651537
2018-05-24,usd,0.8668564670570807,-1.275166378010225,2.142022845067306
2018-05-25,usd,0.8529929958361436,-1.2763782857289918,2.1293712815651356
2018-05-29,usd,0.854950589424875,-1.2497923703709959,2.104742959795871
2018-05-30,usd,0.9215480449801468,-1.2339761883337106,2.1555242333138573
2018-05-31,usd,0.9707786885166648,-1.2317749610695476,2.2025536495862124
2018-06-01,usd,0.9866382483245857,-1.2246159143985051,2.211254162723091
2018-06-04,usd,0.9861897196906655,-1.2245544261394803,2.210744145830146
2018-06-05,usd,1.0133256194608695,-1.2022228678576885,2.215548487318558
2018-06-06,usd,1.0462055527498029,-1.186645565185748,2.232851117935551
2018-06-07,usd,1.0782258430741465,-1.1814928438377124,2.259718686911859
2018-06-08,usd,1.0768863474895365,-1.1812737677067924,2.258160115196329
2018-06-11,usd,1.082783648828508,-1.1813201522932721,2.26410380112178
2018-06-12,usd,1.0606037945583302,-1.182644148562327,2.2432479431206573
2018-06-13,usd,1.0537420690944845,-1.181961319844753,2.2357033889392373
2018-06-14,usd,1.2255975604191924,-1.1557020298299074,2.3812995902490997
2018-06-15,usd,1.1663157502550316,-1.1872528607467785,2.35356861100181
2018-06-18,usd,1.181964502688672,-1.1875859729563312,2.369550475645003
2018-06-19,usd,1.1848932181019587,-1.18843335199251,2.373326570094469
2018-06-20,usd,1.1836454983226739,-1.1822125808703812,2.365858079193055
2018-06-21,usd,1.1784129825846597,-1.1825118337762743,2.360924816360934
2018-06-22,usd,1.3233732708574635,-1.180961334773143,2.504334605630606
2018-06-25,usd,1.3214637734623327,-1.1802249229669663,2.501688696429299
2018-06-26,usd,1.3215345824055003,-1.1802747643513682,2.5018093467568683
2018-06-27,usd,1.2856178436587715,-1.1788924228500697,2.4645102665088414
2018-06-28,usd,1.289409528463192,-1.177422091673158,2.46683162013635
2018-06-29,usd,1.3848022558327122,-1.1695959258215403,2.5543981816542525
2018-07-02,usd,1.887349862253342,-1.1730456084389858,3.0603954706923275
2018-07-03,usd,1.8593909321950675,-1.1789329661508525,3.03832389834592
2018-07-05,usd,1.8731054013329755,-1.1784721351753582,3.0515775365083337
2018-07-06,usd,1.8494094582347218,-1.1696807202427622,3.0190901784774837
2018-07-09,usd,1.8479641879564133,-1.1698117308699465,3.0177759188263598
2018-07-10,usd,1.8677543675434083,-1.1688903882408,3.0366447557842084
2018-07-11,usd,1.853482638016753,-1.1796321185896081,3.033114756606361
2018-07-12,usd,1.8661951971619282,-1.1811548762943207,3.047350073456249
2018-07-13,usd,1.8589675480152834,-1.183008882271675,3.0419764302869585
2018-07-16,usd,1.7608236269679072,-1.1796403713402257,2.940463998308133
2018-07-17,usd,1.8786732874518015,-1.1907371596215746,3.069410447073376
2018-07-18,usd,1.8868721853293817,-1.1888089031803837,3.075681088509765
2018-07-19,usd,1.8733492425798526,-1.1825676189190877,3.0559168614989405
2018-07-20,usd,1.8873274996553853,-1.1826164167405955,3.0699439163959807
2018-07-23,usd,1.9082147174524946,-1.1841930250724313,3.0924077425249257
2018-07-24,usd,1.8342680408974306,-1.1821177811465333,3.016385822043964
2018-07-25,usd,1.8480526123496694,-1.1857974398873938,3.0338500522370633
2018-07-26,usd,1.8471731404364353,-1.1852346226738013,3.0324077631102364
2018-07-27,usd,1.8502144526310818,-1.184970971620676,3.0351854242517575
2018-07-30,usd,1.8616857917541496,-1.1812115759219282,3.042897367676078
2018-07-31,usd,1.833982434350835,-1.1788049070713407,3.0127873414221757
2018-08-01,usd,1.8138830916070072,-1.1827562076342124,2.9966392992412194
2018-08-02,usd,1.8011224591738701,-1.1857202747967266,2.9868427339705965
2018-08-03,usd,1.817623901379141,-1.1872913884657046,3.0049152898448455
2018-08-06,usd,1.7540065499308468,-1.1899309299738197,2.9439374799046663
2018-08-07,usd,1.7385087277835711,-1.1896263092830288,2.9281350370665997
2018-08-08,usd,1.6633241803981629,-1.1862566867358153,2.8495808671339784
2018-08-09,usd,1.680471742540642,-1.1850308862156373,2.8655026287562793
2018-08-10,usd,1.5778768718795344,-1.1473802358334377,2.725257107712972
2018-08-13,usd,1.4967801765399926,-1.169944408310193,2.6667245848501855
2018-08-14,usd,1.5201535854560175,-1.1691384633214326,2.68929204877745
2018-08-15,usd,1.6019618870531347,-1.1931818616534429,2.7951437487065776
2018-08-16,usd,1.5712277634470553,-1.179623145449159,2.750850908896214
2018-08-17,usd,1.5635887438182885,-1.1841066651504015,2.7476954089686902
2018-08-20,usd,1.568569017942328,-1.186909660897611,2.755478678839939
2018-08-21,usd,1.5591527218562184,-1.1825319319269365,2.741684653783155
2018-08-22,usd,1.5319937354234268,-1.184527064897573,2.7165208003209997
2018-08-23,usd,1.4797233177115188,-1.192302984350076,2.672026302061595
2018-08-24,usd,1.4046547814618187,-1.21766204016853,2.6223168216303487
2018-08-27,usd,1.3813615939270516,-1.2175309315585063,2.598892525485558
2018-08-28,usd,1.398745282571516,-1.2204155246188457,2.6191608071903616
2018-08-29,usd,1.4333804431283492,-1.2122264169881214,2.6456068601164704
2018-08-30,usd,1.3713655755338965,-1.2013417419258277,2.572707317459724
2018-08-31,usd,1.4162992300003514,-1.2020611811133541,2.6183604111137058
2018-09-04,usd,1.5053933736295473,-1.2033124252740066,2.708705798903554
2018-09-05,usd,1.5486343843683532,-1.2018267424779916,2.7504611268463446
2018-09-06,usd,1.626716275566085,-1.2044761247267084,2.8311924002927933
2018-09-07,usd,1.5585432677927893,-1.194971934514976,2.7535152023077654
2018-09-10,usd,1.5679951588623524,-1.1833458546429625,2.751341013505315
2018-09-11,usd,1.4950576632869546,-1.1847667061488412,2.6798243694357957
2018-09-12,usd,1.4796362979007887,-1.1778844904345782,2.6575207883353666
2018-09-13,usd,1.454967079643102,-1.1727084626481832,2.627675542291285
2018-09-14,usd,1.5676192345697328,-1.1699590027894826,2.7375782373592155
2018-09-17,usd,1.5564930598069004,-1.1715992248801284,2.728092284687029
2018-09-18,usd,1.6932572144808014,-1.1813379837798335,2.874595198260635
2018-09-19,usd,1.5952713870576134,-1.175232231259201,2.7705036183168144
2018-09-20,usd,1.5895219072745237,-1.176321346221415,2.7658432534959387
2018-09-21,usd,1.605620223699465,-1.184913523623797,2.790533747323262
2018-09-24,usd,1.8304665651281586,-1.1803749213206243,3.0108414864487827
2018-09-25,usd,1.7942444598172766,-1.1751789891356,2.9694234489528766
2018-09-26,usd,1.5818253208578854,-1.2167242309116963,2.7985495517695815
2018-09-27,usd,1.6370937913798784,-1.2116742946175605,2.848768085997439
2018-09-28,usd,1.5535891131569164,-1.2077566652944574,2.761345778451374
2018-10-01,usd,1.5640712499588565,-1.2106022470277449,2.774673496986601
2018-10-02,usd,1.563675829280637,-1.2124497016026294,2.7761255308832666
2018-10-03,usd,1.474138824922855,-1.2093501533506055,2.6834889782734606
2018-10-04,usd,1.4929418316048422,-1.1953015428128524,2.6882433744176946
2018-10-05,usd,1.4872028051850432,-1.1953869301024522,2.6825897352874954
2018-10-08,usd,1.4342390432925591,-1.1923600276361364,2.6265990709286955
2018-10-09,usd,1.4374147267256392,-1.197756925410036,2.635171652135675
2018-10-10,usd,1.4443714914734758,-1.197876324556684,2.6422478160301597
2018-10-11,usd,1.5544908161551805,-1.2254552715168898,2.7799460876720703
2018-10-12,usd,1.5530665522953702,-1.2240825079500557,2.777149060245426
2018-10-15,usd,1.4518548058371814,-1.2289638272245051,2.6808186330616866
2018-10-16,usd,1.4640985724741529,-1.2247292833735386,2.6888278558476912
2018-10-17,usd,1.4224431850979184,-1.2167043969270501,2.6391475820249686
2018-10-18,usd,1.4036585699994284,-1.190468576219666,2.5941271462190945
2018-10-19,usd,1.3635647823629615,-1.195680613965251,2.5592453963282127
2018-10-22,usd,1.4150611284611703,-1.1907238388291606,2.605784967290331
2018-10-23,usd,1.233854718350998,-1.1911498456508571,2.4250045640018554
2018-10-24,usd,1.2556791669081242,-1.1898277534711252,2.445506920379249
2018-10-25,usd,1.2895792222605518,-1.188828807066283,2.4784080293268347
2018-10-26,usd,1.2885497389997487,-1.1891482688010022,2.477698007800751
2018-10-29,usd,1.1778788438215455,-1.1823093417239092,2.3601881855454545
2018-10-30,usd,1.2016770624737083,-1.2061514967632674,2.4078285592369757
2018-10-31,usd,1.2740168173816557,-1.2101198367881028,2.4841366541697587
2018-11-01,usd,1.266399634756187,-1.229573657947509,2.495973292703696
2018-11-02,usd,1.2603272915178065,-1.2269796289820663,2.487306920499873
2018-11-05,usd,1.3263076852477524,-1.2296882430019598,2.555995928249712
2018-11-06,usd,1.2591800613815631,-1.2261531958569012,2.485333257238464
2018-11-07,usd,1.2112725881957667,-1.2151775055620506,2.4264500937578175
2018-11-08,usd,1.1948794876949302,-1.2106889019873928,2.405568389682323
2018-11-09,usd,1.1324862311358705,-1.2185492202376016,2.3510354513734724
2018-11-12,usd,1.1481185181005409,-1.2162623225239817,2.3643808406245226
2018-11-13,usd,1.1408712075063838,-1.2150973207799298,2.3559685282863136
2018-11-14,usd,1.2226504005109335,-1.2237450773593082,2.446395477870242
2018-11-15,usd,1.2810290490924021,-1.2248743591398592,2.5059034082322613
2018-11-16,usd,1.2896618059045237,-1.2302731154793582,2.519934921383882
2018-11-19,usd,1.3450428237823848,-1.2327120575478967,2.5777548813302813
2018-11-20,usd,1.236444538399157,-1.2191850377445876,2.4556295761437443
2018-11-21,usd,1.1528994906593242,-1.2089054053304047,2.361804895989729
2018-11-23,usd,1.0790547339722054,-1.2058887899544681,2.2849435239266738
2018-11-26,usd,1.0202762807786057,-1.1967099925896585,2.2169862733682644
2018-11-27,usd,1.0400187067468074,-1.2211092388180225,2.26112794556483
2018-11-28,usd,0.9410183882925817,-1.2237649528153545,2.164783341107936
2018-11-29,usd,0.9675227188352638,-1.215271536206891,2.182794255042155
2018-11-30,usd,0.9272062822072107,-1.2147267419565484,2.141933024163759
2018-12-03,usd,0.9714753421295111,-1.2162607607445235,2.1877361028740347
2018-12-04,usd,1.1877244013511654,-1.213384068869134,2.4011084702202994
2018-12-06,usd,1.0256992178720263,-1.2061383955154714,2.2318376133874978
2018-12-07,usd,1.1346100561404622,-1.2106851803654792,2.345295236505941
2018-12-10,usd,1.0030072473115952,-1.2078202883546765,2.2108275356662714
2018-12-11,usd,0.9161063301239805,-1.2014963696835657,2.117602699807546
2018-12-12,usd,0.8555272468869276,-1.1951169628746754,2.050644209761603
2018-12-13,usd,0.9273459713860585,-1.1994149880854248,2.126760959471483
2018-12-14,usd,0.9740497290982475,-1.209927193709834,2.1839769228080814
2018-12-17,usd,0.7544057373149312,-1.208150242064093,1.9625559793790242
2018-12-18,usd,0.8051839972101619,-1.2122498000664037,2.0174337972765657
2018-12-19,usd,0.6970648226211485,-1.1979193326145174,1.894984155235666
2018-12-20,usd,0.7416625105820582,-1.199820630269452,1.9414831408515103
2018-12-21,usd,0.7853254725665378,-1.2041538085357177,1.9894792811022555
2018-12-24,usd,0.7481655641232043,-1.2060132733143112,1.9541788374375155
2018-12-26,usd,0.7978455936624528,-1.204090436392529,2.0019360300549818
2018-12-27,usd,0.8631798863783261,-1.2141535587923393,2.0773334451706655
2018-12-28,usd,0.8334156534968843,-1.2122238987399743,2.0456395522368584
2018-12-31,usd,0.8281690373290931,-1.2107289790292628,2.038898016358356
2019-01-02,usd,0.7662414517913635,-1.2068950783665218,1.9731365301578854
2019-01-03,usd,0.8838801880148535,-1.2114626235738957,2.095342811588749
2019-01-04,usd,0.9487246283236416,-1.169897840654116,2.1186224689777577
2019-01-07,usd,0.8335475329542041,-1.168144850504072,2.001692383458276
2019-01-08,usd,0.8333558726355893,-1.1660754256588288,1.999431298294418
2019-01-09,usd,0.886134813763182,-1.1684694415368335,2.0546042553000157
2019-01-10,usd,1.0225258273812077,-1.1672711651297816,2.1897969925109892
2019-01-11,usd,1.0306407264322512,-1.1658873928338889,2.19652811926614
2019-01-14,usd,1.0169966813414677,-1.1667331044886877,2.183729785830155
2019-01-15,usd,0.9424144444095086,-1.1640695296970722,2.106483974106581
2019-01-16,usd,1.045421147700558,-1.1498842644790082,2.1953054121795663
2019-01-17,usd,0.3835509763386263,-1.1604445850014775,1.5439955613401037
2019-01-18,usd,0.4060472344163781,-1.1729425918451926,1.5789898262615707
2019-01-22,usd,0.43707711690263773,-1.170583336773308,1.6076604536759458
2019-01-23,usd,0.43493340824981536,-1.165790984428553,1.6007243926783683
2019-01-24,usd,0.48749276904902084,-1.1680436745798146,1.6555364436288356
2019-01-25,usd,0.5210594488633394,-1.1875097122952651,1.7085691611586045
2019-01-28,usd,0.5913710495339215,-1.179209045429537,1.7705800949634585
2019-01-29,usd,0.6301027690727661,-1.2177398687970926,1.8478426378698587
2019-01-30,usd,0.6437662560158061,-1.2192920090959212,1.8630582651117273
2019-01-31,usd,0.5785187245379065,-1.2046320383830107,1.7831507629209171
2019-02-01,usd,0.5736601656702973,-1.2053023371223686,1.7789625027926659
2019-02-04,usd,0.5864939575820565,-1.2020607885732557,1.7885547461553122
2019-02-05,usd,0.4797887584822918,-1.199581350919599,1.6793701094018907
2019-02-06,usd,0.7029952481368084,-1.1848468335152926,1.887842081652101
2019-02-07,usd,0.8714765890803443,-1.1856858673745077,2.057162456454852
2019-02-08,usd,0.8536182918538625,-1.1780572279333812,2.031675519787244
2019-02-11,usd,0.7724989149198175,-1.175128372387268,1.9476272873070855
2019-02-12,usd,0.7598992443504344,-1.1741434039421905,1.934042648292625
2019-02-13,usd,0.802607384212625,-1.173300940311194,1.975908324523819
2019-02-14,usd,0.7839748997970009,-1.16579155767489,1.949766457471891
2019-02-15,usd,0.8864853375490134,-1.148202620131449,2.0346879576804624
2019-02-19,usd,0.909709011574253,-1.1801925358189387,2.0899015473931914
2019-02-20,usd,0.9090770421362206,-1.1796211791608429,2.0886982212970633
2019-02-21,usd,0.4829230272317561,-1.154619601927968,1.6375426291597242
2019-02-22,usd,0.5927694468993859,-1.1533861301150197,1.7461555770144055
2019-02-25,usd,0.6070430323283188,-1.151026554293237,1.7580695866215557
2019-02-26,usd,0.6024428703287037,-1.154900273489613,1.7573431438183167
2019-02-27,usd,0.600387637836628,-1.1532637780238375,1.7536514158604655
2019-02-28,usd,0.5393487569764278,-1.1437880561133558,1.6831368130897837
2019-03-01,usd,0.5481935932152403,-1.1648098204707538,1.713003413685994
2019-03-04,usd,0.5086413254245846,-1.165036126808413,1.6736774522329978
2019-03-05,usd,0.5248277111345383,-1.163529905860833,1.6883576169953713
2019-03-06,usd,0.5809827934267903,-1.1666757638403658,1.747658557267156
2019-03-07,usd,0.37507115413326336,-1.1441188706480008,1.5191900247812642
2019-03-08,usd,0.4776279769357327,-1.1465942749695153,1.624222251905248
2019-03-11,usd,0.5107613751742891,-1.143648481511213,1.654409856685502
2019-03-12,usd,0.4162630093309363,-1.1529354724126653,1.5691984817436015
2019-03-13,usd,0.4148756794406175,-1.1579323092357539,1.5728079886763713
2019-03-14,usd,0.43756029662864626,-1.1597747518750205,1.5973350485036668
2019-03-15,usd,0.45849243661484756,-1.162489512775097,1.6209819493899444
2019-03-18,usd,0.45811585265153726,-1.1571202117517263,1.6152360644032635
2019-03-19,usd,0.40503323061342617,-1.1574876007222317,1.5625208313356578
2019-03-20,usd,0.3923730004895191,-1.1596626749786687,1.5520356754681879
2019-03-21,usd,0.34098922276415405,-1.1573951395687476,1.4983843623329016
2019-03-22,usd,0.3547111942095209,-1.1387936892638322,1.493504883473353
2019-03-25,usd,0.31313594653445953,-1.1696044553103575,1.4827404018448171
2019-03-26,usd,0.32546962531910145,-1.1589740836827276,1.484443709001829
2019-03-27,usd,0.13206596571681972,-1.1633078107531492,1.2953737764699689
2019-03-28,usd,0.13416405003099524,-1.1665706790988506,1.300734729129846
2019-03-29,usd,0.1185416168582246,-1.1543018198821338,1.2728434367403583
2019-04-01,usd,0.12364033069998377,-1.1481045541956616,1.2717448848956454
2019-04-02,usd,0.22054276376323176,-1.1449430865740011,1.365485850337233
2019-04-03,usd,0.12079734165087565,-1.14165921272547,1.2624565543763457
2019-04-04,usd,0.08147753297508142,-1.1371574616532314,1.2186349946283128
2019-04-05,usd,0.08118433818973193,-1.1356371209594112,1.216821459149143
2019-04-08,usd,0.03285242956969892,-1.138448135446148,1.171300565015847
2019-04-09,usd,0.04398266200566721,-1.1407186041698418,1.184701266175509
2019-04-10,usd,0.04474571953320269,-1.1414626128852725,1.1862083324184751
2019-04-11,usd,0.011552019568465138,-1.143553500864303,1.155105520432768
2019-04-12,usd,-0.06264555652871805,-1.1310999012270397,1.0684543446983217
2019-04-15,usd,-0.04356227993975234,-1.1290718220150073,1.085509542075255
2019-04-16,usd,-0.033885386633878356,-1.1347146428179162,1.1008292561840378
2019-04-17,usd,-0.04777104932649423,-1.131367717112774,1.0835966677862798
2019-04-18,usd,-0.046302835220706065,-1.1297745370227985,1.0834717018020925
2019-04-22,usd,-0.07806311178808513,-1.1340410095506988,1.0559778977626135
2019-04-23,usd,-0.11663119176752064,-1.1287710886187037,1.012139896851183
2019-04-24,usd,-0.2987855026538997,-1.121855288416574,0.8230697857626743
2019-04-25,usd,-0.21702521978266015,-1.1126418197588956,0.8956165999762356
2019-04-26,usd,-0.02715436666434943,-1.1157111796430175,1.088556812978668
2019-04-29,usd,-0.027490121251984568,-1.1161926091532097,1.0887024879012253
2019-04-30,usd,-0.012577746785370034,-1.114950137063647,1.102372390278277
2019-05-01,usd,-0.059947124666309005,-1.0943245150860927,1.0343773904197837
2019-05-02,usd,0.08165593925369723,-1.0847569981025809,1.1664129373562782
2019-05-03,usd,-0.025669577275336204,-1.096397599103889,1.0707280218285529
2019-05-06,usd,-0.02161727440123816,-1.095272604438766,1.0736553300375278
2019-05-07,usd,0.0025184590602980107,-1.0905568342315957,1.0930752932918937
2019-05-08,usd,0.0337489228867284,-1.093695596648512,1.1274445195352405
2019-05-09,usd,0.12241938481419085,-1.0974585571725244,1.2198779419867152
2019-05-10,usd,0.05638212121631808,-1.0996587113755496,1.1560408325918676
2019-05-13,usd,0.35675940991249067,-1.0709583625034276,1.4277177724159182
2019-05-14,usd,0.3174826641886447,-1.07295796472954,1.3904406289181845
2019-05-15,usd,0.2799742094004134,-1.0706159337350183,1.3505901431354317
2019-05-16,usd,0.34924373420465726,-1.0398349864961727,1.38907872070083
2019-05-17,usd,0.173670403889464,-1.046383067871279,1.2200534717607432
2019-05-20,usd,0.10567585418530859,-1.0454114725912163,1.151087326776525
2019-05-21,usd,0.08839284955179504,-1.0513176713082981,1.139710520860093
2019-05-22,usd,0.09904922485601406,-1.0509915316152103,1.1500407564712243
2019-05-23,usd,0.04527257247782685,-1.0636653747826277,1.1089379472604546
2019-05-24,usd,0.2016942562500033,-1.0775600849786442,1.2792543412286475
2019-05-28,usd,0.2866162303266916,-1.072008708160868,1.3586249384875595
2019-05-29,usd,0.29291149084781704,-1.0684957194186535,1.3614072102664705
2019-05-30,usd,0.28165609145756487,-1.0916543179198661,1.373310409377431
2019-05-31,usd,0.18550355019202636,-1.0774779406695356,1.262981490861562
2019-06-03,usd,0.1172475428522048,-1.0949189185153094,1.2121664613675143
2019-06-04,usd,0.3462914279131854,-1.0941014751102518,1.4403929030234373
2019-06-05,usd,0.3385369308697287,-1.094916066145593,1.4334529970153218
2019-06-06,usd,0.31275106975254346,-1.1139219885215028,1.4266730582740463
2019-06-07,usd,0.21971766882756788,-1.1316617938454143,1.3513794626729823
2019-06-10,usd,0.18134956800331908,-1.119175713477817,1.300525281481136
2019-06-11,usd,0.18916927714945378,-1.1175111705453262,1.30668044769478
2019-06-12,usd,0.1904864429531862,-1.1161094499223783,1.3065958928755645
2019-06-13,usd,0.2206895980951839,-1.107749027569941,1.328438625665125
2019-06-14,usd,0.25099140761292543,-1.1053725235104843,1.3563639311234097
2019-06-17,usd,0.10130343725241182,-1.1286728880304475,1.2299763252828593
2019-06-18,usd,0.1590028975013805,-1.0995441729225803,1.2585470704239607
2019-06-19,usd,0.13865297371700444,-1.101621925561055,1.2402748992780595
2019-06-20,usd,-0.06461927376928665,-1.1779799932831139,1.1133607195138273
2019-06-21,usd,-0.059364119147725776,-1.1827154296723768,1.1233513105246509
2019-06-24,usd,-0.15123712147425847,-1.1941968421994469,1.0429597207251884
2019-06-25,usd,-0.2929587441487569,-1.196476546168433,0.9035178020196761
2019-06-26,usd,-0.3757387369343788,-1.1926208132222296,0.8168820762878508
2019-06-27,usd,-0.49768461417646503,-1.192504713342443,0.6948200991659779
2019-06-28,usd,-0.5389099500955032,-1.1932758328816755,0.6543658827861722
2019-07-01,usd,-0.6810950910122191,-1.2082006784561325,0.5271055874439134
2019-07-02,usd,-0.7849065440634092,-1.2065722819974105,0.4216657379340013
2019-07-03,usd,-1.417521138643689,-1.2016954401968374,-0.21582569844685162
2019-07-05,usd,-1.5185037675762942,-1.2131916295050358,-0.30531213807125845
2019-07-08,usd,-1.6070578766384767,-1.2105812796588866,-0.39647659697959003
2019-07-09,usd,-1.5941832344537823,-1.220611081799689,-0.3735721526540934
2019-07-10,usd,-1.5879591233536483,-1.2225629909011166,-0.36539613245253166
2019-07-11,usd,-1.536977583030751,-1.2060970824237547,-0.33088050060699636
2019-07-12,usd,-1.5308181228246744,-1.1946395346372463,-0.3361785881874282
2019-07-15,usd,-1.5081099383897325,-1.192410591874244,-0.3156993465154885
2019-07-16,usd,-1.7184922180410942,-1.1998056123234853,-0.5186866057176089
2019-07-17,usd,-1.6163957238713111,-1.2162386491492418,-0.4001570747220693
2019-07-18,usd,-1.783545548574612,-1.202701106984434,-0.5808444415901779
2019-07-19,usd,-1.7997982992183827,-1.2032949482387583,-0.5965033509796245
2019-07-22,usd,-1.8730618283155953,-1.2084579391187307,-0.6646038891968646
2019-07-23,usd,-1.965809485402366,-1.2172960804463926,-0.7485134049559734
2019-07-24,usd,-1.9776053871515995,-1.216200970064639,-0.7614044170869605
2019-07-25,usd,-1.8884719877958247,-1.2220152659856391,-0.6664567218101856
2019-07-26,usd,-1.918663086956267,-1.2135161803116894,-0.7051469066445777
2019-07-29,usd,-1.9249790362063663,-1.2130049481636838,-0.7119740880426826
2019-07-30,usd,-1.928960306724116,-1.21358001574989,-0.715380290974226
2019-07-31,usd,-1.9821819171254174,-1.2069273126358686,-0.7752546044895487
2019-08-01,usd,-1.8260245548864225,-1.115543411048758,-0.7104811438376644
2019-08-02,usd,-1.7933289667299601,-1.112028029095463,-0.6813009376344972
2019-08-05,usd,-1.5107465495127965,-1.0676773859390432,-0.44306916357375337
2019-08-06,usd,-1.5393499067542702,-1.0620592231684465,-0.4772906835858237
2019-08-07,usd,-1.4607123206421244,-1.048589786656252,-0.4121225339858725
2019-08-08,usd,-1.4104957425730953,-1.0525849865511283,-0.357910756021967
2019-08-09,usd,-1.3201358046525367,-1.0544836902228178,-0.2656521144297188
2019-08-12,usd,-1.407309067383274,-1.0336833904998404,-0.3736256768834336
2019-08-13,usd,-1.3866572077631985,-1.07219101919826,-0.31446618856493846
2019-08-14,usd,-1.4760198203325714,-1.0136411519464215,-0.46237866838614994
2019-08-15,usd,-1.5189217726048447,-1.0107118927652157,-0.5082098798396291
2019-08-16,usd,-1.7080764605858556,-0.9599554167366601,-0.7481210438491955
2019-08-19,usd,-1.6698509791263554,-1.000495441916253,-0.6693555372101023
2019-08-20,usd,-1.6629016727123898,-0.9960126561852224,-0.6668890165271674
2019-08-21,usd,-1.5917621578248249,-0.9852227275686614,-0.6065394302561635
2019-08-22,usd,-1.6193037707496978,-0.9951686615265837,-0.6241351092231141
2019-08-23,usd,-1.6352454125427938,-1.0040098838746399,-0.6312355286681539
2019-08-26,usd,-1.6475224579883496,-0.9801057571000837,-0.6674167008882659
2019-08-27,usd,-1.5776110945241095,-0.9344610035088924,-0.6431500910152171
2019-08-28,usd,-1.5845024491822746,-0.936612004697441,-0.6478904444848336
2019-08-29,usd,-1.6220404600209664,-0.940965597193291,-0.6810748628276754
2019-08-30,usd,-1.5996614546935377,-0.9541603192415543,-0.6455011354519834
2019-09-03,usd,-1.4341179072340307,-0.9346416892853566,-0.49947621794867403
2019-09-04,usd,-1.4536626449581544,-0.9339607735195354,-0.519701871438619
2019-09-05,usd,-1.6177655912646411,-0.8909063094907873,-0.7268592817738538
2019-09-06,usd,-1.6196862794848303,-0.8604424799461755,-0.7592437995386548
2019-09-09,usd,-1.6666879618820296,-0.8575290781012106,-0.809158883780819
2019-09-10,usd,-1.6760729838889252,-0.8608543768740974,-0.8152186070148278
2019-09-11,usd,-1.6552799065790242,-0.8507028815093579,-0.8045770250696663
2019-09-12,usd,-1.6978049665638397,-0.8432124250021673,-0.8545925415616724
2019-09-13,usd,-1.698868384208978,-0.8249975230147212,-0.8738708611942568
2019-09-16,usd,-1.6793222509927481,-0.8236218676549214,-0.8557003833378267
2019-09-17,usd,-1.6942747477440858,-0.8182145438062585,-0.8760602039378274
2019-09-18,usd,-1.7431444923713102,-0.813797165655022,-0.9293473267162882
2019-09-19,usd,-1.7480622726999355,-0.8149824759312015,-0.933079796768734
2019-09-20,usd,-1.7318715486994756,-0.8068082675933915,-0.925063281106084
2019-09-23,usd,-1.759654819265902,-0.8015919411481399,-0.9580628781177621
2019-09-24,usd,-1.659471330569522,-0.8040609443722173,-0.8554103861973046
2019-09-25,usd,-1.6491486145282392,-0.8502185274189007,-0.7989300871093385
2019-09-26,usd,-1.6137951496862588,-0.8529072521010828,-0.760887897585176
2019-09-27,usd,-1.6034935383618416,-0.8548639597590673,-0.7486295786027743
2019-09-30,usd,-1.6139555949307995,-0.8605465969867956,-0.753408997944004
2019-10-01,usd,-1.6156993914877134,-0.855425279045103,-0.7602741124426103
2019-10-02,usd,-1.615342119332505,-0.8560810933707126,-0.7592610259617925
2019-10-03,usd,-1.5733806504434258,-0.8631005996722201,-0.7102800507712057
2019-10-04,usd,-1.5567391631928804,-0.8561600046912823,-0.7005791585015981
2019-10-07,usd,-1.6538113114249562,-0.8696077514998468,-0.7842035599251094
2019-10-08,usd,-1.663427214714027,-0.8579352777656386,-0.8054919369483884
2019-10-09,usd,-1.6845991148481325,-0.8587392358916742,-0.8258598789564583
2019-10-10,usd,-1.6541668003467114,-0.8236017918000986,-0.8305650085466127
2019-10-11,usd,-1.5552215850514293,-0.7931055477775798,-0.7621160372738495
2019-10-14,usd,-1.6343089563037094,-0.7604584350740244,-0.873850521229685
2019-10-15,usd,-1.6310227340406616,-0.7611743375948182,-0.8698483964458433
2019-10-16,usd,-1.459700442206542,-0.7573032294787427,-0.7023972127277993
2019-10-17,usd,-1.4829010484328533,-0.756217148988377,-0.7266838994444763
2019-10-18,usd,-1.4691530606980272,-0.7554803797533988,-0.7136726809446284
2019-10-21,usd,-1.468999360449865,-0.7715165254492795,-0.6974828350005855
2019-10-22,usd,-1.4642049534517119,-0.7723489672286455,-0.6918559862230663
2019-10-23,usd,-1.5160916347367293,-0.7686604762520267,-0.7474311584847025
2019-10-24,usd,-1.5164770483520114,-0.7650206669988381,-0.7514563813531733
2019-10-25,usd,-1.5727126589100149,-0.7696829700997173,-0.8030296888102976
2019-10-28,usd,-1.6032185227854923,-0.7640865271280377,-0.8391319956574546
2019-10-29,usd,-1.5971856970679283,-0.7627081708947753,-0.8344775261731531
2019-10-30,usd,-1.5169150266437188,-0.7494684775539445,-0.7674465490897743
2019-10-31,usd,-1.515646929962628,-0.7555940909883091,-0.760052838974319
2019-11-01,usd,-1.5232613415512384,-0.7448001785723991,-0.7784611629788393
2019-11-04,usd,-1.5365685914792986,-0.7107193057274613,-0.8258492857518372
2019-11-05,usd,-1.5464630078692547,-0.7419859970538399,-0.8044770108154148
2019-11-06,usd,-1.5469705268308065,-0.7411962816700235,-0.805774245160783
2019-11-07,usd,-1.5464746459190601,-0.7475835952653107,-0.7988910506537494
2019-11-08,usd,-1.5957067157806606,-0.7630910654754031,-0.8326156503052575
2019-11-11,usd,-1.5714147554830362,-0.7623357037221952,-0.809079051760841
2019-11-12,usd,-1.553078133120916,-0.7145087925980914,-0.8385693405228246
2019-11-13,usd,-1.5553940494062704,-0.7053006770356954,-0.8500933723705749
2019-11-14,usd,-1.5610299763287219,-0.7072796254116851,-0.8537503509170368
2019-11-15,usd,-1.6416066883007845,-0.6840092531905972,-0.9575974351101872
2019-11-18,usd,-1.6435247041868255,-0.6852645974039309,-0.9582601067828946
2019-11-19,usd,-1.6902577754280337,-0.6703489631084919,-1.019908812319542
2019-11-20,usd,-1.6385948474916205,-0.6672775965866101,-0.9713172509050104
2019-11-21,usd,-1.3902536584884768,-0.664193648761295,-0.7260600097271818
2019-11-22,usd,-1.4286383057463699,-0.6661441766640872,-0.7624941290822826
2019-11-25,usd,-1.3169416327804273,-0.6717144098040385,-0.6452272229763888
2019-11-26,usd,-1.159556220145326,-0.6693134890728902,-0.49024273107243577
2019-11-27,usd,-1.159392043764746,-0.6616176406575044,-0.49777440310724164
2019-11-29,usd,-1.0969462163280572,-0.6605824576549755,-0.43636375867308175
2019-12-02,usd,-1.1923073156777368,-0.6641339350075451,-0.5281733806701917
2019-12-03,usd,-1.1014078088964563,-0.6671895126543151,-0.43421829624214114
2019-12-04,usd,-1.235974700516547,-0.6460621204032657,-0.5899125801132812
2019-12-05,usd,-1.2859109533120452,-0.6460106412136764,-0.6399003120983688
2019-12-06,usd,-1.0877314962932085,-0.6636531434785506,-0.4240783528146579
2019-12-09,usd,-1.3066452720741522,-0.645504403731102,-0.6611408683430502
2019-12-10,usd,-1.3996739837108114,-0.6425631589303794,-0.757110824780432
2019-12-11,usd,-1.3835451046323943,-0.6465177951079228,-0.7370273095244715
2019-12-12,usd,-1.3467797411304685,-0.640059547184807,-0.7067201939456615
2019-12-13,usd,-1.2667359195293963,-0.6414634574700163,-0.62527246205938
2019-12-16,usd,-1.1113099842262775,-0.6312055844801411,-0.4801043997461364
2019-12-17,usd,-0.8364505316547015,-0.6185723992922673,-0.21787813236243425
2019-12-18,usd,-0.7694428089766377,-0.6180749285103649,-0.1513678804662728
2019-12-19,usd,-0.6119823298289941,-0.6445493625460079,0.03256703271701378
2019-12-20,usd,-0.5890118989214195,-0.6367828066846092,0.04777090776318971
2019-12-23,usd,-0.5386039132264087,-0.6287031851469128,0.09009927192050415
2019-12-24,usd,-0.5373549305359957,-0.6283236120331323,0.09096868149713655
2019-12-26,usd,-0.6115413482971368,-0.6412644330396048,0.029723084742467987
2019-12-27,usd,-0.6331148273136871,-0.6229748353180271,-0.010139991995659958
2019-12-30,usd,-0.4680089539810602,-0.6186191821997484,0.15061022821868825
2019-12-31,usd,-0.49262367243863786,-0.6176621588708373,0.12503848643219945
2020-01-02,usd,-0.6618270315065363,-0.5974053254265697,-0.06442170607996667
2020-01-03,usd,-0.7142884161363702,-0.5780383824161407,-0.13625003372022948
2020-01-06,usd,-0.765509629117477,-0.6280737713004754,-0.13743585781700163
2020-01-07,usd,-0.45487484547703355,-0.6194846069857908,0.16460976150875722
2020-01-08,usd,-0.44742133123862005,-0.6144272905670165,0.16700595932839646
2020-01-09,usd,-0.5004019001640126,-0.6060439423391347,0.10564204217512208
2020-01-10,usd,-0.6363734612912428,-0.6191417626293335,-0.017231698661909323
2020-01-13,usd,-0.6381652098008346,-0.6161472521184369,-0.02201795768239767
2020-01-14,usd,-0.645917233947206,-0.6158688281808091,-0.03004840576639689
2020-01-15,usd,-0.5748100383765471,-0.6167836506194279,0.041973612242880765
2020-01-16,usd,-0.5650083553631836,-0.615022051039034,0.050013695675850345
2020-01-17,usd,-0.5722210202128919,-0.6127384734340562,0.04051745322116429
2020-01-21,usd,-0.5873344150676009,-0.5995937037589636,0.012259288691362724
2020-01-22,usd,-0.5812112904238288,-0.6065866206719581,0.025375330248129324
2020-01-23,usd,-0.7217606372282692,-0.602261866548512,-0.11949877067975723
2020-01-24,usd,-0.7242774845512845,-0.6016390970666525,-0.12263838748463196
2020-01-27,usd,-0.6595195972470523,-0.5240998598585884,-0.1354197373884639
2020-01-28,usd,-0.6526702053968642,-0.5168450351297452,-0.13582517026711893
2020-01-29,usd,-0.6643169189585203,-0.5166645140493565,-0.14765240490916376
2020-01-30,usd,-0.6518749704618841,-0.5188560156857575,-0.13301895477612669
2020-01-31,usd,-0.6739287417130825,-0.5363521632823318,-0.13757657843075066
2020-02-03,usd,-0.6920951646239202,-0.5526201947186009,-0.13947496990531927
2020-02-04,usd,-0.6514885195761415,-0.5199683628140105,-0.13152015676213102
2020-02-05,usd,-0.6148549006030214,-0.5234436298630049,-0.09141127074001654
2020-02-06,usd,-0.5686327057309053,-0.504941218338002,-0.06369148739290331
2020-02-07,usd,-0.5851983029815068,-0.4983880176671834,-0.08681028531432339
2020-02-10,usd,-0.6204240103008832,-0.4991900841210339,-0.12123392617984935
2020-02-11,usd,-0.6578398227674062,-0.47115176728933506,-0.1866880554780711
2020-02-12,usd,-0.6810086905909384,-0.46918140792820906,-0.21182728266272932
2020-02-13,usd,-0.6692162296242731,-0.4552945926285873,-0.21392163699568578
2020-02-14,usd,-0.6610755029654453,-0.46308328855165026,-0.197992214413795
2020-02-18,usd,-0.7036323360324048,-0.43589862001382446,-0.26773371601858037
2020-02-19,usd,-0.3386785596490359,-0.37109348443725115,0.03241492478821523
2020-02-20,usd,-0.6029215665055224,-0.3503208394958159,-0.25260072700970654
2020-02-21,usd,-0.6267844607862846,-0.3862172957129505,-0.2405671650733341
2020-02-24,usd,-0.6605113739786135,-0.35115881282837497,-0.3093525611502385
2020-02-25,usd,-0.6535508196742583,-0.32231928127849496,-0.33123153839576336
2020-02-26,usd,-0.7515436928816762,-0.31608497088616205,-0.43545872199551416
2020-02-27,usd,-0.7633725975701973,-0.3193262319562766,-0.4440463656139207
2020-02-28,usd,-0.8760503457820619,-0.4081588872891845,-0.4678914584928774
2020-03-02,usd,-1.0528699515346926,-0.3709568954581221,-0.6819130560765705
2020-03-03,usd,-0.9255530236669729,-0.453013692105494,-0.47253933156147887
2020-03-04,usd,-0.9603055166848334,-0.4490367213237866,-0.5112687953610469
2020-03-05,usd,-0.9583326557531905,-0.44675736551051765,-0.5115752902426729
2020-03-06,usd,-1.001789254663876,-0.44667929600088196,-0.5551099586629941
2020-03-09,usd,-1.6286498012629067,-0.4244413759433717,-1.204208425319535
2020-03-10,usd,-1.4915020140179065,-0.5496768178574255,-0.941825196160481
2020-03-11,usd,-1.5467007856986412,-0.5471152248653276,-0.9995855608333136
2020-03-12,usd,-4.852146345108885,-0.9816918441519554,-3.8704545009569293
2020-03-13,usd,-4.79901296128015,-0.9644940709460605,-3.834518890334089
2020-03-16,usd,-4.999244985367736,-0.98593317873123,-4.013311806636506
2020-03-17,usd,-3.7751569211538185,-0.77585951908313,-2.9992974020706886
2020-03-18,usd,-3.4512255351689656,-0.8584450485824057,-2.59278048658656
2020-03-19,usd,-2.7431446645951496,-0.910324720229229,-1.8328199443659208
2020-03-20,usd,-2.736520460210098,-0.9212820552862403,-1.815238404923858
2020-03-23,usd,-2.5830182994114956,-0.6714533803004656,-1.91156491911103
2020-03-24,usd,-2.777222311544634,-0.7924033365992574,-1.9848189749453766
2020-03-25,usd,-2.682619574137872,-0.7246557084844862,-1.957963865653386
2020-03-26,usd,-2.304963231860492,-0.7000143170794331,-1.604948914781059
2020-03-27,usd,-2.3047847988369843,-0.692199208305684,-1.6125855905313002
2020-03-30,usd,-2.3938859605114002,-0.6667026045986605,-1.7271833559127399
2020-03-31,usd,-2.3832220025624617,-0.565812131988513,-1.8174098705739488
2020-04-01,usd,-2.5397366534464028,-0.5076078903994719,-2.0321287630469307
2020-04-02,usd,-2.5049414445996643,-0.5260876174093981,-1.978853827190266
2020-04-03,usd,-2.4360817359908546,-0.5085965652811331,-1.9274851707097216
2020-04-06,usd,-2.495154097590998,-0.5336675998732651,-1.9614864977177326
2020-04-07,usd,-2.3913003998944715,-0.49155308805589987,-1.8997473118385717
2020-04-08,usd,-2.392538226222905,-0.4920718734839227,-1.9004663527389822
2020-04-09,usd,-2.3193153235279,-0.5463435629306901,-1.77297176059721
2020-04-13,usd,-2.286430359979935,-0.5378434677079775,-1.7485868922719574
2020-04-14,usd,-2.3137762542259686,-0.5484901760677238,-1.765286078158245
2020-04-15,usd,-2.345527945396159,-0.5537445375512052,-1.7917834078449535
2020-04-16,usd,-2.3005364791506664,-0.549511611874227,-1.7510248672764392
2020-04-17,usd,-2.27199239793129,-0.5060494723104835,-1.7659429256208066
2020-04-20,usd,-2.3040405193481437,-0.502021758804678,-1.8020187605434657
2020-04-21,usd,-2.2407471050937158,-0.5133596278879666,-1.7273874772057491
2020-04-22,usd,-2.2957789189791313,-0.512724718357199,-1.7830542006219323
2020-04-23,usd,-2.310009624931315,-0.5197754656468412,-1.790234159284474
2020-04-24,usd,-2.3223561835714377,-0.5254063009207943,-1.7969498826506434
2020-04-27,usd,-2.388078181017229,-0.5123808919088201,-1.875697289108409
2020-04-28,usd,-2.3714433253241376,-0.4989035583929713,-1.8725397669311663
2020-04-29,usd,-2.5748122435401526,-0.501731653814462,-2.0730805897256905
2020-04-30,usd,-2.5717862158752745,-0.4809994774860377,-2.090786738389237
2020-05-01,usd,-2.6271340198218045,-0.4568357211265666,-2.1702982986952377
2020-05-04,usd,-2.5885639586053797,-0.45293921629482903,-2.1356247423105508
2020-05-05,usd,-2.58700873606982,-0.45504796358482597,-2.131960772484994
2020-05-06,usd,-2.4854659585929317,-0.48267621487833173,-2.0027897437146
2020-05-07,usd,-2.566501203982081,-0.5027018440372997,-2.0637993599447815
2020-05-08,usd,-2.5874275663162796,-0.4875351873890947,-2.099892378927185
2020-05-11,usd,-2.7772491860353736,-0.49732675712167385,-2.2799224289136997
2020-05-12,usd,-3.0070824722681078,-0.5101458605140649,-2.496936611754043
2020-05-13,usd,-2.941016877297515,-0.49657733550525746,-2.4444395417922573
2020-05-14,usd,-2.911833383418036,-0.49572727058758537,-2.416106112830451
2020-05-15,usd,-2.887578331356014,-0.4930819793380475,-2.3944963520179665
2020-05-18,usd,-2.82700162866801,-0.456402572313375,-2.370599056354635
2020-05-19,usd,-2.776433677014765,-0.4628434870992472,-2.313590189915518
2020-05-20,usd,-2.7402879360779377,-0.46241752539448755,-2.27787041068345
2020-05-21,usd,-2.7374615500213255,-0.4613870794363589,-2.2760744705849665
2020-05-22,usd,-2.729732356617612,-0.45761622957123166,-2.2721161270463806
2020-05-26,usd,-2.542725452333913,-0.40650263700940864,-2.1362228153245044
2020-05-27,usd,-2.5770815890119985,-0.4032309156807649,-2.1738506733312337
2020-05-28,usd,-2.609701792200792,-0.40365515263030666,-2.206046639570485
2020-05-29,usd,-2.613414041026448,-0.40255873392728825,-2.21085530709916
2020-06-01,usd,-2.6050005673567056,-0.41689369166268686,-2.188106875694019
2020-06-02,usd,-2.564689874494214,-0.3913393103650727,-2.1733505641291413
2020-06-03,usd,-2.7071423298972515,-0.36739174383263595,-2.3397505860646155
2020-06-04,usd,-2.7009438834719184,-0.36621653247669234,-2.334727350995226
2020-06-05,usd,-2.675439262425789,-0.3335504572761337,-2.3418888051496554
2020-06-08,usd,-2.644470215567513,-0.33497602127637033,-2.3094941942911427
2020-06-09,usd,-2.6484957111136542,-0.34541302280873504,-2.303082688304919
2020-06-10,usd,-2.656031301185356,-0.34931543464359943,-2.306715866541756
2020-06-11,usd,-2.747424869679823,-0.36198972732376583,-2.385435142356057
2020-06-12,usd,-2.7270660130735913,-0.36289310887231546,-2.364172904201276
2020-06-15,usd,-2.742479090429894,-0.3639985320743922,-2.378480558355502
2020-06-16,usd,-2.756256052051003,-0.3608070893141525,-2.3954489627368507
2020-06-17,usd,-2.776605093574861,-0.3579827147427856,-2.4186223788320755
2020-06-18,usd,-2.7619876256425804,-0.35817615773962014,-2.40381146790296
2020-06-19,usd,-2.717719381149848,-0.2976904713456476,-2.4200289098042003
2020-06-22,usd,-2.7413053880724765,-0.3038048472698811,-2.4375005408025956
2020-06-23,usd,-2.6825368712743454,-0.3039413533672057,-2.3785955179071396
2020-06-24,usd,-2.7147233954474737,-0.30858731014551516,-2.4061360853019584
2020-06-25,usd,-2.653192552669425,-0.3120377182235774,-2.341154834445848
2020-06-26,usd,-2.6026467974776955,-0.30929297456205684,-2.2933538229156385
2020-06-29,usd,-2.567521034895638,-0.30884943968751694,-2.258671595208121
2020-06-30,usd,-2.500855823916197,-0.303751591117057,-2.19710423279914
2020-07-01,usd,-2.516890546457307,-0.30130270519098795,-2.215587841266319
2020-07-02,usd,-2.49704567652855,-0.3016817504410044,-2.1953639260875457
2020-07-06,usd,-2.5204846094467364,-0.29830948062217755,-2.222175128824559
2020-07-07,usd,-2.492762522108349,-0.29620836726091004,-2.1965541548474388
2020-07-08,usd,-2.499439673111738,-0.2971652789041161,-2.202274394207622
2020-07-09,usd,-2.498857493091754,-0.29528278850026723,-2.203574704591487
2020-07-10,usd,-2.5348802933289973,-0.30104025594989503,-2.2338400373791023
2020-07-13,usd,-2.5330596751961036,-0.29973925471162277,-2.233320420484481
2020-07-14,usd,-2.54903541984862,-0.29803255124393674,-2.251002868604683
2020-07-15,usd,-2.4394774968903334,-0.2893136778753314,-2.150163819015002
2020-07-16,usd,-2.436176403715591,-0.27958136961913116,-2.1565950340964597
2020-07-17,usd,-2.4270747096108525,-0.27490913837026026,-2.1521655712405923
2020-07-20,usd,-2.4271362616298395,-0.27679266127789975,-2.1503436003519396
2020-07-21,usd,-2.435219801958949,-0.29342499644733,-2.141794805511619
2020-07-22,usd,-2.4363976020468763,-0.298926788944132,-2.1374708131027442
2020-07-23,usd,-2.450990538164152,-0.2999221161413774,-2.1510684220227745
2020-07-24,usd,-2.4537008454582176,-0.29769540017580154,-2.156005445282416
2020-07-27,usd,-2.6659003633855054,-0.33194956822219285,-2.3339507951633127
2020-07-28,usd,-2.665633149522451,-0.3338998508767192,-2.331733298645732
2020-07-29,usd,-2.6713000376175184,-0.3358655308109363,-2.3354345068065823
2020-07-30,usd,-2.660359794787229,-0.3453229191278181,-2.315036875659411
2020-07-31,usd,-2.7309791935829355,-0.385823658126802,-2.3451555354561333
2020-08-03,usd,-2.7042930588110945,-0.3812034487662804,-2.323089610044814
2020-08-04,usd,-2.8395438869202443,-0.39775625116729285,-2.4417876357529513
2020-08-05,usd,-2.8759054062002387,-0.4115805993188734,-2.4643248068813652
2020-08-06,usd,-2.8685004755665853,-0.4100551054272299,-2.4584453701393554
2020-08-07,usd,-2.9162772015874783,-0.4310633323635095,-2.4852138692239687
2020-08-10,usd,-2.918296499542778,-0.43092660877106836,-2.48736989077171
2020-08-11,usd,-2.8716304366376644,-0.4076501417043556,-2.4639802949333087
2020-08-12,usd,-2.8795779826459764,-0.406225351817203,-2.4733526308287734
2020-08-13,usd,-2.811327942289599,-0.421154127094127,-2.3901738151954723
2020-08-14,usd,-2.820865218781382,-0.4204946463353538,-2.400370572446028
2020-08-17,usd,-2.828978607726461,-0.4335202177691989,-2.395458389957262
2020-08-18,usd,-2.83632496371649,-0.4273799825904767,-2.4089449811260133
2020-08-19,usd,-2.8370218557178157,-0.4281230467671422,-2.4088988089506733
2020-08-20,usd,-2.856125865945251,-0.4261373663037724,-2.4299884996414787
2020-08-21,usd,-2.866742439169641,-0.43009283472776105,-2.4366496044418797
2020-08-24,usd,-2.8647115680481297,-0.4247579909317708,-2.4399535771163587
2020-08-25,usd,-2.855795211534341,-0.425303732509568,-2.4304914790247727
2020-08-26,usd,-2.8573979803904104,-0.4326030107381743,-2.424794969652236
2020-08-27,usd,-2.8429970264794187,-0.4324515866874701,-2.4105454397919486
2020-08-28,usd,-2.8440752167471466,-0.4543398099203058,-2.3897354068268406
2020-08-31,usd,-2.8529316517450014,-0.453810843208358,-2.3991208085366433
2020-09-01,usd,-2.9069401988285697,-0.45935263298611667,-2.447587565842453
2020-09-02,usd,-2.971920257710725,-0.4700522556809035,-2.5018680020298216
2020-09-03,usd,-2.98962072734021,-0.4840529403760836,-2.505567786964126
2020-09-04,usd,-3.0105976074157716,-0.4941384922185743,-2.5164591151971973
2020-09-08,usd,-3.0637295745839253,-0.4962489852950675,-2.567480589288858
2020-09-09,usd,-3.0785079894879663,-0.5017893167021539,-2.5767186727858125
2020-09-10,usd,-3.0803451108605384,-0.5019384145475223,-2.5784066963130163
2020-09-11,usd,-3.062028484076835,-0.503253591722939,-2.5587748923538958
2020-09-14,usd,-3.0883551779025655,-0.5106905525205107,-2.577664625382055
2020-09-15,usd,-3.0881324590659656,-0.5160675232976559,-2.5720649357683096
2020-09-16,usd,-3.094276158346997,-0.5164627208339507,-2.577813437513046
2020-09-17,usd,-3.0952027134995506,-0.5179626943754947,-2.577240019124056
2020-09-18,usd,-3.088260948605236,-0.5187361917337393,-2.569524756871497
2020-09-21,usd,-3.1031374667589415,-0.5694047942901606,-2.5337326724687808
2020-09-22,usd,-3.0915579906410575,-0.5731569326746951,-2.5184010579663623
2020-09-23,usd,-3.1236489688679336,-0.6069041504096094,-2.5167448184583243
2020-09-24,usd,-3.102646644984232,-0.5847791896749758,-2.517867455309256
2020-09-25,usd,-3.087031930141138,-0.5863341231604643,-2.5006978069806736
2020-09-28,usd,-3.091164145827751,-0.5913785042737838,-2.499785641553967
2020-09-29,usd,-3.109677363228602,-0.584221542967093,-2.525455820261509
2020-09-30,usd,-3.081775918464084,-0.5701202439549854,-2.5116556745090985
2020-10-01,usd,-3.073278993850958,-0.5742273998990725,-2.4990515939518856
2020-10-02,usd,-3.0906492544776882,-0.5726832631548017,-2.5179659913228867
2020-10-05,usd,-3.0969609001888188,-0.5748757858433554,-2.5220851143454635
2020-10-06,usd,-3.1004532532486224,-0.5771689182216652,-2.523284335026957
2020-10-07,usd,-3.098012262483591,-0.5815602317857855,-2.5164520306978053
2020-10-08,usd,-3.0987931665141293,-0.5823716396619218,-2.5164215268522074
2020-10-09,usd,-3.0897617803724824,-0.6215097464504847,-2.4682520339219978
2020-10-12,usd,-3.131343335747736,-0.6315213632931568,-2.4998219724545794
2020-10-13,usd,-3.1278201517102886,-0.6527510394122568,-2.4750691122980317
2020-10-14,usd,-3.1221484076617574,-0.6534137189065672,-2.46873468875519
2020-10-15,usd,-3.109668284013518,-0.6467741743959455,-2.4628941096175727
2020-10-16,usd,-3.0854211158227285,-0.643261508608979,-2.4421596072137497
2020-10-19,usd,-3.111165689285943,-0.6418891657128374,-2.4692765235731056
2020-10-20,usd,-3.1104920349879635,-0.6443598790641155,-2.466132155923848
2020-10-21,usd,-3.15403642562614,-0.647974604164299,-2.506061821461841
2020-10-22,usd,-3.1197296228116445,-0.6533092599061394,-2.466420362905505
2020-10-23,usd,-3.1153186796442536,-0.6538593664860963,-2.4614593131581572
2020-10-26,usd,-3.0911369037166097,-0.6536510080046112,-2.4374858957119985
2020-10-27,usd,-3.106968858721296,-0.6550253854707352,-2.451943473250561
2020-10-28,usd,-3.14123871587681,-0.6798233223033759,-2.461415393573434
2020-10-29,usd,-3.0969797889167183,-0.6848508498293491,-2.4121289390873693
2020-10-30,usd,-3.100140055843308,-0.681353760742918,-2.41878629510039
2020-11-02,usd,-3.1024525356824815,-0.679568955423941,-2.4228835802585404
2020-11-03,usd,-3.0821331667275014,-0.6792243612074487,-2.4029088055200525
2020-11-04,usd,-3.0878925871122402,-0.6672365164454737,-2.420656070666767
2020-11-05,usd,-3.1722171734568194,-0.6967504361990893,-2.4754667372577304
2020-11-06,usd,-3.1853727521008643,-0.693152302988045,-2.4922204491128195
2020-11-09,usd,-3.1657104216289245,-0.7014058097152875,-2.464304611913637
2020-11-10,usd,-3.165360758505574,-0.7013624224164261,-2.4639983360891478
2020-11-11,usd,-3.1720008819878984,-0.7033643744247635,-2.4686365075631347
2020-11-12,usd,-3.1568311410410472,-0.7028938723119974,-2.45393726872905
2020-11-13,usd,-3.1577429480038712,-0.7031619773689286,-2.4545809706349426
2020-11-16,usd,-3.2084221488451496,-0.7044622046576599,-2.50395994418749
2020-11-17,usd,-3.2282539605581935,-0.7023856321204541,-2.5258683284377392
2020-11-18,usd,-3.218126678886985,-0.6986593597678783,-2.519467319119107
2020-11-19,usd,-3.205332493245604,-0.7003944688654843,-2.50493802438012
2020-11-20,usd,-3.227804649295515,-0.7019510389838748,-2.52585361031164
2020-11-23,usd,-3.218242665059575,-0.7139315533632096,-2.5043111116963654
2020-11-24,usd,-3.2304396183673827,-0.6991436993787984,-2.5312959189885844
2020-11-25,usd,-3.218580993918209,-0.6981610931365106,-2.520419900781698
2020-11-27,usd,-3.2359861181568736,-0.6973744086081571,-2.5386117095487166
2020-11-30,usd,-3.215619674486083,-0.6984847876094068,-2.5171348868766765
2020-12-01,usd,-3.202008789496598,-0.7161010743939361,-2.485907715102662
2020-12-02,usd,-3.200119991435399,-0.7173471751436377,-2.4827728162917615
2020-12-03,usd,-3.202365509610375,-0.7232824572975506,-2.4790830523128244
2020-12-04,usd,-3.176709431571641,-0.7218439548342195,-2.4548654767374214
2020-12-07,usd,-3.179145354568149,-0.7152026699414403,-2.463942684626709
2020-12-08,usd,-3.192521332825628,-0.7159817899579289,-2.476539542867699
2020-12-09,usd,-3.2037810606288897,-0.7232589510428181,-2.4805221095860714
2020-12-10,usd,-3.205801956398093,-0.7218799454855823,-2.4839220109125106
2020-12-11,usd,-3.2141453781412226,-0.7245454486699853,-2.4895999294712374
2020-12-14,usd,-3.2103104466501735,-0.7241962182884903,-2.486114228361683
2020-12-15,usd,-3.230648385096373,-0.732607242507131,-2.498041142589242
2020-12-16,usd,-3.246770407892216,-0.7337393219908704,-2.513031085901346
2020-12-17,usd,-3.3516043220743454,-0.7410248744015189,-2.6105794476728263
2020-12-18,usd,-3.346045742475985,-0.7408597426413986,-2.6051859998345863
2020-12-21,usd,-3.3416197590996584,-0.742836981309114,-2.5987827777905443
2020-12-22,usd,-3.32657652222444,-0.7476691842866428,-2.578907337937797
2020-12-23,usd,-3.3222220052859845,-0.7500525663085871,-2.5721694389773972
2020-12-24,usd,-3.3245155811283023,-0.7478017840254875,-2.5767137971028147
2020-12-28,usd,-3.3412182950645386,-0.7513770322412766,-2.589841262823262
2020-12-29,usd,-3.330147193629629,-0.751352185168157,-2.578795008461472
2020-12-30,usd,-3.3716421809400297,-0.7544093846952492,-2.6172327962447803
2020-12-31,usd,-3.3501384534695893,-0.7605910028523216,-2.5895474506172675
2021-01-04,usd,-3.36705789455271,-0.7660257282929106,-2.6010321662597997
2021-01-05,usd,-3.4058260665861555,-0.7659532386861055,-2.63987282790005
2021-01-06,usd,-3.4543559754179425,-0.7642363429223775,-2.690119632495565
2021-01-07,usd,-3.3524535801562965,-0.7640848135763143,-2.588368766579982
2021-01-08,usd,-3.3439799409606694,-0.7622162384595239,-2.5817637025011457
2021-01-11,usd,-3.5271701758007077,-0.7591946937852624,-2.767975482015445
2021-01-12,usd,-3.5343788218614867,-0.7620349935231924,-2.772343828338294
2021-01-13,usd,-3.5528100423635216,-0.7594794401742803,-2.7933306021892412
2021-01-14,usd,-3.583521157608377,-0.7577440918497221,-2.825777065758655
2021-01-15,usd,-3.662389992260677,-0.7666752560892474,-2.8957147361714295
2021-01-19,usd,-3.6662933306820555,-0.7677633670997119,-2.8985299635823436
2021-01-20,usd,-3.661841449432307,-0.7676511531121031,-2.894190296320204
2021-01-21,usd,-3.60118584154475,-0.7659650887083848,-2.8352207528363653
2021-01-22,usd,-3.529785172020784,-0.7741958506891626,-2.7555893213316214
2021-01-25,usd,-3.527129440587004,-0.7724614500217512,-2.754667990565253
2021-01-26,usd,-3.5366014473623952,-0.7750873808240766,-2.761514066538319
2021-01-27,usd,-3.542379818630642,-0.7804457346327299,-2.761934083997912
2021-01-28,usd,-3.545312365077348,-0.7803407113325221,-2.764971653744826
2021-01-29,usd,-3.5553952490362617,-0.7803026836236946,-2.7750925654125673
2021-02-01,usd,-3.5726722331568777,-0.7662520803526873,-2.8064201528041903
2021-02-02,usd,-3.5915588528456386,-0.7585202485787875,-2.833038604266851
2021-02-03,usd,-3.6014313311240236,-0.7641825612605883,-2.8372487698634354
2021-02-04,usd,-3.581190908097682,-0.7863302797791302,-2.7948606283185518
2021-02-05,usd,-3.5648501837727298,-0.7949504041214104,-2.769899779651319
2021-02-08,usd,-3.6257406958583545,-0.8021286607362532,-2.8236120351221015
2021-02-09,usd,-3.656633703130633,-0.8030699983014923,-2.8535637048291407
2021-02-10,usd,-3.620664729197492,-0.8060764599743676,-2.8145882692231243
2021-02-11,usd,-3.623779064861116,-0.8054845312649122,-2.8182945335962035
2021-02-12,usd,-3.618963111389637,-0.8071971671081751,-2.8117659442814618
2021-02-16,usd,-3.5985438107045127,-0.8168219511990857,-2.781721859505427
2021-02-17,usd,-3.549494035949492,-0.8286259659885008,-2.720868069960991
2021-02-18,usd,-3.5505823828738547,-0.8313367164787011,-2.7192456663951536
2021-02-19,usd,-3.5372383479731364,-0.8394609051605294,-2.697777442812607
2021-02-22,usd,-3.5525102241757973,-0.8256391905916135,-2.726871033584184
2021-02-23,usd,-3.5480709290211765,-0.8349362451172669,-2.7131346839039097
2021-02-24,usd,-3.5651098156906214,-0.8399543059033941,-2.725155509787227
2021-02-25,usd,-3.540396026911407,-0.8512689543669704,-2.6891270725444367
2021-02-26,usd,-3.6193183284134505,-0.8881444435897093,-2.731173884823741
2021-03-01,usd,-3.6208851454366386,-0.8621071132819683,-2.7587780321546704
2021-03-02,usd,-3.625228462056675,-0.8633745702922841,-2.7618538917643907
2021-03-03,usd,-3.6150633115848994,-0.8497107983596693,-2.76535251322523
2021-03-04,usd,-3.6111354862467984,-0.8512076309413958,-2.7599278553054027
2021-03-05,usd,-3.5038322732932414,-0.832357946172966,-2.6714743271202757
2021-03-08,usd,-3.4347829574694515,-0.8400042071750172,-2.5947787502944344
2021-03-09,usd,-3.3094669727423125,-0.8587455831243204,-2.4507213896179922
2021-03-10,usd,-3.369673846972888,-0.8352828578475516,-2.5343909891253364
2021-03-11,usd,-3.3480396535198325,-0.8260197247116083,-2.5220199288082243
2021-03-12,usd,-2.283582153115328,-0.6936393909148926,-1.5899427622004354
2021-03-15,usd,-2.292464684927801,-0.6926001004767953,-1.5998645844510055
2021-03-16,usd,-2.174450521609484,-0.6814167557353885,-1.4930337658740953
2021-03-17,usd,-2.544031324159451,-0.7593083147558455,-1.7847230094036057
2021-03-18,usd,-2.5936589978302975,-0.7081341576598235,-1.885524840170474
2021-03-19,usd,-2.966490106331392,-0.6708358219528994,-2.2956542843784926
2021-03-22,usd,-2.982134678586725,-0.6686689360646905,-2.3134657425220344
2021-03-23,usd,-3.098401830145827,-0.8304965281911142,-2.267905301954713
2021-03-24,usd,-3.0366066343478626,-0.7598957015396611,-2.2767109328082014
2021-03-25,usd,-3.1473255877616735,-0.7920936891680507,-2.355231898593623
2021-03-26,usd,-3.5808813703588775,-0.8090485239374802,-2.7718328464213973
2021-03-29,usd,-3.531777367972421,-0.8165002374866708,-2.71527713048575
2021-03-30,usd,-3.4333595736147697,-0.8603682450965553,-2.5729913285182144
2021-03-31,usd,-3.4315654959540467,-0.956629360383388,-2.4749361355706587
2021-04-01,usd,-3.3714141003090363,-1.0376645932008859,-2.33374950710815
2021-04-05,usd,-3.3143663537435977,-1.0266982516972865,-2.287668102046311
2021-04-06,usd,-3.321173115153477,-1.0637543819457749,-2.257418733207702
2021-04-07,usd,-3.302886464415832,-1.0477236705471018,-2.25516279386873
2021-04-08,usd,-3.4184063009949286,-1.099218991877711,-2.3191873091172175
2021-04-09,usd,-3.4140440854235345,-1.0983743394317858,-2.315669745991749
2021-04-12,usd,-3.4934954684952793,-1.052969810234021,-2.440525658261258
2021-04-13,usd,-3.485950279584341,-1.0602273313413877,-2.425722948242953
2021-04-14,usd,-3.4603256727718255,-1.0493448749169116,-2.410980797854914
2021-04-15,usd,-3.435566125052461,-1.068482685348569,-2.367083439703892
2021-04-16,usd,-3.500239573242303,-1.0744390094504754,-2.4258005637918276
2021-04-19,usd,-3.432908088951847,-1.1157584597884607,-2.3171496291633864
2021-04-20,usd,-3.387887251424186,-1.1233759827554415,-2.2645112686687447
2021-04-21,usd,-3.474453941386107,-1.126183670944521,-2.348270270441586
2021-04-22,usd,-3.499910352998249,-1.132769503657376,-2.367140849340873
2021-04-23,usd,-3.4597890396467688,-1.1271323137465676,-2.3326567259002013
2021-04-26,usd,-3.5095345302160106,-1.1269623240627615,-2.382572206153249
2021-04-27,usd,-3.4965198661736236,-1.134740262527915,-2.361779603645709
2021-04-28,usd,-3.52814802208805,-1.1501883923302996,-2.3779596297577505
2021-04-29,usd,-3.3313212597177757,-1.149552588609909,-2.181768671107867
2021-04-30,usd,-3.2190106091882345,-1.1820563694762365,-2.036954239711998
2021-05-03,usd,-3.2288395473559492,-1.2302597980193581,-1.998579749336591
2021-05-04,usd,-3.3005952690274847,-1.2372716412300977,-2.063323627797387
2021-05-05,usd,-3.326520026010681,-1.2378573576578171,-2.088662668352864
2021-05-06,usd,-3.4588818953135476,-1.2380295194908506,-2.2208523758226972
2021-05-07,usd,-3.366884907868877,-1.2213163586003473,-2.14556854926853
2021-05-10,usd,-3.3580923877431093,-1.2453905378989052,-2.1127018498442043
2021-05-11,usd,-3.020666085429805,-1.2473233113170494,-1.7733427741127554
2021-05-12,usd,-3.103240178806658,-1.2528492404824976,-1.8503909383241604
2021-05-13,usd,-3.2339840640735256,-1.2808425888675259,-1.9531414752059997
2021-05-14,usd,-3.286233522256385,-1.2937026310825024,-1.9925308911738826
2021-05-17,usd,-3.279842567836344,-1.294310189189727,-1.985532378646617
2021-05-18,usd,-3.2164798575682108,-1.3388977468765517,-1.877582110691659
2021-05-19,usd,-3.266904771540633,-1.3331593408342433,-1.9337454307063897
2021-05-20,usd,-3.3115125320269767,-1.336631691173174,-1.9748808408538028
2021-05-21,usd,-3.410510859164953,-1.331448876524434,-2.0790619826405186
2021-05-24,usd,-3.462799909864713,-1.340733886550671,-2.1220660233140416
2021-05-25,usd,-3.7116122594382426,-1.4283249130627365,-2.283287346375506
2021-05-26,usd,-3.7407977339585883,-1.43235593106561,-2.308441802892978
2021-05-27,usd,-3.719556930514964,-1.4385849737452736,-2.2809719567696902
2021-05-28,usd,-3.6925354040539244,-1.4386753892451465,-2.2538600148087777
2021-06-01,usd,-3.704025774246712,-1.4417729450506753,-2.262252829196037
2021-06-02,usd,-3.7445629667535285,-1.4691757382131623,-2.2753872285403665
2021-06-03,usd,-3.6648052805656515,-1.541399785182497,-2.1234054953831545
2021-06-04,usd,-3.5564677358540138,-1.553608023982841,-2.0028597118711726
2021-06-07,usd,-3.569376733843362,-1.6047614096085387,-1.9646153242348234
2021-06-08,usd,-3.6345405651399023,-1.60131186795791,-2.0332286971819924
2021-06-09,usd,-3.654486472093566,-1.599232341559449,-2.055254130534117
2021-06-10,usd,-3.653478570503771,-1.5972648555170474,-2.0562137149867237
2021-06-11,usd,-3.4460533419874126,-1.6134583010580053,-1.8325950409294074
2021-06-14,usd,-3.5164363340651916,-1.6246133275705776,-1.891823006494614
2021-06-15,usd,-3.4943309643076446,-1.6239531348043563,-1.8703778295032882
2021-06-16,usd,-3.463478842797724,-1.6136960638488098,-1.849782778948914
2021-06-17,usd,-3.3469742167111622,-1.684322107839227,-1.6626521088719353
2021-06-18,usd,-3.4774728563939603,-1.6843603583364877,-1.7931124980574726
2021-06-21,usd,-3.4109688912936296,-1.6924285704790407,-1.7185403208145889
2021-06-22,usd,-3.3973106857013318,-1.6931815095071243,-1.7041291761942075
2021-06-23,usd,-3.3982259077998935,-1.6716837057584355,-1.726542202041458
2021-06-24,usd,-3.346606936913833,-1.6872605946754013,-1.6593463422384318
2021-06-25,usd,-3.223225098341621,-1.6911155136443525,-1.5321095846972683
2021-06-28,usd,-3.1873879975273027,-1.699154335752102,-1.4882336617752008
2021-06-29,usd,-3.12226289530886,-1.7082881606520162,-1.4139747346568439
2021-06-30,usd,-3.187118872648726,-1.6938159675161446,-1.4933029051325815
2021-07-01,usd,-3.2340085274599963,-1.7007276337608699,-1.5332808936991265
2021-07-02,usd,-3.2552382519574006,-1.7039833872798331,-1.5512548646775675
2021-07-06,usd,-3.192739820038322,-1.686906892550575,-1.505832927487747
2021-07-07,usd,-3.1768851770668065,-1.695282625235511,-1.4816025518312954
2021-07-08,usd,-3.1768331971934836,-1.6954547390820816,-1.481378458111402
2021-07-09,usd,-3.180237531210844,-1.6956991914009456,-1.4845383398098986
2021-07-12,usd,-3.178489205774088,-1.697661073358829,-1.4808281324152588
2021-07-13,usd,-3.1978343443246056,-1.6920349050574865,-1.505799439267119
2021-07-14,usd,-3.2042381155383226,-1.7028950120119772,-1.5013431035263454
2021-07-15,usd,-3.2573991142100955,-1.7064737916030726,-1.550925322607023
2021-07-16,usd,-3.259574082849417,-1.7121654264312438,-1.547408656418173
2021-07-19,usd,-3.3225154939747767,-1.7021721504222111,-1.6203433435525656
2021-07-20,usd,-3.3514777854698337,-1.6994147056704143,-1.6520630797994194
2021-07-21,usd,-3.4177409502738305,-1.6795926287857756,-1.7381483214880549
2021-07-22,usd,-3.4192558045811663,-1.6666073230005314,-1.752648481580635
2021-07-23,usd,-3.4151974314395472,-1.6647079481224938,-1.7504894833170535
2021-07-26,usd,-3.567479520477393,-1.6642010146181498,-1.903278505859243
2021-07-27,usd,-3.3003545082576986,-1.6358586497880003,-1.6644958584696983
2021-07-28,usd,-3.3044255469285417,-1.6347519122339043,-1.6696736346946375
2021-07-29,usd,-3.1781012953026675,-1.6366994809594242,-1.5414018143432433
2021-07-30,usd,-3.1670053401101104,-1.6371591086090125,-1.5298462315010979
2021-08-02,usd,-3.1627714264431885,-1.6323605687721399,-1.5304108576710487
2021-08-03,usd,-3.2325396970213536,-1.6560392467753595,-1.576500450245994
2021-08-04,usd,-3.216440928418939,-1.6549200232870889,-1.5615209051318502
2021-08-05,usd,-3.195417563175645,-1.6631121915679736,-1.5323053716076716
2021-08-06,usd,-3.0582589256794375,-1.7149981631725262,-1.3432607625069113
2021-08-09,usd,-2.9570712525346394,-1.7086550169148853,-1.2484162356197541
2021-08-10,usd,-2.958168134266455,-1.7084904859641117,-1.2496776483023433
2021-08-11,usd,-3.0067083846703286,-1.7629112242463707,-1.243797160423958
2021-08-12,usd,-3.003948425785693,-1.7655132100092676,-1.2384352157764256
2021-08-13,usd,-3.040343462334768,-1.7641337354824878,-1.27620972685228
2021-08-16,usd,-3.0350062958918507,-1.7646530296583702,-1.2703532662334804
2021-08-17,usd,-3.0233892335801777,-1.7385821936264807,-1.284807039953697
2021-08-18,usd,-3.0576505142091395,-1.7325599237417626,-1.3250905904673769
2021-08-19,usd,-2.9731114147576516,-1.7230668138215834,-1.2500446009360682
2021-08-20,usd,-2.9136663260473785,-1.7230040621968656,-1.1906622638505129
2021-08-23,usd,-2.88014537415282,-1.7284524532117012,-1.1516929209411189
2021-08-24,usd,-2.847492871153996,-1.7282500712245572,-1.1192427999294388
2021-08-25,usd,-2.862807849347268,-1.727091403956641,-1.1357164453906272
2021-08-26,usd,-2.8858187449165227,-1.717243666003657,-1.1685750789128657
2021-08-27,usd,-2.903636494082082,-1.7312831308406225,-1.1723533632414596
2021-08-30,usd,-2.9058080217650977,-1.70863801688416,-1.1971700048809377
2021-08-31,usd,-2.8792190029111917,-1.7086929578406465,-1.1705260450705453
2021-09-01,usd,-2.878251169524129,-1.7066792620409095,-1.1715719074832196
2021-09-02,usd,-2.799310057748386,-1.6938338561616118,-1.105476201586774
2021-09-03,usd,-2.7962978285769045,-1.6995705723443115,-1.096727256232593
2021-09-07,usd,-2.9378188806535013,-1.7235791989005578,-1.2142396817529435
2021-09-08,usd,-2.8496243564602244,-1.7304509958369068,-1.1191733606233176
2021-09-09,usd,-2.824867342686125,-1.7250376236664295,-1.0998297190196955
2021-09-10,usd,-2.826366087052387,-1.729039842940219,-1.0973262441121678
2021-09-13,usd,-2.840923806160918,-1.729927755055813,-1.1109960511051051
2021-09-14,usd,-2.8138368779397966,-1.727227100953137,-1.0866097769866596
2021-09-15,usd,-2.8153109124748408,-1.7272292457671843,-1.0880816667076565
2021-09-16,usd,-2.824666001435375,-1.7524803174920207,-1.0721856839433543
2021-09-17,usd,-2.8167387760922273,-1.7464623741530785,-1.0702764019391489
2021-09-20,usd,-2.9433779643970093,-1.7282385761852312,-1.215139388211778
2021-09-21,usd,-2.862184458147689,-1.7167796518810898,-1.1454048062665994
2021-09-22,usd,-2.878880775707054,-1.7101468433144036,-1.1687339323926502
2021-09-23,usd,-2.8663796739077028,-1.6694061475632744,-1.1969735263444283
2021-09-24,usd,-2.98049213508175,-1.6775070334213853,-1.3029851016603649
2021-09-27,usd,-2.9940210102273404,-1.6808153717273266,-1.3132056385000137
2021-09-28,usd,-3.0503542356412012,-1.6779138355367624,-1.3724404001044388
2021-09-29,usd,-3.0617133144749507,-1.6693330581014298,-1.3923802563735208
2021-09-30,usd,-3.1331442214660825,-1.708589506581346,-1.4245547148847366
2021-10-01,usd,-3.2491328722071837,-1.7015009099541598,-1.547631962253024
2021-10-04,usd,-3.256095552113278,-1.7030219789057264,-1.5530735732075516
2021-10-05,usd,-3.243997547754435,-1.7112270803540748,-1.5327704674003602
2021-10-06,usd,-3.110888550629388,-1.6931577180848911,-1.4177308325444968
2021-10-07,usd,-3.0819539370362627,-1.6859808126150344,-1.3959731244212283
2021-10-08,usd,-3.069714335768529,-1.6839161349283804,-1.3857982008401484
2021-10-11,usd,-3.133528973030795,-1.6615209539427729,-1.4720080190880223
2021-10-12,usd,-3.1637121209146777,-1.6562030504707572,-1.5075090704439205
2021-10-13,usd,-3.1824342036282247,-1.6554136873832668,-1.527020516244958
2021-10-14,usd,-3.194629582693891,-1.653870564533136,-1.540759018160755
2021-10-15,usd,-3.261216823840448,-1.664245521912521,-1.596971301927927
2021-10-18,usd,-3.30901979850787,-1.6744415888424744,-1.6345782096653958
2021-10-19,usd,-3.325283646156654,-1.6795467508173174,-1.6457368953393368
2021-10-20,usd,-3.334735759345432,-1.6819723020273951,-1.652763457318037
2021-10-21,usd,-3.294511629485452,-1.676649687680513,-1.6178619418049391
2021-10-22,usd,-3.334095483010724,-1.6681164362887706,-1.6659790467219533
2021-10-25,usd,-3.349246963428322,-1.6709645650783258,-1.6782823983499962
2021-10-26,usd,-3.3656295691474267,-1.6780305129003912,-1.6875990562470355
2021-10-27,usd,-3.308671460922781,-1.6796784555983804,-1.6289930053244008
2021-10-28,usd,-3.2538385061578174,-1.6598598746977704,-1.593978631460047
2021-10-29,usd,-3.215921156998317,-1.661560060847847,-1.55436109615047
2021-11-01,usd,-3.2302492232411675,-1.6570584751134736,-1.5731907481276939
2021-11-02,usd,-3.220639602180767,-1.6633571940252398,-1.557282408155527
2021-11-03,usd,-3.309022320270746,-1.6841837233214696,-1.6248385969492765
2021-11-04,usd,-3.298136256567344,-1.6915841258301634,-1.6065521307371808
2021-11-05,usd,-3.111053599597712,-1.6590143096592136,-1.4520392899384984
2021-11-08,usd,-3.1732097085536566,-1.671435060810101,-1.5017746477435556
2021-11-09,usd,-3.171918739683382,-1.6503773647889457,-1.5215413748944362
2021-11-10,usd,-3.20827011799975,-1.617137433031864,-1.5911326849678862
2021-11-11,usd,-3.208204611018222,-1.61715224089666,-1.591052370121562
2021-11-12,usd,-3.2485014072808394,-1.6134889094427027,-1.6350124978381366
2021-11-15,usd,-3.251786452946607,-1.6122081911161072,-1.6395782618304997
2021-11-16,usd,-3.367411625585312,-1.6231318206014576,-1.7442798049838546
2021-11-17,usd,-3.337456766823181,-1.632152457979107,-1.705304308844074
2021-11-18,usd,-3.3614171337289487,-1.64318755887874,-1.7182295748502088
2021-11-19,usd,-3.3918616185401924,-1.649011218927942,-1.7428503996122504
2021-11-22,usd,-3.423137351103269,-1.6842470150826947,-1.7388903360205745
2021-11-23,usd,-3.3367089735477933,-1.669295086771347,-1.6674138867764463
2021-11-24,usd,-3.3047228097379353,-1.7005782315601046,-1.6041445781778307
2021-11-26,usd,-3.3941172405079163,-1.7044178218803359,-1.6896994186275804
2021-11-29,usd,-3.384067311022124,-1.705263051820636,-1.678804259201488
2021-11-30,usd,-3.3554593521569673,-1.680407612182172,-1.6750517399747953
2021-12-01,usd,-3.400694023925474,-1.6469755098388152,-1.753718514086659
2021-12-02,usd,-3.4068231505322273,-1.64426248045822,-1.7625606700740073
2021-12-03,usd,-3.4965631271338617,-1.6350253712925351,-1.8615377558413266
2021-12-06,usd,-3.4926223363879285,-1.642186872017999,-1.8504354643699295
2021-12-07,usd,-3.5238044503209216,-1.6446386684628567,-1.879165781858065
2021-12-08,usd,-3.4964063177501465,-1.6331708473453985,-1.863235470404748
2021-12-09,usd,-3.569798099519516,-1.6236566231937293,-1.946141476325787
2021-12-10,usd,-3.5768491545177987,-1.6260000874269294,-1.9508490670908694
2021-12-13,usd,-3.6037824170395134,-1.6212487337598331,-1.9825336832796803
2021-12-14,usd,-3.54730029581781,-1.6283282840240536,-1.9189720117937565
2021-12-15,usd,-3.520878435403962,-1.6069858999809328,-1.9138925354230292
2021-12-16,usd,-3.2903769841484354,-1.6119092126757801,-1.6784677714726552
2021-12-17,usd,-3.1090132498370675,-1.6036256808848857,-1.5053875689521818
2021-12-20,usd,-3.099611577113053,-1.612112193910173,-1.4874993832028798
2021-12-21,usd,-3.1013158491262396,-1.614390402697786,-1.4869254464284536
2021-12-22,usd,-3.1269740466110085,-1.6171152146815535,-1.509858831929455
2021-12-23,usd,-3.1684052891513335,-1.6120913086185613,-1.5563139805327721
2021-12-27,usd,-3.169240522553405,-1.61237379395358,-1.5568667285998248
2021-12-28,usd,-3.132591110481292,-1.6111474552857161,-1.5214436551955757
2021-12-29,usd,-3.155166460282363,-1.6182106243721737,-1.5369558359101891
2021-12-30,usd,-3.084986516345099,-1.61587491323192,-1.469111603113179
2021-12-31,usd,-3.082138741379797,-1.6162863889063608,-1.4658523524734364
2022-01-03,usd,-3.038066175495676,-1.6105055846618017,-1.4275605908338742
2022-01-04,usd,-2.9342068321409753,-1.6149387408543974,-1.319268091286578
2022-01-05,usd,-2.84345122373098,-1.6214293918824538,-1.222021831848526
2022-01-06,usd,-3.0747920130005895,-1.6424237233768568,-1.4323682896237326
2022-01-07,usd,-2.9971124920288563,-1.6477219100751126,-1.3493905819537437
2022-01-10,usd,-2.5977399436494237,-1.659814194833025,-0.9379257488163988
2022-01-11,usd,-2.6020167383098007,-1.6693670772797782,-0.9326496610300226
2022-01-12,usd,-2.5791946340567495,-1.665847676333144,-0.9133469577236055
2022-01-13,usd,-2.463668322140881,-1.664131453643674,-0.7995368684972068
2022-01-14,usd,-2.28578986198751,-1.6508854230000352,-0.634904438987475
2022-01-18,usd,-2.321587884710197,-1.6422935248773578,-0.6792943598328394
2022-01-19,usd,-2.3192854062953283,-1.651081959484199,-0.6682034468111293
2022-01-20,usd,-2.4765252835256555,-1.653608242481692,-0.8229170410439635
2022-01-21,usd,-2.6525158074222936,-1.649483739947686,-1.0030320674746076
2022-01-24,usd,-2.711611088286772,-1.617423653221479,-1.0941874350652931
2022-01-25,usd,-2.768419751558494,-1.6247324062209643,-1.1436873453375296
2022-01-26,usd,-2.757912670750343,-1.6161842619846087,-1.1417284087657342
2022-01-27,usd,-2.8269541313618425,-1.6192813272654745,-1.207672804096368
2022-01-28,usd,-2.7930426884017385,-1.6202441279883002,-1.1727985604134383
2022-01-31,usd,-2.7823705157440073,-1.6553233168898855,-1.1270471988541217
2022-02-01,usd,-2.7400099766086172,-1.6636633995225936,-1.0763465770860237
2022-02-02,usd,-2.6990288410080203,-1.664567263417509,-1.0344615775905113
2022-02-03,usd,-2.7156033661772225,-1.6222343105246146,-1.093369055652608
2022-02-04,usd,-2.6133378446664657,-1.6108437821365253,-1.0024940625299403
2022-02-07,usd,-2.507157582979046,-1.6070927188813025,-0.9000648640977433
2022-02-08,usd,-2.4188960453973727,-1.6069890776849887,-0.811906967712384
2022-02-09,usd,-2.4871415966688026,-1.6054437686173975,-0.8816978280514052
2022-02-10,usd,-2.4385722047741303,-1.5978258021388525,-0.8407464026352778
2022-02-11,usd,-2.483676613160161,-1.5673660277447548,-0.9163105854154061
2022-02-14,usd,-2.523298351593827,-1.5350408086189133,-0.9882575429749136
2022-02-15,usd,-2.6628370276722553,-1.5067845862578468,-1.1560524414144084
2022-02-16,usd,-2.6557924857165225,-1.5162837823380497,-1.1395087033784728
2022-02-17,usd,-2.525861353545467,-1.5236128618443017,-1.0022484917011654
2022-02-18,usd,-2.5117084836764927,-1.5414396744301444,-0.9702688092463483
2022-02-22,usd,-2.4997633892259454,-1.542148849104842,-0.9576145401211034
2022-02-23,usd,-2.4755130254855873,-1.5464202050014797,-0.9290928204841076
2022-02-24,usd,-2.197672533461015,-1.4702722451530976,-0.7274002883079176
2022-02-25,usd,-2.0304388978672523,-1.3711045073205135,-0.6593343905467388
2022-02-28,usd,-1.9801089852345708,-1.3823389413118718,-0.597770043922699
2022-03-01,usd,-1.8188179499814694,-1.3175201854150465,-0.5012977645664229
2022-03-02,usd,-1.8854776082971372,-1.3055566437121642,-0.579920964584973
2022-03-03,usd,-1.9329383950428314,-1.3032375503247347,-0.6297008447180967
2022-03-04,usd,-2.2965941843981073,-1.2881871373856664,-1.0084070470124409
2022-03-07,usd,-2.5624997939986645,-1.2067410541407164,-1.355758739857948
2022-03-08,usd,-2.448581632113321,-1.139519858921727,-1.3090617731915941
2022-03-09,usd,-2.6986270211464842,-0.9431705323342963,-1.755456488812188
2022-03-10,usd,-2.709522233693903,-0.9643637108285207,-1.7451585228653825
2022-03-11,usd,-2.735415286167985,-0.9710929250114118,-1.7643223611565733
2022-03-14,usd,-2.728976923929798,-0.9828343852367651,-1.7461425386930327
2022-03-15,usd,-2.7398230997021624,-0.9913172606124491,-1.7485058390897135
2022-03-16,usd,-2.813351455889456,-1.0018395833749245,-1.8115118725145314
2022-03-17,usd,-2.785666025033628,-1.0124690670446619,-1.7731969579889661
2022-03-18,usd,-2.803362036832224,-1.020467663774559,-1.7828943730576647
2022-03-21,usd,-2.775584303705155,-1.0255668059412546,-1.7500174977639005
2022-03-22,usd,-2.755068389248678,-1.022640787886431,-1.7324276013622468
2022-03-23,usd,-2.7619221004214474,-1.0382054805547336,-1.7237166198667138
2022-03-24,usd,-2.7098683710316114,-1.0381153884154706,-1.6717529826161408
2022-03-25,usd,-2.6861354246585676,-1.0331508109256036,-1.652984613732964
2022-03-28,usd,-2.594931898673094,-1.051771150615876,-1.543160748057218
2022-03-29,usd,-2.578505043153343,-1.0161429537886615,-1.5623620893646815
2022-03-30,usd,-2.5550782916777206,-1.003366572627176,-1.5517117190505445
2022-03-31,usd,-2.570489807135934,-0.9979308286943339,-1.5725589784416
2022-04-01,usd,-2.5520853178908642,-1.0097481687730145,-1.5423371491178497
2022-04-04,usd,-2.5702693042124216,-1.0046942452042418,-1.5655750590081798
2022-04-05,usd,-2.5421177113884044,-1.0093716434299167,-1.5327460679584877
2022-04-06,usd,-2.57542569230073,-0.997567210280293,-1.577858482020437
2022-04-07,usd,-2.581688796717541,-0.9844963893628352,-1.5971924073547057
2022-04-08,usd,-2.5801456700990797,-0.9840400035283459,-1.5961056665707338
2022-04-11,usd,-2.578086004966893,-0.9775073426258508,-1.600578662341042
2022-04-12,usd,-2.585962155406036,-0.9909257649858654,-1.5950363904201705
2022-04-13,usd,-2.595270087784693,-0.980814603414464,-1.614455484370229
2022-04-14,usd,-2.656574431536836,-0.9774559149747576,-1.6791185165620783
2022-04-18,usd,-2.803561663464341,-0.9852254805605302,-1.8183361829038107
2022-04-19,usd,-2.774539096162372,-1.0019820974574074,-1.7725569987049647
2022-04-20,usd,-2.7549838653274983,-1.0005814079623074,-1.7544024573651908
2022-04-21,usd,-2.728549752729681,-1.0004783675879323,-1.7280713851417486
2022-04-22,usd,-2.8397652180707,-1.0150661366947729,-1.8246990813759272
2022-04-25,usd,-2.684215466957133,-1.0488680855382193,-1.6353473814189137
2022-04-26,usd,-2.7435261524475023,-1.0430116512020728,-1.7005145012454295
2022-04-27,usd,-2.681902069372102,-1.0494032149270724,-1.6324988544450294
2022-04-28,usd,-2.599111018208578,-1.0276345249731231,-1.5714764932354548
2022-04-29,usd,-2.578175859821791,-1.012755094837077,-1.565420764984714
2022-05-02,usd,-2.5517044078730544,-1.0303789236551235,-1.521325484217931
2022-05-03,usd,-2.478494189452949,-1.0252308034005162,-1.4532633860524327
2022-05-04,usd,-2.4843659713066057,-1.0292576666971927,-1.455108304609413
2022-05-05,usd,-2.6597616493351577,-1.010280749522563,-1.6494808998125947
2022-05-06,usd,-2.6240323490963195,-1.005830516121561,-1.6182018329747585
2022-05-09,usd,-3.0066008176331396,-1.0290247201570348,-1.9775760974761047
2022-05-10,usd,-2.992128604847106,-1.0355188604657495,-1.9566097443813564
2022-05-11,usd,-2.8095479871902,-1.0316992803067284,-1.7778487068834716
2022-05-12,usd,-2.822295162654201,-1.0598267396873096,-1.7624684229668917
2022-05-13,usd,-2.8529533342086126,-1.0266876418148356,-1.826265692393777
2022-05-16,usd,-2.8890956613512304,-1.0285485859166095,-1.860547075434621
2022-05-17,usd,-2.9183030683928672,-0.984582229899707,-1.9337208384931603
2022-05-18,usd,-2.92230950316873,-0.9840229238434506,-1.9382865793252795
2022-05-19,usd,-2.940347130320383,-1.0068328333020231,-1.9335142970183599
2022-05-20,usd,-2.8602470836345417,-1.0082627476769521,-1.8519843359575896
2022-05-23,usd,-2.7336069576930666,-1.0052277737674504,-1.7283791839256162
2022-05-24,usd,-2.7635605042301106,-1.004973804584053,-1.7585866996460575
2022-05-25,usd,-2.7450903328210683,-1.0090226547872998,-1.7360676780337685
2022-05-26,usd,-2.734034238842163,-1.0058102533350084,-1.7282239855071544
2022-05-27,usd,-2.7258351037551023,-0.9967703157071648,-1.7290647880479375
2022-05-31,usd,-2.8087785078557816,-0.9914771730133695,-1.817301334842412
2022-06-01,usd,-2.895781924498057,-0.9663542017385145,-1.9294277227595427
2022-06-02,usd,-2.9515001192885277,-0.9495537714378055,-2.0019463478507222
2022-06-03,usd,-3.0708588801583065,-0.9409043691371776,-2.129954511021129
2022-06-06,usd,-3.0983656261411263,-0.9397624788215754,-2.158603147319551
2022-06-07,usd,-3.0689613204628654,-0.9359476835804824,-2.133013636882383
2022-06-08,usd,-3.0163433220993134,-0.9367375303237145,-2.079605791775599
2022-06-09,usd,-2.9963781443428843,-0.9342707113978317,-2.0621074329450524
2022-06-10,usd,-3.090499737357151,-0.8367529863254272,-2.253746751031724
2022-06-13,usd,-3.8108834889186953,-0.9163142232718244,-2.894569265646871
2022-06-14,usd,-3.884408885424783,-0.9224665622926991,-2.961942323132084
2022-06-15,usd,-3.9200565895023676,-0.9458277616215641,-2.9742288278808036
2022-06-16,usd,-3.8273673918634383,-0.8483897631644636,-2.9789776286989746
2022-06-17,usd,-3.741667267699538,-0.8533489399694978,-2.8883183277300404
2022-06-21,usd,-3.8220007238645155,-0.8250608650427829,-2.9969398588217326
2022-06-22,usd,-3.798735455917787,-0.8259010633129207,-2.972834392604866
2022-06-23,usd,-3.7681004513765743,-0.8406351445246265,-2.927465306851948
2022-06-24,usd,-3.7580107185156177,-0.8373718619041484,-2.920638856611469
2022-06-27,usd,-3.861953765008312,-0.8323112167311107,-3.0296425482772014
2022-06-28,usd,-3.8907088428772947,-0.8306195453253816,-3.060089297551913
2022-06-29,usd,-3.930291020424014,-0.8218964848843879,-3.108394535539626
2022-06-30,usd,-3.887390976066258,-0.827945718891061,-3.059445257175197
2022-07-01,usd,-3.7845668430581676,-0.825960924026607,-2.9586059190315606
2022-07-05,usd,-3.4603530843000656,-0.8748281951705421,-2.5855248891295233
2022-07-06,usd,-3.498001293145335,-0.9020292814764312,-2.595972011668904
2022-07-07,usd,-3.578687708671747,-0.9022992291263535,-2.6763884795453934
2022-07-08,usd,-3.5829511418923623,-0.9008697321042546,-2.6820814097881076
2022-07-11,usd,-3.6752475370533384,-0.8979855704686197,-2.7772619665847187
2022-07-12,usd,-3.7031014337383668,-0.8998657113655583,-2.8032357223728086
2022-07-13,usd,-3.703999237807957,-0.9047077328256729,-2.799291504982284
2022-07-14,usd,-3.5233912309148554,-0.9197864310469391,-2.603604799867916
2022-07-15,usd,-3.5352998268375013,-0.9067889394244337,-2.628510887413068
2022-07-18,usd,-3.538452991680213,-0.8963532724697911,-2.642099719210422
2022-07-19,usd,-3.5799141803768335,-0.9051753477585874,-2.674738832618246
2022-07-20,usd,-3.5606676247761073,-0.9076591569369415,-2.653008467839166
2022-07-21,usd,-3.501960600849113,-0.9027172305930931,-2.59924337025602
2022-07-22,usd,-3.442400932451025,-0.9016171756894786,-2.540783756761546
2022-07-25,usd,-3.4405425542106407,-0.9021414457748456,-2.538401108435795
2022-07-26,usd,-3.2986940011657686,-0.9050807490293789,-2.3936132521363898
2022-07-27,usd,-3.298368453858727,-0.904212969155253,-2.3941554847034743
2022-07-28,usd,-3.3425299323804514,-0.9192805591425997,-2.4232493732378515
2022-07-29,usd,-3.4359445655432275,-0.9056914094326334,-2.530253156110594
2022-08-01,usd,-3.3785537318543515,-0.9058244053113369,-2.4727293265430146
2022-08-02,usd,-3.354656593638499,-0.9094581691265475,-2.4451984245119514
2022-08-03,usd,-3.298809085684837,-0.9023815526267466,-2.39642753305809
2022-08-04,usd,-3.194371859485989,-0.9255906909070667,-2.268781168578922
2022-08-05,usd,-3.131783699998815,-0.9398306491001465,-2.191953050898668
2022-08-08,usd,-3.303444685167554,-0.910123091861035,-2.393321593306519
2022-08-09,usd,-3.326207680848937,-0.9040018760049737,-2.422205804843963
2022-08-10,usd,-3.313357533576249,-0.8644015872377757,-2.448955946338473
2022-08-11,usd,-3.3055345453701848,-0.854137125148613,-2.451397420221572
2022-08-12,usd,-3.3049775145676583,-0.8448326222747538,-2.4601448922929046
2022-08-15,usd,-3.266149114430194,-0.8472118230143438,-2.4189372914158502
2022-08-16,usd,-3.2612575723030717,-0.8487778917721654,-2.412479680530906
2022-08-17,usd,-3.279590087175597,-0.8554552723129837,-2.4241348148626134
2022-08-18,usd,-3.2684465056710854,-0.8562355861559544,-2.412210919515131
2022-08-19,usd,-3.4749763545960706,-0.8616678887807424,-2.613308465815328
2022-08-22,usd,-3.5319149024701537,-0.870158674011782,-2.661756228458372
2022-08-23,usd,-3.554122744416083,-0.860399880271639,-2.693722864144444
2022-08-24,usd,-3.5795884543726273,-0.8627882038435489,-2.7168002505290785
2022-08-25,usd,-3.5759845221205024,-0.865541623787906,-2.7104428983325963
2022-08-26,usd,-3.5602836287788913,-0.8652137312255955,-2.695069897553296
2022-08-29,usd,-3.5476437474087024,-0.8431496804402716,-2.7044940669684308
2022-08-30,usd,-3.5444583314428835,-0.8494006758240419,-2.6950576556188417
2022-08-31,usd,-3.5690764803569506,-0.843650850048983,-2.7254256303079676
2022-09-01,usd,-3.53498312279825,-0.85255607731695,-2.6824270454813
2022-09-02,usd,-3.4974337004761167,-0.8627772394697077,-2.6346564610064087
2022-09-06,usd,-3.5510813973035797,-0.852177397347244,-2.698903999956336
2022-09-07,usd,-3.471748160364473,-0.8308009094835279,-2.640947250880945
2022-09-08,usd,-3.4870488404863926,-0.8231375478833963,-2.663911292602996
2022-09-09,usd,-3.6689185039303895,-0.8208207131747761,-2.8480977907556135
2022-09-12,usd,-3.7359596688543477,-0.8261921028210698,-2.909767566033278
2022-09-13,usd,-3.9264217579007457,-0.8441435727719592,-3.0822781851287866
2022-09-14,usd,-3.917149589441491,-0.8425882790929793,-3.0745613103485114
2022-09-15,usd,-3.9020274407286157,-0.8609768272523665,-3.041050613476249
2022-09-16,usd,-3.9008232353062327,-0.8441022923584505,-3.0567209429477824
2022-09-19,usd,-3.9111564076148384,-0.8441233908204142,-3.067033016794424
2022-09-20,usd,-3.854391569978528,-0.8538535008943617,-3.0005380690841665
2022-09-21,usd,-3.8444437573497128,-0.8373376768930285,-3.0071060804566843
2022-09-22,usd,-3.7929783172231883,-0.8389743643369122,-2.9540039528862763
2022-09-23,usd,-3.7541969860370057,-0.8735261387307273,-2.8806708473062783
2022-09-26,usd,-3.567409805553646,-0.8847569117201821,-2.682652893833464
2022-09-27,usd,-3.563039321525422,-0.8847394899862808,-2.6782998315391415
2022-09-28,usd,-3.558896622487423,-0.8958527687354811,-2.6630438537519416
2022-09-29,usd,-3.533732108524944,-0.8880114811891325,-2.645720627335811
2022-09-30,usd,-3.5164228060928955,-0.88219817978554,-2.6342246263073554
2022-10-03,usd,-3.4268250089721826,-0.9082642786390659,-2.5185607303331166
2022-10-04,usd,-3.444065011348197,-0.9249502733619568,-2.51911473798624
2022-10-05,usd,-3.4244396032948803,-0.9257545529346513,-2.498685050360229
2022-10-06,usd,-3.491179636951799,-0.9290336072106133,-2.5621460297411858
2022-10-07,usd,-3.5091669148614506,-0.9345834918473163,-2.5745834230141345
2022-10-10,usd,-3.5102319105109605,-0.9326293525666906,-2.57760255794427
2022-10-11,usd,-3.502123215365607,-0.9326497498204008,-2.569473465545206
2022-10-12,usd,-3.4681629046893785,-0.9250347437529397,-2.5431281609364387
2022-10-13,usd,-3.4459165127812246,-0.8990075730740702,-2.5469089397071545
2022-10-14,usd,-3.430139381513042,-0.910048157695155,-2.520091223817887
2022-10-17,usd,-3.408228584877501,-0.9140061604088984,-2.4942224244686027
2022-10-18,usd,-3.411290112061208,-0.9133667477286305,-2.4979233643325776
2022-10-19,usd,-3.354396259561251,-0.9234863228312576,-2.4309099367299933
2022-10-20,usd,-3.3192251372014443,-0.9145286009568335,-2.404696536244611
2022-10-21,usd,-3.312706993337245,-0.9290554889004965,-2.3836515044367483
2022-10-24,usd,-3.2981016632623184,-0.9295710843511747,-2.3685305789111437
2022-10-25,usd,-3.3463141919855386,-0.9231724032135342,-2.4231417887720044
2022-10-26,usd,-3.3526145834071985,-0.9221243143034983,-2.4304902691037
2022-10-27,usd,-3.364300767817491,-0.9215301256863809,-2.44277064213111
2022-10-28,usd,-3.326430562423199,-0.9297917886034766,-2.3966387738197223
2022-10-31,usd,-3.3999038842151976,-0.9291940463708614,-2.4707098378443364
2022-11-01,usd,-3.399681530568532,-0.9351660538364577,-2.4645154767320743
2022-11-02,usd,-3.3996206699805973,-0.9324419028911561,-2.4671787670894414
2022-11-03,usd,-3.3488152712819903,-0.9273352230172623,-2.421480048264728
2022-11-04,usd,-3.3938796164887295,-0.9823595731484116,-2.411520043340318
2022-11-07,usd,-3.330614700405274,-0.9519444284074531,-2.3786702719978208
2022-11-08,usd,-3.0270867281631353,-0.980121852953202,-2.0469648752099334
2022-11-09,usd,-3.0897278646113757,-0.9806006563403651,-2.1091272082710106
2022-11-10,usd,-3.3244652392090797,-1.0512521936927373,-2.2732130455163424
2022-11-11,usd,-3.317677219833186,-1.051350097889247,-2.266327121943939
2022-11-14,usd,-3.1739338688087346,-1.030143180839748,-2.1437906879689868
2022-11-15,usd,-3.20075643523798,-1.0302146851547254,-2.1705417500832547
2022-11-16,usd,-3.144123540387603,-1.02740414764662,-2.116719392740983
2022-11-17,usd,-3.0987099487500296,-1.0270132362467097,-2.0716967125033197
2022-11-18,usd,-3.0972573573564137,-1.0241557881617038,-2.07310156919471
2022-11-21,usd,-3.1462761167701365,-1.0201136846410443,-2.1261624321290924
2022-11-22,usd,-3.1452281891706626,-0.9998759469939493,-2.1453522421767133
2022-11-23,usd,-3.206015861571694,-0.9979626600430267,-2.208053201528667
2022-11-25,usd,-3.1951763972821916,-0.9959782571059355,-2.1991981401762564
2022-11-28,usd,-3.1751157461678656,-0.9991253772477969,-2.175990368920069
2022-11-29,usd,-3.1811675404149877,-0.9987045402435901,-2.1824630001713974
2022-11-30,usd,-3.2103724229420716,-1.0122418725011646,-2.198130550440907
2022-12-01,usd,-3.0739597843761555,-1.0291781236630408,-2.044781660713115
2022-12-02,usd,-3.0771464867781044,-1.0279469772774268,-2.049199509500678
2022-12-05,usd,-3.035443537777213,-1.0476361534615253,-1.9878073843156876
2022-12-06,usd,-3.044950687417039,-1.0442150293681947,-2.0007356580488445
2022-12-07,usd,-3.0173941019177457,-1.0476604509138325,-1.9697336510039132
2022-12-08,usd,-3.03289368249108,-1.049174961128863,-1.9837187213622172
2022-12-09,usd,-2.999402533991099,-1.0470597844010037,-1.9523427495900951
2022-12-12,usd,-2.983511897631021,-1.049701321912773,-1.933810575718248
2022-12-13,usd,-3.001737392562817,-1.0693166507438647,-1.932420741818952
2022-12-14,usd,-3.0326052974861097,-1.0641448657219048,-1.968460431764205
2022-12-15,usd,-3.0429899837872445,-1.0810692374181994,-1.9619207463690451
2022-12-16,usd,-3.112871299718739,-1.07136056727496,-2.041510732443779
2022-12-19,usd,-3.10442406708864,-1.0699055682441871,-2.0345184988444527
2022-12-20,usd,-3.123546119681135,-1.0798784758157316,-2.0436676438654033
2022-12-21,usd,-3.129363440612637,-1.0800751555580288,-2.049288285054608
2022-12-22,usd,-3.1285830294979333,-1.0734849853611659,-2.055098044136767
2022-12-23,usd,-3.1084467905233235,-1.0737237464478941,-2.034723044075429
2022-12-27,usd,-3.1015324392453607,-1.076603851131397,-2.024928588113964
2022-12-28,usd,-3.109536213459899,-1.0785807280057635,-2.030955485454135
2022-12-29,usd,-3.106607107507499,-1.0804994709160092,-2.0261076365914894
2022-12-30,usd,-3.104906608801313,-1.0803115638809138,-2.0245950449203995
2023-01-03,usd,-3.0723786860680957,-1.0616494168798967,-2.0107292691881993
2023-01-04,usd,-3.0704376668539064,-1.0633871560456531,-2.007050510808253
2023-01-05,usd,-3.043149883464195,-1.0705632222897572,-1.9725866611744376
2023-01-06,usd,-3.023600603218102,-1.0919094994640002,-1.931691103754102
2023-01-09,usd,-3.0176242264199833,-1.0743293058858585,-1.9432949205341248
2023-01-10,usd,-3.0435394941970673,-1.073017156068761,-1.9705223381283063
2023-01-11,usd,-3.0454615019508973,-1.0740483061961892,-1.971413195754708
2023-01-12,usd,-3.129643905714822,-1.0741354205751528,-2.0555084851396694
2023-01-13,usd,-3.125879209677393,-1.0814823284689012,-2.044396881208492
2023-01-17,usd,-3.1317515249766146,-1.0840511473404677,-2.047700377636147
2023-01-18,usd,-3.127385139761541,-1.0821495646533956,-2.045235575108145
2023-01-19,usd,-3.0789701033866845,-1.0622397035536575,-2.016730399833027
2023-01-20,usd,-3.1085745193809964,-1.0545640442348327,-2.0540104751461636
2023-01-23,usd,-3.1133126972446306,-1.0558858052871865,-2.0574268919574443
2023-01-24,usd,-3.0855898431370097,-1.0556474072894617,-2.029942435847548
2023-01-25,usd,-3.0691165638027846,-1.0691932988073074,-1.9999232649954772
2023-01-26,usd,-3.0693504171628474,-1.0695826969061806,-1.9997677202566668
2023-01-27,usd,-3.068398245690775,-1.072158399633465,-1.99623984605731
2023-01-30,usd,-3.0404932161282274,-1.062507130795485,-1.9779860853327424
2023-01-31,usd,-3.043858736772584,-1.0616158989651756,-1.9822428378074084
2023-02-01,usd,-3.046077336046393,-1.0671421897558968,-1.978935146290496
2023-02-02,usd,-3.0512034135274435,-1.0532332210632394,-1.9979701924642042
2023-02-03,usd,-3.044658292353346,-1.0877066359942384,-1.9569516563591076
2023-02-06,usd,-3.039178828723907,-1.0679579146572735,-1.9712209140666335
2023-02-07,usd,-3.091049758107787,-1.0689196374552776,-2.0221301206525095
2023-02-08,usd,-3.0581450268238175,-1.067317408321029,-1.9908276185027884
2023-02-09,usd,-3.0448103881805566,-1.0642444870812269,-1.9805659010993297
2023-02-10,usd,-3.0427546909600043,-1.062968064466192,-1.9797866264938122
2023-02-13,usd,-3.0529288453436667,-1.0644896951925131,-1.9884391501511536
2023-02-14,usd,-3.0402640476291056,-1.0762186938102123,-1.9640453538188933
2023-02-15,usd,-2.9484462101669457,-1.0873562795950578,-1.861089930571888
2023-02-16,usd,-2.9254071291900763,-1.0944214668184251,-1.8309856623716512
2023-02-17,usd,-2.9265781658773338,-1.0897679757018888,-1.836810190175445
2023-02-21,usd,-2.933122446096483,-1.089088568909017,-1.8440338771874658
2023-02-22,usd,-2.937465172249038,-1.0905517663966828,-1.8469134058523553
2023-02-23,usd,-2.9454085490134223,-1.0895432537011165,-1.8558652953123058
2023-02-24,usd,-2.9618858968623343,-1.091622859113559,-1.8702630377487752
2023-02-27,usd,-3.10247517375037,-1.1070999842804214,-1.9953751894699487
2023-02-28,usd,-3.10093893486998,-1.1224802695756204,-1.9784586652943594
2023-03-01,usd,-3.078360527066699,-1.1201609367047114,-1.9581995903619878
2023-03-02,usd,-3.1409885228228394,-1.1435550522891686,-1.9974334705336707
2023-03-03,usd,-3.0981955798593286,-1.150237302801428,-1.9479582770579005
2023-03-06,usd,-3.0842042546646797,-1.14816349434977,-1.9360407603149097
2023-03-07,usd,-2.9994436469617605,-1.1957121839739455,-1.803731462987815
2023-03-08,usd,-2.9594426548436763,-1.2253394652752383,-1.734103189568438
2023-03-09,usd,-2.974368020175688,-1.2427764812345952,-1.7315915389410927
2023-03-10,usd,-2.8410399412891008,-1.3400824780499638,-1.500957463239137
2023-03-13,usd,-2.9693374942086006,-1.3554276598984016,-1.613909834310199
2023-03-14,usd,-2.948580460814566,-1.3542881969242258,-1.59429226389034
2023-03-15,usd,-2.951529411490751,-1.3087827604752649,-1.6427466510154862
2023-03-16,usd,-2.968313649185956,-1.3041366583106933,-1.6641769908752626
2023-03-17,usd,-2.9753593283053226,-1.312428741237431,-1.6629305870678917
2023-03-20,usd,-3.0307750703799856,-1.3122210498419764,-1.7185540205380092
2023-03-21,usd,-3.0383913333560675,-1.3053317383427885,-1.733059595013279
2023-03-22,usd,-3.01495803849277,-1.311032839977141,-1.703925198515629
2023-03-23,usd,-3.09541669365177,-1.314312067286756,-1.7811046263650139
2023-03-24,usd,-3.0962217938751664,-1.3172293585554748,-1.7789924353196915
2023-03-27,usd,-3.07582702131058,-1.3112440915814745,-1.7645829297291054
2023-03-28,usd,-3.0772610667980698,-1.315816934525151,-1.7614441322729188
2023-03-29,usd,-3.14652257613066,-1.3047856472349317,-1.8417369288957284
2023-03-30,usd,-3.1587950374925184,-1.317183786465968,-1.8416112510265505
2023-03-31,usd,-3.186901904890386,-1.314143257217385,-1.872758647673001
2023-04-03,usd,-3.1785266915122867,-1.3153204429765588,-1.863206248535728
2023-04-04,usd,-3.191732136037376,-1.3197209965339476,-1.8720111395034285
2023-04-05,usd,-3.191395481589548,-1.318918914288981,-1.8724765673005672
2023-04-06,usd,-3.1993266125041995,-1.3170038178663996,-1.8823227946377998
2023-04-10,usd,-3.125654992739053,-1.3219019736678266,-1.8037530190712265
2023-04-11,usd,-3.142137715443878,-1.328827037531135,-1.8133106779127428
2023-04-12,usd,-3.115621989224005,-1.3283169210037256,-1.7873050682202793
2023-04-13,usd,-3.1047961973222904,-1.3375419154339956,-1.7672542818882948
2023-04-14,usd,-3.1000436200409136,-1.3472923408581932,-1.7527512791827204
2023-04-17,usd,-3.1037271279919465,-1.3463695397445823,-1.7573575882473642
2023-04-18,usd,-3.0945534126396304,-1.3489267289554516,-1.7456266836841787
2023-04-19,usd,-3.1088223837797955,-1.3505571059246952,-1.7582652778551002
2023-04-20,usd,-3.107688368735802,-1.34442230278119,-1.763266065954612
2023-04-21,usd,-3.128368086813924,-1.347211193869041,-1.781156892944883
2023-04-24,usd,-3.1395433291960337,-1.3484451113134721,-1.7910982178825616
2023-04-25,usd,-3.09172073569105,-1.340962504595903,-1.7507582310951468
2023-04-26,usd,-3.1372125543046874,-1.3216754719113144,-1.815537082393373
2023-04-27,usd,-3.0964064136842264,-1.324867839766585,-1.7715385739176415
2023-04-28,usd,-3.1201178045422298,-1.3217785927180323,-1.7983392118241974
2023-05-01,usd,-3.19532035680398,-1.3371030922120526,-1.8582172645919273
2023-05-02,usd,-3.248704240327839,-1.3377979394021347,-1.9109063009257043
2023-05-03,usd,-3.2382944285280453,-1.3288589872275942,-1.909435441300451
2023-05-04,usd,-3.2503866768297245,-1.329616563313982,-1.9207701135157424
2023-05-05,usd,-3.245819014924686,-1.30584774201593,-1.939971272908756
2023-05-08,usd,-3.1765701979877634,-1.3065627851371087,-1.8700074128506547
2023-05-09,usd,-3.1687734864542176,-1.3016657632414836,-1.867107723212734
2023-05-10,usd,-2.989896729976739,-1.2892023405708533,-1.7006943894058857
2023-05-11,usd,-3.0193343331593514,-1.289646361958917,-1.7296879712004345
2023-05-12,usd,-3.0789814501618347,-1.2855949625091252,-1.7933864876527095
2023-05-15,usd,-3.0877372484388728,-1.2739285722295748,-1.813808676209298
2023-05-16,usd,-3.0546161797428897,-1.2859058451076621,-1.7687103346352275
2023-05-17,usd,-3.0352830153652275,-1.2827412144969852,-1.7525418008682423
2023-05-18,usd,-3.0506529564408047,-1.3160133889108152,-1.7346395675299895
2023-05-19,usd,-3.0412759634219073,-1.320504608163262,-1.7207713552586452
2023-05-22,usd,-3.024596941315989,-1.3103485362971898,-1.7142484050187992
2023-05-23,usd,-3.019213988868802,-1.30873401075412,-1.710479978114682
2023-05-24,usd,-3.0609823590756564,-1.3147186898698524,-1.746263669205804
2023-05-25,usd,-3.046052416552407,-1.3178240365316523,-1.728228380020755
2023-05-26,usd,-3.0598240826156573,-1.3166999099021026,-1.7431241727135547
2023-05-30,usd,-3.0714828338611753,-1.3193503371719797,-1.7521324966891956
2023-05-31,usd,-3.119628255700986,-1.3199893176858002,-1.7996389380151856
2023-06-01,usd,-3.024271029073475,-1.321079571933208,-1.7031914571402669
2023-06-02,usd,-2.9835196003417077,-1.336433630012516,-1.6470859703291918
2023-06-05,usd,-2.9962146152861346,-1.3299204859027434,-1.6662941293833913
2023-06-06,usd,-2.9947850578868205,-1.3272881186843601,-1.6674969392024603
2023-06-07,usd,-3.000503816251929,-1.3232006956659716,-1.6773031205859572
2023-06-08,usd,-2.99519447704374,-1.3312760527435046,-1.6639184243002356
2023-06-09,usd,-2.996077210281512,-1.3301021735975445,-1.6659750366839674
2023-06-12,usd,-3.0140403800697886,-1.332370808783373,-1.6816695712864156
2023-06-13,usd,-2.9892201792719386,-1.3784886565707823,-1.6107315227011563
2023-06-14,usd,-2.4912080186498193,-1.3399700706886772,-1.151237947961142
2023-06-15,usd,-2.4413290131699914,-1.3391577521754985,-1.102171260994493
2023-06-16,usd,-2.4509215306180687,-1.3379216476697113,-1.1129998829483574
2023-06-20,usd,-2.487177031668019,-1.3426182092944585,-1.1445588223735603
2023-06-21,usd,-2.509331036465342,-1.3382136656626085,-1.1711173708027334
2023-06-22,usd,-2.503392129833535,-1.352598370800504,-1.1507937590330308
2023-06-23,usd,-2.4879845519170125,-1.3454006367494664,-1.142583915167546
2023-06-26,usd,-2.5076202174539044,-1.3435550085599346,-1.1640652088939698
2023-06-27,usd,-2.5052658770316487,-1.3434117619442707,-1.161854115087378
2023-06-28,usd,-2.5338089408610736,-1.344042701936746,-1.1897662389243275
2023-06-29,usd,-2.504287862930077,-1.3468748418144874,-1.1574130211155895
2023-06-30,usd,-2.5030422752219845,-1.3508287128244711,-1.1522135623975134
2023-07-03,usd,-2.506965653067955,-1.350460192956859,-1.156505460111096
2023-07-05,usd,-2.5543898421139173,-1.357364495894066,-1.1970253462198512
2023-07-06,usd,-2.7341406699102957,-1.3314834259556692,-1.4026572439546265
2023-07-07,usd,-2.7034381621575636,-1.3190854721016025,-1.384352690055961
2023-07-10,usd,-2.6696565164984407,-1.320493554325424,-1.3491629621730168
2023-07-11,usd,-2.6665264013746097,-1.32242052286964,-1.3441058785049698
2023-07-12,usd,-2.4945727105363784,-1.3310868144277284,-1.16348589610865
2023-07-13,usd,-2.505025653902372,-1.3255237541715776,-1.1795018997307944
2023-07-14,usd,-2.4887010509019127,-1.323361961427265,-1.1653390894746478
2023-07-17,usd,-2.601607718426957,-1.3122489771171426,-1.2893587413098144
2023-07-18,usd,-2.5832035571087113,-1.3245662958767837,-1.2586372612319277
2023-07-19,usd,-2.5607037847335685,-1.332388564399707,-1.2283152203338614
2023-07-20,usd,-2.5195379774853706,-1.3347027933350781,-1.1848351841502924
2023-07-21,usd,-2.5142053001080744,-1.3316150723464557,-1.1825902277616187
2023-07-24,usd,-2.4962136305240414,-1.3424571792985216,-1.1537564512255198
2023-07-25,usd,-2.5315789014206977,-1.3442885971976235,-1.1872903042230742
2023-07-26,usd,-2.5303954374846755,-1.344745592394126,-1.1856498450905495
2023-07-27,usd,-2.5032736315872253,-1.3513132997525144,-1.151960331834711
2023-07-28,usd,-2.5190792798074546,-1.3545275902176481,-1.1645516895898065
2023-07-31,usd,-2.4746054247045506,-1.3477014813278954,-1.1269039433766552
2023-08-01,usd,-2.442489693396115,-1.3524716932776966,-1.0900180001184183
2023-08-02,usd,-2.471782813572396,-1.3496419687394594,-1.1221408448329364
2023-08-03,usd,-2.478253974482744,-1.3477378440099284,-1.1305161304728155
2023-08-04,usd,-2.4815299732763862,-1.3509113186616912,-1.130618654614695
2023-08-07,usd,-2.545208563783461,-1.3381010514656908,-1.2071075123177701
2023-08-08,usd,-2.532212192699219,-1.3314627632314262,-1.200749429467793
2023-08-09,usd,-2.492711687211707,-1.3256112684041146,-1.1671004188075924
2023-08-10,usd,-2.488712570519855,-1.3221597695704976,-1.1665528009493573
2023-08-11,usd,-2.4762436081265293,-1.3544321524846104,-1.121811455641919
2023-08-14,usd,-2.466719691504852,-1.3528056835890232,-1.1139140079158287
2023-08-15,usd,-2.4706131592880594,-1.3620503014098586,-1.1085628578782007
2023-08-16,usd,-2.470363313952826,-1.3552579502455329,-1.115105363707293
2023-08-17,usd,-2.488029608587029,-1.3556852842731466,-1.1323443243138822
2023-08-18,usd,-2.4549920686191293,-1.3533126122846042,-1.1016794563345251
2023-08-21,usd,-2.460767489141744,-1.353348504816669,-1.1074189843250752
2023-08-22,usd,-2.3313621167277927,-1.3534717975731516,-0.9778903191546411
2023-08-23,usd,-2.3465754745079566,-1.3571383453180146,-0.989437129189942
2023-08-24,usd,-2.3428750051158818,-1.3552879274558876,-0.9875870776599942
2023-08-25,usd,-2.342674630981394,-1.3546719367595235,-0.9880026942218705
2023-08-28,usd,-2.341690685399839,-1.354648363029114,-0.987042322370725
2023-08-29,usd,-2.345768479331888,-1.3549300411358112,-0.9908384381960769
2023-08-30,usd,-2.2884419009439267,-1.356117877138133,-0.9323240238057937
2023-08-31,usd,-2.3190092108757376,-1.3495897617778112,-0.9694194490979264
2023-09-01,usd,-2.3293148427671753,-1.3446844478852873,-0.984630394881888
2023-09-05,usd,-2.302125195530662,-1.3468199534523018,-0.9553052420783603
2023-09-06,usd,-2.3093664295661123,-1.3446193873008712,-0.9647470422652411
2023-09-07,usd,-2.2155576453537456,-1.355043279800961,-0.8605143655527845
2023-09-08,usd,-2.217422276344794,-1.3571831314844836,-0.8602391448603106
2023-09-11,usd,-2.1427816677324087,-1.3550367077813967,-0.787744959951012
2023-09-12,usd,-1.9949651846893126,-1.3613453674318898,-0.6336198172574228
2023-09-13,usd,-1.9467383297176355,-1.3586684389173949,-0.5880698908002406
2023-09-14,usd,-1.7077637136596184,-1.3536801007534107,-0.3540836129062077
2023-09-15,usd,-1.7052540987359124,-1.3537103288207495,-0.3515437699151629
2023-09-18,usd,-1.7009296149093902,-1.3376306140713627,-0.36329900083802746
2023-09-19,usd,-1.7011582276870674,-1.3376922882091362,-0.36346593947793115
2023-09-20,usd,-1.6933261082356001,-1.3374617336694334,-0.3558643745661667
2023-09-21,usd,-1.6928501922559547,-1.3376987426190994,-0.3551514496368553
2023-09-22,usd,-1.7046110375068806,-1.3543990816207547,-0.35021195588612586
2023-09-25,usd,-1.7280333577907552,-1.35686922854742,-0.3711641292433352
2023-09-26,usd,-1.6933292810076574,-1.3448537670229328,-0.34847551398472465
2023-09-27,usd,-1.7881991119088076,-1.3555078562085,-0.43269125570030775
2023-09-28,usd,-1.8144385679065176,-1.3439593180417693,-0.4704792498647483
2023-09-29,usd,-1.7939037025651374,-1.3235704125533487,-0.4703332900117887
2023-10-02,usd,-1.7206962102265075,-1.336602000532204,-0.38409420969430363
2023-10-03,usd,-1.7507574659513574,-1.327506618118456,-0.42325084783290134
2023-10-04,usd,-1.7582539676209399,-1.3065651297961183,-0.4516888378248216
2023-10-05,usd,-1.7145956719943483,-1.2947809433980968,-0.41981472859625146
2023-10-06,usd,-1.7317690877611673,-1.2961648169936677,-0.43560427076749964
2023-10-09,usd,-1.7311273500763527,-1.298221783819796,-0.43290556625655663
2023-10-10,usd,-1.7095500907147327,-1.2893885593972014,-0.4201615313175313
2023-10-11,usd,-1.6991677147270283,-1.2906607896909363,-0.408506925036092
2023-10-12,usd,-1.6884816494915857,-1.2902731880634413,-0.3982084614281445
2023-10-13,usd,-1.6973445265720208,-1.265946126722089,-0.4313983998499318
2023-10-16,usd,-1.7296331376527707,-1.2719915755233502,-0.45764156212942053
2023-10-17,usd,-1.7228887011817067,-1.26091372887176,-0.46197497230994666
2023-10-18,usd,-1.711494685821108,-1.2294167787173125,-0.4820779071037955
2023-10-19,usd,-1.7017098339446686,-1.2324965736915094,-0.4692132602531591
2023-10-20,usd,-1.7193195840149513,-1.220831726870514,-0.49848785714443733
2023-10-23,usd,-1.776463892961535,-1.2205401990408027,-0.5559236939207324
2023-10-24,usd,-1.7000529998455416,-1.2067057419938652,-0.49334725785167644
2023-10-25,usd,-1.6985910785814584,-1.2041708934697402,-0.49442018511171826
2023-10-26,usd,-1.6513160903609285,-1.2094565351523634,-0.4418595552085651
2023-10-27,usd,-1.6106428413924465,-1.223260520650031,-0.3873823207424154
2023-10-30,usd,-1.6162765220572688,-1.2188461945865026,-0.39743032747076623
2023-10-31,usd,-1.6131362801203342,-1.2129095072455722,-0.40022677287476194
2023-11-01,usd,-1.6038373820323593,-1.2071822712125562,-0.3966551108198031
2023-11-02,usd,-1.6018945787032972,-1.188697999094877,-0.41319657960842027
2023-11-03,usd,-1.517722871779334,-1.1675670422256703,-0.35015582955366376
2023-11-06,usd,-1.5402587385779263,-1.1733812806189132,-0.36687745795901305
2023-11-07,usd,-1.4468808614039939,-1.121702114487196,-0.32517874691679793
2023-11-08,usd,-1.5031181424272082,-1.1480930891626118,-0.35502505326459644
2023-11-09,usd,-1.755072912164738,-1.1191004882854456,-0.6359724238792923
2023-11-10,usd,-1.6467591615421169,-1.117332369188378,-0.5294267923537388
2023-11-13,usd,-1.3434897342756114,-1.0463274219314713,-0.29716231234414003
2023-11-14,usd,-1.1747509666506242,-1.0445612699952824,-0.13018969665534175
2023-11-15,usd,-1.3471067655032372,-1.072099142406414,-0.27500762309682325
2023-11-16,usd,-1.3323463935633186,-1.0686002407669277,-0.2637461527963909
2023-11-17,usd,-1.3284743465887445,-1.0651257885997316,-0.2633485579890129
2023-11-20,usd,-1.3835096553762232,-1.0496039054576296,-0.33390574991859356
2023-11-21,usd,-1.3850587165063613,-1.0526359204458624,-0.33242279606049885
2023-11-22,usd,-1.2421911244578487,-1.0565225527084974,-0.18566857174935136
2023-11-24,usd,-1.2217163724242466,-1.0614729878871363,-0.1602433845371103
2023-11-27,usd,-1.1906891244764894,-1.0595972327841894,-0.13109189169230007
2023-11-28,usd,-1.2544653077864942,-1.0761952266047612,-0.17827008118173304
2023-11-29,usd,-1.2520832862889149,-1.069110345569414,-0.18297294071950088
2023-11-30,usd,-1.2509002231786255,-1.0712505473950584,-0.17964967578356705
2023-12-01,usd,-1.2565081209143816,-1.078982280384516,-0.17752584052986564
2023-12-04,usd,-1.2616322318634945,-1.0878409648965863,-0.17379126696690816
2023-12-05,usd,-1.2152291530150294,-1.0890133787865333,-0.12621577422849617
2023-12-06,usd,-1.2044874931780245,-1.0662438710432127,-0.13824362213481178
2023-12-07,usd,-1.2116735798899212,-1.072449221084806,-0.1392243588051152
2023-12-08,usd,-1.2115940791110964,-1.0741046179600768,-0.13748946115101957
2023-12-11,usd,-1.241539259465217,-1.082120884322342,-0.15941837514287505
2023-12-12,usd,-1.2435559806429533,-1.079948378797332,-0.16360760184562118
2023-12-13,usd,-1.184714361556894,-1.0348826465422476,-0.14983171501464643
2023-12-14,usd,-1.037144478083143,-0.972872993928974,-0.06427148415416895
2023-12-15,usd,-1.0470907424145623,-0.9774032437050669,-0.06968749870949542
2023-12-18,usd,-1.0142792297796484,-0.9501736696913278,-0.06410556008832058
2023-12-19,usd,-1.001616360927702,-0.9568128422236378,-0.04480351870406418
2023-12-20,usd,-1.0013679669236715,-0.9596251310421823,-0.04174283588148919
2023-12-21,usd,-0.9933862778060091,-0.9481781157259306,-0.045208162080078496
2023-12-22,usd,-0.9832337053474329,-0.949254605206258,-0.03397910014117489
2023-12-26,usd,-0.9637655453566439,-0.9531506669754174,-0.010614878381226545
2023-12-27,usd,-0.9953751063004664,-0.9537205587973248,-0.04165454750314168
2023-12-28,usd,-1.0001266319916442,-0.9488963537941284,-0.0512302781975158
2023-12-29,usd,-0.9967047060953758,-0.9467037610076431,-0.05000094508773267
2024-01-02,usd,-0.830896925731097,-0.9340334105005286,0.1031364847694316
2024-01-03,usd,-0.8975563843602289,-0.9394060482981205,0.04184966393789158
2024-01-04,usd,-0.9163283313620622,-0.9653566292701671,0.04902829790810492
2024-01-05,usd,-0.9093532670925674,-0.9564619011412235,0.04710863404865617
2024-01-08,usd,-0.9384375475568552,-0.9380954439748679,-0.0003421035819872742
2024-01-09,usd,-0.9723162809271577,-0.9017399878201149,-0.07057629310704283
2024-01-10,usd,-0.9548793381890321,-0.9170028822645547,-0.037876455924477415
2024-01-11,usd,-0.9586747924871778,-0.9171734109114388,-0.041501381575739016
2024-01-12,usd,-0.8866847198580876,-0.9251486983509237,0.038463978492836115
2024-01-16,usd,-0.7384440757827636,-0.9183037059328567,0.1798596301500931
2024-01-17,usd,-0.7405874667234208,-0.9213962203231523,0.18080875359973148
2024-01-18,usd,-0.7276169669547623,-0.9239346604340299,0.19631769347926764
2024-01-19,usd,-0.7546180474311145,-0.9264517599203103,0.17183371248919577
2024-01-22,usd,-0.7814805262737231,-0.9586543578932152,0.17717383161949207
2024-01-23,usd,-0.7755783717887975,-0.9523622299815427,0.17678385819274522
2024-01-24,usd,-0.7628892748126019,-0.9273832004131715,0.16449392560056952
2024-01-25,usd,-0.7559168360588187,-0.9203981712110085,0.16448133515218988
2024-01-26,usd,-0.791189780183316,-0.9172958427922838,0.12610606260896784
2024-01-29,usd,-0.773416393428332,-0.9100298028963743,0.13661340946804224
2024-01-30,usd,-0.7787074679014312,-0.9102108717328292,0.13150340383139802
2024-01-31,usd,-0.7662234405784655,-0.9093056389000869,0.1430821983216214
2024-02-01,usd,-0.772495108389482,-0.9132747383499042,0.14077962996042226
2024-02-02,usd,-0.7554975111061031,-0.9119154936092725,0.1564179825031694
2024-02-05,usd,-0.7634918939442973,-0.9362331739674153,0.17274128002311806
2024-02-06,usd,-0.7125337603093739,-0.8784956760441042,0.1659619157347303
2024-02-07,usd,-0.6807507361182721,-0.9089374701978378,0.2281867340795657
2024-02-08,usd,-0.6620794392503149,-0.9094432981207032,0.24736385887038836
2024-02-09,usd,-0.6808977223128463,-0.9084093266629608,0.22751160435011453
2024-02-12,usd,-0.7203714532865891,-0.9123545316111473,0.1919830783245582
2024-02-13,usd,-0.7406638418648568,-0.931728711045098,0.19106486918024124
2024-02-14,usd,-0.7607672859118577,-0.9344908945725309,0.17372360866067316
2024-02-15,usd,-0.7531713041909749,-0.9375126219597049,0.18434131776872997
2024-02-16,usd,-0.8921417115029653,-0.9275646149277995,0.03542290342483423
2024-02-20,usd,-0.8920149415740614,-0.9295195540811677,0.03750461250710635
2024-02-21,usd,-0.895383000173478,-0.9304255084451818,0.03504250827170374
2024-02-22,usd,-0.8880387100116288,-0.9295085164897342,0.04146980647810539
2024-02-23,usd,-0.8638230423656947,-0.9275209369434676,0.06369789457777286
2024-02-26,usd,-0.863343982019124,-0.9284734323339809,0.06512945031485695
2024-02-27,usd,-0.8280319322981694,-0.9216949433157615,0.09366301101759211
2024-02-28,usd,-0.7984520445245954,-0.9191011031001112,0.12064905857551578
2024-02-29,usd,-0.7958309925427903,-0.9174960447231081,0.12166505218031776
2024-03-01,usd,-0.805994512074242,-0.9270044433152652,0.12100993124102322
2024-03-04,usd,-0.8377420811861432,-0.9379879414520879,0.10024586026594462
2024-03-05,usd,-0.9085881064527058,-0.9291330318794996,0.02054492542679376
2024-03-06,usd,-1.0098854337726844,-0.9426619789545488,-0.06722345481813552
2024-03-07,usd,-0.9811101226240825,-0.9103277335582627,-0.0707823890658198
2024-03-08,usd,-0.9927330169673663,-0.914712212008515,-0.07802080495885122
2024-03-11,usd,-0.9838364580678695,-0.9143295732818226,-0.06950688478604683
2024-03-12,usd,-0.9989184599625942,-0.9062879386840021,-0.09263052127859206
2024-03-13,usd,-0.793242757271014,-0.8867110049417304,0.09346824767071638
2024-03-14,usd,-0.8597299025301548,-0.8868804149365067,0.027150512406351912
2024-03-15,usd,-0.7748700400878176,-0.9464479004407275,0.1715778603529099
2024-03-18,usd,-0.7729067199983893,-0.9466447823795767,0.17373806238118739
2024-03-19,usd,-0.7871362912486713,-0.9305751020457285,0.14343881079705711
2024-03-20,usd,-0.7340741832014378,-0.938713182912285,0.2046389997108472
2024-03-21,usd,-0.7253792299992857,-0.9461341604934733,0.2207549304941876
2024-03-22,usd,-0.810569382242046,-0.9395696459603332,0.1290002637182872
2024-03-25,usd,-0.7040930858518015,-0.9238075964335382,0.21971451058173663
2024-03-26,usd,-0.6592010406356618,-0.9073073797663288,0.24810633913066704
2024-03-27,usd,-0.6825751778426636,-0.9174330700632642,0.2348578922206006
2024-03-28,usd,-0.6574861321978216,-0.9079499051756612,0.2504637729778396
2024-04-01,usd,-0.6866691045120275,-0.8868065048477789,0.20013740033575145
2024-04-02,usd,-0.6639412294759274,-0.8895100701359461,0.2255688406600187
2024-04-03,usd,-0.6538994762674795,-0.897131327996072,0.24323185172859252
2024-04-04,usd,-0.6910699329116476,-0.8881077491116234,0.19703781619997573
2024-04-05,usd,-0.7047047292983069,-0.8640564991554859,0.15935176985717903
2024-04-08,usd,-0.7534327256295491,-0.867300184558937,0.11386745892938788
2024-04-09,usd,-0.7473993076351598,-0.8677402007505711,0.1203408931154113
2024-04-10,usd,-0.7634316310671921,-0.8719663227772264,0.10853469171003427
2024-04-11,usd,-0.7360105348689435,-0.8664463682731882,0.1304358334042447
2024-04-12,usd,-0.8929236936665249,-0.8874687397831781,-0.005454953883346825
2024-04-15,usd,-0.8943351168164371,-0.8605399643164594,-0.033795152499977665
2024-04-16,usd,-0.9116936821709858,-0.8226446481209541,-0.08904903405003173
2024-04-17,usd,-0.8563280149178271,-0.8154569364262912,-0.04087107849153582
2024-04-18,usd,-0.8462603722560192,-0.8144427185924672,-0.03181765366355205
2024-04-19,usd,-0.8192194818102534,-0.8106428923923831,-0.008576589417870317
2024-04-22,usd,-0.8576184648180868,-0.8034831940657009,-0.05413527075238589
2024-04-23,usd,-0.8287122661409762,-0.7907187381972182,-0.03799352794375799
2024-04-24,usd,-0.8511086309273007,-0.7908000229784976,-0.060308607948803106
2024-04-25,usd,-0.8642228740840538,-0.8022312801177273,-0.061991593966326586
2024-04-26,usd,-0.8656248137492081,-0.8101639194538722,-0.05546089429533585
2024-04-29,usd,-0.8595471270732714,-0.8021974175123955,-0.05734970956087593
2024-04-30,usd,-0.96356248444039,-0.8307012983559773,-0.13286118608441277
2024-05-01,usd,-0.9264998642181241,-0.8274751900919523,-0.09902467412617189
2024-05-02,usd,-1.0125947310296919,-0.8225626086507696,-0.1900321223789223
2024-05-03,usd,-1.0921090737942976,-0.8106318267226078,-0.28147724707168975
2024-05-06,usd,-1.098821893790669,-0.8162939912584455,-0.2825279025322236
2024-05-07,usd,-1.073578176075266,-0.8553780003273955,-0.21820017574787054
2024-05-08,usd,-1.07645190964796,-0.856269156097209,-0.2201827535507509
2024-05-09,usd,-1.0873622423290608,-0.8656346798511326,-0.22172756247792813
2024-05-10,usd,-1.0740586555863312,-0.8728670119672476,-0.2011916436190836
2024-05-13,usd,-1.0255416968432647,-0.8632193519180638,-0.16232234492520092
2024-05-14,usd,-0.9956080665083938,-0.8661234275318465,-0.12948463897654738
2024-05-15,usd,-1.0987471265219502,-0.882822082190607,-0.21592504433134319
2024-05-16,usd,-1.0897067053921512,-0.8797743364604824,-0.20993236893166878
2024-05-17,usd,-1.1158882349949344,-0.8778599860231997,-0.2380282489717347
2024-05-20,usd,-1.076681501218763,-0.8597865407293361,-0.2168949604894268
2024-05-21,usd,-1.0868541631816413,-0.8525028360549067,-0.23435132712673457
2024-05-22,usd,-1.0853036288954339,-0.8621326251237927,-0.22317100377164112
2024-05-23,usd,-1.1206819158809915,-0.87782714970208,-0.24285476617891155
2024-05-24,usd,-1.1116513575019766,-0.8732370404350028,-0.2384143170669738
2024-05-28,usd,-1.1111119317444205,-0.8686966682777171,-0.2424152634667034
2024-05-29,usd,-1.1439303243250358,-0.8801858488226901,-0.2637444755023457
2024-05-30,usd,-1.1446340344827721,-0.8784998747708174,-0.26613415971195475
2024-05-31,usd,-1.1075594158744093,-0.886851775806303,-0.22070764006810628
2024-06-03,usd,-1.1498669405346555,-0.8763573409742639,-0.27350959956039167
2024-06-04,usd,-1.1249963775013747,-0.889063547472617,-0.23593283002875776
2024-06-05,usd,-1.1322019821427756,-0.8959785866340093,-0.23622339550876625
2024-06-06,usd,-1.113479967126101,-0.8993699883974013,-0.21410997872869975
2024-06-07,usd,-1.169810147161289,-1.0220897486810794,-0.14772039848020957
2024-06-10,usd,-1.1713883771560925,-0.9975050145728102,-0.1738833625832823
2024-06-11,usd,-1.189279178589405,-0.9990080422374331,-0.1902711363519719
2024-06-12,usd,-1.169689572179229,-0.9991981441673273,-0.17049142801190176
2024-06-13,usd,-1.1884737923195632,-1.0239550412611993,-0.1645187510583639
2024-06-14,usd,-1.2113339381566481,-1.0242711329116179,-0.18706280524503027
2024-06-17,usd,-1.2293505222527277,-1.021380543011929,-0.20796997924079874
2024-06-18,usd,-1.170664742851499,-1.0244038693863189,-0.14626087346518002
2024-06-20,usd,-1.2764386432723185,-1.0027726214573098,-0.27366602181500865
2024-06-21,usd,-1.2121436994109047,-0.9999277187181035,-0.21221598069280123
2024-06-24,usd,-1.0844743750173442,-0.9993801261211824,-0.0850942488961618
2024-06-25,usd,-1.0839395272781385,-1.0095937097649919,-0.07434581751314662
2024-06-26,usd,-1.1093861779700707,-1.0174725725066611,-0.09191360546340954
2024-06-27,usd,-1.1019668371394007,-1.0205310279860735,-0.08143580915332715
2024-06-28,usd,-1.0619031225575681,-1.0204066674367316,-0.04149645512083655
2024-07-01,usd,-1.0295989073312657,-1.0170017799308328,-0.01259712740043284
2024-07-02,usd,-1.020131286174285,-1.0124019009617915,-0.007729385212493556
2024-07-03,usd,-0.9515215878076674,-1.0244966960835866,0.07297510827591924
2024-07-05,usd,-0.8591665661472927,-1.0341858659727743,0.1750192998254816
2024-07-08,usd,-0.8522900947987052,-1.0274997603291443,0.17520966553043904
2024-07-09,usd,-0.8780824983970963,-1.026972832968275,0.14889033457117873
2024-07-10,usd,-0.8594077733062637,-1.028357633680538,0.16894986037427429
2024-07-11,usd,-0.8613377980868173,-1.0482674424074805,0.18692964432066317
2024-07-12,usd,-0.9475364137325105,-1.0306124010542566,0.08307598732174604
2024-07-15,usd,-0.8178544268145251,-1.0360992629126033,0.2182448360980782
2024-07-16,usd,-0.8439314963100811,-1.0344415781094345,0.19051008179935336
2024-07-17,usd,-0.8296652216954357,-1.0279716294568728,0.19830640776143715
2024-07-18,usd,-0.850734602374514,-1.0282813431588527,0.17754674078433863
2024-07-19,usd,-0.7945376613752435,-1.0507700249467717,0.25623236357152823
2024-07-22,usd,-0.7821096861370455,-1.0473751391051882,0.26526545296814275
2024-07-23,usd,-0.809171545933398,-1.0439901083841883,0.23481856245079025
2024-07-24,usd,-0.8272273395893307,-1.0495374972878981,0.22231015769856743
2024-07-25,usd,-0.8236233270559693,-1.0466449540943825,0.22302162703841322
2024-07-26,usd,-0.800969281377245,-1.0403418637758206,0.23937258239857562
2024-07-29,usd,-0.8138653724076702,-1.031030066648937,0.21716469424126672
2024-07-30,usd,-0.8236717903052202,-1.0234123438108944,0.1997405535056742
2024-07-31,usd,-0.7787765199881606,-1.0521420792553633,0.27336555926720274
2024-08-01,usd,-0.8187592418629729,-1.0403953898400837,0.22163614797711084
2024-08-02,usd,-0.7822307238855704,-1.0282756906362003,0.24604496675062992
2024-08-05,usd,-0.8420878296120914,-1.033772562714049,0.19168473310195766
2024-08-06,usd,-0.8655287284955255,-1.0411136397678136,0.17558491127228804
2024-08-07,usd,-0.8534250668870567,-1.039264370278033,0.18583930339097643
2024-08-08,usd,-0.9519739533393581,-1.041185051184072,0.08921109784471382
2024-08-09,usd,-0.9951989260875929,-1.0402226043504221,0.04502367826282927
2024-08-12,usd,-1.0311618680451402,-1.0270877750583298,-0.004074092986810385
2024-08-13,usd,-1.0515364404727496,-1.0286283860203433,-0.02290805445240629
2024-08-14,usd,-0.9586165411403859,-0.9954806167262985,0.03686407558591265
2024-08-15,usd,-0.973363199695419,-0.992289913398708,0.018926713703289022
2024-08-16,usd,-1.0021960364993732,-1.0040477175316638,0.0018516810322906085
2024-08-19,usd,-0.935179747684342,-0.9889631574806883,0.053783409796346326
2024-08-20,usd,-0.9646527874908027,-0.9903317008742091,0.025678913383406332
2024-08-21,usd,-0.9553998083477787,-0.9910437247467185,0.03564391639893982
2024-08-22,usd,-1.0013800781840152,-1.0085537295087388,0.0071736513247235845
2024-08-23,usd,-1.1136043110082943,-1.0105558050984598,-0.1030485059098345
2024-08-26,usd,-1.1004313285398808,-1.0073954728173315,-0.09303585572254924
2024-08-27,usd,-1.110378929078939,-1.0054171682026853,-0.10496176087625364
2024-08-28,usd,-1.1181899162297577,-1.00597228343566,-0.1122176327940978
2024-08-29,usd,-1.0971682066984518,-0.9957377398309858,-0.10143046686746604
2024-08-30,usd,-1.1583151079321594,-1.002710916512458,-0.1556041914197015
2024-09-03,usd,-1.115367495370083,-1.0069069792670755,-0.10846051610300744
2024-09-04,usd,-1.0728201810483393,-1.0120614617766595,-0.06075871927167986
2024-09-05,usd,-1.0739728914835998,-1.00443666365193,-0.0695362278316698
2024-09-06,usd,-1.083605698447813,-1.0023782936097991,-0.08122740483801394
2024-09-09,usd,-1.033453720977791,-0.9985834960039391,-0.03487022497385184
2024-09-10,usd,-1.017883263671368,-0.9923650024030064,-0.025518261268361542
2024-09-11,usd,-1.1096031975173382,-0.9982738187886943,-0.1113293787286439
2024-09-12,usd,-1.111815594162454,-1.0173199657455712,-0.09449562841688275
2024-09-13,usd,-1.151837870897284,-1.0288017947329648,-0.12303607616431922
2024-09-16,usd,-1.1436663376382745,-1.0278280408155387,-0.11583829682273583
2024-09-17,usd,-1.1331456551458108,-1.0293325614031783,-0.10381309374263248
2024-09-18,usd,-1.1324786049396498,-1.027706022006487,-0.10477258293316272
2024-09-19,usd,-1.1764988476603908,-1.0398597962910536,-0.13663905136933718
2024-09-20,usd,-1.1913542208981063,-1.036916345462048,-0.15443787543605825
2024-09-23,usd,-1.1682594522536898,-1.0289697038052588,-0.139289748448431
2024-09-24,usd,-1.1793653297270812,-1.0404757557113524,-0.13888957401572877
2024-09-25,usd,-1.188454172031306,-1.037138831484941,-0.15131534054636497
2024-09-26,usd,-1.207663639184749,-1.0293182339238065,-0.17834540526094256
2024-09-27,usd,-1.2105601461114572,-1.0116898934304925,-0.1988702526809647
2024-09-30,usd,-1.1951881249880754,-1.03487553636578,-0.16031258862229536
2024-10-01,usd,-1.2483669617725264,-1.0267999374345054,-0.221567024338021
2024-10-02,usd,-1.3604072793228754,-1.0088956842092804,-0.351511595113595
2024-10-03,usd,-1.2645863120784226,-1.008358568117507,-0.25622774396091574
2024-10-04,usd,-1.2509690576122998,-1.0117042067638973,-0.23926485084840254
2024-10-07,usd,-1.2316842335571236,-1.013388284131459,-0.21829594942566466
2024-10-08,usd,-1.2313434965034162,-1.0215814514994541,-0.20976204500396212
2024-10-09,usd,-1.249529855262522,-1.0261630153684975,-0.2233668398940245
2024-10-10,usd,-1.295315662965961,-1.0307860780315894,-0.2645295849343716
2024-10-11,usd,-1.336723665711607,-1.0318027651540473,-0.3049209005575597
2024-10-14,usd,-1.3356716863412477,-1.03049955302441,-0.30517213331683757
2024-10-15,usd,-1.302567604021311,-1.0683071248803846,-0.2342604791409264
2024-10-16,usd,-1.2220989221421648,-1.065971368187655,-0.15612755395450972
2024-10-17,usd,-1.2360235823953505,-1.0623247388022745,-0.17369884359307597
2024-10-18,usd,-1.2353749962784295,-1.1216901439137419,-0.11368485236468762
2024-10-21,usd,-1.2572104442901493,-1.113051847541848,-0.14415859674830123
2024-10-22,usd,-1.2379108292820975,-1.115633975577127,-0.12227685370497055
2024-10-23,usd,-1.1850644493009113,-1.1379343871700685,-0.04713006213084281
2024-10-24,usd,-1.3091766975056005,-1.1440769376537778,-0.16509975985182268
2024-10-25,usd,-1.3330415472659736,-1.1458815057062182,-0.1871600415597554
2024-10-28,usd,-1.2840665557160431,-1.1474592154844723,-0.13660734023157084
2024-10-29,usd,-1.303577117389049,-1.1349189802349742,-0.16865813715407474
2024-10-30,usd,-1.2864463739535028,-1.1435940539677318,-0.14285231998577097
2024-10-31,usd,-1.2922052639554655,-1.1372127054578522,-0.1549925584976133
2024-11-01,usd,-1.2930372162522243,-1.1382716631024976,-0.15476555314972673
2024-11-04,usd,-1.2607054793886676,-1.1611513373031577,-0.09955414208550994
2024-11-05,usd,-1.406440407424711,-1.2034701468533209,-0.20297026057139012
2024-11-06,usd,-0.923058447805818,-1.3084869140533757,0.38542846624755767
2024-11-07,usd,-0.9307968421361191,-1.3256756394781153,0.39487879734199616
2024-11-08,usd,-0.9151285644669641,-1.3243966444531883,0.40926807998622416
2024-11-11,usd,-0.923984730180072,-1.323277180665808,0.3992924504857359
2024-11-12,usd,-0.7712717953569085,-1.3127012168485057,0.5414294214915972
2024-11-13,usd,-0.7561866048455594,-1.3267087593889035,0.5705221545433441
2024-11-14,usd,-0.9909237127847474,-1.3454354665486967,0.3545117537639493
2024-11-15,usd,-0.9438753753681424,-1.3516056397402056,0.4077302643720633
2024-11-18,usd,-0.9224106538797758,-1.3724435326882767,0.45003287880850085
2024-11-19,usd,-0.9153849713297558,-1.3846523281809227,0.46926735685116683
2024-11-20,usd,-0.8285391457443897,-1.392905261446356,0.5643661157019663
2024-11-21,usd,-0.8041230495102929,-1.3835912783778452,0.5794682288675523
2024-11-22,usd,-0.8231652208859597,-1.362222965374947,0.5390577444889872
2024-11-25,usd,-0.7248329566291397,-1.2929185542614086,0.5680855976322688
2024-11-26,usd,-0.8029223426991174,-1.2835679932724313,0.4806456505733139
2024-11-27,usd,-0.8544399856414067,-1.2558741310733323,0.4014341454319257
2024-11-29,usd,-0.8405132568931465,-1.2631927881210865,0.42267953122794
2024-12-02,usd,-0.8697057691044314,-1.271036417437107,0.4013306483326755
2024-12-03,usd,-0.8372436969513317,-1.2530032806076372,0.4157595836563055
2024-12-04,usd,-1.0199626166444602,-1.2156696136970575,0.1957069970525973
2024-12-05,usd,-1.0729280261063974,-1.1967709117284906,0.12384288562209322
2024-12-06,usd,-1.0601851827084874,-1.1954561734246107,0.13527099071612336
2024-12-09,usd,-1.0319853619523356,-1.199179502128785,0.1671941401764494
2024-12-10,usd,-1.043447383493758,-1.1717343103808557,0.12828692688709764
2024-12-11,usd,-1.0165260117986625,-1.1689442864203563,0.15241827462169377
2024-12-12,usd,-1.0178920268726928,-1.1788256820663001,0.16093365519360736
2024-12-13,usd,-1.071938176301554,-1.2403924327514342,0.1684542564498801
2024-12-16,usd,-1.208025457842374,-1.3288356680871254,0.12081021024475147
2024-12-17,usd,-1.1896709946566755,-1.3256387374743026,0.13596774281762714
2024-12-18,usd,-1.211641987435396,-1.3378677418347034,0.12622575439930728
2024-12-19,usd,-1.3760715062497784,-1.29413532227763,-0.08193618397214841
2024-12-20,usd,-1.3453611771056417,-1.2978960457841182,-0.047465131321523524
2024-12-23,usd,-1.3949313193531074,-1.2971113262353682,-0.09781999311773926
2024-12-24,usd,-1.4082770443043569,-1.296696711528072,-0.11158033277628476
2024-12-26,usd,-1.4403577924425017,-1.293547617396016,-0.14681017504648564
2024-12-27,usd,-1.3995594206819124,-1.2985065448616055,-0.10105287582030686
2024-12-30,usd,-1.414556932088578,-1.303172632865106,-0.11138429922347193
2024-12-31,usd,-1.4283198148766707,-1.2874114995797852,-0.14090831529688552
2025-01-02,usd,-1.6669659211425027,-1.2994043975627276,-0.3675615235797751
2025-01-03,usd,-1.5877128864359753,-1.2883162473631393,-0.299396639072836
2025-01-06,usd,-1.665058101748646,-1.2425024072409006,-0.42255569450774555
2025-01-07,usd,-1.6869566115188954,-1.2460659209201184,-0.44089069059877706
2025-01-08,usd,-1.6854821496870094,-1.2396009122705072,-0.4458812374165022
2025-01-10,usd,-1.641922511928086,-1.197614151548905,-0.4443083603791811
2025-01-13,usd,-1.6455368605279828,-1.2022153707819896,-0.44332148974599317
2025-01-14,usd,-1.6992981419211899,-1.1963927869329414,-0.5029053549882485
2025-01-15,usd,-1.8344094856461917,-1.192062643033884,-0.6423468426123076
2025-01-16,usd,-1.8361577742153443,-1.1832131375717572,-0.6529446366435872
2025-01-17,usd,-1.8182889621274478,-1.1680766043195518,-0.650212357807896
2025-01-21,usd,-1.833994726232576,-1.182698366123372,-0.6512963601092039
2025-01-22,usd,-1.8109858298664858,-1.1850500613559898,-0.625935768510496
2025-01-23,usd,-1.810543444351319,-1.1838204629310058,-0.6267229814203132
2025-01-24,usd,-1.7676239243437282,-1.1905230262509263,-0.5771008980928019
2025-01-27,usd,-1.8491178779032902,-1.2483693704629155,-0.6007485074403747
2025-01-28,usd,-1.8621223292687974,-1.2505365600636769,-0.6115857692051205
2025-01-29,usd,-1.8120260590523758,-1.255757438114951,-0.5562686209374248
2025-01-30,usd,-1.8356133464978057,-1.2751931674109307,-0.560420179086875
2025-01-31,usd,-1.8756830033634093,-1.2726061273319986,-0.6030768760314107
2025-02-03,usd,-1.9032919872297764,-1.2526713724655738,-0.6506206147642026
2025-02-04,usd,-1.7276618277176312,-1.2422564878757096,-0.4854053398419216
2025-02-05,usd,-1.7223724692319002,-1.232557639903099,-0.48981482932880116
2025-02-06,usd,-1.709141502779923,-1.2296356685082561,-0.47950583427166693
2025-02-07,usd,-1.7076029401029738,-1.2284453012433694,-0.4791576388596044
2025-02-10,usd,-1.6899495735925483,-1.217262103822862,-0.47268746976968634
2025-02-11,usd,-1.6825379256431943,-1.209925854501361,-0.47261207114183335
2025-02-12,usd,-1.678105696652401,-1.2108054179937737,-0.46730027865862733
2025-02-13,usd,-1.6208506020150537,-1.220965155324902,-0.3998854466901518
2025-02-14,usd,-1.5882006891862808,-1.1266264529318255,-0.46157423625445526
2025-02-18,usd,-1.5792909086710896,-1.1211950842866656,-0.458095824384424
2025-02-19,usd,-1.5454687193214613,-1.1139854035967933,-0.431483315724668
2025-02-20,usd,-1.578181208242575,-1.0970339216357716,-0.4811472866068034
2025-02-21,usd,-1.5796734725805819,-1.095074154684924,-0.4845993178956578
2025-02-24,usd,-1.5815455058143482,-1.0946824974044382,-0.4868630084099099
2025-02-25,usd,-1.6240406501702562,-1.1027431627611703,-0.5212974874090859
2025-02-26,usd,-1.6099834461684466,-1.101084905666756,-0.5088985405016906
2025-02-27,usd,-1.6187140243653486,-1.1289329287804941,-0.4897810955848545
2025-02-28,usd,-1.5876457832805428,-1.1361562278005402,-0.4514895554800027
2025-03-03,usd,-1.6483784061092948,-1.151326403241632,-0.4970520028676628
2025-03-04,usd,-1.6427375774758914,-1.1441641990649842,-0.4985733784109072
2025-03-05,usd,-1.7447869046193099,-1.063469692128426,-0.681317212490884
2025-03-06,usd,-1.6710776973523045,-1.0409604818898361,-0.6301172154624683
2025-03-07,usd,-1.6593483223143668,-1.0397958256138333,-0.6195524967005335
2025-03-10,usd,-1.631021411600212,-1.0419096154265275,-0.5891117961736845
2025-03-11,usd,-1.6659392077350788,-1.0471947859172874,-0.6187444218177913
2025-03-12,usd,-1.6453136593225737,-1.0436425814257293,-0.6016710778968444
2025-03-13,usd,-1.6647117503305748,-1.0368126770695787,-0.6278990732609961
2025-03-14,usd,-1.718351414783901,-1.0280982527562965,-0.6902531620276044
2025-03-17,usd,-1.690719364180122,-1.0265174863239328,-0.6642018778561891
2025-03-18,usd,-1.6495996917209066,-1.0194815538536266,-0.63011813786728
2025-03-19,usd,-1.605049568379327,-1.012425554241846,-0.592624014137481
2025-03-20,usd,-1.5965071774912043,-1.014076948823133,-0.5824302286680714
2025-03-21,usd,-1.5525557011182671,-1.0213163204925675,-0.5312393806256996
2025-03-24,usd,-1.5664904258357866,-1.018189452725388,-0.5483009731103985
2025-03-25,usd,-1.5699702320594469,-1.0210643287505266,-0.5489059033089203
2025-03-26,usd,-1.5564528428071065,-1.0131356031031449,-0.5433172397039616
2025-03-27,usd,-1.487790529395399,-1.0080565364456118,-0.47973399294978725
2025-03-28,usd,-1.4906108686563755,-1.0074669184960163,-0.48314395016035916
2025-03-31,usd,-1.5079040249718705,-0.9916061499117063,-0.5162978750601642
2025-04-01,usd,-1.5386616497673165,-0.9871046398108838,-0.5515570099564326
2025-04-02,usd,-1.5252985010214184,-1.0069948904301838,-0.5183036105912346
2025-04-03,usd,-1.1323810889060277,-0.8830692208749907,-0.249311868031037
2025-04-04,usd,-1.0245523290548353,-0.9375818575077446,-0.0869704715470907
2025-04-07,usd,-1.194469539555798,-0.9940751246908837,-0.20039441486491438
2025-04-08,usd,-1.1864668486293177,-1.0042371714474025,-0.18222967718191518
2025-04-09,usd,-1.1914581890374174,-1.029117469886035,-0.16234071915138237
2025-04-10,usd,-0.9722097446169147,-1.0761746206807083,0.10396487606379368
2025-04-11,usd,-1.1669431584493282,-1.0948289633715216,-0.07211419507780659
2025-04-14,usd,-1.1765806929574512,-1.0851600641918164,-0.09142062876563473
2025-04-15,usd,-1.0828224293676882,-1.065809324332222,-0.01701310503546627
2025-04-16,usd,-1.0587169996626618,-1.113613370500009,0.05489637083734733
2025-04-17,usd,-1.051013184427841,-1.123871186830595,0.07285800240275409
2025-04-21,usd,-1.1129836795983092,-1.1800878217248287,0.0671041421265195
2025-04-22,usd,-1.09694933908641,-1.1846933853767014,0.08774404629029142
2025-04-23,usd,-1.052674539198019,-1.2215514303948423,0.16887689119682325
2025-04-24,usd,-1.0477985354360975,-1.228858031364585,0.18105949592848747
2025-04-25,usd,-1.054714519972482,-1.2347082482961933,0.1799937283237114
2025-04-28,usd,-1.031214252846428,-1.2394773361440274,0.20826308329759935
2025-04-29,usd,-1.0307319563713926,-1.234293453890546,0.2035614975191533
2025-04-30,usd,-1.0253268018831652,-1.2352448380605552,0.20991803617739002
2025-05-01,usd,-1.0001085833531944,-1.271644174008202,0.27153559065500765
2025-05-02,usd,-0.9176371132652027,-1.2375657317219526,0.3199286184567499
2025-05-05,usd,-0.8921565618329156,-1.2561683433773894,0.3640117815444738
2025-05-06,usd,-0.8335849667003443,-1.2898750052600594,0.45629003855971506
2025-05-07,usd,-0.7940086218883187,-1.2984693341385665,0.5044607122502478
2025-05-08,usd,-0.6797810200829122,-1.3214396211019228,0.6416586010190106
2025-05-09,usd,-0.688683172277936,-1.3214566085468271,0.6327734362688912
2025-05-12,usd,-0.7109735982633748,-1.3754025177910536,0.6644289195276788
2025-05-13,usd,-0.746448189441016,-1.3694686836062058,0.6230204941651898
2025-05-14,usd,-0.7454067746775083,-1.3459731939516688,0.6005664192741605
2025-05-15,usd,-0.7475334827860493,-1.3391234903049913,0.5915900075189421
2025-05-16,usd,-0.7501895969928447,-1.3450172442802597,0.594827647287415
2025-05-19,usd,-0.6594719506498574,-1.344638584758951,0.6851666341090936
2025-05-20,usd,-0.6688985215161035,-1.3520185202307065,0.6831199987146029
2025-05-21,usd,-0.685256184665133,-1.3519662059527064,0.6667100212875734
2025-05-22,usd,-0.6647838882041565,-1.3576376854750847,0.6928537972709282
2025-05-23,usd,-0.6075567701208574,-1.381733502362132,0.7741767322412746
2025-05-27,usd,-0.6030796061489837,-1.3833909558769897,0.780311349728006
2025-05-28,usd,-0.6112356904337009,-1.371705973029398,0.760470282595697
2025-05-29,usd,-0.58324801691263,-1.3720809450233682,0.7888329281107382
2025-05-30,usd,-0.5963789556272235,-1.3716298794017439,0.7752509237745203
2025-06-02,usd,-0.5538894946411584,-1.396633164376626,0.8427436697354677
2025-06-03,usd,-0.5307738465391098,-1.403263685444471,0.8724898389053614
2025-06-04,usd,-0.5063592970836863,-1.401381443656991,0.8950221465733046
2025-06-05,usd,-0.5142058695728214,-1.4070172215450178,0.8928113519721964
2025-06-06,usd,-0.5201669234077659,-1.4079212490093433,0.8877543256015774
2025-06-09,usd,-0.5417139051830664,-1.4039509156138301,0.8622370104307637
2025-06-10,usd,-0.544580379395869,-1.4018310234324645,0.8572506440365955
2025-06-11,usd,-0.4819305652178894,-1.317288078499379,0.8353575132814897
2025-06-12,usd,-0.4599162355340507,-1.3374741759057713,0.8775579403717206
2025-06-13,usd,-0.4558093020997225,-1.3320220868426036,0.8762127847428811
2025-06-16,usd,-0.4700772433366999,-1.3245602403383605,0.8544829970016605
2025-06-17,usd,-0.5012541420476254,-1.3169292667235284,0.815675124675903
2025-06-18,usd,-0.4997278781727138,-1.3258792044945553,0.8261513263218415
2025-06-20,usd,-0.5085404965702988,-1.3229420302808554,0.8144015337105567
2025-06-23,usd,-0.536265223431428,-1.3217445450516374,0.7854793216202094
2025-06-24,usd,-0.5838577658702887,-1.2712094690859876,0.6873517032156989
2025-06-25,usd,-0.5875378413287906,-1.2746538980662374,0.6871160567374468
2025-06-26,usd,-0.6615480309739701,-1.2573790801530653,0.5958310491790952
2025-06-27,usd,-0.6919149430466582,-1.2564223055443948,0.5645073624977366
2025-06-30,usd,-0.680238583186548,-1.2550518863836497,0.5748133031971018
2025-07-01,usd,-0.6785167872866671,-1.2589360003989682,0.5804192131123012
2025-07-02,usd,-0.6881522509237634,-1.2598952645016375,0.571743013577874
2025-07-03,usd,-0.725644375488493,-1.2618068217087224,0.5361624462202293
2025-07-07,usd,-0.7487143276119165,-1.25895209611402,0.5102377685021035
2025-07-08,usd,-0.7849593696715162,-1.2586501251015305,0.47369075543001427
2025-07-09,usd,-0.8500416025387602,-1.2518612534955975,0.40181965095683736
2025-07-10,usd,-0.8469391265090692,-1.255483337179736,0.4085442106706668
2025-07-11,usd,-0.8393189906697409,-1.2529544741596508,0.41363548348990986
2025-07-14,usd,-0.8332258464835871,-1.254425964023863,0.421200117540276
2025-07-15,usd,-0.8665721253183833,-1.242435072704016,0.37586294738563275
2025-07-16,usd,-0.8730864092621984,-1.2478063861078093,0.37471997684561087
2025-07-17,usd,-0.9294689012298843,-1.2508276350956036,0.3213587338657192
2025-07-18,usd,-0.9228959675127704,-1.2552256270398063,0.33232965952703597
2025-07-21,usd,-0.9197368548622908,-1.270164730435118,0.3504278755728272
2025-07-22,usd,-0.9211341435408914,-1.27066168808015,0.3495275445392586
2025-07-23,usd,-0.9761846590120057,-1.2500647257942814,0.2738800667822757
2025-07-24,usd,-0.9795365986043261,-1.2502565676562256,0.27071996905189954
2025-07-25,usd,-0.980944470143463,-1.2599407577229997,0.27899628757953676
2025-07-28,usd,-0.9545184374572119,-1.2603705870330442,0.3058521495758323
2025-07-29,usd,-0.959587489257049,-1.2558342821864665,0.2962467929294176
2025-07-30,usd,-0.9850704176360187,-1.2780779258917954,0.2930075082557767
2025-07-31,usd,-0.9744336110151297,-1.2729778099574127,0.298544198942283
2025-08-01,usd,-0.9146210490940843,-1.2963699576883627,0.38174890859427846
2025-08-04,usd,-0.9502908223704586,-1.28008717152961,0.32979634915915146
2025-08-05,usd,-0.9283029033636437,-1.278382797733015,0.35007989436937137
2025-08-06,usd,-0.9574980452739152,-1.2778725214860438,0.32037447621212856
2025-08-07,usd,-0.9025234531120103,-1.2733357549942108,0.3708123018822005
2025-08-08,usd,-0.9106853802516662,-1.2697881372161575,0.35910275696449123
2025-08-11,usd,-0.8952146395858319,-1.282845982623599,0.38763134303776703
2025-08-12,usd,-0.8700839345275526,-1.2713872617883093,0.4013033272607567
2025-08-13,usd,-0.8574347584868505,-1.2772454699346147,0.4198107114477643
2025-08-14,usd,-0.8917864674362372,-1.2961798710200032,0.40439340358376596
2025-08-15,usd,-0.8666646665450473,-1.2955819790818681,0.42891731253682086
2025-08-18,usd,-0.9335602165588476,-1.320649730610399,0.38708951405155145
2025-08-19,usd,-0.9323248630066615,-1.3246351748981806,0.3923103118915191
2025-08-20,usd,-0.9101756793274635,-1.3133775528079423,0.40320187348047887
2025-08-21,usd,-0.9535419202269706,-1.3264588321565118,0.37291691192954124
2025-08-22,usd,-1.0197485842438092,-1.3276242051814038,0.3078756209375946
2025-08-25,usd,-1.0501150893796916,-1.3280612585280458,0.27794616914835424
2025-08-26,usd,-1.0225200245430972,-1.3147479447676975,0.2922279202246003
2025-08-27,usd,-0.9058401241274913,-1.3114065939318704,0.40556646980437916
2025-08-28,usd,-0.8926799708746279,-1.3160507519504003,0.4233707810757724
2025-08-29,usd,-0.8774321884686446,-1.3188229013496293,0.44139071288098475
2025-09-02,usd,-0.8381348844539265,-1.2804423856568279,0.4423075012029014
2025-09-03,usd,-0.8482298297050384,-1.2899685599005122,0.4417387301954738
2025-09-04,usd,-0.8618409546314665,-1.2901156902982334,0.4282747356667669
2025-09-05,usd,-0.864957940611336,-1.2981792032765946,0.4332212626652586
2025-09-08,usd,-0.8680757977426552,-1.3013283525306725,0.4332525547880173
2025-09-09,usd,-0.8754282123473717,-1.301007017128645,0.4255788047812733
2025-09-10,usd,-0.8691594147720083,-1.2998553220868767,0.4306959073148684
2025-09-11,usd,-0.9108104316078202,-1.3009861879033322,0.39017575629551204
2025-09-12,usd,-0.9172061421126004,-1.3055925218998592,0.38838637978725876
2025-09-15,usd,-0.8989521696549819,-1.3138832858811196,0.41493111622613765
2025-09-16,usd,-0.8994725348951865,-1.2978523895189005,0.39837985462371395
2025-09-17,usd,-0.8686083420081647,-1.2982028973386999,0.42959455533053514
2025-09-18,usd,-0.858803156462969,-1.2992028000141653,0.4403996435511963
2025-09-19,usd,-0.8774274040283329,-1.2933575701141615,0.41593016608582867
2025-09-22,usd,-0.8805612891759529,-1.2925984484922137,0.41203715931626084
2025-09-23,usd,-0.8425170726119365,-1.2849125156586532,0.44239544304671663
2025-09-24,usd,-0.8124621858270438,-1.2958401680701175,0.4833779822430737
2025-09-25,usd,-0.8514902759917481,-1.2886539087080022,0.43716363271625414
2025-09-26,usd,-0.8406070336903966,-1.281770483518357,0.4411634498279604
2025-09-29,usd,-0.8618856671559941,-1.292740003906979,0.43085433675098483
2025-09-30,usd,-0.8424786911648291,-1.292413080956049,0.4499343897912199
2025-10-01,usd,-0.8425710554081491,-1.2914654982856628,0.4488944428775137
2025-10-02,usd,-0.8023066834647617,-1.2891762325818366,0.4868695491170748
2025-10-03,usd,-0.7802827579443838,-1.3071932856315973,0.5269105276872135
2025-10-06,usd,-0.7781828142727916,-1.2975592277154004,0.5193764134426089
2025-10-07,usd,-0.8215002512938157,-1.2994403053993377,0.4779400541055221
2025-10-08,usd,-0.8155309545550168,-1.2836454797187535,0.46811452516373675
2025-10-09,usd,-0.8433290656189123,-1.297295599504451,0.45396653388553876
2025-10-10,usd,-0.8338046654028667,-1.2920764729164178,0.4582718075135511
2025-10-13,usd,-0.8208461018848111,-1.28860458645739,0.46775848457257896
2025-10-14,usd,-0.813049560210196,-1.2921811977456028,0.4791316375354068
2025-10-15,usd,-0.7831144877120533,-1.3004747996964297,0.5173603119843764
2025-10-16,usd,-0.7675734329679645,-1.310587883831103,0.5430144508631384
2025-10-17,usd,-0.7956819468549706,-1.3243385340140112,0.5286565871590406
2025-10-20,usd,-0.8176621863955857,-1.3401153777800463,0.5224531913844606
2025-10-21,usd,-0.8027783267792573,-1.3964534486259856,0.5936751218467283
2025-10-22,usd,-0.7930753358249205,-1.3930223797182983,0.5999470438933778
2025-10-23,usd,-0.7719594083890157,-1.399742769635362,0.6277833612463463
2025-10-24,usd,-0.7729049133743164,-1.398444546138877,0.6255396327645606
2025-10-27,usd,-0.7725906878706073,-1.3788063475034296,0.6062156596328223
2025-10-28,usd,-0.7553684632065701,-1.372338271320495,0.6169698081139249
2025-10-29,usd,-0.7402687379950086,-1.3713116713666782,0.6310429333716696
2025-10-30,usd,-0.8407949383112964,-1.3131914136547822,0.47239647534348583
2025-10-31,usd,-0.8384196021410443,-1.3169652282213633,0.47854562608031903
2025-11-03,usd,-0.846282609380861,-1.3163613343349987,0.4700787249541377
2025-11-04,usd,-0.9079770266716585,-1.3329522139824252,0.4249751873107668
2025-11-05,usd,-0.9045507245656895,-1.3316811790124117,0.42713045444672215
2025-11-06,usd,-0.9097756271473779,-1.3312571105904984,0.42148148344312053
2025-11-07,usd,-0.928046890482394,-1.3323878063846442,0.4043409159022502
2025-11-10,usd,-1.2589580726491512,-1.271424120440433,0.012466047791281909
2025-11-11,usd,-1.2765119994968321,-1.2581349659535004,-0.018377033543331756
2025-11-12,usd,-1.2874679710028614,-1.2660431858132994,-0.021424785189561923
2025-11-13,usd,-1.2655212106275284,-1.254913903599782,-0.010607307027746371
2025-11-14,usd,-1.4397901237440627,-1.2728621563860538,-0.16692796735800886
2025-11-17,usd,-1.4557573940558277,-1.2729856024950914,-0.1827717915607363
2025-11-18,usd,-1.44708326329958,-1.2696952827250212,-0.17738798057455885
2025-11-19,usd,-1.4662483469165168,-1.2680799578258979,-0.19816838909061896
2025-11-20,usd,-1.4892804792874204,-1.2567993364317684,-0.2324811428556519
2025-11-21,usd,-1.4961578916386078,-1.2545952062278523,-0.24156268541075554
2025-11-24,usd,-1.5229811845084908,-1.2646444586174395,-0.2583367258910514
2025-11-25,usd,-1.5365673025660682,-1.2673536187956531,-0.2692136837704151
2025-11-26,usd,-1.582270096815389,-1.2876405692476,-0.29462952756778904
2025-11-28,usd,-1.6519759834227639,-1.3414648974327588,-0.3105110859900051
2025-12-01,usd,-1.5940446956471794,-1.3486418484047484,-0.245402847242431
2025-12-02,usd,-1.4649621585969617,-1.362731252305961,-0.10223090629100073
2025-12-03,usd,-1.4840049164376874,-1.350882721987649,-0.13312219445003848
2025-12-04,usd,-1.4716977552126487,-1.3427882729658907,-0.12890948224675802
2025-12-05,usd,-1.4763836805904882,-1.3437459110606045,-0.1326377695298837
2025-12-08,usd,-1.4533796036716249,-1.3452507983606041,-0.10812880531102076
2025-12-09,usd,-1.458889316350733,-1.3575582244978388,-0.10133109185289424
2025-12-10,usd,-1.4822928302998934,-1.3587902801538279,-0.12350255014606559
2025-12-11,usd,-1.4598749968713312,-1.3600872556045358,-0.09978774126679535
2025-12-12,usd,-1.4767053778802963,-1.374608143454078,-0.10209723442621832
2025-12-15,usd,-1.4377667859216605,-1.371495886886835,-0.06627089903482553
2025-12-16,usd,-1.436141212932382,-1.364966219345679,-0.07117499358670298
2025-12-17,usd,-1.475459142850696,-1.3439335285708212,-0.13152561427987486
2025-12-18,usd,-1.4703166746510128,-1.3428204265694572,-0.12749624808155557
2025-12-19,usd,-1.4608563415077214,-1.340060375897407,-0.12079596561031436
2025-12-22,usd,-1.4339721187448644,-1.3390031815194887,-0.0949689372253757
2025-12-23,usd,-1.3201605958987506,-1.3778634696454612,0.05770287374671068
2025-12-24,usd,-1.3294021547468362,-1.3693512384622744,0.03994908371543815
2025-12-26,usd,-1.2871525362831853,-1.3640388644928072,0.07688632820962193
2025-12-29,usd,-1.301735046048849,-1.3870727847969826,0.08533773874813355
2025-12-30,usd,-1.300265375559416,-1.3871591590079768,0.0868937834485608
2025-12-31,usd,-1.295943226710848,-1.3886399114358206,0.09269668472497261
2026-01-02,usd,-1.306153882005708,-1.388264615235585,0.08211073322987716
2026-01-05,usd,-1.2930546363326247,-1.399004426478062,0.10594979014543715
2026-01-06,usd,-1.3325995912683304,-1.401243687831502,0.06864409656317161
2026-01-07,usd,-1.3399017707523324,-1.4046498858581933,0.06474811510586087
2026-01-08,usd,-1.255721399730777,-1.4352944080523873,0.17957300832161027
2026-01-09,usd,-1.239110473023264,-1.432991388626113,0.19388091560284892
2026-01-12,usd,-1.2113713217333206,-1.4565334792799909,0.24516215754667026
2026-01-13,usd,-1.2308718644989656,-1.502346573543036,0.27147470904407034
2026-01-14,usd,-1.2409366854927193,-1.498806574341245,0.2578698888485258
2026-01-15,usd,-1.1970493886166327,-1.5091756144041575,0.3121262257875248
2026-01-16,usd,-1.1818277532395478,-1.509876695551059,0.32804894231151116
2026-01-20,usd,-1.045649585270629,-1.5748544822361197,0.5292048969654908
2026-01-21,usd,-1.0598869712359518,-1.5755038332971187,0.515616862061167
2026-01-22,usd,-1.0358078956248995,-1.5796653199528143,0.5438574243279148
2026-01-23,usd,-1.0373200088611423,-1.5868809323069888,0.5495609234458465
2026-01-26,usd,-0.960181465539413,-1.5920896881252262,0.6319082225858133
2026-01-27,usd,-0.9679731009725849,-1.633141645810719,0.6651685448381341
2026-01-28,usd,-0.9049690757545251,-1.609774570486792,0.704805494732267
2026-01-29,usd,-0.8993148875621535,-1.616787513422891,0.7174726258607376
2026-01-30,usd,-0.9080820196749824,-1.8044986678171548,0.8964166481421725
2026-02-02,usd,-1.0263012653875254,-1.8614462077709557,0.8351449423834303
2026-02-03,usd,-0.9616195013705329,-1.9373725210014359,0.975753019630903
2026-02-04,usd,-1.0043179227265324,-1.964034889955916,0.9597169672293835
2026-02-05,usd,-1.2481417798982468,-2.012442446261323,0.7643006663630763
2026-02-06,usd,-1.3294493374131289,-2.031946765900853,0.7024974284877241
2026-02-09,usd,-1.3407026349901328,-2.0587292673786814,0.7180266323885487
2026-02-10,usd,-1.325381333885515,-2.058468751598086,0.733087417712571
2026-02-11,usd,-1.3417041857881424,-2.0752500697837295,0.7335458839955871
2026-02-12,usd,-1.3662001521602298,-2.0955017341833764,0.7293015820231465
2026-02-13,usd,-1.3568426601601429,-2.0933983157087,0.7365556555485573
2026-02-17,usd,-1.3811503693118523,-2.119027271799979,0.7378769024881267
2026-02-18,usd,-1.3828602755490857,-2.177212330332854,0.7943520547837681
2026-02-19,usd,-1.3340777080214512,-2.1743328649678375,0.8402551569463863
2026-02-20,usd,-1.385667744284154,-2.195906122510217,0.8102383782260629
2026-02-23,usd,-1.3448880881649357,-2.2212161750640003,0.8763280868990646
2026-02-24,usd,-1.3369606786871373,-2.2231960070795203,0.886235328392383
2026-02-25,usd,-1.3717255910387511,-2.2207231842592976,0.8489975932205465
2026-02-26,usd,-1.33875815928814,-2.2054477100754246,0.8666895507872847
2026-02-27,usd,-1.3423070327242226,-2.207489467535552,0.8651824348113293
2026-03-02,usd,-1.1301255011837337,-2.1058101544524295,0.9756846532686958
2026-03-03,usd,-1.1553345798878096,-2.201499199667582,1.0461646197797725
2026-03-04,usd,-1.2026864554413224,-2.1968908425086426,0.9942043870673203
2026-03-05,usd,-1.2502124246131965,-2.21643926045588,0.9662268358426833
2026-03-06,usd,-1.0938596230751874,-2.3538922302612963,1.260032607186109
2026-03-09,usd,-1.1155542665090998,-2.373514037872964,1.2579597713638642
2026-03-10,usd,-1.149887012827633,-2.356665985428766,1.206778972601133
2026-03-11,usd,-1.0131568202913586,-2.3374369751607325,1.324280154869374
2026-03-12,usd,-0.9745674762510423,-2.3567205936617768,1.3821531174107344
2026-03-13,usd,-0.9283398800795357,-2.358315529014684,1.4299756489351485
2026-03-16,usd,-0.9664026822501033,-2.350549426318476,1.3841467440683728
2026-03-17,usd,-0.9211673503006726,-2.3492696455345756,1.428102295233903
2026-03-18,usd,-0.9432606805867881,-2.3651592790978295,1.4218985985110413
2026-03-19,usd,-0.9398323200528487,-2.4095639098903487,1.4697315898375
2026-03-20,usd,-0.9867796773590348,-2.4328177483551614,1.4460380709961265
2026-03-23,usd,-0.9838402540681894,-2.398344753216279,1.4145044991480895
2026-03-24,usd,-0.9970480846304017,-2.391979704171356,1.3949316195409542
2026-03-25,usd,-0.9869915653629315,-2.3907953833416316,1.4038038179787
2026-03-26,usd,-1.0188217243390691,-2.425765209933005,1.4069434855939358
2026-03-27,usd,-1.067107604572463,-2.3461832880734206,1.2790756835009576
2026-03-30,usd,-1.0524674497937208,-2.3440486228710142,1.2915811730772935
2026-03-31,usd,-1.0576234147644037,-2.371431955772577,1.3138085410081732
2026-04-01,usd,-1.0380659107066106,-2.3849569085814264,1.3468909978748158
2026-04-02,usd,-1.0334039142615101,-2.4102466710847175,1.3768427568232073
2026-04-06,usd,-1.0383239689896624,-2.409091276330171,1.3707673073405084
2026-04-07,usd,-1.4495209183075555,-2.6397273945199156,1.19020647621236
2026-04-08,usd,-1.6831673636249957,-2.5263394095263894,0.8431720459013936
2026-04-09,usd,-1.4663026157475065,-2.517951234101859,1.0516486183543523
2026-04-10,usd,-1.4631725941748812,-2.519030837462823,1.0558582432879418
2026-04-13,usd,-1.4106610853503498,-2.4976038961073432,1.0869428107569934
2026-04-14,usd,-1.7146703742635268,-2.5605730526651853,0.8459026784016586
2026-04-15,usd,-1.5542789064486677,-2.579940737452804,1.025661831004136
2026-04-16,usd,-1.541669962694908,-2.599600827259536,1.0579308645646281
2026-04-17,usd,-1.5632856316658226,-2.609870755333619,1.0465851236677965
2026-04-20,usd,-1.5756521527515397,-2.574309335378805,0.9986571826272654
2026-04-21,usd,-1.585616375972246,-2.6020243316426694,1.0164079556704235
2026-04-22,usd,-1.4760061033412042,-2.5479542225768674,1.0719481192356632
2026-04-23,usd,-1.506251698170733,-2.5460613225067834,1.0398096243360504
2026-04-24,usd,-1.5888439713293547,-2.511581279127488,0.9227373077981331
2026-04-27,usd,-1.5804693593574177,-2.4981939843199044,0.9177246249624866
2026-04-28,usd,-1.5819869682142904,-2.5153993177279967,0.9334123495137063
2026-04-29,usd,-1.5931364402009223,-2.516174362588527,0.9230379223876048
2026-04-30,usd,-1.6026702222633626,-2.531061322137059,0.9283910998736964
2026-05-01,usd,-1.6277387933662277,-2.5213208725762484,0.8935820792100206
2026-05-04,usd,-1.6511063408390478,-2.5193218130337773,0.8682154721947295
2026-05-05,usd,-1.6752916476158015,-2.5555465216146445,0.880254873998843
2026-05-06,usd,-1.684137565899197,-2.5729589380530227,0.8888213721538256
2026-05-07,usd,-1.675142185639941,-2.5534092060147313,0.8782670203747902
2026-05-08,usd,-1.680577261211799,-2.5468611765635116,0.8662839153517126
2026-05-11,usd,-1.8529203477558427,-2.5250259493249008,0.6721056015690581
2026-05-12,usd,-1.8492725231632052,-2.513009719906421,0.6637371967432157
2026-05-13,usd,-1.8594556933428026,-2.4686741232483644,0.6092184299055619
2026-05-14,usd,-1.7839585262681774,-2.490070720491621,0.7061121942234434
2026-05-15,usd,-1.8553379786053665,-2.557099335981555,0.7017613573761885
2026-05-18,usd,-1.8272340102790636,-2.5663714508800695,0.7391374406010058
2026-05-19,usd,-1.832401729965291,-2.574150199036501,0.74174846907121
2026-05-20,usd,-1.825852740382346,-2.588607620129966,0.7627548797476202
2026-05-21,usd,-1.8155057545843931,-2.580235944925156,0.7647301903407628
2026-05-22,usd,-1.7883045621178844,-2.591239561739024,0.8029349996211397
2026-05-26,usd,-1.8301752277102985,-2.584646137064468,0.7544709093541695
2026-05-27,usd,-1.9237868866607104,-2.566018415090135,0.6422315284294244
2026-05-28,usd,-1.9258159061018483,-2.555674506645363,0.629858600543515
2026-05-29,usd,-1.8911363609005822,-2.5683857198724644,0.6772493589718822
2026-06-01,usd,-1.9517476776506628,-2.589030318306171,0.6372826406555081
2026-06-02,usd,-1.9111163546226229,-2.5845966640983495,0.6734803094757267
2026-06-03,usd,-1.9709970184230083,-2.5554560632394603,0.584459044816452
2026-06-04,usd,-2.000298067967845,-2.550524389476559,0.5502263215087138
2026-06-05,usd,-2.1679163796683873,-2.634582772732667,0.4666663930642798
2026-06-08,usd,-2.190926331344179,-2.6381117832600642,0.4471854519158853
2026-06-09,usd,-2.211662936894357,-2.6223569286176014,0.4106939917232446
2026-06-10,usd,-2.1668631890890224,-2.6149014208137777,0.4480382317247553
2026-06-11,usd,-2.1439815289878577,-2.5825995401138395,0.43861801112598187
2026-06-12,usd,-2.1465174366697077,-2.555625032195263,0.4091075955255552
2026-06-15,usd,-2.2321770306308366,-2.5687963176684203,0.3366192870375837
2026-06-16,usd,-2.2204336552677666,-2.580317512427207,0.35988385715944027
2026-06-17,usd,-2.2062099837458216,-2.6083412681587377,0.4021312844129161
2026-06-18,usd,-2.1631091515580905,-2.5398811666528847,0.3767720150947942
2026-06-22,usd,-2.140960819315021,-2.541257099688215,0.400296280373194
2026-06-23,usd,-2.1949881096510953,-2.5698278480896057,0.3748397384385105
2026-06-24,usd,-2.2465623941977952,-2.610829111607464,0.36426671740966876
2026-06-25,usd,-2.181114383154039,-2.7387048472097026,0.5575904640556635
2026-06-26,usd,-2.1828948021357055,-2.7436426737393793,0.5607478716036738
2026-06-29,usd,-2.218978280570305,-2.8049730581448764,0.5859947775745713
2026-06-30,usd,-2.2149115599096496,-2.8038723506585304,0.5889607907488807
2026-07-01,usd,-2.1804552401363666,-2.7874671946591367,0.6070119545227701
2026-07-02,usd,-2.225522166962083,-2.8038741678212147,0.5783520008591316
2026-07-06,usd,-2.190443193278707,-2.79477255917083,0.6043293658921232
2026-07-07,usd,-2.19171479176272,-2.796226710644451,0.6045119188817312
2026-07-08,usd,-2.2116306015602536,-2.814139294215903,0.6025086926556495
2026-07-09,usd,-2.242984947459308,-2.808196034380547,0.5652110869212388
2026-07-10,usd,-2.2385194700182893,-2.7962449373624674,0.557725467344178
2026-07-13,usd,-2.2675345504701174,-2.821612101760673,0.5540775512905554
2026-07-14,usd,-2.3268539094681646,-2.833956563726722,0.5071026542585573
2026-07-15,usd,-2.3636634345642604,-2.8344651446625804,0.47080171009831995
2026-07-16,usd,-2.3352860479993858,-2.8391739001203646,0.5038878521209789
2026-07-17,usd,-2.320507911515548,-2.8257871154575582,0.5052792039420102
2026-07-20,usd,-2.324313507200163,-2.8282449567381933,0.5039314495380305
2026-07-21,usd,-2.3420716287187395,-2.831109987940185,0.48903835922144534
2026-07-22,usd,-2.3588042685350747,-2.8212814016959937,0.462477133160919
2026-07-23,usd,-2.3445885274816174,-2.839815553355552,0.4952270258739344
2026-07-24,usd,-2.3381340041017302,-2.844366727426706,0.5062327233249757
2026-07-27,usd,-2.333692578807305,-2.842447788648507,0.508755209841202
2026-07-28,usd,-2.3042971465548483,-2.8288736983882243,0.524576551833376
2026-07-29,usd,-2.3823161999161564,-2.8454210946004395,0.46310489468428306
2026-07-30,usd,-2.3861879543991114,-2.8068575095406896,0.4206695551415782
2026-07-31,usd,-2.4022186219287485,-2.793033529714181,0.3908149077854324
2026-08-03,usd,-2.413732640351271,-2.8126860631060038,0.39895342275473267
2026-08-04,usd,-2.5036974759860633,-2.79639650628337,0.2926990302973067
2026-08-05,usd,-2.500149636152195,-2.829878833327226,0.3297291971750309
2026-08-06,usd,-2.5039655273061547,-2.8291079815671907,0.32514245426103594
2026-08-07,usd,-2.4905009962417375,-2.8742694444446863,0.38376844820294886
2026-08-10,usd,-2.4936339570005477,-2.8713689850945316,0.37773502809398396
2026-08-11,usd,-2.5024126381999436,-2.8764088245810497,0.3739961863811061
2026-08-12,usd,-2.5569761589068576,-2.8667452477926108,0.30976908888575316
2026-08-13,usd,-2.5583039915408663,-2.8942334228298012,0.33592943128893493
2026-08-14,usd,-2.5283013857719285,-2.8931558083863638,0.36485442261443524
2026-08-17,usd,-2.47170194273158,-2.9084582883118903,0.4367563455803105
2026-08-18,usd,-2.4799362069877384,-2.9313735120038134,0.45143730501607493
2026-08-19,usd,-2.6216237618595875,-2.9977903784081312,0.3761666165485438
2026-08-20,usd,-2.6240319806996864,-2.995979812572899,0.37194783187321256
2026-08-21,usd,-2.6762193712823827,-3.010778252133111,0.33455888085072827
2026-08-24,usd,-2.6601874267103254,-3.0152298920037484,0.355042465293423
2026-08-25,usd,-2.572101288855941,-3.0555187406250677,0.48341745176912676
2017-08-17,real_rate,,,
2017-08-18,real_rate,,,
2017-08-21,real_rate,,,
2017-08-22,real_rate,,,
2017-08-23,real_rate,,,
2017-08-24,real_rate,,,
2017-08-25,real_rate,,,
2017-08-28,real_rate,,,
2017-08-29,real_rate,,,
2017-08-30,real_rate,,,
2017-08-31,real_rate,,,
2017-09-01,real_rate,,,
2017-09-05,real_rate,,,
2017-09-07,real_rate,,,
2017-09-08,real_rate,,,
2017-09-11,real_rate,,,
2017-09-12,real_rate,,,
2017-09-13,real_rate,,,
2017-09-14,real_rate,,,
2017-09-15,real_rate,,,
2017-09-18,real_rate,,,
2017-09-19,real_rate,,,
2017-09-20,real_rate,,,
2017-09-21,real_rate,,,
2017-09-22,real_rate,,,
2017-09-25,real_rate,,,
2017-09-26,real_rate,,,
2017-09-27,real_rate,,,
2017-09-28,real_rate,,,
2017-09-29,real_rate,,,
2017-10-02,real_rate,,,
2017-10-03,real_rate,,,
2017-10-04,real_rate,,,
2017-10-05,real_rate,,,
2017-10-06,real_rate,,,
2017-10-09,real_rate,,,
2017-10-10,real_rate,,,
2017-10-11,real_rate,,,
2017-10-12,real_rate,,,
2017-10-13,real_rate,,,
2017-10-16,real_rate,,,
2017-10-17,real_rate,,,
2017-10-18,real_rate,,,
2017-10-19,real_rate,,,
2017-10-20,real_rate,,,
2017-10-23,real_rate,,,
2017-10-24,real_rate,,,
2017-10-25,real_rate,,,
2017-10-26,real_rate,,,
2017-10-27,real_rate,,,
2017-10-30,real_rate,,,
2017-10-31,real_rate,,,
2017-11-01,real_rate,,,
2017-11-02,real_rate,,,
2017-11-03,real_rate,,,
2017-11-06,real_rate,,,
2017-11-07,real_rate,,,
2017-11-08,real_rate,,,
2017-11-09,real_rate,,,
2017-11-10,real_rate,,,
2017-11-13,real_rate,,,
2017-11-14,real_rate,,,
2017-11-15,real_rate,,,
2017-11-16,real_rate,,,
2017-11-17,real_rate,,,
2017-11-20,real_rate,,,
2017-11-21,real_rate,,,
2017-11-22,real_rate,,,
2017-11-24,real_rate,,,
2017-11-27,real_rate,,,
2017-11-28,real_rate,,,
2017-11-29,real_rate,,,
2017-11-30,real_rate,,,
2017-12-01,real_rate,,,
2017-12-04,real_rate,,,
2017-12-05,real_rate,,,
2017-12-06,real_rate,,,
2017-12-07,real_rate,,,
2017-12-08,real_rate,,,
2017-12-11,real_rate,,,
2017-12-12,real_rate,,,
2017-12-13,real_rate,,,
2017-12-14,real_rate,,,
2017-12-15,real_rate,,,
2017-12-18,real_rate,,,
2017-12-19,real_rate,,,
2017-12-20,real_rate,,,
2017-12-21,real_rate,,,
2017-12-22,real_rate,,,
2017-12-26,real_rate,,,
2017-12-27,real_rate,,,
2017-12-28,real_rate,,,
2017-12-29,real_rate,,,
2018-01-02,real_rate,,,
2018-01-03,real_rate,,,
2018-01-04,real_rate,,,
2018-01-05,real_rate,,,
2018-01-08,real_rate,,,
2018-01-09,real_rate,,,
2018-01-10,real_rate,,,
2018-01-11,real_rate,,,
2018-01-12,real_rate,,,
2018-01-16,real_rate,,,
2018-01-17,real_rate,,,
2018-01-18,real_rate,,,
2018-01-19,real_rate,,,
2018-01-22,real_rate,,,
2018-01-23,real_rate,,,
2018-01-24,real_rate,,,
2018-01-25,real_rate,,,
2018-01-26,real_rate,,,
2018-01-29,real_rate,,,
2018-01-30,real_rate,,,
2018-01-31,real_rate,,,
2018-02-01,real_rate,,,
2018-02-02,real_rate,,,
2018-02-05,real_rate,,,
2018-02-06,real_rate,,,
2018-02-07,real_rate,,,
2018-02-09,real_rate,,,
2018-02-12,real_rate,,,
2018-02-13,real_rate,,,
2018-02-14,real_rate,,,
2018-02-15,real_rate,,,
2018-02-16,real_rate,,,
2018-02-20,real_rate,,,
2018-02-21,real_rate,,,
2018-02-22,real_rate,,,
2018-02-23,real_rate,,,
2018-02-26,real_rate,,,
2018-02-27,real_rate,,,
2018-02-28,real_rate,,,
2018-03-01,real_rate,,,
2018-03-02,real_rate,,,
2018-03-05,real_rate,,,
2018-03-06,real_rate,,,
2018-03-07,real_rate,,,
2018-03-08,real_rate,,,
2018-03-09,real_rate,,,
2018-03-12,real_rate,,,
2018-03-13,real_rate,,,
2018-03-14,real_rate,,,
2018-03-15,real_rate,,,
2018-03-16,real_rate,,,
2018-03-19,real_rate,,,
2018-03-20,real_rate,,,
2018-03-21,real_rate,,,
2018-03-22,real_rate,,,
2018-03-23,real_rate,,,
2018-03-26,real_rate,,,
2018-03-27,real_rate,,,
2018-03-28,real_rate,,,
2018-03-29,real_rate,,,
2018-04-02,real_rate,,,
2018-04-03,real_rate,,,
2018-04-04,real_rate,,,
2018-04-05,real_rate,,,
2018-04-06,real_rate,,,
2018-04-09,real_rate,,,
2018-04-10,real_rate,,,
2018-04-11,real_rate,,,
2018-04-12,real_rate,,,
2018-04-13,real_rate,,,
2018-04-16,real_rate,,,
2018-04-17,real_rate,,,
2018-04-18,real_rate,,,
2018-04-19,real_rate,,,
2018-04-20,real_rate,,,
2018-04-23,real_rate,,,
2018-04-24,real_rate,,,
2018-04-25,real_rate,,,
2018-04-26,real_rate,,,
2018-04-27,real_rate,,,
2018-04-30,real_rate,,,
2018-05-01,real_rate,,,
2018-05-02,real_rate,,,
2018-05-03,real_rate,,,
2018-05-04,real_rate,,,
2018-05-07,real_rate,,,
2018-05-08,real_rate,,,
2018-05-09,real_rate,,-0.10114554247544436,
2018-05-10,real_rate,,-0.1019233501479187,
2018-05-11,real_rate,0.0037431643767249015,-0.10188894784277959,0.1056321122195045
2018-05-14,real_rate,0.006814994431466799,-0.10218878226202217,0.10900377669348897
2018-05-15,real_rate,-0.0027064546933262238,-0.10638229973786559,0.10367584504453936
2018-05-16,real_rate,-0.008353245849154265,-0.10634536382082221,0.09799211797166794
2018-05-17,real_rate,-0.010325641723383567,-0.10562834233459789,0.09530270061121432
2018-05-18,real_rate,-0.011583615191029566,-0.1043046619544638,0.09272104676343423
2018-05-21,real_rate,-0.01286856692616773,-0.10423298694897885,0.09136442002281112
2018-05-22,real_rate,-0.014364242581788944,-0.10422265381081966,0.08985841122903071
2018-05-23,real_rate,0.010099160006065635,-0.10315798887843829,0.11325714888450392
2018-05-24,real_rate,0.010448268627126375,-0.10381647781588929,0.11426474644301567
2018-05-25,real_rate,0.014394983663915603,-0.10292354142286751,0.11731852508678312
2018-05-29,real_rate,0.009193677942852977,-0.09406876245641638,0.10326244039926935
2018-05-30,real_rate,0.0014003500996226952,-0.09216121154293483,0.09356156164255752
2018-05-31,real_rate,-0.0027916142931935835,-0.09154772179586504,0.08875610750267146
2018-06-01,real_rate,-0.006878865208158297,-0.09192449362272856,0.08504562841457027
2018-06-04,real_rate,-0.006259537395351723,-0.09184665460487296,0.08558711720952124
2018-06-05,real_rate,-0.009205159929128154,-0.09204549688759191,0.08284033695846375
2018-06-06,real_rate,-0.012857170191110861,-0.09105665652211141,0.07819948633100055
2018-06-07,real_rate,-0.016968548136610813,-0.09035382244678453,0.07338527431017372
2018-06-08,real_rate,-0.018026023502493424,-0.09002922184760132,0.07200319834510789
2018-06-11,real_rate,-0.024510531666217226,-0.0899036106525919,0.06539307898637468
2018-06-12,real_rate,-0.02398370997522336,-0.08985768201637322,0.06587397204114986
2018-06-13,real_rate,-0.030298561962936933,-0.08888661206281814,0.05858805009988121
2018-06-14,real_rate,-0.04481821523431463,-0.08829335533852382,0.04347514010420919
2018-06-15,real_rate,-0.043466553401341305,-0.08696638753509227,0.04349983413375096
2018-06-18,real_rate,-0.04507729594015012,-0.08675095676273557,0.04167366082258545
2018-06-19,real_rate,-0.04587666862830336,-0.08570731320641953,0.039830644578116164
2018-06-20,real_rate,-0.04560814237591814,-0.08597726936388143,0.04036912698796329
2018-06-21,real_rate,-0.04455844599040723,-0.08550076722838719,0.04094232123797996
2018-06-22,real_rate,-0.03852286068882054,-0.08560774126860228,0.04708488057978174
2018-06-25,real_rate,-0.03912331163965884,-0.08527253614970103,0.046149224510042185
2018-06-26,real_rate,-0.037946906881649575,-0.0848326395946081,0.046885732712958525
2018-06-27,real_rate,-0.03641827698329772,-0.08253380274142236,0.04611552575812464
2018-06-28,real_rate,-0.03746047514973767,-0.08268766166619212,0.04522718651645446
2018-06-29,real_rate,-0.03713044750578067,-0.08272050199204478,0.04559005448626411
2018-07-02,real_rate,-0.04537946478739536,-0.08196584915838659,0.03658638437099123
2018-07-03,real_rate,-0.044239760570582536,-0.08306132250948228,0.03882156193889975
2018-07-05,real_rate,-0.044128915023164406,-0.08308840193871017,0.038959486915545766
2018-07-06,real_rate,-0.04462921912411674,-0.08292340481026979,0.038294185686153046
2018-07-09,real_rate,-0.0410103891638763,-0.08207484770615223,0.041064458542275924
2018-07-10,real_rate,-0.043709778594794274,-0.08212796844961612,0.038418189854821844
2018-07-11,real_rate,-0.043653623057927034,-0.08203398380839046,0.03838036075046342
2018-07-12,real_rate,-0.04510869304923414,-0.08177685722746657,0.036668164178232425
2018-07-13,real_rate,-0.04474825726172874,-0.08049816753780643,0.03574991027607769
2018-07-16,real_rate,-0.031317677499670744,-0.08016567831384623,0.048848000814175487
2018-07-17,real_rate,-0.021816860124111076,-0.08117304540988575,0.059356185285774674
2018-07-18,real_rate,-0.02037587715346566,-0.08095899159330662,0.06058311443984096
2018-07-19,real_rate,-0.021455674691345607,-0.07914764824126616,0.057691973549920554
2018-07-20,real_rate,-0.023856828410642343,-0.07766577234006511,0.053808943929422766
2018-07-23,real_rate,-0.0031229536784115513,-0.07739552517120009,0.07427257149278854
2018-07-24,real_rate,-0.0072780128432399244,-0.07737188783492299,0.07009387499168307
2018-07-25,real_rate,-0.004635314375124743,-0.07795318875504413,0.07331787437991939
2018-07-26,real_rate,-0.0015805444185817256,-0.07894552790288226,0.07736498348430053
2018-07-27,real_rate,-0.000284285196919619,-0.07863504427980525,0.07835075908288563
2018-07-30,real_rate,-0.000936699822528929,-0.07866591843781902,0.07772921861529009
2018-07-31,real_rate,0.002273889084893808,-0.07881036319941008,0.08108425228430388
2018-08-01,real_rate,-0.00177821465634143,-0.07956603863982442,0.077787823983483
2018-08-02,real_rate,-0.001396630096229529,-0.07917128382104689,0.07777465372481736
2018-08-03,real_rate,0.0026311795898356456,-0.07938365323805854,0.0820148328278942
2018-08-06,real_rate,0.0032222016036382297,-0.07933712878668676,0.082559330390325
2018-08-07,real_rate,0.0040325784663792445,-0.07894224741340745,0.0829748258797867
2018-08-08,real_rate,0.005035828005190406,-0.07897017324755443,0.08400600125274484
2018-08-09,real_rate,0.0016260007700582256,-0.07833151003278017,0.0799575108028384
2018-08-10,real_rate,0.004242805077343283,-0.07756797774258686,0.08181078281993015
2018-08-13,real_rate,0.004457546753725295,-0.0774501745833492,0.0819077213370745
2018-08-14,real_rate,0.001729175192308153,-0.07718187961019471,0.07891105480250286
2018-08-15,real_rate,-0.0035405557122229134,-0.0751130101403223,0.0715724544280994
2018-08-16,real_rate,-0.0032666813181603835,-0.07510358316249671,0.07183690184433633
2018-08-17,real_rate,-0.003362537874393091,-0.07517834323403287,0.07181580535963979
2018-08-20,real_rate,-0.0014906894565890028,-0.07565811955456664,0.07416743009797763
2018-08-21,real_rate,-0.0017440391529170633,-0.0752021153983341,0.07345807624541704
2018-08-22,real_rate,0.0003966058511119938,-0.07519977597338862,0.07559638182450061
2018-08-23,real_rate,0.0004951372992843616,-0.07458671421653186,0.07508185151581623
2018-08-24,real_rate,0.001520787606984487,-0.07441721860668368,0.07593800621366817
2018-08-27,real_rate,0.008251480448391505,-0.07392234099207752,0.08217382144046903
2018-08-28,real_rate,0.013853921498802603,-0.07462212440015614,0.08847604589895874
2018-08-29,real_rate,0.016731168776266913,-0.07439107730595236,0.09112224608221928
2018-08-30,real_rate,0.018336327669248927,-0.07315038429884393,0.09148671196809285
2018-08-31,real_rate,0.027035217533964376,-0.07347861035592247,0.10051382788988684
2018-09-04,real_rate,0.03103809099493346,-0.07381108630394873,0.10484917729888218
2018-09-05,real_rate,0.0337304544208293,-0.07198703438408899,0.1057174888049183
2018-09-06,real_rate,0.03684627051523774,-0.07220642595206941,0.10905269646730716
2018-09-07,real_rate,0.004375107846644042,-0.06967990208507278,0.07405500993171682
2018-09-10,real_rate,0.004642020285529645,-0.06786122607289743,0.07250324635842709
2018-09-11,real_rate,-0.0037506760376889393,-0.06774655588334193,0.06399587984565298
2018-09-12,real_rate,-0.0031376943043080205,-0.0652054129268523,0.062067718622544274
2018-09-13,real_rate,-0.0002908355552769239,-0.065850462603987,0.06555962704871007
2018-09-14,real_rate,0.007896653816783526,-0.06575077984036247,0.07364743365714599
2018-09-17,real_rate,0.006784347965975126,-0.06576071665329908,0.07254506461927421
2018-09-18,real_rate,0.008264320617260117,-0.06570399630711819,0.0739683169243783
2018-09-19,real_rate,0.005979094592076156,-0.06513944184337461,0.07111853643545077
2018-09-20,real_rate,0.006955079559141645,-0.06546613271561294,0.07242121227475458
2018-09-21,real_rate,0.0011011191909332159,-0.06411565276924198,0.0652167719601752
2018-09-24,real_rate,0.005801932229847218,-0.06380832864244085,0.06961026087228807
2018-09-25,real_rate,0.0007473003525927926,-0.06306973748018534,0.06381703783277813
2018-09-26,real_rate,0.019916565344270623,-0.06034331466847493,0.08025988001274556
2018-09-27,real_rate,0.01902705263582979,-0.05872061526848611,0.0777476679043159
2018-09-28,real_rate,0.004527004953107135,-0.05729727576329532,0.061824280716402454
2018-10-01,real_rate,0.0008529866404811529,-0.05709753649593797,0.05795052313641912
2018-10-02,real_rate,0.0017446437215636343,-0.05783269592951344,0.059577339651077074
2018-10-03,real_rate,-0.00941207345014977,-0.05739272065150103,0.047980647201351256
2018-10-04,real_rate,-0.010347824448568412,-0.05682584934581117,0.04647802489724276
2018-10-05,real_rate,-0.012297779830588901,-0.05556987583139275,0.04327209600080385
2018-10-08,real_rate,-0.014191538633687708,-0.055227917646846265,0.041036379013158555
2018-10-09,real_rate,-0.012646347839367328,-0.055290509384476084,0.04264416154510876
2018-10-10,real_rate,-0.011898226487297056,-0.05481894600903047,0.042920719521733416
2018-10-11,real_rate,0.004176821944653865,-0.060031488881455965,0.06420831082610982
2018-10-12,real_rate,0.0033811176208935092,-0.0600240146365636,0.06340513225745711
2018-10-15,real_rate,0.01340639833443717,-0.06014412089485888,0.07355051922929605
2018-10-16,real_rate,0.016321414711180208,-0.059642125613147225,0.07596354032432744
2018-10-17,real_rate,0.010980432608758287,-0.05860516797210988,0.06958560058086817
2018-10-18,real_rate,0.012199964731460657,-0.05798404985515631,0.07018401458661697
2018-10-19,real_rate,0.015240876712276438,-0.057539971017901995,0.07278084773017843
2018-10-22,real_rate,0.018000866105853143,-0.05713783356692339,0.07513869967277653
2018-10-23,real_rate,0.005954180682184986,-0.05679568977097635,0.06274987045316134
2018-10-24,real_rate,0.005569773664935708,-0.05664446848641141,0.06221424215134712
2018-10-25,real_rate,0.010776566995835117,-0.055944601210688324,0.06672116820652343
2018-10-26,real_rate,0.011551278069117737,-0.05571711677341911,0.06726839484253685
2018-10-29,real_rate,0.009890855241102621,-0.055343157277639964,0.06523401251874258
2018-10-30,real_rate,0.008224863456950317,-0.055218878990010226,0.06344374244696055
2018-10-31,real_rate,0.02122272168545702,-0.05584009419328919,0.07706281587874621
2018-11-01,real_rate,0.021740179199182762,-0.05460652283585196,0.07634670203503473
2018-11-02,real_rate,0.026166039046368272,-0.05394371834209568,0.08010975738846396
2018-11-05,real_rate,0.02906625166129881,-0.053527609082498824,0.08259386074379763
2018-11-06,real_rate,0.02981057313097272,-0.05367904130310478,0.0834896144340775
2018-11-07,real_rate,0.026685039711529954,-0.05279717387074898,0.07948221358227894
2018-11-08,real_rate,0.0246136494569484,-0.053443100372806036,0.07805674982975444
2018-11-09,real_rate,0.025820653623356865,-0.052135211330532095,0.07795586495388895
2018-11-12,real_rate,0.024860140541580377,-0.052212704295633176,0.07707284483721355
2018-11-13,real_rate,0.06424400393937017,-0.05053420360740616,0.11477820754677634
2018-11-14,real_rate,0.06577774851933021,-0.05061869501836822,0.11639644353769843
2018-11-15,real_rate,0.06939247533350154,-0.05055844781396413,0.11995092314746567
2018-11-16,real_rate,0.0853558280573584,-0.05235587243583552,0.13771170049319392
2018-11-19,real_rate,0.06371700690189218,-0.05297284557196185,0.11668985247385402
2018-11-20,real_rate,0.053033467745574214,-0.050631491026677355,0.10366495877225157
2018-11-21,real_rate,0.042560958757866994,-0.04901695373676692,0.09157791249463391
2018-11-23,real_rate,0.04300875629811678,-0.048987692052393936,0.09199644835051071
2018-11-26,real_rate,0.031073501606651423,-0.047323678033884986,0.07839717964053641
2018-11-27,real_rate,0.03514648315579379,-0.047981871850652266,0.08312835500644605
2018-11-28,real_rate,0.02344498019027313,-0.04814753106067225,0.07159251125094539
2018-11-29,real_rate,0.030106532892221774,-0.04812058763500076,0.07822712052722253
2018-11-30,real_rate,0.042582001941038054,-0.0473064263541097,0.08988842829514776
2018-12-03,real_rate,0.042894265917899965,-0.04715855273507169,0.09005281865297166
2018-12-04,real_rate,0.07744478509776703,-0.04770942286681591,0.12515420796458293
2018-12-06,real_rate,0.08214481345000783,-0.047945745463284534,0.13009055891329235
2018-12-07,real_rate,0.08783221886773118,-0.04848362467711235,0.13631584354484352
2018-12-10,real_rate,0.11021316777800116,-0.049371193082366475,0.15958436086036765
2018-12-11,real_rate,0.08404629316702762,-0.04692054667271858,0.13096683983974622
2018-12-12,real_rate,0.08620220205692551,-0.04665179962149439,0.1328540016784199
2018-12-13,real_rate,0.08097089540898297,-0.046483811825950974,0.12745470723493396
2018-12-14,real_rate,0.08165277409897401,-0.04618751673715008,0.12784029083612408
2018-12-17,real_rate,0.060769679813878416,-0.04568102761972238,0.1064507074336008
2018-12-18,real_rate,0.0618819150699773,-0.045807955602303344,0.10768987067228064
2018-12-19,real_rate,0.05335472563471624,-0.04402329413305144,0.09737801976776768
2018-12-20,real_rate,0.05808275151960141,-0.03969489059480318,0.0977776421144046
2018-12-21,real_rate,0.07506557514939995,-0.04005325828948595,0.1151188334388859
2018-12-24,real_rate,0.06539033948071875,-0.04189632470266197,0.10728666418338072
2018-12-26,real_rate,0.033715025984247214,-0.04207080072553553,0.07578582670978275
2018-12-27,real_rate,0.033641540161373065,-0.04220998547865904,0.07585152564003211
2018-12-28,real_rate,0.0229776868677741,-0.042314194272599547,0.06529188114037365
2018-12-31,real_rate,0.010741269921978401,-0.04196404711353878,0.05270531703551718
2019-01-02,real_rate,0.0009868208012449504,-0.04166696304857918,0.04265378384982413
2019-01-03,real_rate,0.013543838917408187,-0.043104609040785,0.05664844795819319
2019-01-04,real_rate,0.01059621329341793,-0.045168351944011836,0.055764565237429765
2019-01-07,real_rate,0.013130820977128869,-0.045035650385454186,0.05816647136258306
2019-01-08,real_rate,0.012662542032337899,-0.044589777756022436,0.05725231978836033
2019-01-09,real_rate,0.007573086553827038,-0.04462390220933716,0.0521969887631642
2019-01-10,real_rate,0.003408758204810275,-0.04507247444033963,0.048481232645149905
2019-01-11,real_rate,0.0010411323573945148,-0.04440597889247454,0.045447111249869054
2019-01-14,real_rate,0.0019211014271971285,-0.04409527246215567,0.0460163738893528
2019-01-15,real_rate,0.0074898673797099795,-0.04451937139310277,0.052009238772812744
2019-01-16,real_rate,0.007633133533448354,-0.04445694890175855,0.05209008243520691
2019-01-17,real_rate,-0.028180925128984076,-0.0441639105094955,0.015982985380511426
2019-01-18,real_rate,-0.030446230630273293,-0.043465201734091644,0.01301897110381835
2019-01-22,real_rate,-0.04193970497544772,-0.043571130871666364,0.0016314258962186468
2019-01-23,real_rate,-0.04168902043810067,-0.04380976929079034,0.0021207488526896745
2019-01-24,real_rate,-0.03506654090496613,-0.04395634614588016,0.008889805240914032
2019-01-25,real_rate,-0.023550565813180525,-0.04200132614551894,0.018450760332338417
2019-01-28,real_rate,-0.023831329928601794,-0.042542968944517534,0.01871163901591574
2019-01-29,real_rate,-0.022762289861440035,-0.04398509183217012,0.021222801970730086
2019-01-30,real_rate,-0.027921684880195276,-0.04489430163504979,0.01697261675485451
2019-01-31,real_rate,-0.03365275423612128,-0.04309158904052179,0.009438834804400505
2019-02-01,real_rate,-0.02224043395618219,-0.042833557015687355,0.020593123059505166
2019-02-04,real_rate,-0.02153207359357215,-0.04273265786854176,0.02120058427496961
2019-02-05,real_rate,-0.0015114639467283756,-0.044515645015053916,0.04300418106832554
2019-02-06,real_rate,0.009116198760145772,-0.04290332112938136,0.05201951988952713
2019-02-07,real_rate,-0.016852132873380398,-0.04288907850137406,0.02603694562799366
2019-02-08,real_rate,-0.02073274419586378,-0.042032013127099435,0.021299268931235654
2019-02-11,real_rate,-0.04118335199720321,-0.04180426474792983,0.000620912750726621
2019-02-12,real_rate,-0.04083351612071051,-0.04153409300061078,0.0007005768799002721
2019-02-13,real_rate,-0.04274420417085074,-0.04176874035645086,-0.0009754638143998767
2019-02-14,real_rate,-0.04364185132144361,-0.04225887056265715,-0.0013829807587864631
2019-02-15,real_rate,-0.056923128252942434,-0.04601922139964392,-0.010903906853298513
2019-02-19,real_rate,-0.0537264784602878,-0.04737277884948335,-0.006353699610804453
2019-02-20,real_rate,-0.05454858323577182,-0.047299009403601974,-0.007249573832169849
2019-02-21,real_rate,-0.055007737712798814,-0.04826950884232592,-0.006738228870472894
2019-02-22,real_rate,-0.03498479202154375,-0.048087611114865,0.013102819093321255
2019-02-25,real_rate,-0.037446254511133384,-0.0479022986170666,0.010456044105933218
2019-02-26,real_rate,-0.03884765837716358,-0.04879206096782999,0.00994440259066641
2019-02-27,real_rate,-0.035829456710668346,-0.04961026322955558,0.013780806518887231
2019-02-28,real_rate,-0.041251700739450434,-0.04844599468741942,0.0071942939479689855
2019-03-01,real_rate,-0.040032099165344115,-0.05014601510355038,0.010113915938206264
2019-03-04,real_rate,-0.030286886524286964,-0.05060049787388491,0.020313611349597947
2019-03-05,real_rate,-0.029562011646419976,-0.05150091517870409,0.021938903532284112
2019-03-06,real_rate,-0.03236879088723813,-0.051387987734226745,0.019019196846988613
2019-03-07,real_rate,-0.030730048341175296,-0.051406148816385264,0.020676100475209968
2019-03-08,real_rate,-0.03162668560993477,-0.05234128837744947,0.020714602767514696
2019-03-11,real_rate,-0.03397497210973732,-0.05267666603959894,0.018701693929861617
2019-03-12,real_rate,-0.028920322436190273,-0.05353114267632402,0.024610820240133748
2019-03-13,real_rate,-0.028781737032190252,-0.054109437563803445,0.025327700531613193
2019-03-14,real_rate,-0.02708782142075443,-0.05403825999559704,0.02695043857484261
2019-03-15,real_rate,-0.034331332069721957,-0.054557017599586,0.02022568552986404
2019-03-18,real_rate,-0.03497514257555847,-0.05455117622656101,0.019576033651002543
2019-03-19,real_rate,-0.04010672673964612,-0.05407363522372306,0.013966908484076945
2019-03-20,real_rate,-0.041423493214126715,-0.05487970832746292,0.013456215113336202
2019-03-21,real_rate,-0.05441486025662616,-0.05447421662131853,5.9356364692370045e-05
2019-03-22,real_rate,-0.055733355415028454,-0.05382384366973899,-0.0019095117452894647
2019-03-25,real_rate,-0.06299687002172559,-0.0548941660241946,-0.008102703997530991
2019-03-26,real_rate,-0.06299219603029449,-0.05495973098366412,-0.008032465046630369
2019-03-27,real_rate,-0.05494647526140003,-0.05560865323019115,0.0006621779687911236
2019-03-28,real_rate,-0.05573209683050931,-0.05889479787449512,0.003162701043985812
2019-03-29,real_rate,-0.05810589741096895,-0.05814307763611343,3.718022514447722e-05
2019-04-01,real_rate,-0.06253729242292684,-0.05837605172860124,-0.0041612406943256006
2019-04-02,real_rate,-0.07064550007767481,-0.05802310979127296,-0.01262239028640185
2019-04-03,real_rate,-0.06909766351289877,-0.057163570592393076,-0.011934092920505693
2019-04-04,real_rate,-0.06904930706223493,-0.05716107615734861,-0.011888230904886318
2019-04-05,real_rate,-0.06866687933590858,-0.05658296535842765,-0.012083913977480931
2019-04-08,real_rate,-0.07238847403102598,-0.055865054796079235,-0.016523419234946747
2019-04-09,real_rate,-0.07301779871725675,-0.05628384621148503,-0.01673395250577172
2019-04-10,real_rate,-0.083741615448084,-0.05639388528167687,-0.02734773016640714
2019-04-11,real_rate,-0.09049339193297223,-0.05691549115142643,-0.0335779007815458
2019-04-12,real_rate,-0.10046437178857817,-0.05565643979937207,-0.0448079319892061
2019-04-15,real_rate,-0.09819627505454478,-0.055382742598897805,-0.04281353245564698
2019-04-16,real_rate,-0.09245485896058539,-0.05663857128628516,-0.03581628767430023
2019-04-17,real_rate,-0.09390939817301189,-0.05676188845414477,-0.03714750971886712
2019-04-18,real_rate,-0.10002155458167941,-0.05704940948327342,-0.042972145098405995
2019-04-22,real_rate,-0.10218858986832452,-0.05702605965164514,-0.04516253021667938
2019-04-23,real_rate,-0.11294847030519783,-0.055783289423028876,-0.05716518088216896
2019-04-24,real_rate,-0.10712116175961207,-0.05550168926137281,-0.05161947249823926
2019-04-25,real_rate,-0.11804471994453108,-0.05649778449589815,-0.06154693544863293
2019-04-26,real_rate,-0.10781486041097384,-0.05632942001452922,-0.051485440396444614
2019-04-29,real_rate,-0.10951612960938568,-0.057730182759141345,-0.05178594685024434
2019-04-30,real_rate,-0.10738534967044172,-0.057550666887923464,-0.04983468278251826
2019-05-01,real_rate,-0.10340647404805167,-0.05855714713131556,-0.04484932691673611
2019-05-02,real_rate,-0.08738261048626017,-0.05768893982893074,-0.029693670657329432
2019-05-03,real_rate,-0.09256037124482575,-0.05830714269016217,-0.034253228554663576
2019-05-06,real_rate,-0.08817276808554952,-0.05791269563372943,-0.030260072451820094
2019-05-07,real_rate,-0.09033756164322515,-0.058252586517225854,-0.032084975125999296
2019-05-08,real_rate,-0.08944253263486619,-0.05825894871351863,-0.03118358392134756
2019-05-09,real_rate,-0.09009388704640511,-0.05866754406336244,-0.03142634298304267
2019-05-10,real_rate,-0.0922349741485911,-0.058661519601486606,-0.03357345454710449
2019-05-13,real_rate,-0.12931400956052475,-0.05956536713750325,-0.06974864242302149
2019-05-14,real_rate,-0.1249682983126645,-0.05960381012587718,-0.06536448818678732
2019-05-15,real_rate,-0.13245105207113644,-0.05916113002897227,-0.07328992204216417
2019-05-16,real_rate,-0.13236448575428558,-0.056642435826426064,-0.07572204992785952
2019-05-17,real_rate,-0.13794572393708424,-0.05718414451099982,-0.08076157942608442
2019-05-20,real_rate,-0.128586386968532,-0.057415243222732365,-0.07117114374579964
2019-05-21,real_rate,-0.12803219214203362,-0.057741106100742026,-0.0702910860412916
2019-05-22,real_rate,-0.12744455104272912,-0.05774044833191976,-0.06970410271080935
2019-05-23,real_rate,-0.1245371109210848,-0.058324888323572376,-0.06621222259751242
2019-05-24,real_rate,-0.14133771980679724,-0.058534401249197676,-0.08280331855759956
2019-05-28,real_rate,-0.15145244753159876,-0.05747845684207447,-0.09397399068952428
2019-05-29,real_rate,-0.15277590749100006,-0.057665612111031786,-0.09511029537996828
2019-05-30,real_rate,-0.1569899532921927,-0.06156870854164967,-0.09542124475054303
2019-05-31,real_rate,-0.14096278784376542,-0.0659326441088444,-0.07503014373492102
2019-06-03,real_rate,-0.14021677445599046,-0.06910804967148106,-0.0711087247845094
2019-06-04,real_rate,-0.16053244564362482,-0.06806936526597916,-0.09246308037764565
2019-06-05,real_rate,-0.16239470271361459,-0.06818527355762405,-0.09420942915599054
2019-06-06,real_rate,-0.16298659468399862,-0.06745620715813862,-0.09553038752586
2019-06-07,real_rate,-0.1686807729074231,-0.0686369823307273,-0.10004379057669578
2019-06-10,real_rate,-0.1619737281427173,-0.07069300419517731,-0.09128072394753999
2019-06-11,real_rate,-0.16204687915008092,-0.07098449632410948,-0.09106238282597144
2019-06-12,real_rate,-0.15657752956280158,-0.07129728498182404,-0.08528024458097754
2019-06-13,real_rate,-0.15618917121537965,-0.07122591004049345,-0.0849632611748862
2019-06-14,real_rate,-0.14692473626192604,-0.0714910738560426,-0.07543366240588344
2019-06-17,real_rate,-0.12761241688683242,-0.07164732055526239,-0.05596509633157003
2019-06-18,real_rate,-0.11992601559373146,-0.07252142354305276,-0.04740459205067871
2019-06-19,real_rate,-0.1187616340231829,-0.07304681729122263,-0.045714816731960276
2019-06-20,real_rate,-0.12896939861641618,-0.08065540097643518,-0.048313997639980996
2019-06-21,real_rate,-0.1148685544703479,-0.07664982955652316,-0.038218724913824734
2019-06-24,real_rate,-0.12722923851146806,-0.07840055567885346,-0.0488286828326146
2019-06-25,real_rate,-0.12619563131947759,-0.0780514620521958,-0.04814416926728178
2019-06-26,real_rate,-0.10719317330821396,-0.0789617886540662,-0.028231384654147762
2019-06-27,real_rate,-0.0889821742830547,-0.07896464957289744,-0.010017524710157266
2019-06-28,real_rate,-0.09920525859095992,-0.08054581478035287,-0.01865944381060705
2019-07-01,real_rate,-0.1236447043877359,-0.08275380961871749,-0.0408908947690184
2019-07-02,real_rate,-0.12507569222548015,-0.08349810136234602,-0.04157759086313413
2019-07-03,real_rate,-0.12335420619306926,-0.08387243479773461,-0.03948177139533465
2019-07-05,real_rate,-0.12466803953374166,-0.08469046139791835,-0.03997757813582331
2019-07-08,real_rate,-0.12403310907791623,-0.08475028227643334,-0.03928282680148289
2019-07-09,real_rate,-0.12266528463054774,-0.08465299056879962,-0.03801229406174812
2019-07-10,real_rate,-0.12075914638903425,-0.08683947873916956,-0.03391966764986469
2019-07-11,real_rate,-0.12377405255309584,-0.08760586670780326,-0.03616818584529258
2019-07-12,real_rate,-0.12368969847675282,-0.08771378659713044,-0.035975911879622374
2019-07-15,real_rate,-0.11360243478285938,-0.08758577437512545,-0.026016660407733927
2019-07-16,real_rate,-0.11973166725554109,-0.08886832117928699,-0.0308633460762541
2019-07-17,real_rate,-0.13059661450289176,-0.09022140880840229,-0.04037520569448946
2019-07-18,real_rate,-0.1549524032752219,-0.09135135017792091,-0.06360105309730098
2019-07-19,real_rate,-0.15659758551677208,-0.09164251453598711,-0.06495507098078497
2019-07-22,real_rate,-0.157713198890269,-0.09297125313203435,-0.06474194575823465
2019-07-23,real_rate,-0.1564996171846044,-0.09443927635494273,-0.062060340829661664
2019-07-24,real_rate,-0.174717214576804,-0.09501921260602954,-0.07969800197077447
2019-07-25,real_rate,-0.17030822560994466,-0.09558828078033761,-0.07471994482960705
2019-07-26,real_rate,-0.17232109319004338,-0.09500112780733665,-0.07731996538270673
2019-07-29,real_rate,-0.1769186797927451,-0.09450067542663966,-0.08241800436610543
2019-07-30,real_rate,-0.17853068736396516,-0.09490247915689577,-0.08362820820706938
2019-07-31,real_rate,-0.1807247164321501,-0.09363439713714541,-0.08709031929500469
2019-08-01,real_rate,-0.18697181299182075,-0.09804567345895766,-0.08892613953286309
2019-08-02,real_rate,-0.18406055479497846,-0.0974052787957389,-0.08665527599923956
2019-08-05,real_rate,-0.20642114681804136,-0.09938515783904987,-0.10703598897899148
2019-08-06,real_rate,-0.20769236896100357,-0.09996977731931547,-0.1077225916416881
2019-08-07,real_rate,-0.20702066047830706,-0.10083048569856358,-0.10619017477974348
2019-08-08,real_rate,-0.20673431150570323,-0.10138724594213472,-0.10534706556356851
2019-08-09,real_rate,-0.20426160758409784,-0.10157770446775354,-0.1026839031163443
2019-08-12,real_rate,-0.19581473543381958,-0.10297356209585588,-0.0928411733379637
2019-08-13,real_rate,-0.20158073464680934,-0.10410326064934847,-0.09747747399746087
2019-08-14,real_rate,-0.19150998878777248,-0.10426642938909181,-0.08724355939868067
2019-08-15,real_rate,-0.18715273608658156,-0.10480473644117565,-0.08234799964540591
2019-08-16,real_rate,-0.17875803314321043,-0.10677641360680999,-0.07198161953640043
2019-08-19,real_rate,-0.17549195140739213,-0.10805714330992744,-0.06743480809746469
2019-08-20,real_rate,-0.17560835035089845,-0.10853034336814002,-0.06707800698275843
2019-08-21,real_rate,-0.18601753625428386,-0.10859939368533035,-0.0774181425689535
2019-08-22,real_rate,-0.18532333283123198,-0.10913277758395118,-0.0761905552472808
2019-08-23,real_rate,-0.18792857793492238,-0.1125731454600976,-0.07535543247482478
2019-08-26,real_rate,-0.18859761292371585,-0.11273602155027906,-0.07586159137343679
2019-08-27,real_rate,-0.18237232934869274,-0.11343746124966929,-0.06893486809902345
2019-08-28,real_rate,-0.1797613280219155,-0.11327923365389882,-0.06648209436801668
2019-08-29,real_rate,-0.1866857483739895,-0.11233105168054029,-0.0743546966934492
2019-08-30,real_rate,-0.1841353995849295,-0.11214329877762613,-0.07199210080730337
2019-09-03,real_rate,-0.1746624441430632,-0.1108652906163366,-0.0637971535267266
2019-09-04,real_rate,-0.17816181709864365,-0.11102964285543056,-0.06713217424321309
2019-09-05,real_rate,-0.18410235477295323,-0.11486583252825407,-0.06923652224469916
2019-09-06,real_rate,-0.1810477910634078,-0.11519741251692482,-0.06585037854648297
2019-09-09,real_rate,-0.18258338107150365,-0.11487411278040124,-0.06770926829110241
2019-09-10,real_rate,-0.1868464185117859,-0.11565770662315504,-0.07118871188863087
2019-09-11,real_rate,-0.18542632011187293,-0.11448013768676418,-0.07094618242510875
2019-09-12,real_rate,-0.18412106548664028,-0.11455833298742234,-0.06956273249921795
2019-09-13,real_rate,-0.1832913268314707,-0.114604492140263,-0.0686868346912077
2019-09-16,real_rate,-0.18068734312310977,-0.11464279403498354,-0.06604454908812624
2019-09-17,real_rate,-0.18254944914876026,-0.11416609887964024,-0.06838335026912001
2019-09-18,real_rate,-0.1818118000268538,-0.11421698295153429,-0.0675948170753195
2019-09-19,real_rate,-0.1813736780871558,-0.11439790344952329,-0.0669757746376325
2019-09-20,real_rate,-0.18172815206645615,-0.11558707113267673,-0.06614108093377942
2019-09-23,real_rate,-0.1792167130893779,-0.11571536877029401,-0.06350134431908389
2019-09-24,real_rate,-0.15044298079671506,-0.11543896596429927,-0.03500401483241579
2019-09-25,real_rate,-0.14788469179952957,-0.1184228484973141,-0.029461843302215462
2019-09-26,real_rate,-0.14505020358660425,-0.11872436878211448,-0.026325834804489773
2019-09-27,real_rate,-0.1456656688748866,-0.11948271770516293,-0.026182951169723676
2019-09-30,real_rate,-0.14584306550001294,-0.1193104227349349,-0.026532642765078038
2019-10-01,real_rate,-0.14590524244272993,-0.11953507858336285,-0.02637016385936708
2019-10-02,real_rate,-0.14346585444628684,-0.12068543120082845,-0.022780423245458398
2019-10-03,real_rate,-0.14125533108675445,-0.12006143832567392,-0.021193892761080524
2019-10-04,real_rate,-0.1398383883807995,-0.12001589817610406,-0.019822490204695453
2019-10-07,real_rate,-0.14318152385342098,-0.12148506368584122,-0.021696460167579756
2019-10-08,real_rate,-0.14388047481612123,-0.12218161930727212,-0.02169885550884912
2019-10-09,real_rate,-0.13521611313222398,-0.12114147003222327,-0.014074643100000714
2019-10-10,real_rate,-0.13552520849712393,-0.12210725964272066,-0.01341794885440327
2019-10-11,real_rate,-0.1391118407062549,-0.12246880737217455,-0.016643033334080348
2019-10-14,real_rate,-0.1469032716163092,-0.11974163740357813,-0.027161634212731073
2019-10-15,real_rate,-0.14792066144001884,-0.11984961663138283,-0.02807104480863601
2019-10-16,real_rate,-0.14559365885555053,-0.12009603310716645,-0.025497625748384087
2019-10-17,real_rate,-0.14583370802466003,-0.12006710443268956,-0.02576660359197047
2019-10-18,real_rate,-0.1457353659446268,-0.1203922549953848,-0.025343110949241993
2019-10-21,real_rate,-0.14105193698284224,-0.12067359007235791,-0.020378346910484332
2019-10-22,real_rate,-0.13987002535845158,-0.12093228102837449,-0.018937744330077097
2019-10-23,real_rate,-0.13782578007267857,-0.12091241354517526,-0.016913366527503304
2019-10-24,real_rate,-0.13774123204532496,-0.1209407156357624,-0.016800516409562552
2019-10-25,real_rate,-0.13704828410899597,-0.1216083805551488,-0.015439903553847167
2019-10-28,real_rate,-0.11645754025878631,-0.1231019226716172,0.006644382412830885
2019-10-29,real_rate,-0.12050975650154476,-0.12459261770742795,0.004082861205883193
2019-10-30,real_rate,-0.11971760557894356,-0.12470672795309952,0.004989122374155955
2019-10-31,real_rate,-0.11902239090527263,-0.125441748510756,0.006419357605483386
2019-11-01,real_rate,-0.11998735711258895,-0.12514417597511648,0.005156818862527529
2019-11-04,real_rate,-0.11867268238350315,-0.12657603534587558,0.007903352962372434
2019-11-05,real_rate,-0.12160107464941061,-0.12901571530221906,0.007414640652808446
2019-11-06,real_rate,-0.12052028635231705,-0.12934735057293228,0.00882706422061523
2019-11-07,real_rate,-0.1212797744079104,-0.13094758379720178,0.009667809389291376
2019-11-08,real_rate,-0.12202671021943584,-0.13103149323822944,0.009004783018793594
2019-11-11,real_rate,-0.1212306641272506,-0.13109047265042123,0.00985980852317063
2019-11-12,real_rate,-0.12215664878299617,-0.1319594597853213,0.009802811002325135
2019-11-13,real_rate,-0.12226324219597087,-0.13180843809010906,0.009545195894138186
2019-11-14,real_rate,-0.1213402302308958,-0.13226010190665086,0.01091987167575506
2019-11-15,real_rate,-0.12083094009143522,-0.13244020982499424,0.011609269733559024
2019-11-18,real_rate,-0.11792055738736419,-0.13232813086350032,0.014407573476136123
2019-11-19,real_rate,-0.11829020081922095,-0.132097218823114,0.013807018003893057
2019-11-20,real_rate,-0.111773681607695,-0.13181522472412519,0.02004154311643018
2019-11-21,real_rate,-0.10551357086235669,-0.13224856615698027,0.026734995294623587
2019-11-22,real_rate,-0.1076346658118371,-0.13230691170523365,0.024672245893396547
2019-11-25,real_rate,-0.10642269138140471,-0.13214879531272553,0.025726103931320812
2019-11-26,real_rate,-0.09340029638346721,-0.13238493080061345,0.03898463441714624
2019-11-27,real_rate,-0.09078924236572593,-0.13249659698044805,0.04170735461472212
2019-11-29,real_rate,-0.07577340795945346,-0.13129021966396698,0.055516811704513516
2019-12-02,real_rate,-0.08725924894931293,-0.13282892016773717,0.04556967121842424
2019-12-03,real_rate,-0.0858150818715182,-0.13206891783873484,0.04625383596721663
2019-12-04,real_rate,-0.08921624136513562,-0.13170378757422913,0.04248754620909351
2019-12-05,real_rate,-0.08724506370248035,-0.1315735309835441,0.04432846728106375
2019-12-06,real_rate,-0.08596741274691093,-0.13221819190269038,0.04625077915577945
2019-12-09,real_rate,-0.08786711449674253,-0.13201166666641737,0.04414455216967483
2019-12-10,real_rate,-0.09017671254107967,-0.1320162691015448,0.04183955656046512
2019-12-11,real_rate,-0.0870066690396591,-0.13436948861684853,0.04736281957718942
2019-12-12,real_rate,-0.08401465262702666,-0.1326193865978087,0.048604733970782035
2019-12-13,real_rate,-0.08196725996013222,-0.13184726367096158,0.04988000371082936
2019-12-16,real_rate,-0.09132997030729739,-0.1311871053058938,0.039857134998596416
2019-12-17,real_rate,-0.08290942665465444,-0.13077028070140095,0.04786085404674652
2019-12-18,real_rate,-0.07869461341106075,-0.1309596974464785,0.052265084035417755
2019-12-19,real_rate,-0.07179197472133488,-0.13251565888015243,0.060723684158817556
2019-12-20,real_rate,-0.08118365624136,-0.1378443898089588,0.056660733567598806
2019-12-23,real_rate,-0.07844819061097338,-0.13712911467672628,0.0586809240657529
2019-12-24,real_rate,-0.06957663122228097,-0.1369831774221585,0.06740654619987752
2019-12-26,real_rate,-0.05373155257082792,-0.137255304074028,0.08352375150320007
2019-12-27,real_rate,-0.054803995153317686,-0.13706558191808355,0.08226158676476586
2019-12-30,real_rate,-0.04490532255224577,-0.137259556920467,0.09235423436822124
2019-12-31,real_rate,-0.0463041515952833,-0.1372388240199047,0.0909346724246214
2020-01-02,real_rate,-0.03445772810826805,-0.13677437808131573,0.10231664997304768
2020-01-03,real_rate,-0.04922008322151405,-0.1384296091835983,0.08920952596208426
2020-01-06,real_rate,-0.04476453187206551,-0.13614500814333036,0.09138047627126485
2020-01-07,real_rate,-0.03790860524921309,-0.1354222693800693,0.0975136641308562
2020-01-08,real_rate,-0.039948636050192714,-0.13599280729515917,0.09604417124496645
2020-01-09,real_rate,-0.03913154416445759,-0.13587962489363706,0.09674808072917947
2020-01-10,real_rate,-0.03404304061327121,-0.13562415582463747,0.10158111521136626
2020-01-13,real_rate,-0.033251058172908236,-0.13685361445297797,0.10360255628006973
2020-01-14,real_rate,-0.03925136650228122,-0.13675251100989838,0.09750114450761715
2020-01-15,real_rate,-0.03805299573793492,-0.13682449835242586,0.09877150261449094
2020-01-16,real_rate,-0.03945217652225076,-0.136582547817969,0.09713037129571823
2020-01-17,real_rate,-0.03959681879563972,-0.1372476049377536,0.09765078614211387
2020-01-21,real_rate,-0.03550085745070944,-0.13610121386009955,0.10060035640939011
2020-01-22,real_rate,-0.036109813823547096,-0.1359847668071239,0.0998749529835768
2020-01-23,real_rate,-0.03435729923220982,-0.13598381162856923,0.10162651239635942
2020-01-24,real_rate,-0.03478812912698012,-0.13622725551267173,0.10143912638569161
2020-01-27,real_rate,-0.04121015556467943,-0.13784755430792728,0.09663739874324785
2020-01-28,real_rate,-0.040150822400275996,-0.1384526701390244,0.09830184773874841
2020-01-29,real_rate,-0.044972352518744214,-0.13829277581761612,0.09332042329887191
2020-01-30,real_rate,-0.04507841015877827,-0.13944137104515192,0.09436296088637365
2020-01-31,real_rate,-0.03935694886906833,-0.14149894304175215,0.10214199417268383
2020-02-03,real_rate,-0.04078093884730668,-0.14198668537137915,0.10120574652407247
2020-02-04,real_rate,-0.04294956569914973,-0.14328416469646207,0.10033459899731234
2020-02-05,real_rate,-0.03745371169670182,-0.14265386856187767,0.10520015686517585
2020-02-06,real_rate,-0.03758533490290666,-0.14270912269338665,0.10512378779047998
2020-02-07,real_rate,-0.036341084440319575,-0.14211027932325274,0.10576919488293315
2020-02-10,real_rate,-0.037850498320691345,-0.14197453351961936,0.10412403519892802
2020-02-11,real_rate,-0.031747099265536226,-0.14145884841756806,0.10971174915203183
2020-02-12,real_rate,-0.030560039267395225,-0.14170719291663425,0.11114715364923902
2020-02-13,real_rate,-0.029199634315984633,-0.14180996228999218,0.11261032797400755
2020-02-14,real_rate,-0.03023293987740913,-0.14191170093687244,0.11167876105946331
2020-02-18,real_rate,-0.027977655751611846,-0.14260201378638254,0.1146243580347707
2020-02-19,real_rate,-0.02291480800427096,-0.14153962909296874,0.11862482108869779
2020-02-20,real_rate,-0.019218121526582352,-0.14188860311157456,0.1226704815849922
2020-02-21,real_rate,-0.019113921796631704,-0.14231638416732778,0.12320246237069607
2020-02-24,real_rate,-0.015644064259899875,-0.14264892499657983,0.12700486073667996
2020-02-25,real_rate,-0.01554878046406657,-0.1434899799746981,0.12794119951063151
2020-02-26,real_rate,-0.015347608959529175,-0.14382429334701363,0.12847668438748447
2020-02-27,real_rate,-0.012532296753015268,-0.14339136070858347,0.1308590639555682
2020-02-28,real_rate,-0.00837229633766494,-0.13576433146134048,0.12739203512367553
2020-03-02,real_rate,-0.011081096591387429,-0.13460125229510014,0.12352015570371272
2020-03-03,real_rate,-0.0032058731620492,-0.14067175548267552,0.13746588232062631
2020-03-04,real_rate,-0.004774433735967759,-0.14079937280208177,0.13602493906611401
2020-03-05,real_rate,-0.009899298487966472,-0.1427017201330938,0.13280242164512732
2020-03-06,real_rate,-0.0076828141993022046,-0.1398626462028512,0.132179832003549
2020-03-09,real_rate,-0.06763081257198535,-0.13226310271131034,0.06463229013932499
2020-03-10,real_rate,-0.04965315304019334,-0.12849348053407303,0.07884032749387969
2020-03-11,real_rate,-0.05422998489685723,-0.12587972921739995,0.07164974432054272
2020-03-12,real_rate,-0.12422113757854086,-0.13344859559056715,0.00922745801202629
2020-03-13,real_rate,-0.1463103843950435,-0.13777778110969632,-0.00853260328534719
2020-03-16,real_rate,-0.13631469620753828,-0.13622096170348647,-9.373450405181227e-05
2020-03-17,real_rate,-0.03725724998636496,-0.08816068558191222,0.050903435595547254
2020-03-18,real_rate,-0.03857394623213199,-0.09016206685439895,0.05158812062226696
2020-03-19,real_rate,-0.01934424347627574,-0.09197944496046714,0.0726352014841914
2020-03-20,real_rate,-0.01022662482504284,-0.07619273822914369,0.06596611340410084
2020-03-23,real_rate,-0.012488067624226915,-0.08315201582223872,0.0706639481980118
2020-03-24,real_rate,-0.018984778221538906,-0.08750159680814798,0.06851681858660907
2020-03-25,real_rate,-0.017975345892615534,-0.08611383226420107,0.06813848637158554
2020-03-26,real_rate,-0.018193204666255066,-0.0865435054850396,0.06835030081878453
2020-03-27,real_rate,-0.01823483508563567,-0.08647063713416737,0.0682358020485317
2020-03-30,real_rate,-0.01628815155685401,-0.08658500446180238,0.07029685290494837
2020-03-31,real_rate,-0.015714004021657995,-0.08925985209556317,0.07354584807390517
2020-04-01,real_rate,-0.008356237659150067,-0.08898952194108069,0.08063328428193062
2020-04-02,real_rate,-0.022746582004036463,-0.08976442017425613,0.06701783817021967
2020-04-03,real_rate,-0.02196806731243852,-0.08971047901787578,0.06774241170543727
2020-04-06,real_rate,-0.022218918414298412,-0.08990259456400314,0.06768367614970472
2020-04-07,real_rate,-0.022599931035373055,-0.09007331092034704,0.06747337988497398
2020-04-08,real_rate,-0.022588871261350982,-0.09009262821864376,0.06750375695729278
2020-04-09,real_rate,-0.019499593605459754,-0.09187889635478795,0.07237930274932819
2020-04-13,real_rate,-0.0173735706023693,-0.09136757406546216,0.07399400346309286
2020-04-14,real_rate,-0.01781393441697922,-0.09159958548259219,0.07378565106561297
2020-04-15,real_rate,-0.01691077799520809,-0.09133011139955076,0.07441933340434267
2020-04-16,real_rate,-0.009677101689974259,-0.08920686030493061,0.07952975861495634
2020-04-17,real_rate,-0.009865159484430733,-0.09027541789681798,0.08041025841238725
2020-04-20,real_rate,-0.012320311240003094,-0.08969211545542081,0.07737180421541773
2020-04-21,real_rate,-0.013677269100733287,-0.08868064165747706,0.07500337255674377
2020-04-22,real_rate,-0.01455986279080352,-0.0895033498055053,0.07494348701470177
2020-04-23,real_rate,-0.016642350606837355,-0.08968252792458067,0.07304017731774332
2020-04-24,real_rate,-0.016387020778405176,-0.08884252782387801,0.07245550704547284
2020-04-27,real_rate,-0.01675548438640802,-0.08887532947000616,0.07211984508359814
2020-04-28,real_rate,-0.016530723476841983,-0.08866784346680535,0.07213711998996337
2020-04-29,real_rate,-0.01443833712084511,-0.08856734880282832,0.07412901168198321
2020-04-30,real_rate,-0.013747584095714565,-0.08951426460786865,0.07576668051215409
2020-05-01,real_rate,-0.01605258865946351,-0.08955517039245756,0.07350258173299404
2020-05-04,real_rate,-0.01487494723184848,-0.08949560442981486,0.07462065719796637
2020-05-05,real_rate,-0.014819767966609054,-0.08957446883928816,0.0747547008726791
2020-05-06,real_rate,-0.01186312271452012,-0.09015908568500183,0.07829596297048172
2020-05-07,real_rate,-0.016685665257266138,-0.09078282962200145,0.0740971643647353
2020-05-08,real_rate,-0.01599840714245912,-0.0909203640584393,0.07492195691598018
2020-05-11,real_rate,-0.020655806726855033,-0.09108078923204169,0.07042498250518665
2020-05-12,real_rate,-0.012509651614603622,-0.09083201549589527,0.07832236388129166
2020-05-13,real_rate,-0.013436558298183701,-0.09098770343860456,0.07755114514042086
2020-05-14,real_rate,-0.012245878555614983,-0.09100963419527106,0.07876375563965607
2020-05-15,real_rate,-0.010571870325164299,-0.09089733750520233,0.08032546718003804
2020-05-18,real_rate,-0.007369059413657608,-0.09085084897842231,0.08348178956476471
2020-05-19,real_rate,-0.009716300266104948,-0.09092727359957355,0.0812109733334686
2020-05-20,real_rate,-0.009441395563700092,-0.09087735199937641,0.08143595643567632
2020-05-21,real_rate,-0.01077338544021589,-0.09124096669514219,0.0804675812549263
2020-05-22,real_rate,-0.011056592902238559,-0.09112705769423188,0.08007046479199331
2020-05-26,real_rate,-0.01159692819225125,-0.09151238876343162,0.07991546057118037
2020-05-27,real_rate,-0.009998439932453541,-0.09171415271334189,0.08171571278088835
2020-05-28,real_rate,-0.010614325196594426,-0.09182116284782492,0.08120683765123049
2020-05-29,real_rate,-0.01064347943023376,-0.09183147167260669,0.08118799224237293
2020-06-01,real_rate,-0.012832599269837791,-0.09141586632328838,0.07858326705345059
2020-06-02,real_rate,-0.012143840418140917,-0.09104313263715234,0.07889929221901143
2020-06-03,real_rate,-0.005866611455413827,-0.09219380393140425,0.08632719247599042
2020-06-04,real_rate,-0.004537660661373085,-0.09153118329467964,0.08699352263330656
2020-06-05,real_rate,-0.004370809308634007,-0.09249295936604505,0.08812215005741104
2020-06-08,real_rate,-0.002389649092939766,-0.092707181056731,0.09031753196379123
2020-06-09,real_rate,-0.002497456922230083,-0.09249563266994379,0.08999817574771371
2020-06-10,real_rate,-0.0035516805149353155,-0.09294249102689671,0.08939081051196139
2020-06-11,real_rate,-0.001564602302169721,-0.09260360480894278,0.09103900250677306
2020-06-12,real_rate,-0.0006812811460882567,-0.09230300822126118,0.09162172707517292
2020-06-15,real_rate,-0.0015691116538627092,-0.0923592370741129,0.09079012542025018
2020-06-16,real_rate,-0.004229582605245508,-0.09237994361686444,0.08815036101161894
2020-06-17,real_rate,-0.0057643274752480125,-0.09244514724717916,0.08668081977193115
2020-06-18,real_rate,-0.005869898676864956,-0.09207783613190257,0.08620793745503762
2020-06-19,real_rate,-0.00180823950833806,-0.09074026648960232,0.08893202698126426
2020-06-22,real_rate,-0.006044148274142415,-0.09187605772128327,0.08583190944714085
2020-06-23,real_rate,-0.0032632131378164692,-0.09168670457521629,0.08842349143739982
2020-06-24,real_rate,-0.0053759859588398615,-0.09183418528813739,0.08645819932929752
2020-06-25,real_rate,-0.010904859519732512,-0.09160569471873743,0.08070083519900492
2020-06-26,real_rate,-0.014826955878130236,-0.09170154113038993,0.0768745852522597
2020-06-29,real_rate,-0.012725710841813169,-0.09166208195024549,0.07893637110843232
2020-06-30,real_rate,-0.0055671696621847015,-0.09083203100085444,0.08526486133866973
2020-07-01,real_rate,-0.005167871370150102,-0.09072141648785789,0.0855535451177078
2020-07-02,real_rate,-0.0034829068109110796,-0.09058265667488083,0.08709974986396975
2020-07-06,real_rate,-0.004009429726926261,-0.09025290315655785,0.08624347342963158
2020-07-07,real_rate,-0.004398789446114688,-0.09028657076230913,0.08588778131619444
2020-07-08,real_rate,-0.00397611168311042,-0.0900239043765168,0.08604779269340639
2020-07-09,real_rate,-0.004567173760190194,-0.08957246127269607,0.08500528751250587
2020-07-10,real_rate,-0.0028797422265250104,-0.08936060820124081,0.0864808659747158
2020-07-13,real_rate,-0.002872486283053077,-0.08931092129132627,0.0864384350082732
2020-07-14,real_rate,-0.004768474122705832,-0.08938466305959593,0.0846161889368901
2020-07-15,real_rate,-0.003080444035859581,-0.08923106338428785,0.08615061934842827
2020-07-16,real_rate,-0.0028973800762749136,-0.08877071514018699,0.08587333506391208
2020-07-17,real_rate,0.0017777889567812863,-0.08839728007144998,0.09017506902823126
2020-07-20,real_rate,0.0018245949098766787,-0.08836700060014475,0.09019159551002143
2020-07-21,real_rate,0.0015518699998736116,-0.0886249910584071,0.09017686105828071
2020-07-22,real_rate,0.0015580241899487933,-0.08861984892692883,0.09017787311687762
2020-07-23,real_rate,0.0008334010632272645,-0.08870964733941182,0.08954304840263909
2020-07-24,real_rate,0.0002596531584466062,-0.08864543707653867,0.08890509023498527
2020-07-27,real_rate,0.0036777331720162392,-0.0881385435394517,0.09181627671146794
2020-07-28,real_rate,0.0031444933492647954,-0.08820871728907627,0.09135321063834106
2020-07-29,real_rate,0.002677322653551851,-0.0883144605131337,0.09099178316668555
2020-07-30,real_rate,0.0034899386608509934,-0.08841409107628546,0.09190402973713646
2020-07-31,real_rate,0.004850206381474331,-0.08746217190110323,0.09231237828257756
2020-08-03,real_rate,0.004645730724775075,-0.08741194260796135,0.09205767333273643
2020-08-04,real_rate,0.011218060835309917,-0.08747049456735004,0.09868855540265996
2020-08-05,real_rate,0.010867240863200558,-0.08736463145265874,0.0982318723158593
2020-08-06,real_rate,0.010662969656095833,-0.08733133239487996,0.0979943020509758
2020-08-07,real_rate,0.008734977367273312,-0.08796872907262433,0.09670370643989765
2020-08-10,real_rate,0.009313357548148429,-0.08798522251985404,0.09729858006800246
2020-08-11,real_rate,0.0063331211605429346,-0.08984841856968785,0.09618153973023079
2020-08-12,real_rate,0.007324035432300185,-0.0898274718882436,0.09715150732054378
2020-08-13,real_rate,0.004904208482864136,-0.08904827453894551,0.09395248302180964
2020-08-14,real_rate,0.005421892718997247,-0.08903357566959973,0.09445546838859697
2020-08-17,real_rate,0.002854552020235307,-0.08940757530390704,0.09226212732414235
2020-08-18,real_rate,0.0032114052429260903,-0.08921603519646669,0.09242744043939279
2020-08-19,real_rate,0.002498355328532303,-0.08997542427349377,0.09247377960202607
2020-08-20,real_rate,0.00530815746682606,-0.08971017579218889,0.09501833325901494
2020-08-21,real_rate,0.005617901003683826,-0.08933432005963529,0.09495222106331912
2020-08-24,real_rate,0.007791349061923028,-0.08811604737915389,0.09590739644107692
2020-08-25,real_rate,0.007367473104903107,-0.08812848610532298,0.09549595921022609
2020-08-26,real_rate,0.00607740902869358,-0.08806504258573598,0.09414245161442956
2020-08-27,real_rate,0.004155105901231948,-0.08860181793528278,0.09275692383651472
2020-08-28,real_rate,0.0030999609414794167,-0.08921530071147686,0.09231526165295628
2020-08-31,real_rate,0.0018072306675612387,-0.0890887204807064,0.09089595114826764
2020-09-01,real_rate,-0.0010533865800250856,-0.08950467173459555,0.08845128515457046
2020-09-02,real_rate,-0.001823889230021764,-0.08968241310338763,0.08785852387336587
2020-09-03,real_rate,-0.0048545098695527466,-0.08867109947877778,0.08381658960922504
2020-09-04,real_rate,-0.005314740875296129,-0.08833894617320945,0.08302420529791332
2020-09-08,real_rate,-0.004566047728643451,-0.08831838492762425,0.0837523371989808
2020-09-09,real_rate,-0.0026711206096914014,-0.0880775198335072,0.0854063992238158
2020-09-10,real_rate,-0.00286252889938687,-0.0883709818495596,0.08550845295017273
2020-09-11,real_rate,-0.003030613632335318,-0.08833062836742386,0.08530001473508854
2020-09-14,real_rate,-0.001708603556265496,-0.08794958241091029,0.0862409788546448
2020-09-15,real_rate,-0.0024935603889034118,-0.08770762134827143,0.08521406095936801
2020-09-16,real_rate,-0.002159042838417564,-0.08770332090023063,0.08554427806181307
2020-09-17,real_rate,-0.0016885832774750067,-0.08770266586658514,0.08601408258911013
2020-09-18,real_rate,-0.0019790445839740485,-0.08767554679064493,0.08569650220667088
2020-09-21,real_rate,-0.00300415562196244,-0.08805198944942377,0.08504783382746134
2020-09-22,real_rate,-0.0036776721946400084,-0.08801692255348137,0.08433925035884136
2020-09-23,real_rate,-0.012956640521020902,-0.08857910288258934,0.07562246236156844
2020-09-24,real_rate,-0.012269559510966595,-0.08736526426541397,0.07509570475444738
2020-09-25,real_rate,-0.012168387620381752,-0.08733215765942075,0.075163770039039
2020-09-28,real_rate,-0.01166183658091309,-0.08735408515462113,0.07569224857370804
2020-09-29,real_rate,-0.010868140097048607,-0.08765204343879208,0.07678390334174348
2020-09-30,real_rate,-0.011004220838948933,-0.08775768145739418,0.07675346061844525
2020-10-01,real_rate,-0.011147958429143321,-0.08755082734024446,0.07640286891110114
2020-10-02,real_rate,-0.0119708561558443,-0.08754128479335764,0.07557042863751334
2020-10-05,real_rate,-0.010796114040377844,-0.08731175475184165,0.0765156407114638
2020-10-06,real_rate,-0.010972621339721558,-0.08710355213337422,0.07613093079365266
2020-10-07,real_rate,-0.0108394974403781,-0.08725637880081386,0.07641688136043576
2020-10-08,real_rate,-0.014255127246709383,-0.08743861475933089,0.0731834875126215
2020-10-09,real_rate,-0.013986654798650045,-0.08702728939315395,0.0730406345945039
2020-10-12,real_rate,-0.01208279133853217,-0.08692663366465467,0.0748438423261225
2020-10-13,real_rate,-0.011781795863136948,-0.08660822847578332,0.07482643261264638
2020-10-14,real_rate,-0.011470039581167211,-0.08647664837844452,0.0750066087972773
2020-10-15,real_rate,-0.012099403390412858,-0.08632972417911143,0.07423032078869857
2020-10-16,real_rate,-0.012132443509928762,-0.08635146004760692,0.07421901653767816
2020-10-19,real_rate,-0.011301969098230355,-0.08631950722487489,0.07501753812664454
2020-10-20,real_rate,-0.011980213359386501,-0.08603030989517484,0.07405009653578834
2020-10-21,real_rate,-0.011733128121733197,-0.08598346405904597,0.07425033593731277
2020-10-22,real_rate,-0.011518502615346309,-0.08623228435622822,0.07471378174088192
2020-10-23,real_rate,-0.011446534061949407,-0.0861750701519682,0.07472853609001878
2020-10-26,real_rate,-0.012198465204559545,-0.08617054055154474,0.0739720753469852
2020-10-27,real_rate,-0.019047282486825575,-0.08586549568919848,0.0668182132023729
2020-10-28,real_rate,-0.019140913575459318,-0.0860979423280154,0.06695702875255609
2020-10-29,real_rate,-0.01764686701738064,-0.08606016597530983,0.06841329895792919
2020-10-30,real_rate,-0.017610974348029464,-0.08537308938114661,0.06776211503311715
2020-11-02,real_rate,-0.017802226226333935,-0.08552102624143497,0.06771880001510103
2020-11-03,real_rate,-0.018168881796673836,-0.08528171547927504,0.06711283368260121
2020-11-04,real_rate,-0.018557305073992243,-0.08449444738571552,0.06593714231172328
2020-11-05,real_rate,-0.019311805640868557,-0.08461206964922104,0.06530026400835248
2020-11-06,real_rate,-0.01648688293788931,-0.08330895144010826,0.06682206850221895
2020-11-09,real_rate,-0.016815073527648827,-0.08600716886658867,0.06919209533893984
2020-11-10,real_rate,-0.016696083369661156,-0.08600574096845102,0.06930965759878988
2020-11-11,real_rate,-0.016532273462735288,-0.08602089092934674,0.06948861746661145
2020-11-12,real_rate,-0.017836118893897603,-0.08610009258977877,0.06826397369588116
2020-11-13,real_rate,-0.018095486164599873,-0.08603374921628301,0.06793826305168314
2020-11-16,real_rate,-0.016655185900881723,-0.08596475811019501,0.06930957220931329
2020-11-17,real_rate,-0.018640025379132067,-0.0858563606145131,0.06721633523538104
2020-11-18,real_rate,-0.019028287455130004,-0.08598392320961752,0.06695563575448751
2020-11-19,real_rate,-0.019562035820690247,-0.08598643814127514,0.0664244023205849
2020-11-20,real_rate,-0.019011363364250612,-0.08591204789369133,0.06690068452944073
2020-11-23,real_rate,-0.01859320533834759,-0.08621555042767337,0.06762234508932578
2020-11-24,real_rate,-0.019014185140627263,-0.0861380720976364,0.06712388695700913
2020-11-25,real_rate,-0.019158172823520035,-0.08607460804392046,0.06691643522040043
2020-11-27,real_rate,-0.015369438515934118,-0.0853451960937789,0.06997575757784479
2020-11-30,real_rate,-0.019079423989448455,-0.08552232548150718,0.06644290149205873
2020-12-01,real_rate,-0.01928419033871048,-0.08424858955698537,0.06496439921827489
2020-12-02,real_rate,-0.019731847986608576,-0.08414013689132913,0.06440828890472056
2020-12-03,real_rate,-0.019671746985635584,-0.08430789113716468,0.0646361441515291
2020-12-04,real_rate,-0.021010966952909257,-0.08440813509752662,0.06339716814461736
2020-12-07,real_rate,-0.021121124480390573,-0.08438857032761413,0.06326744584722355
2020-12-08,real_rate,-0.020622742344535056,-0.08441157604664659,0.06378883370211154
2020-12-09,real_rate,-0.0209721269487056,-0.08471972459589301,0.0637475976471874
2020-12-10,real_rate,-0.021394140874247156,-0.0846034992662605,0.06320935839201335
2020-12-11,real_rate,-0.022153821723431624,-0.08489098727062709,0.06273716554719547
2020-12-14,real_rate,-0.022847266670758377,-0.08491944643701162,0.06207217976625324
2020-12-15,real_rate,-0.019674260956926686,-0.08516122888275247,0.06548696792582578
2020-12-16,real_rate,-0.02095539342471164,-0.08523549838860153,0.06428010496388989
2020-12-17,real_rate,-0.022678155139749766,-0.08521700031093035,0.06253884517118058
2020-12-18,real_rate,-0.022707433006837644,-0.08522185327727787,0.06251442027044023
2020-12-21,real_rate,-0.022730165927089367,-0.08524542937405467,0.06251526344696531
2020-12-22,real_rate,-0.02386618401240786,-0.08540383609748448,0.06153765208507661
2020-12-23,real_rate,-0.024775773349167248,-0.08516903113703309,0.060393257787865834
2020-12-24,real_rate,-0.024568202496731757,-0.08535264142739324,0.06078443893066148
2020-12-28,real_rate,-0.023848540152069928,-0.08538716569101283,0.061538625538942904
2020-12-29,real_rate,-0.023857657527368237,-0.08532330644794091,0.06146564892057267
2020-12-30,real_rate,-0.02414565783203368,-0.08537331365447458,0.0612276558224409
2020-12-31,real_rate,-0.02753370814861562,-0.08532327720646059,0.057789569057844964
2021-01-04,real_rate,-0.02623479978600444,-0.08522877997911468,0.05899398019311024
2021-01-05,real_rate,-0.02596841094175146,-0.0857060894586132,0.05973767851686174
2021-01-06,real_rate,-0.02543160889256231,-0.08681476130243954,0.061383152409877226
2021-01-07,real_rate,-0.023211232546585865,-0.08661982174738302,0.06340858920079714
2021-01-08,real_rate,-0.02404191508253039,-0.08960984459630729,0.0655679295137769
2021-01-11,real_rate,-0.027725896559078173,-0.0895297207477593,0.061803824188681133
2021-01-12,real_rate,-0.02820165438004849,-0.08949729130302099,0.061295636922972505
2021-01-13,real_rate,-0.027932985579713576,-0.0893872390641111,0.06145425348439752
2021-01-14,real_rate,-0.02559150679833335,-0.08932493201639345,0.06373342521806011
2021-01-15,real_rate,-0.019018272492518796,-0.0883824212957066,0.06936414880318781
2021-01-19,real_rate,-0.019452855266455574,-0.088534573058918,0.06908171779246243
2021-01-20,real_rate,-0.01992421422320853,-0.08901459157243455,0.06909037734922602
2021-01-21,real_rate,-0.024993572167759284,-0.08888864198452842,0.06389506981676914
2021-01-22,real_rate,-0.025607483548452985,-0.08881452312759416,0.06320703957914117
2021-01-25,real_rate,-0.025124640025206105,-0.08860905684727034,0.06348441682206424
2021-01-26,real_rate,-0.023112145737039274,-0.08849002431941977,0.06537787858238049
2021-01-27,real_rate,-0.023082204402315887,-0.08821342751804521,0.06513122311572933
2021-01-28,real_rate,-0.022318833750151406,-0.08811973725192711,0.0658009035017757
2021-01-29,real_rate,-0.018847839859078168,-0.08805553541807618,0.069207695558998
2021-02-01,real_rate,-0.021712075333720274,-0.08807020702214133,0.06635813168842106
2021-02-02,real_rate,-0.02182445090902441,-0.08780321752130055,0.06597876661227614
2021-02-03,real_rate,-0.020744949870554703,-0.0871344534561907,0.066389503585636
2021-02-04,real_rate,-0.022349134263853418,-0.08789890498403637,0.06554977072018295
2021-02-05,real_rate,-0.022247777856549193,-0.08778198435998473,0.06553420650343554
2021-02-08,real_rate,-0.02405222807437554,-0.08796540249495996,0.06391317442058442
2021-02-09,real_rate,-0.024354237583267706,-0.08799297828704994,0.06363874070378223
2021-02-10,real_rate,-0.024863509700777144,-0.08801519058879853,0.0631516808880214
2021-02-11,real_rate,-0.023684951792796723,-0.08825437775169807,0.06456942595890135
2021-02-12,real_rate,-0.023839668188611815,-0.08820627333981902,0.0643666051512072
2021-02-16,real_rate,-0.021913782742262345,-0.08896325440506479,0.06704947166280245
2021-02-17,real_rate,-0.02094775873643067,-0.08891765990048196,0.0679699011640513
2021-02-18,real_rate,-0.021360549111529424,-0.0887414503551131,0.06738090124358367
2021-02-19,real_rate,-0.017760447694093847,-0.08776827844848327,0.07000783075438942
2021-02-22,real_rate,-0.018121627797167247,-0.08700032291906289,0.06887869512189564
2021-02-23,real_rate,-0.019793397194494772,-0.08674951552436395,0.06695611832986918
2021-02-24,real_rate,-0.019208350532218137,-0.08648582760301304,0.0672774770707949
2021-02-25,real_rate,-0.02028867946258747,-0.08708018560065212,0.06679150613806464
2021-02-26,real_rate,-0.0114193977321545,-0.0827643458260439,0.0713449480938894
2021-03-01,real_rate,-0.01349667132353688,-0.08512416571003156,0.07162749438649468
2021-03-02,real_rate,-0.01046173004478832,-0.08497537805248247,0.07451364800769415
2021-03-03,real_rate,-0.01173887531190352,-0.08244943713826036,0.07071056182635685
2021-03-04,real_rate,-0.016856230964654554,-0.08276131611343913,0.06590508514878458
2021-03-05,real_rate,-0.015059229739409142,-0.08192262891313154,0.0668633991737224
2021-03-08,real_rate,-0.013895659437413287,-0.08301242291404676,0.06911676347663347
2021-03-09,real_rate,0.006697077308071515,-0.08555887884924593,0.09225595615731744
2021-03-10,real_rate,0.0020618800743563157,-0.08457160024883187,0.08663348032318818
2021-03-11,real_rate,0.005505570336944473,-0.08519908071206898,0.09070465104901346
2021-03-12,real_rate,0.03732175763222548,-0.07939503826413596,0.11671679589636144
2021-03-15,real_rate,0.05093985143870929,-0.07680372072500297,0.12774357216371227
2021-03-16,real_rate,0.047138850543027966,-0.07746312311473903,0.124601973657767
2021-03-17,real_rate,0.012143790303302504,-0.1049568003637815,0.117100590667084
2021-03-18,real_rate,0.013659996264915914,-0.10295979657322775,0.11661979283814367
2021-03-19,real_rate,-0.004417830820937718,-0.10148739233373356,0.09706956151279585
2021-03-22,real_rate,-0.011021490304026528,-0.13433102648905404,0.12330953618502752
2021-03-23,real_rate,-0.008903213783153644,-0.12529396608682336,0.11639075230366971
2021-03-24,real_rate,0.0063508958076161125,-0.11632992470152222,0.12268082050913832
2021-03-25,real_rate,0.0028451268622165676,-0.11978074382249712,0.12262587068471369
2021-03-26,real_rate,0.003818604139328563,-0.11852566736705808,0.12234427150638665
2021-03-29,real_rate,0.01167685387784544,-0.11913242904828264,0.1308092829261281
2021-03-30,real_rate,0.007857114401361531,-0.11959376147967146,0.127450875881033
2021-03-31,real_rate,0.0068578735236378115,-0.11449687451250784,0.12135474803614565
2021-04-01,real_rate,-0.010859543012220049,-0.1168693044085191,0.10600976139629906
2021-04-05,real_rate,0.01641101362092013,-0.11522466861582242,0.13163568223674255
2021-04-06,real_rate,0.016048188542361213,-0.1160301812280711,0.1320783697704323
2021-04-07,real_rate,0.019176747824567488,-0.11514994167505943,0.13432668949962692
2021-04-08,real_rate,0.018312882857746505,-0.11586280299996549,0.134175685857712
2021-04-09,real_rate,0.018623227462213343,-0.1161356595702218,0.13475888703243516
2021-04-12,real_rate,0.015364700620894713,-0.11196591878223623,0.12733061940313095
2021-04-13,real_rate,0.009335509508185538,-0.11223218157979137,0.12156769108797691
2021-04-14,real_rate,0.010479417279684263,-0.11181810002430628,0.12229751730399055
2021-04-15,real_rate,0.00433433296556843,-0.11436791607259819,0.11870224903816662
2021-04-16,real_rate,-0.014743201183133062,-0.12152099641870545,0.10677779523557239
2021-04-19,real_rate,-0.028045649300225975,-0.11867737434597139,0.09063172504574542
2021-04-20,real_rate,-0.019242619210211316,-0.1210373786660175,0.10179475945580618
2021-04-21,real_rate,-0.016440759859178554,-0.12513140120018168,0.10869064134100312
2021-04-22,real_rate,-0.012845710564606459,-0.12292564599714388,0.11007993543253743
2021-04-23,real_rate,-0.011483323953596367,-0.12267755896811648,0.11119423501452011
2021-04-26,real_rate,-0.017052641469908942,-0.1258175175648667,0.10876487609495776
2021-04-27,real_rate,-0.01722859286455998,-0.12560591809211027,0.1083773252275503
2021-04-28,real_rate,-0.017856584267287354,-0.1261024686111996,0.10824588434391223
2021-04-29,real_rate,-0.02446215386207904,-0.12647914896159812,0.10201699509951909
2021-04-30,real_rate,-0.02397954813861033,-0.12416984064579017,0.10019029250717984
2021-05-03,real_rate,-0.02334497024932123,-0.12541901307235323,0.10207404282303201
2021-05-04,real_rate,-0.019102062990362836,-0.12469237101908272,0.10559030802871988
2021-05-05,real_rate,-0.02825662791130039,-0.12350078599103835,0.09524415807973796
2021-05-06,real_rate,-0.03623280198966904,-0.12151910807820988,0.08528630608854085
2021-05-07,real_rate,-0.023479229112928636,-0.12028392907664048,0.09680469996371185
2021-05-10,real_rate,-0.020974169668091524,-0.12003032380928039,0.09905615414118886
2021-05-11,real_rate,-0.004478779321259553,-0.11951181214590648,0.11503303282464693
2021-05-12,real_rate,-0.011505214394950558,-0.12033782257387926,0.1088326081789287
2021-05-13,real_rate,-0.00888831387621831,-0.11970041413199305,0.11081210025577473
2021-05-14,real_rate,-0.01175609731037237,-0.1203169163869576,0.10856081907658523
2021-05-17,real_rate,-0.005638135476190662,-0.1207104823612113,0.11507234688502065
2021-05-18,real_rate,-0.009173555926978548,-0.12009538214098786,0.11092182621400931
2021-05-19,real_rate,-0.03848168101741052,-0.1168939914562135,0.07841231043880298
2021-05-20,real_rate,-0.03925284208660289,-0.11650781498515246,0.07725497289854957
2021-05-21,real_rate,-0.02759710309157377,-0.11542905013144389,0.08783194703987011
2021-05-24,real_rate,-0.03646908791991286,-0.1152697565165121,0.07880066859659923
2021-05-25,real_rate,-0.026178538717908043,-0.114883392366094,0.08870485364818596
2021-05-26,real_rate,-0.0200819214412768,-0.11454402296561457,0.09446210152433777
2021-05-27,real_rate,-0.018330524113679334,-0.11443678667343612,0.0961062625597568
2021-05-28,real_rate,-0.01037530059475584,-0.11413138018276865,0.1037560795880128
2021-06-01,real_rate,-0.009574146539356346,-0.1140055475860589,0.10443140104670255
2021-06-02,real_rate,-0.010090211699317073,-0.11378126237689379,0.10369105067757671
2021-06-03,real_rate,-0.007635842325260645,-0.11403016296882348,0.10639432064356284
2021-06-04,real_rate,-0.001422266061531769,-0.11702344019486702,0.11560117413333525
2021-06-07,real_rate,-0.0021409382219492678,-0.11418665347886664,0.11204571525691737
2021-06-08,real_rate,-0.0007418970995120215,-0.11324690647367729,0.11250500937416527
2021-06-09,real_rate,0.0030370711539783974,-0.11282321132986796,0.11586028248384636
2021-06-10,real_rate,0.003869200553786763,-0.11045498864979698,0.11432418920358375
2021-06-11,real_rate,-0.0009702992000587386,-0.11264946913213761,0.11167916993207887
2021-06-14,real_rate,-0.0026401751816805016,-0.11395399544336396,0.11131382026168346
2021-06-15,real_rate,-0.0031371934441746445,-0.11381962498845297,0.11068243154427833
2021-06-16,real_rate,-0.01883916670356958,-0.11526697152283392,0.09642780481926434
2021-06-17,real_rate,-0.018850811543211672,-0.11537064037842078,0.0965198288352091
2021-06-18,real_rate,-0.008598037613179874,-0.11530776790283563,0.10670973028965576
2021-06-21,real_rate,-0.02213733374016214,-0.11220493041187692,0.09006759667171478
2021-06-22,real_rate,-0.016914624534799184,-0.10838806852850895,0.09147344399370977
2021-06-23,real_rate,-0.016957197939741656,-0.1078220612261679,0.09086486328642625
2021-06-24,real_rate,-0.008562914860288769,-0.10745420551030609,0.09889129065001731
2021-06-25,real_rate,-0.011760987029149683,-0.10734629037324714,0.09558530334409746
2021-06-28,real_rate,-0.021658664620167353,-0.10665001302255842,0.08499134840239106
2021-06-29,real_rate,-0.020331178677595103,-0.10708358607304676,0.08675240739545165
2021-06-30,real_rate,-0.012909893013574815,-0.1076340246868851,0.09472413167331029
2021-07-01,real_rate,-0.013062088021964851,-0.10761399359265353,0.09455190557068868
2021-07-02,real_rate,-0.017497475175882175,-0.10842820517248812,0.09093072999660595
2021-07-06,real_rate,-0.017946116178844593,-0.10808697163824571,0.09014085545940112
2021-07-07,real_rate,-0.019050567269508878,-0.10790156374922558,0.0888509964797167
2021-07-08,real_rate,-0.02612358375292137,-0.10860707144736212,0.08248348769444075
2021-07-09,real_rate,-0.027660582915023917,-0.10875918360283916,0.08109860068781524
2021-07-12,real_rate,-0.024271749273954,-0.10798197867959153,0.08371022940563752
2021-07-13,real_rate,-0.0253670683289224,-0.10794816281058084,0.08258109448165844
2021-07-14,real_rate,-0.02606765051949142,-0.10869591950847249,0.08262826898898107
2021-07-15,real_rate,-0.019971859325469854,-0.10823623886371792,0.08826437953824806
2021-07-16,real_rate,-0.02092009441306036,-0.10864649025599678,0.08772639584293641
2021-07-19,real_rate,-0.01690668461151116,-0.10796653066571296,0.09105984605420181
2021-07-20,real_rate,-0.019784492833336748,-0.10772270596725497,0.08793821313391822
2021-07-21,real_rate,-0.008804548025944735,-0.10655906999606404,0.0977545219701193
2021-07-22,real_rate,-0.010675897067447771,-0.1060088139692857,0.09533291690183793
2021-07-23,real_rate,-0.00830526029359888,-0.1046411775845744,0.09633591729097553
2021-07-26,real_rate,-0.04610380148274891,-0.10260298842177758,0.05649918693902867
2021-07-27,real_rate,-0.050965381709559734,-0.10409123218062252,0.05312585047106279
2021-07-28,real_rate,-0.053927208985580184,-0.10388793170382775,0.049960722718247565
2021-07-29,real_rate,-0.05281763835373528,-0.10340213429255882,0.05058449593882354
2021-07-30,real_rate,-0.05367946738245605,-0.10371587358787086,0.050036406205414816
2021-08-02,real_rate,-0.05190748971264096,-0.10305082971911873,0.05114334000647777
2021-08-03,real_rate,-0.04952972426004927,-0.10293441453264783,0.05340469027259856
2021-08-04,real_rate,-0.04751280235572542,-0.10077971043238629,0.05326690807666087
2021-08-05,real_rate,-0.04237452158211962,-0.10000070844658186,0.05762618686446224
2021-08-06,real_rate,-0.03516210807768874,-0.10191983836996193,0.06675773029227319
2021-08-09,real_rate,-0.02632382771143029,-0.1014425041844973,0.075118676473067
2021-08-10,real_rate,-0.028089061855815875,-0.10139152314860334,0.07330246129278746
2021-08-11,real_rate,-0.025023593995811687,-0.09741862789977616,0.07239503390396448
2021-08-12,real_rate,-0.028708946306578102,-0.09713851397088195,0.06842956766430386
2021-08-13,real_rate,-0.03183231690618932,-0.09995240515585414,0.06812008824966483
2021-08-16,real_rate,-0.03231745974579029,-0.10003995108942966,0.06772249134363936
2021-08-17,real_rate,-0.030530254757739836,-0.09804574708694729,0.06751549232920745
2021-08-18,real_rate,-0.036156135699640254,-0.09712125067898557,0.060965114979345314
2021-08-19,real_rate,-0.03286875994596344,-0.09522543124504547,0.06235667129908203
2021-08-20,real_rate,-0.030021297479025558,-0.09545597795772558,0.06543468047870002
2021-08-23,real_rate,-0.0322545199608338,-0.0968507372405055,0.0645962172796717
2021-08-24,real_rate,-0.0330749210961818,-0.09730093594079785,0.06422601484461604
2021-08-25,real_rate,-0.031522871112571134,-0.09756595099553235,0.06604307988296121
2021-08-26,real_rate,-0.03231466402024582,-0.09682537776396236,0.06451071374371653
2021-08-27,real_rate,-0.03504337807695176,-0.09774164976690389,0.06269827168995212
2021-08-30,real_rate,-0.033108432707591694,-0.09600832408984347,0.06289989138225177
2021-08-31,real_rate,-0.03619137828128767,-0.09519620466989112,0.05900482638860345
2021-09-01,real_rate,-0.03619018603201673,-0.09519548537086708,0.059005299338850355
2021-09-02,real_rate,-0.03449990190296048,-0.09481737134604162,0.06031746944308115
2021-09-03,real_rate,-0.02230449374977254,-0.09348942876421248,0.07118493501443994
2021-09-07,real_rate,-0.028451576611755642,-0.09598547376608813,0.06753389715433249
2021-09-08,real_rate,-0.028378305892651976,-0.09494791856947703,0.06656961267682505
2021-09-09,real_rate,-0.026962773033287098,-0.09466882920905148,0.06770605617576439
2021-09-10,real_rate,-0.02958187768151134,-0.09496633251511181,0.06538445483360047
2021-09-13,real_rate,-0.0304334016755704,-0.09511857424030544,0.06468517256473504
2021-09-14,real_rate,-0.03230745435459214,-0.09559975340792735,0.06329229905333522
2021-09-15,real_rate,-0.03109715778809235,-0.09599670543756589,0.06489954764947353
2021-09-16,real_rate,-0.032871085511526746,-0.09787749879943965,0.0650064132879129
2021-09-17,real_rate,-0.03258709487604909,-0.09708777038734173,0.06450067551129264
2021-09-20,real_rate,-0.027139197508109662,-0.09744152136636834,0.07030232385825869
2021-09-21,real_rate,-0.026451514656523872,-0.09525811499855348,0.06880660034202961
2021-09-22,real_rate,-0.02644328433202213,-0.09525783478717793,0.0688145504551558
2021-09-23,real_rate,-0.01980829835469997,-0.09508174269327274,0.07527344433857278
2021-09-24,real_rate,-0.02630527404027584,-0.09506292724282395,0.0687576532025481
2021-09-27,real_rate,-0.026301749198714704,-0.09517694780902224,0.06887519861030753
2021-09-28,real_rate,-0.029313985286826293,-0.09526068895236488,0.06594670366553859
2021-09-29,real_rate,-0.03253297426514967,-0.09477812565749334,0.06224515139234367
2021-09-30,real_rate,-0.036273228390650565,-0.09599962161204072,0.05972639322139015
2021-10-01,real_rate,-0.050932821840709595,-0.09538295513788417,0.04445013329717457
2021-10-04,real_rate,-0.0497906575951413,-0.09521323920543383,0.04542258161029253
2021-10-05,real_rate,-0.05361066682562333,-0.09594139159205735,0.04233072476643402
2021-10-06,real_rate,-0.05151718004190153,-0.09581724711234185,0.044300067070440326
2021-10-07,real_rate,-0.05309925391153675,-0.09600896187021694,0.042909707958680196
2021-10-08,real_rate,-0.05171405278002569,-0.09600080906804555,0.044286756288019855
2021-10-11,real_rate,-0.05173629885374037,-0.09598844270042224,0.04425214384668187
2021-10-12,real_rate,-0.050273715212775155,-0.09611445807211301,0.045840742859337855
2021-10-13,real_rate,-0.05624393625961656,-0.09946990482491463,0.043225968565298076
2021-10-14,real_rate,-0.05639924108159017,-0.09931137469073584,0.04291213360914567
2021-10-15,real_rate,-0.05153024473936528,-0.10064739969620431,0.049117154956839035
2021-10-18,real_rate,-0.051886851315685094,-0.10065653756111943,0.04876968624543434
2021-10-19,real_rate,-0.046266598569611114,-0.0990857597032167,0.05281916113360559
2021-10-20,real_rate,-0.049424393238401775,-0.10006664479420059,0.050642251555798816
2021-10-21,real_rate,-0.041693136272960056,-0.09951558545646912,0.05782244918350906
2021-10-22,real_rate,-0.04110344334647957,-0.09931637384375702,0.05821293049727745
2021-10-25,real_rate,-0.043893225439207414,-0.09974887665702858,0.05585565121782117
2021-10-26,real_rate,-0.04164576471255192,-0.09846612005323081,0.05682035534067889
2021-10-27,real_rate,-0.03214874736641052,-0.0981197805124626,0.06597103314605209
2021-10-28,real_rate,-0.019868961068832482,-0.09422296534175598,0.07435400427292349
2021-10-29,real_rate,-0.020948310193808693,-0.09486630943453006,0.07391799924072137
2021-11-01,real_rate,-0.023410108235966617,-0.09478988975594059,0.07137978151997397
2021-11-02,real_rate,-0.025591901973065052,-0.09393467102395783,0.06834276905089279
2021-11-03,real_rate,-0.02660715856071258,-0.09475877851880526,0.06815161995809269
2021-11-04,real_rate,-0.015571363076234601,-0.09580043896449512,0.08022907588826052
2021-11-05,real_rate,-0.012381454968236304,-0.09648216447990147,0.08410070951166518
2021-11-08,real_rate,-0.01940658131089797,-0.09753866489952435,0.07813208358862639
2021-11-09,real_rate,-0.019773159387737223,-0.09168227872957341,0.07190911934183619
2021-11-10,real_rate,-0.02250654440588131,-0.09041190630889898,0.06790536190301766
2021-11-11,real_rate,-0.02268136850599386,-0.09037238729005224,0.0676910187840584
2021-11-12,real_rate,-0.019486401958288962,-0.09017180430315111,0.07068540234486215
2021-11-15,real_rate,-0.01998054710068283,-0.09017103160392544,0.07019048450324261
2021-11-16,real_rate,-0.028239682931066427,-0.09066658676588016,0.06242690383481373
2021-11-17,real_rate,-0.02589651858789934,-0.09091910992138326,0.06502259133348393
2021-11-18,real_rate,-0.02061564287708526,-0.0900467720653375,0.06943112918825224
2021-11-19,real_rate,-0.020405712977047546,-0.0906506490656566,0.07024493608860906
2021-11-22,real_rate,-0.03136286077126379,-0.09430775998345751,0.06294489921219373
2021-11-23,real_rate,-0.028338757494003216,-0.09424683382335482,0.0659080763293516
2021-11-24,real_rate,-0.026868380996785242,-0.09451928728456527,0.06765090628778003
2021-11-26,real_rate,-0.010757405394161817,-0.09173610314483231,0.0809786977506705
2021-11-29,real_rate,-0.015310701201119428,-0.09270270946747332,0.0773920082663539
2021-11-30,real_rate,-0.005961350366341948,-0.0916908667754533,0.08572951640911135
2021-12-01,real_rate,-0.005575045200193885,-0.09275541728836266,0.08718037208816877
2021-12-02,real_rate,-0.005593987589785507,-0.09223197682482498,0.08663798923503947
2021-12-03,real_rate,0.004165441150235052,-0.09229377835492197,0.09645921950515703
2021-12-06,real_rate,-0.011301294593643933,-0.09151074382763565,0.08020944923399172
2021-12-07,real_rate,-0.009801977754817103,-0.09057370628234089,0.08077172852752379
2021-12-08,real_rate,-0.011365988041633657,-0.09049661589513344,0.07913062785349978
2021-12-09,real_rate,-0.013998219157052245,-0.09029505408483468,0.07629683492778244
2021-12-10,real_rate,-0.01339250275255819,-0.08998406384709719,0.07659156109453899
2021-12-13,real_rate,-0.011943145138593509,-0.0899994451130935,0.07805629997449999
2021-12-14,real_rate,-0.007791406885396747,-0.09075147509221804,0.0829600682068213
2021-12-15,real_rate,-0.006881214499908587,-0.09028546230557352,0.08340424780566494
2021-12-16,real_rate,-0.0008101528906917893,-0.09117361344627062,0.09036346055557883
2021-12-17,real_rate,-0.0017731372532782009,-0.09119698305954661,0.08942384580626841
2021-12-20,real_rate,-0.001404970213418052,-0.09127393543701892,0.08986896522360087
2021-12-21,real_rate,-0.0014167407204248872,-0.09127502036206138,0.0898582796416365
2021-12-22,real_rate,-0.0014025273836855434,-0.09210149979070634,0.0906989724070208
2021-12-23,real_rate,0.0021421229721597062,-0.09150563176452957,0.09364775473668928
2021-12-27,real_rate,0.0013877303082102787,-0.09114095905912244,0.09252868936733272
2021-12-28,real_rate,-0.00033415716294000184,-0.09122030417237836,0.09088614700943837
2021-12-29,real_rate,-0.0012177503398392781,-0.09114442310086342,0.08992667276102415
2021-12-30,real_rate,0.001376775757472357,-0.09098609036703244,0.0923628661245048
2021-12-31,real_rate,0.0006406801071670575,-0.09047996892170702,0.09112064902887408
2022-01-03,real_rate,0.0037830181304852046,-0.09097985133630013,0.09476286946678533
2022-01-04,real_rate,0.0027688069639911442,-0.08924268787612527,0.09201149484011642
2022-01-05,real_rate,-0.014642554156289733,-0.0868158005958994,0.07217324643960966
2022-01-06,real_rate,-0.019670423749966127,-0.08766825808343164,0.06799783433346551
2022-01-07,real_rate,-0.020307706419496176,-0.08248693453627004,0.062179228116773864
2022-01-10,real_rate,-0.0135869385586108,-0.08226500290689469,0.06867806434828388
2022-01-11,real_rate,-0.017263480533035534,-0.08299219066971263,0.0657287101366771
2022-01-12,real_rate,-0.010895666307799663,-0.08270478636833893,0.07180912006053927
2022-01-13,real_rate,-0.014947560526150165,-0.0828074509919721,0.06785989046582194
2022-01-14,real_rate,-0.025366750339679903,-0.08428104384317914,0.058914293503499235
2022-01-18,real_rate,-0.02938268268408307,-0.08344819313039614,0.05406551044631307
2022-01-19,real_rate,-0.031610613401425174,-0.08203880495704217,0.050428191555617
2022-01-20,real_rate,-0.019720803085907235,-0.08177811242848454,0.062057309342577305
2022-01-21,real_rate,0.0036476317042486053,-0.07986400821490715,0.08351163991915575
2022-01-24,real_rate,0.006261330529788473,-0.0802825340606512,0.08654386459043967
2022-01-25,real_rate,0.006138707991952892,-0.0803021370373385,0.08644084502929139
2022-01-26,real_rate,0.006383904099367682,-0.08224029340425025,0.08862419750361793
2022-01-27,real_rate,0.01309671162020075,-0.07991463061421095,0.0930113422344117
2022-01-28,real_rate,-0.0006647144215791949,-0.07884435748079634,0.07817964305921714
2022-01-31,real_rate,-0.00041282359784003967,-0.07869499371080343,0.0782821701129634
2022-02-01,real_rate,0.0010148326605720164,-0.07882064349710367,0.0798354761576757
2022-02-02,real_rate,0.002462413448337505,-0.07894597190411724,0.08140838535245475
2022-02-03,real_rate,-0.002748856988922911,-0.07760584367227731,0.0748569866833544
2022-02-04,real_rate,0.014896107482875183,-0.0763472941582229,0.09124340164109809
2022-02-07,real_rate,0.018449102379068234,-0.07615141762707237,0.0946005200061406
2022-02-08,real_rate,0.020184708417729742,-0.0759300217974404,0.09611473021517014
2022-02-09,real_rate,0.01714622334920219,-0.07591805571960632,0.09306427906880851
2022-02-10,real_rate,0.013350966781825195,-0.07558301878844619,0.08893398557027138
2022-02-11,real_rate,0.019977298570583682,-0.07773169488767151,0.09770899345825519
2022-02-14,real_rate,0.016615954039608808,-0.07635251840915942,0.09296847244876823
2022-02-15,real_rate,0.02025268279614207,-0.07659696569985651,0.09684964849599859
2022-02-16,real_rate,0.0205231986974738,-0.07696983076803963,0.09749302946551344
2022-02-17,real_rate,0.016959138721956216,-0.07895373234239582,0.09591287106435203
2022-02-18,real_rate,0.01868140658384933,-0.07900939936251515,0.09769080594636448
2022-02-22,real_rate,0.02068155308376757,-0.07902542486542795,0.09970697794919552
2022-02-23,real_rate,0.021022689409920046,-0.07914345552405862,0.10016614493397866
2022-02-24,real_rate,0.019449424145249253,-0.07622194947276897,0.09567137361801822
2022-02-25,real_rate,0.0061093406024163716,-0.08448542234655981,0.09059476294897618
2022-02-28,real_rate,-0.025393021798014486,-0.08064951259498365,0.05525649079696916
2022-03-01,real_rate,-0.03891280263431443,-0.08263440715815903,0.043721604523844604
2022-03-02,real_rate,-0.04437199581718859,-0.08265179275956229,0.0382797969423737
2022-03-03,real_rate,-0.03914468823418555,-0.08175810312934864,0.04261341489516309
2022-03-04,real_rate,-0.026303842301774703,-0.08315443267908813,0.05685059037731343
2022-03-07,real_rate,-0.02495807197623881,-0.08360381087899345,0.05864573890275464
2022-03-08,real_rate,-0.023600351650420365,-0.08442420135922205,0.06082384970880168
2022-03-09,real_rate,0.004412434151849148,-0.08966213817637493,0.09407457232822408
2022-03-10,real_rate,0.002714686333105339,-0.08953013540726698,0.09224482174037232
2022-03-11,real_rate,0.009038767348062002,-0.09041737663485053,0.09945614398291253
2022-03-14,real_rate,0.012328981356432766,-0.09092404527118009,0.10325302662761285
2022-03-15,real_rate,0.01595368438535597,-0.0929133168475746,0.10886700123293057
2022-03-16,real_rate,0.01937517065650695,-0.09113065395484074,0.1105058246113477
2022-03-17,real_rate,0.020962323772717787,-0.09105515536663508,0.11201747913935287
2022-03-18,real_rate,0.020930746067883203,-0.09083305450969634,0.11176380057757954
2022-03-21,real_rate,0.008581312579895552,-0.08689884056833971,0.09548015314823527
2022-03-22,real_rate,0.010665569608197152,-0.08753525368892448,0.09820082329712163
2022-03-23,real_rate,0.010412353146809427,-0.08833791303088144,0.09875026617769087
2022-03-24,real_rate,0.013116699770960054,-0.08763425292661015,0.1007509526975702
2022-03-25,real_rate,0.014246590072938783,-0.08683702120179974,0.10108361127473853
2022-03-28,real_rate,0.006821785102088259,-0.08550697526727041,0.09232876036935868
2022-03-29,real_rate,0.006110163350896769,-0.08501347625096274,0.09112363960185951
2022-03-30,real_rate,0.0072027649854944946,-0.08501108751414155,0.09221385249963604
2022-03-31,real_rate,0.008139461711222323,-0.08450346462534819,0.09264292633657051
2022-04-01,real_rate,0.011101086324234786,-0.08422721377578243,0.09532830010001722
2022-04-04,real_rate,0.010056224007349845,-0.0836381181287583,0.09369434213610814
2022-04-05,real_rate,0.009713849664079751,-0.08372641579238636,0.09344026545646611
2022-04-06,real_rate,0.0047415660119839425,-0.0822377094755042,0.08697927548748814
2022-04-07,real_rate,0.0030949510878702465,-0.08115011433029913,0.08424506541816938
2022-04-08,real_rate,0.003005188705702442,-0.08108567342688053,0.08409086213258297
2022-04-11,real_rate,0.004216276934883064,-0.08057265390615333,0.08478893084103639
2022-04-12,real_rate,0.004729377171179915,-0.08078675002863485,0.08551612719981476
2022-04-13,real_rate,0.01045538850687031,-0.0791203187485097,0.08957570725538
2022-04-14,real_rate,0.008480757493729993,-0.07914385392856507,0.08762461142229507
2022-04-18,real_rate,0.01394663281678314,-0.07916471794440358,0.09311135076118672
2022-04-19,real_rate,0.01622274333397553,-0.0802518260656063,0.09647456939958182
2022-04-20,real_rate,0.0159141631163521,-0.07981277144462512,0.09572693456097722
2022-04-21,real_rate,0.015502721899240693,-0.07915368833427876,0.09465641023351945
2022-04-22,real_rate,0.012802809802967914,-0.07960258219527487,0.09240539199824278
2022-04-25,real_rate,0.01434543978433508,-0.07884219788607141,0.0931876376704065
2022-04-26,real_rate,0.012583780465187067,-0.0787293657593651,0.09131314622455217
2022-04-27,real_rate,0.013533785821934683,-0.07887519366172063,0.09240897948365531
2022-04-28,real_rate,0.010987118428897182,-0.07885178385610685,0.08983890228500403
2022-04-29,real_rate,0.0017272197436253576,-0.07689732623954777,0.07862454598317313
2022-05-02,real_rate,0.004128083914953901,-0.0779147260098555,0.08204280992480939
2022-05-03,real_rate,0.0036044250609949496,-0.07818810580508456,0.08179253086607952
2022-05-04,real_rate,0.002640865283672698,-0.07881113965142168,0.08145200493509439
2022-05-05,real_rate,-0.011547244858337581,-0.07827686850191808,0.0667296236435805
2022-05-06,real_rate,-0.011248560093629428,-0.07720346021986195,0.06595490012623252
2022-05-09,real_rate,-0.02004275911444921,-0.07777921138273815,0.05773645226828894
2022-05-10,real_rate,-0.01964835671487048,-0.07810369652753009,0.05845533981265961
2022-05-11,real_rate,-0.005429501189852046,-0.07728044427216027,0.07185094308230823
2022-05-12,real_rate,-0.007265609430065528,-0.07790235160782463,0.0706367421777591
2022-05-13,real_rate,-0.0066667837360180485,-0.07739798209123677,0.07073119835521872
2022-05-16,real_rate,-0.0100042677348065,-0.07744697905003853,0.06744271131523202
2022-05-17,real_rate,-0.007757588272644963,-0.07762105154551303,0.06986346327286808
2022-05-18,real_rate,0.006108087003712507,-0.07724839526862616,0.08335648227233866
2022-05-19,real_rate,0.008187445777687498,-0.0752045432528926,0.0833919890305801
2022-05-20,real_rate,0.005383019320037821,-0.0752126930058257,0.08059571232586352
2022-05-23,real_rate,0.009686672327206191,-0.07500807359724784,0.08469474592445403
2022-05-24,real_rate,0.005990576862195217,-0.07496077203684882,0.08095134889904404
2022-05-25,real_rate,0.004119763447204518,-0.07475238754425459,0.07887215099145911
2022-05-26,real_rate,0.0045856603696229235,-0.07418533848566447,0.07877099885528739
2022-05-27,real_rate,0.001434556251265568,-0.07408416288948401,0.07551871914074958
2022-05-31,real_rate,0.013447022905477566,-0.07445215089396341,0.08789917379944098
2022-06-01,real_rate,0.009460331707059523,-0.07313114777907667,0.0825914794861362
2022-06-02,real_rate,0.007705465155848766,-0.07240770689860065,0.08011317205444943
2022-06-03,real_rate,0.005662952732111845,-0.07109950194902379,0.07676245468113563
2022-06-06,real_rate,0.011061890073639023,-0.07123609290871233,0.08229798298235136
2022-06-07,real_rate,0.010079132310819795,-0.07150740422894261,0.0815865365397624
2022-06-08,real_rate,0.0082852132251593,-0.07146154797985228,0.07974676120501159
2022-06-09,real_rate,0.009741950730154233,-0.0716716543726947,0.08141360510284892
2022-06-10,real_rate,0.004238171290734345,-0.06857938341210808,0.07281755470284243
2022-06-13,real_rate,-0.07427511670647745,-0.07093923986783418,-0.0033358768386432675
2022-06-14,real_rate,-0.08048371173845567,-0.06980797955130033,-0.01067573218715534
2022-06-15,real_rate,-0.06498409684501456,-0.06708726430238869,0.0021031674573741277
2022-06-16,real_rate,-0.06596752675467299,-0.06693910084628057,0.0009715740916075855
2022-06-17,real_rate,-0.06931516347895622,-0.0674134708662831,-0.001901692612673117
2022-06-21,real_rate,-0.06587421872587321,-0.06800740850927295,0.0021331897833997415
2022-06-22,real_rate,-0.06282119449849329,-0.0687709718918635,0.005949777393370215
2022-06-23,real_rate,-0.06404156818677184,-0.06846423318414958,0.004422664997377743
2022-06-24,real_rate,-0.06614012483681275,-0.06841093456590683,0.0022708097290940754
2022-06-27,real_rate,-0.06675573699828467,-0.06811531966097459,0.001359582662689915
2022-06-28,real_rate,-0.0651005813392078,-0.06809517266309784,0.0029945913238900307
2022-06-29,real_rate,-0.06531138486038807,-0.06805148779263556,0.0027401029322474957
2022-06-30,real_rate,-0.06040142296613016,-0.0666625869016858,0.006261163935555647
2022-07-01,real_rate,-0.06306262395977781,-0.06559212006668545,0.0025294961069076416
2022-07-05,real_rate,-0.06423914850947822,-0.06483667403269455,0.0005975255232163329
2022-07-06,real_rate,-0.062428688014536556,-0.06576240950424697,0.003333721489710416
2022-07-07,real_rate,-0.0594965802244814,-0.06561101065919123,0.006114430434709828
2022-07-08,real_rate,-0.05826482714569771,-0.06553933387006522,0.0072745067243675104
2022-07-11,real_rate,-0.054627000596938806,-0.06503170928396153,0.010404708687022722
2022-07-12,real_rate,-0.05345591788572448,-0.0650048144993635,0.011548896613639024
2022-07-13,real_rate,-0.054004020843188595,-0.0651057417293737,0.0111017208861851
2022-07-14,real_rate,-0.05280129587458403,-0.06496972423808751,0.012168428363503486
2022-07-15,real_rate,-0.05610287075986739,-0.06477763256415092,0.008674761804283532
2022-07-18,real_rate,-0.05555996047380345,-0.06492651748787237,0.009366557014068917
2022-07-19,real_rate,-0.05500241787129346,-0.06486096210929965,0.009858544238006188
2022-07-20,real_rate,-0.05410045367693289,-0.06510158882640979,0.011001135149476898
2022-07-21,real_rate,-0.05485144069629142,-0.06584159820093263,0.010990157504641211
2022-07-22,real_rate,-0.048690935893192046,-0.06465905292389584,0.015968117030703798
2022-07-25,real_rate,-0.049322306748000914,-0.06495540973106272,0.0156331029830618
2022-07-26,real_rate,-0.03577700022502752,-0.06538039285947536,0.02960339263444784
2022-07-27,real_rate,-0.04492727664682222,-0.06576626357941472,0.020838986932592493
2022-07-28,real_rate,-0.049464441212793434,-0.06590024592362802,0.016435804710834584
2022-07-29,real_rate,-0.049748652715557874,-0.06575951590524942,0.016010863189691547
2022-08-01,real_rate,-0.047473276308945205,-0.06600400786501734,0.018530731556072134
2022-08-02,real_rate,-0.04600896821983268,-0.06509509874315757,0.01908613052332489
2022-08-03,real_rate,-0.047664590717893716,-0.0651319212082896,0.017467330490395887
2022-08-04,real_rate,-0.04814856897917352,-0.06540335025378179,0.017254781274608263
2022-08-05,real_rate,-0.0455050721680068,-0.06562741836488123,0.020122346196874433
2022-08-08,real_rate,-0.0505367271973547,-0.06512006887172209,0.014583341674367388
2022-08-09,real_rate,-0.05256347348992166,-0.06472427166956139,0.012160798179639734
2022-08-10,real_rate,-0.052223503074553895,-0.06474792207527633,0.012524419000722431
2022-08-11,real_rate,-0.05032234115054415,-0.06437110923396729,0.014048768083423133
2022-08-12,real_rate,-0.049725756576180585,-0.06460842543262854,0.014882668856447956
2022-08-15,real_rate,-0.04803055438301868,-0.06387230662750182,0.015841752244483136
2022-08-16,real_rate,-0.048151488315115745,-0.06379647166473386,0.015644983349618113
2022-08-17,real_rate,-0.04886130751938243,-0.06394548353310181,0.015084176013719378
2022-08-18,real_rate,-0.04886968161262591,-0.06345555403703165,0.01458587242440574
2022-08-19,real_rate,-0.05397550568651329,-0.0636320315775871,0.009656525891073804
2022-08-22,real_rate,-0.05517252509032528,-0.06379064182683501,0.00861811673650973
2022-08-23,real_rate,-0.05487728230165764,-0.0636004856089766,0.00872320330731896
2022-08-24,real_rate,-0.0546518184651531,-0.06354920805139785,0.008897389586244753
2022-08-25,real_rate,-0.054391234210487416,-0.06346350370258326,0.009072269492095844
2022-08-26,real_rate,-0.05552598294867293,-0.06377826419162204,0.008252281242949105
2022-08-29,real_rate,-0.05435048843130861,-0.06271029915992085,0.008359810728612242
2022-08-30,real_rate,-0.05433314993355151,-0.06283092134616054,0.008497771412609031
2022-08-31,real_rate,-0.05132504558988937,-0.06312161235058722,0.011796566760697846
2022-09-01,real_rate,-0.052086343942595426,-0.06314200457070204,0.011055660628106617
2022-09-02,real_rate,-0.0519814715285062,-0.06343169684468637,0.011450225316180174
2022-09-06,real_rate,-0.05687943247368653,-0.06340785734739535,0.0065284248737088185
2022-09-07,real_rate,-0.055754459037275425,-0.06330903431946601,0.007554575282190584
2022-09-08,real_rate,-0.05485219672428009,-0.06372167535376028,0.008869478629480183
2022-09-09,real_rate,-0.05275302549992026,-0.06354001181248096,0.010786986312560705
2022-09-12,real_rate,-0.05085606426865288,-0.0632681961814008,0.012412131912747919
2022-09-13,real_rate,-0.05268331516756215,-0.0634966210529741,0.010813305885411947
2022-09-14,real_rate,-0.05154128339986226,-0.06320984138142195,0.01166855798155969
2022-09-15,real_rate,-0.05171162452289292,-0.06399150552563744,0.01227988100274452
2022-09-16,real_rate,-0.051638542146895824,-0.06328046107193754,0.011641918925041711
2022-09-19,real_rate,-0.05177526274706867,-0.06298316303027254,0.01120790028320387
2022-09-20,real_rate,-0.05393490726765136,-0.0628940108413283,0.008959103573676942
2022-09-21,real_rate,-0.05359019651942112,-0.0630476595672989,0.009457463047877777
2022-09-22,real_rate,-0.0498212148968388,-0.06189155973439201,0.012070344837553211
2022-09-23,real_rate,-0.051838121059885355,-0.0618201783541344,0.009982057294249044
2022-09-26,real_rate,-0.04420704259650809,-0.06128914289559715,0.017082100299089062
2022-09-27,real_rate,-0.04407844863274779,-0.06089572613710571,0.016817277504357922
2022-09-28,real_rate,-0.046803484690147674,-0.061767626354468565,0.01496414166432089
2022-09-29,real_rate,-0.046292558840888516,-0.0603824380434785,0.014089879202589986
2022-09-30,real_rate,-0.04376909394010475,-0.059443646679928394,0.01567455273982364
2022-10-03,real_rate,-0.0387308947733234,-0.06111856404244763,0.02238766926912423
2022-10-04,real_rate,-0.04023772438602736,-0.06157420522023461,0.02133648083420725
2022-10-05,real_rate,-0.03896075030594119,-0.061299786937876605,0.022339036631935413
2022-10-06,real_rate,-0.03893190172191475,-0.06118706021036117,0.02225515848844642
2022-10-07,real_rate,-0.03882361231612384,-0.06115564678486371,0.022332034468739867
2022-10-10,real_rate,-0.03852795098553656,-0.061054606152292405,0.022526655166755845
2022-10-11,real_rate,-0.038101544516063166,-0.06105341507760389,0.022951870561540723
2022-10-12,real_rate,-0.038665896062637026,-0.06103897770506021,0.022373081642423187
2022-10-13,real_rate,-0.0369019435787243,-0.060367231231897404,0.023465287653173107
2022-10-14,real_rate,-0.03618021066792371,-0.059838110290299104,0.023657899622375397
2022-10-17,real_rate,-0.03756118153905536,-0.05966595216467836,0.022104770625623
2022-10-18,real_rate,-0.037743336568743485,-0.05960416730175996,0.02186083073301647
2022-10-19,real_rate,-0.03875186707876135,-0.060337184067503685,0.021585316988742338
2022-10-20,real_rate,-0.03769429049220994,-0.060149026528552876,0.02245473603634294
2022-10-21,real_rate,-0.03989088399659079,-0.06080399327490442,0.020913109278313628
2022-10-24,real_rate,-0.040738443384276284,-0.06055457377824342,0.019816130393967138
2022-10-25,real_rate,-0.04241697143313813,-0.060282211488236655,0.017865240055098527
2022-10-26,real_rate,-0.042734299667481636,-0.06064063767267899,0.017906338005197357
2022-10-27,real_rate,-0.0442444355256492,-0.060160493175154886,0.015916057649505683
2022-10-28,real_rate,-0.047450517079977314,-0.060512300164360544,0.01306178308438323
2022-10-31,real_rate,-0.0481792593085454,-0.06055486051567695,0.012375601207131548
2022-11-01,real_rate,-0.04806875219907008,-0.060891298114663886,0.012822545915593807
2022-11-02,real_rate,-0.04704385052539475,-0.06100943866201066,0.013965588136615914
2022-11-03,real_rate,-0.04561312245077377,-0.060271121495784875,0.014657999045011104
2022-11-04,real_rate,-0.049356268979362274,-0.06102184014514144,0.011665571165779168
2022-11-07,real_rate,-0.049364497872547486,-0.06054915977616523,0.011184661903617742
2022-11-08,real_rate,-0.04197451299211272,-0.06132570037098079,0.019351187378868075
2022-11-09,real_rate,-0.044419791321717125,-0.06134364503585251,0.016923853714135385
2022-11-10,real_rate,-0.06298160795716164,-0.06390149335672879,0.0009198853995671524
2022-11-11,real_rate,-0.06251803993388674,-0.06390817943882918,0.0013901395049424337
2022-11-14,real_rate,-0.06312770270723046,-0.06358459151171054,0.0004568888044800823
2022-11-15,real_rate,-0.06474997805458461,-0.06354545752149586,-0.0012045205330887543
2022-11-16,real_rate,-0.06315357136005686,-0.06309586393475987,-5.770742529699613e-05
2022-11-17,real_rate,-0.06188005257286781,-0.06308934829584438,0.0012092957229765736
2022-11-18,real_rate,-0.062887403328515,-0.0633917837665576,0.0005043804380426009
2022-11-21,real_rate,-0.060916587690085795,-0.06295604756048125,0.0020394598703954506
2022-11-22,real_rate,-0.06050507177177829,-0.06154981674835557,0.0010447449765772845
2022-11-23,real_rate,-0.062231018079998174,-0.06155602261024203,-0.0006749954697561414
2022-11-25,real_rate,-0.0622155062797159,-0.061569234240666466,-0.0006462720390494336
2022-11-28,real_rate,-0.066666866176045,-0.06231685874776508,-0.004350007428279921
2022-11-29,real_rate,-0.06771472869188579,-0.062007363904460225,-0.005707364787425562
2022-11-30,real_rate,-0.0712679672339941,-0.06264434846654934,-0.00862361876744476
2022-12-01,real_rate,-0.06910979124182848,-0.06365456457980667,-0.005455226662021806
2022-12-02,real_rate,-0.06926818228437523,-0.06318704215250838,-0.0060811401318668495
2022-12-05,real_rate,-0.07101549680211484,-0.06373984189977562,-0.007275654902339224
2022-12-06,real_rate,-0.0679990242464073,-0.06381388921184565,-0.004185135034561652
2022-12-07,real_rate,-0.06799291623631881,-0.06402184830774792,-0.0039710679285708955
2022-12-08,real_rate,-0.06734986659937849,-0.06397381335177885,-0.003376053247599639
2022-12-09,real_rate,-0.06662766149085057,-0.06331646815534256,-0.003311193335508014
2022-12-12,real_rate,-0.06672309651353867,-0.06340025079223538,-0.003322845721303286
2022-12-13,real_rate,-0.0688366127584766,-0.06391891500565744,-0.004917697752819167
2022-12-14,real_rate,-0.06952473259465808,-0.06376209851248983,-0.005762634082168247
2022-12-15,real_rate,-0.06923593731050694,-0.06344164333858239,-0.005794293971924547
2022-12-16,real_rate,-0.07125427075979918,-0.06264709777491993,-0.008607172984879244
2022-12-19,real_rate,-0.07153559520360142,-0.06260881611626957,-0.008926779087331846
2022-12-20,real_rate,-0.07127882801276066,-0.06238555047385735,-0.008893277538903309
2022-12-21,real_rate,-0.07094605367739377,-0.06224696769752958,-0.008699085979864192
2022-12-22,real_rate,-0.07036201669601572,-0.06235103145002401,-0.008010985245991704
2022-12-23,real_rate,-0.07081452323872685,-0.06217917028872829,-0.008635352949998558
2022-12-27,real_rate,-0.07063022909279924,-0.062111670254852674,-0.008518558837946569
2022-12-28,real_rate,-0.07063870135554969,-0.06213556884157545,-0.008503132513974235
2022-12-29,real_rate,-0.07061947991345065,-0.06222247384232886,-0.008397006071121788
2022-12-30,real_rate,-0.07091924672230669,-0.06210623136794856,-0.008813015354358134
2023-01-03,real_rate,-0.07097756003819586,-0.06231936515144945,-0.008658194886746406
2023-01-04,real_rate,-0.07163890194489717,-0.06209772047344289,-0.009541181471454274
2023-01-05,real_rate,-0.07205298228271269,-0.06249473485522887,-0.009558247427483818
2023-01-06,real_rate,-0.06952888052978547,-0.06341271859414117,-0.006116161935644293
2023-01-09,real_rate,-0.06961279494958914,-0.06304440910915003,-0.006568385840439103
2023-01-10,real_rate,-0.06889396542545018,-0.06283673357110982,-0.006057231854340359
2023-01-11,real_rate,-0.06900903875393696,-0.0626517856096406,-0.00635725314429636
2023-01-12,real_rate,-0.07234547057552697,-0.06262272116792274,-0.009722749407604231
2023-01-13,real_rate,-0.07155642123709798,-0.06191731466719927,-0.009639106569898706
2023-01-17,real_rate,-0.06902272612762266,-0.06201809632775431,-0.0070046297998683435
2023-01-18,real_rate,-0.06696256905767842,-0.06131665392107476,-0.00564591513660366
2023-01-19,real_rate,-0.06670863979509899,-0.06185063771402381,-0.0048580020810751745
2023-01-20,real_rate,-0.06478679000534852,-0.061984767087971585,-0.0028020229173769395
2023-01-23,real_rate,-0.06635430975574896,-0.062037794159754744,-0.004316515595994219
2023-01-24,real_rate,-0.07281980065688075,-0.06258594768740336,-0.010233852969477389
2023-01-25,real_rate,-0.07365749642743935,-0.0625639513410595,-0.011093545086379844
2023-01-26,real_rate,-0.07377783803639305,-0.062446456171770054,-0.011331381864623
2023-01-27,real_rate,-0.07445613876441685,-0.06184855307779858,-0.012607585686618274
2023-01-30,real_rate,-0.0766180706009023,-0.06251121474450724,-0.014106855856395054
2023-01-31,real_rate,-0.07386838825820922,-0.06286076446692564,-0.011007623791283588
2023-02-01,real_rate,-0.07491205843887107,-0.06313064235231801,-0.01178141608655306
2023-02-02,real_rate,-0.07464808829954105,-0.06353507057537987,-0.011113017724161178
2023-02-03,real_rate,-0.0757443809246029,-0.06479405227835404,-0.010950328646248855
2023-02-06,real_rate,-0.07507734150812402,-0.06466488395263625,-0.010412457555487767
2023-02-07,real_rate,-0.08026658940024393,-0.06491229045821008,-0.015354298942033856
2023-02-08,real_rate,-0.0790065157422107,-0.06476228686083489,-0.014244228881375803
2023-02-09,real_rate,-0.07985197795068569,-0.06492461180368825,-0.01492736614699744
2023-02-10,real_rate,-0.07982832180822651,-0.06467996847817756,-0.01514835333004895
2023-02-13,real_rate,-0.07958060310598634,-0.06464151444741073,-0.014939088658575614
2023-02-14,real_rate,-0.0814139240832569,-0.0638248962612479,-0.017589027822008996
2023-02-15,real_rate,-0.08179962293181187,-0.06378367689052056,-0.01801594604129131
2023-02-16,real_rate,-0.08347618362126331,-0.06357057235366391,-0.019905611267599405
2023-02-17,real_rate,-0.08368625105159211,-0.06354120552076169,-0.02014504553083042
2023-02-21,real_rate,-0.08566786591700504,-0.06327578433124467,-0.022392081585760365
2023-02-22,real_rate,-0.08588169163093333,-0.06327228589843863,-0.022609405732494703
2023-02-23,real_rate,-0.08690033712903202,-0.06320187544402471,-0.023698461685007305
2023-02-24,real_rate,-0.08804545205881477,-0.06325555222645514,-0.02478989983235963
2023-02-27,real_rate,-0.08753104276202418,-0.06363399372359421,-0.02389704903842997
2023-02-28,real_rate,-0.08735061542776514,-0.06360476651847409,-0.023745848909291045
2023-03-01,real_rate,-0.07955178019504121,-0.063719175623283,-0.01583260457175821
2023-03-02,real_rate,-0.07627716217658055,-0.06292931408009114,-0.01334784809648941
2023-03-03,real_rate,-0.07043413560553424,-0.062820765621726,-0.007613369983808238
2023-03-06,real_rate,-0.07005859666828203,-0.06292013704833146,-0.007138459619950563
2023-03-07,real_rate,-0.07484274226407195,-0.0629499248731554,-0.011892817390916549
2023-03-08,real_rate,-0.07673907657047259,-0.06236079304218339,-0.014378283528289196
2023-03-09,real_rate,-0.07359783681975358,-0.061680128914261265,-0.01191770790549232
2023-03-10,real_rate,-0.07869051903043453,-0.061105173324656176,-0.017585345705778355
2023-03-13,real_rate,-0.09374780832253671,-0.06231943299104391,-0.0314283753314928
2023-03-14,real_rate,-0.09502051966980765,-0.06280878013474364,-0.03221173953506401
2023-03-15,real_rate,-0.09467612760680631,-0.06232142282077757,-0.03235470478602874
2023-03-16,real_rate,-0.09413267704462101,-0.06100155882282549,-0.03313111822179552
2023-03-17,real_rate,-0.09809824519047264,-0.06232345695223508,-0.035774788238237556
2023-03-20,real_rate,-0.09792874824932127,-0.06240266154732099,-0.035526086702000276
2023-03-21,real_rate,-0.09741479851654694,-0.0627437388627776,-0.034671059653769334
2023-03-22,real_rate,-0.0901472740655868,-0.06462577110520532,-0.025521502960381484
2023-03-23,real_rate,-0.091594329785024,-0.06462164695748829,-0.02697268282753572
2023-03-24,real_rate,-0.09163798310930933,-0.06389745129829322,-0.027740531811016114
2023-03-27,real_rate,-0.09381468584583588,-0.06418553619241046,-0.02962914965342542
2023-03-28,real_rate,-0.09572706426722333,-0.06449220403041157,-0.031234860236811754
2023-03-29,real_rate,-0.09466906647954502,-0.06479262704189896,-0.029876439437646063
2023-03-30,real_rate,-0.09430034510954619,-0.06498551861424523,-0.029314826495300955
2023-03-31,real_rate,-0.09546316322760043,-0.06453863473128658,-0.030924528496313844
2023-04-03,real_rate,-0.09555145144636931,-0.06463176700284272,-0.030919684443526593
2023-04-04,real_rate,-0.09738345776917592,-0.06506946302789038,-0.032313994741285545
2023-04-05,real_rate,-0.09731500180344466,-0.06508856698963257,-0.032226434813812085
2023-04-06,real_rate,-0.09776054650399209,-0.06493880695965591,-0.032821739544336176
2023-04-10,real_rate,-0.09366735435927832,-0.06537740584573701,-0.028289948513541316
2023-04-11,real_rate,-0.09371601188355716,-0.06563457734465654,-0.02808143453890062
2023-04-12,real_rate,-0.09364546124496367,-0.06566711678329663,-0.02797834446166704
2023-04-13,real_rate,-0.09251789370321926,-0.06563568366851623,-0.026882210034703036
2023-04-14,real_rate,-0.09260867514978675,-0.0660205183184942,-0.02658815683129255
2023-04-17,real_rate,-0.09434508357408275,-0.06619602133407983,-0.028149062240002923
2023-04-18,real_rate,-0.09353303664925176,-0.06613197253134313,-0.02740106411790863
2023-04-19,real_rate,-0.09359652663118705,-0.06614679827065958,-0.02744972836052746
2023-04-20,real_rate,-0.09344180166932925,-0.06574174626480475,-0.0277000554045245
2023-04-21,real_rate,-0.09401542633241644,-0.06577537604341532,-0.028240050289001117
2023-04-24,real_rate,-0.09412188182210593,-0.06599645503720972,-0.028125426784896213
2023-04-25,real_rate,-0.09337984592107186,-0.06576373367423753,-0.02761611224683433
2023-04-26,real_rate,-0.0929156259986085,-0.0661227673497855,-0.026792858648822998
2023-04-27,real_rate,-0.08933691865782464,-0.06592654931697814,-0.023410369340846504
2023-04-28,real_rate,-0.08945747391991683,-0.06586572241789308,-0.02359175150202375
2023-05-01,real_rate,-0.09090470161319623,-0.06574344798708968,-0.02516125362610655
2023-05-02,real_rate,-0.09017814419500302,-0.06713254327041808,-0.023045600924584936
2023-05-03,real_rate,-0.09172466097088892,-0.0664902971128358,-0.025234363858053124
2023-05-04,real_rate,-0.09244681185645386,-0.06652288579821389,-0.02592392605823997
2023-05-05,real_rate,-0.08942520293258371,-0.0666804698783062,-0.022744733054277516
2023-05-08,real_rate,-0.08654425128443516,-0.06671266980374799,-0.01983158148068717
2023-05-09,real_rate,-0.08644110149554322,-0.0669860245257205,-0.019455076969822724
2023-05-10,real_rate,-0.08307067912320075,-0.0665830217394596,-0.016487657383741153
2023-05-11,real_rate,-0.08273801464068817,-0.0662084378676463,-0.01652957677304187
2023-05-12,real_rate,-0.08925630556645803,-0.06626736680103787,-0.022988938765420158
2023-05-15,real_rate,-0.08816359907466662,-0.06591361328561841,-0.0222499857890482
2023-05-16,real_rate,-0.08805453800617626,-0.06623173985984994,-0.021822798146326317
2023-05-17,real_rate,-0.08866797299727398,-0.06604892612594764,-0.022619046871326348
2023-05-18,real_rate,-0.09035270981914699,-0.06632327568290382,-0.024029434136243172
2023-05-19,real_rate,-0.09259354394293602,-0.0665025071374405,-0.026091036805495516
2023-05-22,real_rate,-0.09400692299806626,-0.06742390336969563,-0.026583019628370633
2023-05-23,real_rate,-0.09461506526811281,-0.06738476074377331,-0.0272303045243395
2023-05-24,real_rate,-0.09523340526930592,-0.06761206037523364,-0.02762134489407228
2023-05-25,real_rate,-0.094001777543103,-0.0676907250344337,-0.026311052508669303
2023-05-26,real_rate,-0.09401965166544413,-0.06784333447245011,-0.026176317192994014
2023-05-30,real_rate,-0.09652488987691318,-0.06802972139747143,-0.02849516847944175
2023-05-31,real_rate,-0.09652617339319634,-0.06805464161983105,-0.028471531773365297
2023-06-01,real_rate,-0.10241156998646024,-0.06789584727899024,-0.03451572270747
2023-06-02,real_rate,-0.09982495040936812,-0.06881356567421353,-0.031011384735154593
2023-06-05,real_rate,-0.09919351661410457,-0.06864765261073547,-0.030545864003369103
2023-06-06,real_rate,-0.1001559446612873,-0.06902960924910131,-0.031126335412185985
2023-06-07,real_rate,-0.10316715489873196,-0.0693344723616002,-0.03383268253713176
2023-06-08,real_rate,-0.1034219978769896,-0.06956315170111634,-0.03385884617587326
2023-06-09,real_rate,-0.10302982853087901,-0.06958983846492442,-0.03343999006595459
2023-06-12,real_rate,-0.10308633263744735,-0.06958268208294922,-0.033503650554498124
2023-06-13,real_rate,-0.10107813254513025,-0.07086837953719598,-0.03020975300793427
2023-06-14,real_rate,-0.06345695112737304,-0.06967150730375841,0.006214556176385375
2023-06-15,real_rate,-0.057231281416208625,-0.07030237819881453,0.013071096782605908
2023-06-16,real_rate,-0.06391764079452922,-0.07135916345987502,0.007441522665345798
2023-06-20,real_rate,-0.06458590332302847,-0.07129189327021201,0.006705989947183549
2023-06-21,real_rate,-0.06517157913761099,-0.07123039445641853,0.006058815318807545
2023-06-22,real_rate,-0.06535342141925084,-0.07141660743255228,0.0060631860133014415
2023-06-23,real_rate,-0.0684229757589397,-0.07154823682246675,0.003125261063527049
2023-06-26,real_rate,-0.06769160580612904,-0.07174760630360766,0.004056000497478618
2023-06-27,real_rate,-0.0672164756611887,-0.07185037444075779,0.004633898779569087
2023-06-28,real_rate,-0.06569319048333237,-0.07190277133672501,0.0062095808533926405
2023-06-29,real_rate,-0.06264157771192955,-0.07145568386491004,0.008814106152980491
2023-06-30,real_rate,-0.062054127635397874,-0.07154396077942442,0.009489833144026544
2023-07-03,real_rate,-0.06670349450046077,-0.0723817871475943,0.005678292647133529
2023-07-05,real_rate,-0.06641118554919738,-0.07304609882453583,0.006634913275338453
2023-07-06,real_rate,-0.06558218221806343,-0.07327850695427286,0.007696324736209431
2023-07-07,real_rate,-0.06580567998924507,-0.07260244120438145,0.006796761215136379
2023-07-10,real_rate,-0.0680048813008669,-0.07262075460892464,0.0046158733080577385
2023-07-11,real_rate,-0.0679238244236651,-0.07271197534159704,0.004788150917931944
2023-07-12,real_rate,-0.068116340005882,-0.07327983515842705,0.00516349515254505
2023-07-13,real_rate,-0.07159042492297016,-0.0730911342970088,0.0015007093740386362
2023-07-14,real_rate,-0.07345378641366015,-0.07300245973855096,-0.00045132667510919267
2023-07-17,real_rate,-0.07370882036688033,-0.07279684970701293,-0.0009119706598673949
2023-07-18,real_rate,-0.07293155248189016,-0.07299290507401587,6.13525921257102e-05
2023-07-19,real_rate,-0.07336803086311498,-0.07289955256539382,-0.00046847829772116156
2023-07-20,real_rate,-0.07453644400052624,-0.07277861604407576,-0.0017578279564504778
2023-07-21,real_rate,-0.07488948978710953,-0.0725470560284154,-0.00234243375869414
2023-07-24,real_rate,-0.0762263648583103,-0.07205507301409275,-0.004171291844217551
2023-07-25,real_rate,-0.08045526250979404,-0.07286072549848024,-0.0075945370113137955
2023-07-26,real_rate,-0.08017447808903241,-0.07288171799097062,-0.00729276009806179
2023-07-27,real_rate,-0.0801805981244743,-0.0735072331850037,-0.0066733649394706
2023-07-28,real_rate,-0.07498218274452187,-0.07345087421530266,-0.0015313085292192052
2023-07-31,real_rate,-0.07139921114667609,-0.07347145123663476,0.0020722400899586685
2023-08-01,real_rate,-0.0710005485149671,-0.07387512124435017,0.0028745727293830736
2023-08-02,real_rate,-0.07289894070082201,-0.07389330625933573,0.0009943655585137184
2023-08-03,real_rate,-0.07352743922171026,-0.07419461106033635,0.0006671718386260933
2023-08-04,real_rate,-0.07035318403988056,-0.07315562423102911,0.0028024401911485586
2023-08-07,real_rate,-0.07086466436977883,-0.0729931903565174,0.002128525986738572
2023-08-08,real_rate,-0.07447970487062146,-0.07272285376742234,-0.0017568511031991196
2023-08-09,real_rate,-0.07220562332681334,-0.07257947088105651,0.00037384755424317573
2023-08-10,real_rate,-0.07083440952135804,-0.07233076797999051,0.0014963584586324685
2023-08-11,real_rate,-0.07109977087295734,-0.07225676609101789,0.0011569952180605497
2023-08-14,real_rate,-0.07197104775658311,-0.07229412224709073,0.0003230744905076133
2023-08-15,real_rate,-0.0722245646547064,-0.0720873056558864,-0.00013725899882000014
2023-08-16,real_rate,-0.07236182119142663,-0.07244029009734365,7.846890591702016e-05
2023-08-17,real_rate,-0.07245592238646428,-0.07243967089588665,-1.625149057762898e-05
2023-08-18,real_rate,-0.06978491406447408,-0.07225502966301299,0.002470115598538908
2023-08-21,real_rate,-0.06976462019337125,-0.07247344234237436,0.002708822149003115
2023-08-22,real_rate,-0.0655657280964065,-0.07233411916168289,0.006768391065276394
2023-08-23,real_rate,-0.06776153532678435,-0.07207361724262565,0.004312081915841301
2023-08-24,real_rate,-0.06870700537316987,-0.07190813773417906,0.00320113236100919
2023-08-25,real_rate,-0.06880792474544763,-0.07194953921834907,0.003141614472901441
2023-08-28,real_rate,-0.06925029838068061,-0.07205718775290683,0.002806889372226215
2023-08-29,real_rate,-0.07152429017243682,-0.0720186211791981,0.0004943310067612866
2023-08-30,real_rate,-0.0708518372719744,-0.07217602763430629,0.0013241903623318896
2023-08-31,real_rate,-0.07033016353539147,-0.0720584179453362,0.0017282544099447295
2023-09-01,real_rate,-0.07264757082107721,-0.07178684235838295,-0.000860728462694263
2023-09-05,real_rate,-0.07157951178147229,-0.07201569317655519,0.00043618139508290465
2023-09-06,real_rate,-0.07190051499864998,-0.07192264318808289,2.212818943291006e-05
2023-09-07,real_rate,-0.06781703357076233,-0.07195768266660715,0.004140649095844828
2023-09-08,real_rate,-0.0676391577293432,-0.07174067567929744,0.004101517949954239
2023-09-11,real_rate,-0.0686734610177257,-0.07163097566741082,0.0029575146496851196
2023-09-12,real_rate,-0.07093529722406812,-0.07169002144215199,0.0007547242180838687
2023-09-13,real_rate,-0.07237215272123948,-0.07175456383311406,-0.0006175888881254227
2023-09-14,real_rate,-0.06965631979884651,-0.07141166850182809,0.0017553487029815795
2023-09-15,real_rate,-0.07035179603110653,-0.07142748495368957,0.001075688922583043
2023-09-18,real_rate,-0.07032839853116836,-0.0707705149372119,0.0004421164060435384
2023-09-19,real_rate,-0.06970528295925338,-0.07102625934908027,0.0013209763898268945
2023-09-20,real_rate,-0.06960787629406322,-0.07134907740026553,0.0017412011062023086
2023-09-21,real_rate,-0.06976916437018169,-0.07130508897677289,0.0015359246065912019
2023-09-22,real_rate,-0.06967996746487984,-0.0712584921992014,0.0015785247343215597
2023-09-25,real_rate,-0.0728216848530337,-0.07228382123430609,-0.0005378636187276103
2023-09-26,real_rate,-0.07235166347757553,-0.07214717802099871,-0.00020448545657682227
2023-09-27,real_rate,-0.07905606874465146,-0.07333538018863532,-0.0057206885560161375
2023-09-28,real_rate,-0.08032011718668762,-0.07315436108528206,-0.00716575610140556
2023-09-29,real_rate,-0.07991434262045424,-0.0730667298039164,-0.00684761281653784
2023-10-02,real_rate,-0.07713004325624481,-0.07520301754256546,-0.0019270257136793506
2023-10-03,real_rate,-0.07968979276840818,-0.07546739899891648,-0.004222393769491697
2023-10-04,real_rate,-0.08402888782514883,-0.07423345259082463,-0.009795435234324204
2023-10-05,real_rate,-0.08271622797883287,-0.07376561649219457,-0.008950611486638296
2023-10-06,real_rate,-0.08258991518829692,-0.07411529194593838,-0.008474623242358537
2023-10-09,real_rate,-0.08247868271885272,-0.07438355381821428,-0.008095128900638446
2023-10-10,real_rate,-0.0799020225229798,-0.07290579599211956,-0.006996226530860239
2023-10-11,real_rate,-0.07764268226272585,-0.0730059574449174,-0.004636724817808441
2023-10-12,real_rate,-0.07730332204461939,-0.07270479857731865,-0.004598523467300733
2023-10-13,real_rate,-0.07700229383899433,-0.0743368345576124,-0.0026654592813819267
2023-10-16,real_rate,-0.07503691061993262,-0.07437889216404635,-0.0006580184558862695
2023-10-17,real_rate,-0.07510508681288634,-0.07440401306676311,-0.0007010737461232291
2023-10-18,real_rate,-0.0750997318683919,-0.07369987350456103,-0.001399858363830872
2023-10-19,real_rate,-0.07449500619320228,-0.07359677836056429,-0.0008982278326379878
2023-10-20,real_rate,-0.07597912874756177,-0.07300877498541765,-0.0029703537621441206
2023-10-23,real_rate,-0.0765497605909299,-0.07294007418580759,-0.0036096864051223115
2023-10-24,real_rate,-0.07793327337458998,-0.0723697048941771,-0.005563568480412881
2023-10-25,real_rate,-0.07542028528528501,-0.07181192910227935,-0.0036083561830056593
2023-10-26,real_rate,-0.0708220101008425,-0.07167679666028914,0.0008547865594466381
2023-10-27,real_rate,-0.0706707880299199,-0.07189857859298737,0.001227790563067474
2023-10-30,real_rate,-0.07160851875012586,-0.07271079695864205,0.0011022782085161886
2023-10-31,real_rate,-0.07158704265739836,-0.07281907963686382,0.001232036979465459
2023-11-01,real_rate,-0.07025991187749052,-0.07155091859555412,0.001291006718063606
2023-11-02,real_rate,-0.07058600563224592,-0.07106883031526989,0.0004828246830239774
2023-11-03,real_rate,-0.0687493217528547,-0.07072892174429776,0.001979599991443065
2023-11-06,real_rate,-0.06922729063715428,-0.07202824794953834,0.002800957312384056
2023-11-07,real_rate,-0.0681921238877335,-0.07034628787824812,0.0021541639905146154
2023-11-08,real_rate,-0.06803651498300653,-0.06985657796954127,0.00182006298653474
2023-11-09,real_rate,-0.07052266127490611,-0.06746516827689802,-0.003057492998008088
2023-11-10,real_rate,-0.06503551666745254,-0.06735822902923268,0.002322712361780138
2023-11-13,real_rate,-0.043153513130647234,-0.06436793965622502,0.021214426525577784
2023-11-14,real_rate,-0.03581814974039019,-0.06405256742450509,0.0282344176841149
2023-11-15,real_rate,-0.031175435111678987,-0.06448989575831561,0.03331446064663662
2023-11-16,real_rate,-0.02768860100475381,-0.06485654393821999,0.03716794293346618
2023-11-17,real_rate,-0.02927835470310518,-0.06530930525389518,0.03603095055079
2023-11-20,real_rate,-0.030895302234569395,-0.06504669487385466,0.034151392639285266
2023-11-21,real_rate,-0.031241708906803282,-0.0644382861986142,0.03319657729181093
2023-11-22,real_rate,-0.03406840838861418,-0.06488777272096775,0.030819364332353577
2023-11-24,real_rate,-0.03267136850624614,-0.06491276559364456,0.03224139708739842
2023-11-27,real_rate,-0.030463645419225388,-0.0649267411205563,0.03446309570133091
2023-11-28,real_rate,-0.03267346383089129,-0.06548577110714333,0.03281230727625204
2023-11-29,real_rate,-0.030518273514649773,-0.06503909358040437,0.0345208200657546
2023-11-30,real_rate,-0.03131158556592227,-0.06556537924102997,0.0342537936751077
2023-12-01,real_rate,-0.029654022432577053,-0.06630040157724744,0.03664637914467039
2023-12-04,real_rate,-0.02813473470021706,-0.0664193305801708,0.03828459587995374
2023-12-05,real_rate,-0.03064775646411368,-0.0668124067013056,0.036164650237191925
2023-12-06,real_rate,-0.029829812793503746,-0.06569373231842456,0.03586391952492081
2023-12-07,real_rate,-0.029640197172177925,-0.06567995638728752,0.036039759215109594
2023-12-08,real_rate,-0.029206311579424545,-0.06593415837598994,0.03672784679656539
2023-12-11,real_rate,-0.031282942857619685,-0.06620424135990836,0.03492129850228868
2023-12-12,real_rate,-0.03070674853072184,-0.0672776101416459,0.036570861610924064
2023-12-13,real_rate,-0.035446963674213454,-0.06885825547791438,0.03341129180370093
2023-12-14,real_rate,-0.03218757979385789,-0.06693749182643215,0.03474991203257426
2023-12-15,real_rate,-0.031925639141590946,-0.06679849155723666,0.034872852415645715
2023-12-18,real_rate,-0.03276310891730579,-0.06684195872089163,0.03407884980358584
2023-12-19,real_rate,-0.03065127010857263,-0.06766650612152464,0.03701523601295201
2023-12-20,real_rate,-0.03099072869052314,-0.0670332996827119,0.036042570992188765
2023-12-21,real_rate,-0.03119043795419641,-0.0672889412246881,0.036098503270491696
2023-12-22,real_rate,-0.03162149403526667,-0.06743908087108198,0.03581758683581531
2023-12-26,real_rate,-0.031477978846291985,-0.06692495973685564,0.035446980890563654
2023-12-27,real_rate,-0.03314441579050705,-0.067337120029142,0.03419270423863494
2023-12-28,real_rate,-0.033729915040411444,-0.06774976360494542,0.034019848564533973
2023-12-29,real_rate,-0.034106983671040404,-0.06765928352352149,0.033552299852481086
2024-01-02,real_rate,-0.033195520953160675,-0.06759817164911391,0.03440265069595324
2024-01-03,real_rate,-0.03160317111272464,-0.0673849638317509,0.035781792719026255
2024-01-04,real_rate,-0.029918384611001946,-0.06691522631676283,0.03699684170576088
2024-01-05,real_rate,-0.030059828376112943,-0.06642887931489236,0.036369050938779415
2024-01-08,real_rate,-0.03226573674061847,-0.06579885154179133,0.03353311480117285
2024-01-09,real_rate,-0.033281856046789196,-0.06459992297600076,0.03131806692921156
2024-01-10,real_rate,-0.03310645793969172,-0.06462844551211148,0.031521987572419766
2024-01-11,real_rate,-0.03361946881029227,-0.06489028088407288,0.03127081207378061
2024-01-12,real_rate,-0.029346543346735393,-0.06551333688006766,0.03616679353333227
2024-01-16,real_rate,-0.023527846487856285,-0.06540767149199588,0.04187982500413959
2024-01-17,real_rate,-0.025681855064229788,-0.06714984811078359,0.0414679930465538
2024-01-18,real_rate,-0.029903407474787827,-0.0669998227437318,0.03709641526894397
2024-01-19,real_rate,-0.03387968047129977,-0.06813895909925416,0.03425927862795439
2024-01-22,real_rate,-0.032619423842814126,-0.06738690221569116,0.03476747837287703
2024-01-23,real_rate,-0.03692564600430161,-0.06708276214231212,0.030157116138010517
2024-01-24,real_rate,-0.03633900348405075,-0.06725091211244515,0.030911908628394394
2024-01-25,real_rate,-0.03670617027256029,-0.06730682788859976,0.030600657616039473
2024-01-26,real_rate,-0.0369784704880099,-0.06723860549615994,0.030260135008150037
2024-01-29,real_rate,-0.0385161135076138,-0.06750565111663102,0.02898953760901722
2024-01-30,real_rate,-0.038341517759422794,-0.06747208503622278,0.029130567276799982
2024-01-31,real_rate,-0.03509945685559773,-0.0671800765205716,0.03208061966497387
2024-02-01,real_rate,-0.03571749165202837,-0.06760014755345492,0.03188265590142655
2024-02-02,real_rate,-0.033764739767920625,-0.06727149333603076,0.033506753568110136
2024-02-05,real_rate,-0.035096855529495326,-0.0666323116942948,0.031535456164799476
2024-02-06,real_rate,-0.03309853509407083,-0.06455550904898044,0.03145697395490961
2024-02-07,real_rate,-0.03193889521215558,-0.06497080169839765,0.033031906486242074
2024-02-08,real_rate,-0.03043456900232655,-0.06489874932974143,0.034464180327414884
2024-02-09,real_rate,-0.031626478108964344,-0.06510940342032896,0.03348292531136462
2024-02-12,real_rate,-0.02938702859702453,-0.06488294738522543,0.0354959187882009
2024-02-13,real_rate,-0.029871961812295098,-0.06602878856892823,0.036156826756633134
2024-02-14,real_rate,-0.03198425028581009,-0.06581742754764189,0.0338331772618318
2024-02-15,real_rate,-0.03302946280235405,-0.0661283405880736,0.03309887778571955
2024-02-16,real_rate,-0.03285724619052209,-0.0660039654933696,0.033146719302847516
2024-02-20,real_rate,-0.033262267785213635,-0.06611537917520721,0.032853111389993576
2024-02-21,real_rate,-0.03367514166717431,-0.0660562264711156,0.03238108480394129
2024-02-22,real_rate,-0.03194760262649866,-0.06598458618331111,0.03403698355681246
2024-02-23,real_rate,-0.030912212423730313,-0.06613611122279009,0.03522389879905978
2024-02-26,real_rate,-0.030353611967174406,-0.06624995703498397,0.03589634506780957
2024-02-27,real_rate,-0.027073962295418127,-0.06606206998492588,0.03898810768950775
2024-02-28,real_rate,-0.02982288178966105,-0.06592581681921776,0.03610293502955671
2024-02-29,real_rate,-0.030851005394020515,-0.0660405150035336,0.03518950960951309
2024-03-01,real_rate,-0.031729352059233606,-0.06764077218897745,0.03591142012974384
2024-03-04,real_rate,-0.03110399102059117,-0.06752163239893817,0.03641764137834701
2024-03-05,real_rate,-0.033612071972950644,-0.06758284300894699,0.03397077103599634
2024-03-06,real_rate,-0.033678966878121955,-0.06747404707042257,0.03379508019230061
2024-03-07,real_rate,-0.032203897656787786,-0.06628921335874756,0.03408531570195977
2024-03-08,real_rate,-0.032200026301411035,-0.06654249972865717,0.03434247342724613
2024-03-11,real_rate,-0.03464891098190049,-0.06626733485588233,0.031618423873981845
2024-03-12,real_rate,-0.03902535606400474,-0.06490171331158193,0.025876357247577184
2024-03-13,real_rate,-0.011247416217589392,-0.06266272382691557,0.05141530760932617
2024-03-14,real_rate,-0.017981385862213005,-0.06240986409236567,0.04442847823015267
2024-03-15,real_rate,-0.022148013312346847,-0.06236548663302852,0.04021747332068168
2024-03-18,real_rate,-0.02645160374295024,-0.06338862737174564,0.0369370236287954
2024-03-19,real_rate,-0.020834037473211355,-0.06177091005252806,0.040936872579316705
2024-03-20,real_rate,-0.023002984648208952,-0.0622940467742913,0.039291062126082354
2024-03-21,real_rate,-0.022836046208671672,-0.0616159893017456,0.03877994309307392
2024-03-22,real_rate,-0.03229039793503074,-0.05951568986627147,0.02722529193124073
2024-03-25,real_rate,-0.02582003838397339,-0.05904006734267927,0.03322002895870588
2024-03-26,real_rate,-0.026647516104583685,-0.059566359364872506,0.03291884326028882
2024-03-27,real_rate,-0.02111960336415522,-0.05946356305498996,0.03834395969083474
2024-03-28,real_rate,-0.020459090437223614,-0.05921536956705709,0.03875627912983348
2024-04-01,real_rate,-0.02240035420208126,-0.05748695754616686,0.0350866033440856
2024-04-02,real_rate,-0.024303555227721183,-0.056935430223516846,0.03263187499579566
2024-04-03,real_rate,-0.02350776955640758,-0.05751436114684769,0.0340065915904401
2024-04-04,real_rate,-0.02539977301589636,-0.05705055168044028,0.03165077866454392
2024-04-05,real_rate,-0.026433428316722924,-0.05522986500843399,0.02879643669171107
2024-04-08,real_rate,-0.02540946499779518,-0.05523201455258297,0.02982254955478779
2024-04-09,real_rate,-0.02335181059733227,-0.05549525292402912,0.032143442326696844
2024-04-10,real_rate,-0.024134728542739906,-0.05549907311104705,0.03136434456830714
2024-04-11,real_rate,-0.023987942742307467,-0.05534433903230195,0.03135639628999448
2024-04-12,real_rate,-0.020526444063973408,-0.054283235919588474,0.033756791855615066
2024-04-15,real_rate,-0.026230830670850337,-0.05232846002060125,0.026097629349750913
2024-04-16,real_rate,-0.02657144817822374,-0.05123944913576117,0.024668000957537434
2024-04-17,real_rate,-0.02308340777231885,-0.05058111535350467,0.02749770758118582
2024-04-18,real_rate,-0.021964681439658094,-0.05046704862815012,0.028502367188492028
2024-04-19,real_rate,-0.021656139635520644,-0.050409281400125704,0.02875314176460506
2024-04-22,real_rate,-0.02393044052979885,-0.05024920111279958,0.02631876058300073
2024-04-23,real_rate,-0.023623280553212934,-0.05011741384646578,0.026494133293252845
2024-04-24,real_rate,-0.025372747725634928,-0.05016042189195971,0.024787674166324783
2024-04-25,real_rate,-0.024708303549844803,-0.049893870069091184,0.02518556651924638
2024-04-26,real_rate,-0.023897836723615815,-0.049773921744702763,0.025876085021086948
2024-04-29,real_rate,-0.028801592929715434,-0.04994838319481317,0.021146790265097738
2024-04-30,real_rate,-0.032844550160241355,-0.05110531125848021,0.018260761098238855
2024-05-01,real_rate,-0.025352864988829407,-0.05135171265873464,0.02599884766990523
2024-05-02,real_rate,-0.02379879149019192,-0.04926943120601881,0.025470639715826887
2024-05-03,real_rate,-0.028123494008345747,-0.04857424795619245,0.020450753947846706
2024-05-06,real_rate,-0.02829052231748663,-0.048697348842784094,0.020406826525297465
2024-05-07,real_rate,-0.029480805829643665,-0.04796664682669034,0.018485840997046678
2024-05-08,real_rate,-0.024485664186658287,-0.04824691406914205,0.02376124988248376
2024-05-09,real_rate,-0.024574127612860836,-0.048969047699430404,0.024394920086569568
2024-05-10,real_rate,-0.025803575814211176,-0.04890373639504851,0.023100160580837335
2024-05-13,real_rate,-0.02779021108486258,-0.04913388365281061,0.021343672567948026
2024-05-14,real_rate,-0.025705710368902027,-0.04937865168672207,0.023672941317820044
2024-05-15,real_rate,-0.03225886385745046,-0.050203026289710004,0.017944162432259547
2024-05-16,real_rate,-0.03168714087501836,-0.04977872556399723,0.018091584688978868
2024-05-17,real_rate,-0.030827466307934134,-0.0492506196194827,0.018423153311548562
2024-05-20,real_rate,-0.028444841731485718,-0.048379174643821285,0.019934332912335567
2024-05-21,real_rate,-0.02809545644556411,-0.04877001269367525,0.02067455624811114
2024-05-22,real_rate,-0.028035437294469782,-0.04889243714273203,0.02085699984826225
2024-05-23,real_rate,-0.030671262579380073,-0.0503710850774416,0.019699822498061525
2024-05-24,real_rate,-0.029930956030286268,-0.0500133245131924,0.020082368482906135
2024-05-28,real_rate,-0.031615833185148344,-0.04850677872100675,0.016890945535858404
2024-05-29,real_rate,-0.032598052937749325,-0.048906573729815495,0.01630852079206617
2024-05-30,real_rate,-0.029674403140478676,-0.048710222304252856,0.01903581916377418
2024-05-31,real_rate,-0.029464616677685136,-0.048385630653574804,0.018921013975889668
2024-06-03,real_rate,-0.03119311104605227,-0.04870117853694872,0.01750806749089645
2024-06-04,real_rate,-0.03288453891049545,-0.0468859041896306,0.014001365279135154
2024-06-05,real_rate,-0.03408301950577472,-0.047182256663400875,0.013099237157626155
2024-06-06,real_rate,-0.03410659040510867,-0.04711459289215479,0.013008002487046123
2024-06-07,real_rate,-0.03450806186913481,-0.05093469953459492,0.016426637665460105
2024-06-10,real_rate,-0.034703418902089105,-0.05000756341718062,0.015304144515091517
2024-06-11,real_rate,-0.03275893098180558,-0.04996203101462637,0.017203100032820787
2024-06-12,real_rate,-0.032410613448009565,-0.04996662061483307,0.017556007166823505
2024-06-13,real_rate,-0.03114792488048945,-0.04871832942197576,0.01757040454148631
2024-06-14,real_rate,-0.031249441554117467,-0.04877087402133823,0.017521432467220762
2024-06-17,real_rate,-0.033899495384145134,-0.04880631940871667,0.014906824024571538
2024-06-18,real_rate,-0.03291810861918536,-0.04883953797268679,0.01592142935350143
2024-06-20,real_rate,-0.030936483394365607,-0.04947855770178042,0.01854207430741481
2024-06-21,real_rate,-0.030269507605478335,-0.049850650109091225,0.01958114250361289
2024-06-24,real_rate,-0.03117554107486964,-0.04933850699778395,0.01816296592291431
2024-06-25,real_rate,-0.03154656166019819,-0.04914401596720423,0.017597454307006044
2024-06-26,real_rate,-0.03230396862569408,-0.04959436862105158,0.017290399995357496
2024-06-27,real_rate,-0.03282062999251671,-0.0498041234242156,0.016983493431698887
2024-06-28,real_rate,-0.03524610067951005,-0.04996405018534083,0.014717949505830781
2024-07-01,real_rate,-0.03299410392598397,-0.050001746389666334,0.017007642463682367
2024-07-02,real_rate,-0.03293591480298393,-0.04970053785787223,0.016764623054888295
2024-07-03,real_rate,-0.03195946794486461,-0.05015012296683813,0.01819065502197352
2024-07-05,real_rate,-0.021894009679430126,-0.050987389896352216,0.02909338021692209
2024-07-08,real_rate,-0.021427162490838585,-0.05120308266902269,0.029775920178184104
2024-07-09,real_rate,-0.020592656044657532,-0.05119777587194375,0.030605119827286215
2024-07-10,real_rate,-0.019559166046678803,-0.05130559383558543,0.03174642778890663
2024-07-11,real_rate,-0.019416101288319047,-0.052275276006848836,0.03285917471852979
2024-07-12,real_rate,-0.022262536476860575,-0.05136345959491664,0.029100923118056062
2024-07-15,real_rate,-0.01622195810072417,-0.051723552430566797,0.03550159432984262
2024-07-16,real_rate,-0.013509037873180457,-0.05272545166449741,0.03921641379131695
2024-07-17,real_rate,-0.013775795570801917,-0.052710266282229266,0.038934470711427346
2024-07-18,real_rate,-0.01340864830263248,-0.05271871577121519,0.039310067468582705
2024-07-19,real_rate,-0.010483200672954735,-0.05368051341416085,0.04319731274120611
2024-07-22,real_rate,-0.010549983391543852,-0.05394231607521628,0.04339233268367243
2024-07-23,real_rate,-0.010438753124838718,-0.054015205246050205,0.04357645212121149
2024-07-24,real_rate,-0.010921719419977898,-0.05420863377159338,0.04328691435161548
2024-07-25,real_rate,-0.010650263510158117,-0.05427823398253876,0.043627970472380644
2024-07-26,real_rate,-0.014096980018216222,-0.054692234096825484,0.04059525407860926
2024-07-29,real_rate,-0.01221071983796694,-0.05304952394626342,0.04083880410829648
2024-07-30,real_rate,-0.011459346925678744,-0.05296046319332882,0.04150111626765007
2024-07-31,real_rate,-0.01033267606816065,-0.053974937759988316,0.043642261691827666
2024-08-01,real_rate,-0.007982291715606972,-0.05266499240216868,0.04468270068656171
2024-08-02,real_rate,-0.007010488521455893,-0.05231022183242603,0.04529973331097013
2024-08-05,real_rate,0.003114116049710582,-0.051907489273501306,0.05502160532321189
2024-08-06,real_rate,0.006209956181391985,-0.05358171939360746,0.059791675574999446
2024-08-07,real_rate,0.002577812814542321,-0.05334264213822308,0.0559204549527654
2024-08-08,real_rate,0.005213423304406551,-0.05316920912033048,0.05838263242473703
2024-08-09,real_rate,0.004438112276848243,-0.05317115532038778,0.057609267597236016
2024-08-12,real_rate,0.006775127839758509,-0.05451281824954836,0.06128794608930687
2024-08-13,real_rate,0.005939462704858191,-0.05440877722791242,0.06034823993277061
2024-08-14,real_rate,0.005629461249651018,-0.054430150757078376,0.06005961200672939
2024-08-15,real_rate,0.004954619132934761,-0.05424526408182296,0.05919988321475772
2024-08-16,real_rate,0.006086717161594774,-0.05364697561596238,0.05973369277755715
2024-08-19,real_rate,0.007139926659661295,-0.05351740966435227,0.060657336324013565
2024-08-20,real_rate,0.003988526847962217,-0.053641104731798346,0.05762963157976056
2024-08-21,real_rate,0.002962041723434369,-0.05388885712449216,0.056850898847926525
2024-08-22,real_rate,0.0014189872676589187,-0.05449697456131159,0.05591596182897051
2024-08-23,real_rate,0.0019603277108183326,-0.05497841962127794,0.05693874733209627
2024-08-26,real_rate,0.004655068083651685,-0.05525777869798045,0.05991284678163214
2024-08-27,real_rate,0.004391037008912876,-0.05519644507920662,0.059587482088119495
2024-08-28,real_rate,0.003467783209124246,-0.05529111212274906,0.058758895331873305
2024-08-29,real_rate,0.009940028662147734,-0.05466317487358463,0.06460320353573236
2024-08-30,real_rate,0.010177692308742329,-0.05518159918710803,0.06535929149585036
2024-09-03,real_rate,0.010207604041725021,-0.054935646515231425,0.06514325055695644
2024-09-04,real_rate,0.012705928225377933,-0.05519370378731833,0.06789963201269626
2024-09-05,real_rate,0.012864710710763248,-0.05467724015767101,0.06754195086843426
2024-09-06,real_rate,0.013571849880874369,-0.054431698904030656,0.06800354878490503
2024-09-09,real_rate,0.011389749048325171,-0.054679714910512545,0.06606946395883771
2024-09-10,real_rate,0.01082773676012815,-0.05479899324881459,0.06562673000894274
2024-09-11,real_rate,0.011682974792303163,-0.05472361665065389,0.06640659144295705
2024-09-12,real_rate,0.012465994504932508,-0.054278841732469094,0.0667448362374016
2024-09-13,real_rate,0.011056255599285157,-0.0549059187163973,0.06596217431568246
2024-09-16,real_rate,0.01166760480276031,-0.05487766728424478,0.06654527208700509
2024-09-17,real_rate,0.011935707199159875,-0.05511654252983327,0.06705224972899315
2024-09-18,real_rate,0.012094116701142564,-0.05545866813462177,0.06755278483576434
2024-09-19,real_rate,0.010231188135561812,-0.0558205547899089,0.06605174292547071
2024-09-20,real_rate,0.009935113096544532,-0.0554287825795542,0.06536389567609874
2024-09-23,real_rate,0.012677283700276903,-0.05505682933665384,0.06773411303693075
2024-09-24,real_rate,0.011886484249602824,-0.0555127548543326,0.06739923910393543
2024-09-25,real_rate,0.01200145915832631,-0.055405222682316166,0.06740668184064247
2024-09-26,real_rate,0.013228819787294266,-0.0547454875880169,0.06797430737531117
2024-09-27,real_rate,0.01298523449138797,-0.05358897252832578,0.06657420701971375
2024-09-30,real_rate,0.01403775093935718,-0.05495494682125628,0.06899269776061347
2024-10-01,real_rate,0.01809825879251426,-0.05491495915894463,0.07301321795145889
2024-10-02,real_rate,0.011612249848587653,-0.053911573815934886,0.06552382366452254
2024-10-03,real_rate,0.017611950871325808,-0.05408994384491298,0.07170189471623879
2024-10-04,real_rate,0.02107681080164541,-0.05393742026437024,0.07501423106601565
2024-10-07,real_rate,0.021478828493039295,-0.053966629558733076,0.07544545805177237
2024-10-08,real_rate,0.019870038038470185,-0.05478642948110724,0.07465646751957743
2024-10-09,real_rate,0.019838360436557106,-0.05488494813276836,0.07472330856932546
2024-10-10,real_rate,0.01844400519132103,-0.05690786529088727,0.0753518704822083
2024-10-11,real_rate,0.014774961405250782,-0.05683876964785192,0.0716137310531027
2024-10-14,real_rate,0.016025724645463292,-0.05707141940437404,0.07309714404983733
2024-10-15,real_rate,0.016060993884470964,-0.054221298587783746,0.0702822924722547
2024-10-16,real_rate,0.01226042672149998,-0.05394777823355037,0.06620820495505035
2024-10-17,real_rate,0.011519363763388121,-0.054295189256847655,0.06581455302023578
2024-10-18,real_rate,0.012034483637274117,-0.055880245255512544,0.06791472889278666
2024-10-21,real_rate,0.008468468635842347,-0.05545809160010518,0.06392656023594753
2024-10-22,real_rate,0.009639484476691267,-0.055570525360093895,0.06521000983678515
2024-10-23,real_rate,0.008480756663914943,-0.056606808713605454,0.06508756537752039
2024-10-24,real_rate,0.009829532424264698,-0.056826467309920546,0.06665599973418525
2024-10-25,real_rate,0.004272555748082109,-0.057711524553239926,0.061984080301322034
2024-10-28,real_rate,0.0033932374073127715,-0.05820452270536483,0.061597760112677605
2024-10-29,real_rate,0.002509361557558371,-0.058054541223012956,0.060563902780571326
2024-10-30,real_rate,0.0024395001717123104,-0.05797170459523282,0.06041120476694513
2024-10-31,real_rate,0.0023450107760150237,-0.05783166648301779,0.060176677259032814
2024-11-01,real_rate,-0.00016282346442001857,-0.05944160085963318,0.059278777395213166
2024-11-04,real_rate,0.0017332009152053159,-0.05990325104724509,0.061636451962450406
2024-11-05,real_rate,-0.0024240139168173773,-0.060250959349141216,0.05782694543232384
2024-11-06,real_rate,0.003687163544876311,-0.06212690910470842,0.06581407264958472
2024-11-07,real_rate,0.004914049028923292,-0.06409114092629363,0.06900518995521693
2024-11-08,real_rate,0.004765702500535664,-0.0645054770352447,0.06927117953578037
2024-11-11,real_rate,-0.0003168621755955061,-0.0674151655396297,0.06709830336403419
2024-11-12,real_rate,0.005205601400070347,-0.06760668641030203,0.07281228781037237
2024-11-13,real_rate,0.005993639175886609,-0.06813169292431398,0.07412533210020059
2024-11-14,real_rate,-0.00674501730427231,-0.06903035579580755,0.06228533849153524
2024-11-15,real_rate,-0.01289173169847071,-0.06908275058054089,0.05619101888207018
2024-11-18,real_rate,-0.016026392396713354,-0.06913101023068662,0.05310461783397326
2024-11-19,real_rate,-0.01600231744594102,-0.06951767933627809,0.053515361890337065
2024-11-20,real_rate,-0.014010878393018698,-0.06980736621171818,0.05579648781869948
2024-11-21,real_rate,-0.010674224464397562,-0.07019178390032986,0.0595175594359323
2024-11-22,real_rate,-0.010907801707050843,-0.07054314728983316,0.059635345582782315
2024-11-25,real_rate,-0.003702804249104201,-0.06541451730345027,0.06171171305434607
2024-11-26,real_rate,-0.008548659553824778,-0.064972961300972,0.056424301747147215
2024-11-27,real_rate,-0.007895552180970994,-0.06406990710660278,0.05617435492563178
2024-11-29,real_rate,-0.009852961719333298,-0.06479352061171281,0.05494055889237952
2024-12-02,real_rate,-0.009978328767667542,-0.06496979306209474,0.0549914642944272
2024-12-03,real_rate,-0.004638957308712176,-0.06308311593577098,0.05844415862705881
2024-12-04,real_rate,-0.01646608750948521,-0.060612641843704865,0.044146554334219656
2024-12-05,real_rate,-0.011769787650382406,-0.06180792087347531,0.050038133223092904
2024-12-06,real_rate,-0.012344989839238445,-0.06174080276970646,0.04939581293046802
2024-12-09,real_rate,-0.014657589540360673,-0.06136540042678892,0.046707810886428246
2024-12-10,real_rate,-0.016830432788362847,-0.06029513948516642,0.04346470669680357
2024-12-11,real_rate,-0.011039202981230034,-0.05931162949555092,0.048272426514320885
2024-12-12,real_rate,-0.012188479588552936,-0.060318898333708494,0.048130418745155557
2024-12-13,real_rate,-5.029990883013025e-07,-0.057990861096455744,0.05799035809736744
2024-12-16,real_rate,-0.0009841200971942503,-0.06010341464433657,0.05911929454714232
2024-12-17,real_rate,-0.0012656149491180623,-0.06050394363869319,0.05923832868957513
2024-12-18,real_rate,-0.01109019633090957,-0.06381797974360816,0.052727783412698584
2024-12-19,real_rate,-0.02027137332196168,-0.06248802854863496,0.04221665522667328
2024-12-20,real_rate,-0.01647105495742698,-0.06470069800908804,0.04822964305166105
2024-12-23,real_rate,-0.019547806529209635,-0.06537951809119402,0.04583171156198439
2024-12-24,real_rate,-0.022945091383011547,-0.06537339279562178,0.04242830141261023
2024-12-26,real_rate,-0.022227998949563677,-0.06546628184097569,0.043238282891412017
2024-12-27,real_rate,-0.019701698792429962,-0.06607545895910742,0.046373760166677463
2024-12-30,real_rate,-0.017324579858634222,-0.06517332480898551,0.04784874495035128
2024-12-31,real_rate,-0.016225682404775205,-0.06519366849628457,0.04896798609150936
2025-01-02,real_rate,-0.01927855728872048,-0.06539833522535292,0.04611977793663244
2025-01-03,real_rate,-0.022131481875275454,-0.0665304805863419,0.04439899871106644
2025-01-06,real_rate,-0.024368519005291016,-0.06701807648585387,0.04264955748056285
2025-01-07,real_rate,-0.024703144402172604,-0.06729249418505306,0.04258934978288046
2025-01-08,real_rate,-0.018403217116910127,-0.06841319781203281,0.050009980695122684
2025-01-10,real_rate,-0.017528428701908197,-0.06661825237012481,0.04908982366821661
2025-01-13,real_rate,-0.016975988079970535,-0.06649170008048022,0.049515712000509686
2025-01-14,real_rate,-0.0172807089243612,-0.06691932565165265,0.049638616727291446
2025-01-15,real_rate,-0.031698840091608206,-0.06626778837787929,0.034568948286271085
2025-01-16,real_rate,-0.030213843559401862,-0.06564881075530216,0.035434967195900294
2025-01-17,real_rate,-0.028759700919336332,-0.06515290300964664,0.036393202090310314
2025-01-21,real_rate,-0.029142535679866226,-0.06544592609208576,0.03630339041221953
2025-01-22,real_rate,-0.02976431380414614,-0.0654092884192738,0.03564497461512767
2025-01-23,real_rate,-0.031425258181917624,-0.06558874291412829,0.03416348473221067
2025-01-24,real_rate,-0.029365303171324353,-0.06635108177216542,0.03698577860084107
2025-01-27,real_rate,-0.024063359646598868,-0.06356146957482951,0.03949810992823065
2025-01-28,real_rate,-0.023868867988621513,-0.06352898271646241,0.0396601147278409
2025-01-29,real_rate,-0.022794465636406868,-0.0636807783090735,0.040886312672666625
2025-01-30,real_rate,-0.01962536092493003,-0.06379913654906261,0.04417377562413258
2025-01-31,real_rate,-0.021166985354986238,-0.06377664929256104,0.0426096639375748
2025-02-03,real_rate,-0.023753068007122846,-0.06465854842631803,0.040905480419195187
2025-02-04,real_rate,-0.022418666730485325,-0.06423670522381444,0.041818038493329115
2025-02-05,real_rate,-0.01920631005899185,-0.06373209187761683,0.04452578181862498
2025-02-06,real_rate,-0.017110916239863147,-0.06353913699326799,0.046428220753404845
2025-02-07,real_rate,-0.017085080383492348,-0.06322172463253406,0.04613664424904171
2025-02-10,real_rate,-0.01751490995896413,-0.0632291414096226,0.04571423145065848
2025-02-11,real_rate,-0.020984567566922106,-0.06340428164807772,0.04241971408115562
2025-02-12,real_rate,-0.018974661896701956,-0.06252868505338795,0.043554023156685995
2025-02-13,real_rate,-0.017924278304659664,-0.06302432442401354,0.04510004611935388
2025-02-14,real_rate,-0.015347681101678797,-0.059556582822929506,0.04420890172125071
2025-02-18,real_rate,-0.015047398571463984,-0.05776070114695723,0.042713302575493245
2025-02-19,real_rate,-0.01602220105128763,-0.057445720418771724,0.04142351936748409
2025-02-20,real_rate,-0.017392122777060474,-0.05751194323852503,0.040119820461464555
2025-02-21,real_rate,-0.013321035333674822,-0.056805962116535345,0.04348492678286052
2025-02-24,real_rate,-0.011343781141941792,-0.05694281129130369,0.0455990301493619
2025-02-25,real_rate,-0.004434091376660589,-0.05476923976547445,0.050335148388813866
2025-02-26,real_rate,-0.004085926206373946,-0.054554155974845205,0.05046822976847126
2025-02-27,real_rate,-0.006192992602457201,-0.05545147308945861,0.049258480487001405
2025-02-28,real_rate,-0.008808254012027353,-0.054028463577896216,0.04522020956586886
2025-03-03,real_rate,-0.005449826114260646,-0.055319109456019894,0.049869283341759246
2025-03-04,real_rate,-0.0033683882679389422,-0.05358220948706459,0.05021382121912565
2025-03-05,real_rate,0.0038158371914998276,-0.05142175997250396,0.05523759716400378
2025-03-06,real_rate,0.002085471553266685,-0.05184562768098159,0.05393109923424828
2025-03-07,real_rate,-0.012656219634715006,-0.051573068505436796,0.03891684887072179
2025-03-10,real_rate,0.0035377048337116284,-0.049231048569142774,0.052768753402854404
2025-03-11,real_rate,0.009467855173379811,-0.04760218898097445,0.057070044154354266
2025-03-12,real_rate,0.009370997850424438,-0.04743177140633016,0.0568027692567546
2025-03-13,real_rate,0.00851288262499961,-0.047837612144923505,0.05635049476992311
2025-03-14,real_rate,0.012184770868301522,-0.047155707252959124,0.05934047812126064
2025-03-17,real_rate,0.010555179621705626,-0.04749377022451437,0.05804894984622
2025-03-18,real_rate,0.023963187063573026,-0.047897038500668544,0.07186022556424157
2025-03-19,real_rate,0.020091498443138112,-0.047933925542713626,0.06802542398585174
2025-03-20,real_rate,0.0230355372924448,-0.04805378633171937,0.07108932362416417
2025-03-21,real_rate,0.02070177063197571,-0.04809642549239959,0.0687981961243753
2025-03-24,real_rate,0.028304957756550057,-0.04773946257818237,0.07604442033473244
2025-03-25,real_rate,0.027826915858175816,-0.04806238242106658,0.0758892982792424
2025-03-26,real_rate,0.024448140237790083,-0.049646510943727414,0.07409465118151749
2025-03-27,real_rate,0.013827058871280133,-0.04984471005419407,0.0636717689254742
2025-03-28,real_rate,0.020832401144328317,-0.05013022487915757,0.07096262602348588
2025-03-31,real_rate,0.021467321087209924,-0.05087989906954,0.07234722015674992
2025-04-01,real_rate,0.0208620735826099,-0.05080540405511096,0.07166747763772086
2025-04-02,real_rate,0.02665083912641333,-0.053491745253429646,0.08014258437984298
2025-04-03,real_rate,0.040472135608818405,-0.05153421208276345,0.09200634769158186
2025-04-04,real_rate,0.042663020613594324,-0.053844280445137595,0.09650730105873193
2025-04-07,real_rate,0.024771066928650633,-0.058389173670159694,0.08316024059881033
2025-04-08,real_rate,0.023537837205316454,-0.05881273133982732,0.08235056854514378
2025-04-09,real_rate,0.025095812038719974,-0.05689243651773442,0.0819882485564544
2025-04-10,real_rate,0.012308325675049945,-0.04857577551268201,0.06088410118773195
2025-04-11,real_rate,0.015265012425255192,-0.044706046757280835,0.05997105918253603
2025-04-14,real_rate,0.01176086827203562,-0.04189676239057241,0.053657630662608036
2025-04-15,real_rate,0.00649774332377565,-0.04339875492287691,0.049896498246652564
2025-04-16,real_rate,0.01597172838693036,-0.04930013003196708,0.06527185841889743
2025-04-17,real_rate,0.016737480531005197,-0.04933525308952437,0.06607273362052957
2025-04-21,real_rate,0.019249228820165717,-0.04437223610548659,0.06362146492565231
2025-04-22,real_rate,0.011355639165800766,-0.04257624893092685,0.05393188809672761
2025-04-23,real_rate,0.010834988070269665,-0.04103538200407622,0.05187037007434589
2025-04-24,real_rate,0.010771362506140676,-0.04258736019898973,0.05335872270513041
2025-04-25,real_rate,0.010761778397832064,-0.04267803817271607,0.05343981657054814
2025-04-28,real_rate,0.014320042225279557,-0.043370704558673624,0.05769074678395318
2025-04-29,real_rate,0.013413548710133937,-0.04343320163192619,0.056846750342060125
2025-04-30,real_rate,0.012671917453090884,-0.043077306099838335,0.05574922355292922
2025-05-01,real_rate,0.014765034412516679,-0.04546804295880104,0.060233077371317716
2025-05-02,real_rate,0.022113987135319427,-0.04297795509446486,0.06509194222978429
2025-05-05,real_rate,0.018699534658407124,-0.04150544272015112,0.06020497737855825
2025-05-06,real_rate,0.0212526820198085,-0.04376604411124589,0.06501872613105439
2025-05-07,real_rate,0.025550163605225214,-0.04332588754324036,0.06887605114846558
2025-05-08,real_rate,0.032180771679368766,-0.04556923396947739,0.07775000564884615
2025-05-09,real_rate,0.0322800301910215,-0.04546042248156547,0.07774045267258697
2025-05-12,real_rate,0.03031312129975333,-0.04922252183928216,0.0795356431390355
2025-05-13,real_rate,0.031060609606647978,-0.048242861908949455,0.07930347151559744
2025-05-14,real_rate,0.033086470752270156,-0.04827413096072716,0.08136060171299732
2025-05-15,real_rate,0.0339611814699951,-0.049634113171735154,0.08359529464173025
2025-05-16,real_rate,0.03225443174329323,-0.04879292074372014,0.08104735248701336
2025-05-19,real_rate,0.0415222581682947,-0.047506614359367046,0.08902887252766174
2025-05-20,real_rate,0.042693703823477036,-0.046320921080235486,0.08901462490371252
2025-05-21,real_rate,0.04287919431679582,-0.045263256044030795,0.08814245036082662
2025-05-22,real_rate,0.04089220624742656,-0.04468111328724737,0.08557331953467393
2025-05-23,real_rate,0.041347352708224074,-0.045540942674059046,0.08688829538228313
2025-05-27,real_rate,0.039803998743674934,-0.04245678449461189,0.08226078323828682
2025-05-28,real_rate,0.04271382936369232,-0.04023729525106002,0.08295112461475235
2025-05-29,real_rate,0.04504808178621258,-0.040539463136115554,0.08558754492232813
2025-05-30,real_rate,0.047383648609467664,-0.04111998525049107,0.08850363385995874
2025-06-02,real_rate,0.04859906615016087,-0.037312456166446906,0.08591152231660779
2025-06-03,real_rate,0.051239869926266904,-0.03769338806323711,0.08893325798950402
2025-06-04,real_rate,0.05193562611030827,-0.03843475270921141,0.09037037881951968
2025-06-05,real_rate,0.05250373711995326,-0.038214165230519376,0.09071790235047264
2025-06-06,real_rate,0.057212105359349945,-0.04147098975433948,0.09868309511368942
2025-06-09,real_rate,0.05637332226869992,-0.041055016312465865,0.09742833858116579
2025-06-10,real_rate,0.05659122724827394,-0.0411612183290163,0.09775244557729024
2025-06-11,real_rate,0.06353528359532397,-0.033496600118880636,0.0970318837142046
2025-06-12,real_rate,0.06455296028590977,-0.03453061197913296,0.09908357226504273
2025-06-13,real_rate,0.061633668825602374,-0.03407714813653099,0.09571081696213336
2025-06-16,real_rate,0.06338606357621819,-0.03489984666940432,0.09828591024562251
2025-06-17,real_rate,0.06712186340931606,-0.0356554530107449,0.10277731642006097
2025-06-18,real_rate,0.06729656775264535,-0.035514564149587105,0.10281113190223246
2025-06-20,real_rate,0.06671675525803808,-0.03510629487515593,0.10182305013319401
2025-06-23,real_rate,0.06365319273005679,-0.03505638956115684,0.09870958229121363
2025-06-24,real_rate,0.062478641723664616,-0.03382796595155805,0.09630660767522267
2025-06-25,real_rate,0.06307265049214279,-0.033217982362160434,0.09629063285430323
2025-06-26,real_rate,0.06476928013508532,-0.03307662392413953,0.09784590405922484
2025-06-27,real_rate,0.06597589844498158,-0.03404969366376098,0.10002559210874257
2025-06-30,real_rate,0.06706324499112257,-0.034030780191084305,0.10109402518220686
2025-07-01,real_rate,0.06648672056888381,-0.03323152184705744,0.09971824241594125
2025-07-02,real_rate,0.0710840771740445,-0.032974260113853626,0.10405833728789812
2025-07-03,real_rate,0.06435088112657174,-0.03385219198453138,0.09820307311110311
2025-07-07,real_rate,0.06228924452780796,-0.03396815525629728,0.09625739978410525
2025-07-08,real_rate,0.06064114598068215,-0.03375494603555708,0.09439609201623922
2025-07-09,real_rate,0.046032981857357304,-0.03232444756957902,0.07835742942693633
2025-07-10,real_rate,0.04608962604374538,-0.032066898784880705,0.07815652482862609
2025-07-11,real_rate,0.04842079206635288,-0.03120613050805752,0.0796269225744104
2025-07-14,real_rate,0.04735198752104732,-0.030911162817195265,0.07826315033824259
2025-07-15,real_rate,0.04398905091434121,-0.029619617512246375,0.07360866842658759
2025-07-16,real_rate,0.042244967880803154,-0.02985768530749406,0.07210265318829721
2025-07-17,real_rate,0.03888712015603035,-0.029878256178633388,0.06876537633466374
2025-07-18,real_rate,0.04189737968140443,-0.02825449304556904,0.07015187272697347
2025-07-21,real_rate,0.042203704453114915,-0.029590708397799117,0.07179441285091404
2025-07-22,real_rate,0.04108276845670956,-0.03004047241375468,0.07112324087046423
2025-07-23,real_rate,0.03555190115188484,-0.030217494672217547,0.06576939582410239
2025-07-24,real_rate,0.03444414599005859,-0.029354502546809,0.06379864853686759
2025-07-25,real_rate,0.03522526335542688,-0.028930354656316843,0.06415561801174373
2025-07-28,real_rate,0.03570540598632619,-0.028928171361904464,0.06463357734823065
2025-07-29,real_rate,0.035983500183250354,-0.029171873903447037,0.06515537408669739
2025-07-30,real_rate,0.04070503300224494,-0.029959189486028912,0.07066422248827385
2025-07-31,real_rate,0.040324236034608975,-0.02979327120289199,0.07011750723750096
2025-08-01,real_rate,0.043822571161296814,-0.03193979247581615,0.07576236363711297
2025-08-04,real_rate,0.04168503240686115,-0.030810482544425494,0.07249551495128664
2025-08-05,real_rate,0.03826213434278837,-0.031552766794024155,0.06981490113681252
2025-08-06,real_rate,0.03789487190405286,-0.03189045664291269,0.06978532854696555
2025-08-07,real_rate,0.022729608326731612,-0.033393531138853134,0.05612313946558475
2025-08-08,real_rate,0.015438078026215319,-0.03245653527816671,0.04789461330438202
2025-08-11,real_rate,0.02041554203525066,-0.03216905543550615,0.052584597470756805
2025-08-12,real_rate,0.01752207753150017,-0.03280668788838506,0.050328765419885235
2025-08-13,real_rate,0.016818725816374606,-0.03283069499828873,0.049649420814663336
2025-08-14,real_rate,0.01153770348556259,-0.03184563098127944,0.04338333446684203
2025-08-15,real_rate,0.012017687330833799,-0.03196898704058806,0.043986674371421855
2025-08-18,real_rate,0.012493018737779601,-0.03185186972602734,0.04434488846380694
2025-08-19,real_rate,0.01507154817662532,-0.03186969122999184,0.04694123940661716
2025-08-20,real_rate,0.014152006891867066,-0.03242793196835328,0.04657993886022035
2025-08-21,real_rate,0.0136095978692333,-0.032558142169676,0.0461677400389093
2025-08-22,real_rate,0.0077147758276738905,-0.03358991971849195,0.04130469554616584
2025-08-25,real_rate,0.007519290651719777,-0.0338999352001318,0.04141922585185158
2025-08-26,real_rate,0.009188512196925163,-0.03329825767384346,0.04248676987076862
2025-08-27,real_rate,0.01681876764086584,-0.032114475360051006,0.04893324300091685
2025-08-28,real_rate,0.016689883027995334,-0.032087437406045846,0.04877732043404118
2025-08-29,real_rate,0.01644116711691715,-0.0319625192911647,0.04840368640808185
2025-09-02,real_rate,0.019365355667226736,-0.029590497530375622,0.04895585319760236
2025-09-03,real_rate,0.018199844487472708,-0.03022812925748036,0.04842797374495307
2025-09-04,real_rate,0.020777379264451043,-0.029176363546067362,0.049953742810518405
2025-09-05,real_rate,0.018310173677459903,-0.030703584575828398,0.0490137582532883
2025-09-08,real_rate,0.018076435244176348,-0.031313139159321976,0.049389574403498324
2025-09-09,real_rate,0.01768969924343926,-0.03143020979165769,0.049119909035096956
2025-09-10,real_rate,0.0157463714677345,-0.03167210373754951,0.04741847520528401
2025-09-11,real_rate,0.019080817199704617,-0.03143484964647943,0.050515666846184054
2025-09-12,real_rate,0.02070570563955489,-0.03123927003406351,0.0519449756736184
2025-09-15,real_rate,0.020900722608305694,-0.03169786575373394,0.052598588362039636
2025-09-16,real_rate,0.020300916857017137,-0.03232310433230476,0.0526240211893219
2025-09-17,real_rate,0.022102484759672306,-0.031829514002242425,0.053931998761914735
2025-09-18,real_rate,0.02069522806066809,-0.03239763808795167,0.053092866148619765
2025-09-19,real_rate,0.020508227261507115,-0.032190458238384484,0.052698685499891595
2025-09-22,real_rate,0.019057009204776706,-0.03055203463564792,0.049609043840424624
2025-09-23,real_rate,0.021377080864868572,-0.03012272500267844,0.051499805867547016
2025-09-24,real_rate,0.022442105128882287,-0.031089943050215143,0.05353204817909743
2025-09-25,real_rate,0.02102524279978659,-0.030966594613085468,0.051991837412872055
2025-09-26,real_rate,0.021700385544784463,-0.030106965442248033,0.0518073509870325
2025-09-29,real_rate,0.022313919230747797,-0.030567630844766127,0.05288155007551393
2025-09-30,real_rate,0.021533508095896176,-0.03073331900397112,0.0522668270998673
2025-10-01,real_rate,0.020825935910136817,-0.03129382001372444,0.052119755923861255
2025-10-02,real_rate,0.0223582930218096,-0.030700722676563562,0.053059015698373166
2025-10-03,real_rate,0.018774685090885306,-0.029104532550943994,0.0478792176418293
2025-10-06,real_rate,0.021806758573739104,-0.027699616978197537,0.04950637555193664
2025-10-07,real_rate,0.02385470059943077,-0.027840392671298557,0.051695093270729325
2025-10-08,real_rate,0.020068680731321488,-0.028013202803784432,0.048081883535105924
2025-10-09,real_rate,0.018884707443833706,-0.028695792302490412,0.04758049974632412
2025-10-10,real_rate,0.023014140693496346,-0.029212494228841295,0.052226634922337645
2025-10-13,real_rate,0.023016053932638635,-0.029207880779919027,0.052223934712557665
2025-10-14,real_rate,0.02372275396620629,-0.029291880576454536,0.053014634542660824
2025-10-15,real_rate,0.023861290814789594,-0.02815840511477368,0.05201969592956328
2025-10-16,real_rate,0.026686207278331535,-0.03009970470188855,0.05678591198022008
2025-10-17,real_rate,0.0251826315822304,-0.03163788021937306,0.05682051180160346
2025-10-20,real_rate,0.02443482965126319,-0.032291759939012926,0.056726589590276114
2025-10-21,real_rate,0.025101680306267367,-0.02732029256961802,0.05242197287588539
2025-10-22,real_rate,0.027468088610768108,-0.026919352303286626,0.05438744091405473
2025-10-23,real_rate,0.03241625693157987,-0.02697949694968792,0.05939575388126779
2025-10-24,real_rate,0.03235486003561156,-0.02699445375129317,0.05934931378690474
2025-10-27,real_rate,0.03473585666449824,-0.025568338432205007,0.06030419509670325
2025-10-28,real_rate,0.03621167655323959,-0.024994988193230098,0.061206664746469686
2025-10-29,real_rate,0.034301413413676284,-0.02567650574046796,0.059977919154144244
2025-10-30,real_rate,0.02864710890098106,-0.02409094570277512,0.052738054603756176
2025-10-31,real_rate,0.02884183204322105,-0.023787762971631054,0.05262959501485211
2025-11-03,real_rate,0.027553782765475963,-0.023577315380216478,0.051131098145692444
2025-11-04,real_rate,0.028682352722028615,-0.023193528224419436,0.05187588094644805
2025-11-05,real_rate,0.03487751637093811,-0.02116023191904776,0.05603774828998587
2025-11-06,real_rate,0.036599464128573775,-0.02088782859424415,0.057487292722817926
2025-11-07,real_rate,0.03905690108243367,-0.020884708970648005,0.05994161005308167
2025-11-10,real_rate,0.030416831674695374,-0.01709886189189007,0.04751569356658544
2025-11-11,real_rate,0.030964123504639687,-0.015490633711770566,0.04645475721641025
2025-11-12,real_rate,0.03183758625119361,-0.016860523390257783,0.048698109641451395
2025-11-13,real_rate,0.030228039832973373,-0.017233840055803144,0.047461879888776516
2025-11-14,real_rate,0.020812745426197675,-0.016229250547028444,0.03704199597322612
2025-11-17,real_rate,0.021271613513508057,-0.015700919684891144,0.0369725331983992
2025-11-18,real_rate,0.0218430887560547,-0.015591618566026024,0.03743470732208073
2025-11-19,real_rate,0.02091812831168367,-0.015584769438698095,0.03650289775038176
2025-11-20,real_rate,0.020884994380024984,-0.01491322284453196,0.03579821722455694
2025-11-21,real_rate,0.023331012996283998,-0.014179908599742202,0.0375109215960262
2025-11-24,real_rate,0.021878515583539725,-0.014537848033029566,0.03641636361656929
2025-11-25,real_rate,0.02001468758901484,-0.014906324448768155,0.03492101203778299
2025-11-26,real_rate,0.01932441964133133,-0.014713904165818257,0.034038323807149586
2025-11-28,real_rate,0.011813917495439133,-0.020527946644832543,0.032341864140271674
2025-12-01,real_rate,0.007862189466615967,-0.020063384445518723,0.02792557391213469
2025-12-02,real_rate,0.011629870894988391,-0.020088645187425373,0.031718516082413765
2025-12-03,real_rate,0.011145276301409022,-0.01906951799029131,0.03021479429170033
2025-12-04,real_rate,0.011077412910829122,-0.018876046080753803,0.029953458991582926
2025-12-05,real_rate,0.00881478954889044,-0.01909918870409732,0.02791397825298776
2025-12-08,real_rate,0.01345376592902502,-0.019323569218415115,0.032777335147440134
2025-12-09,real_rate,0.013857931406021559,-0.0188653159773734,0.03272324738339496
2025-12-10,real_rate,0.01489718134562374,-0.019042035086053493,0.03393921643167723
2025-12-11,real_rate,0.016989412557880532,-0.019208579696776557,0.036197992254657085
2025-12-12,real_rate,0.0154557335696721,-0.01882365663585507,0.03427939020552717
2025-12-15,real_rate,0.012282485635178425,-0.019356337069874552,0.03163882270505298
2025-12-16,real_rate,0.012896717918706845,-0.017943036327426387,0.030839754246133232
2025-12-17,real_rate,0.010405845705147796,-0.015965877396353127,0.026371723101500925
2025-12-18,real_rate,0.011557504166608612,-0.015592285598130912,0.027149789764739522
2025-12-19,real_rate,0.014770982702484624,-0.01536244664708552,0.030133429349570147
2025-12-22,real_rate,0.026430575113922657,-0.010380559086132463,0.03681113420005512
2025-12-23,real_rate,0.037200077800598585,-0.010426502374453125,0.04762658017505171
2025-12-24,real_rate,0.0376705036119649,-0.009145055163458786,0.04681555877542369
2025-12-26,real_rate,0.04103757473289829,-0.008505966986286573,0.04954354171918486
2025-12-29,real_rate,0.045021015469734006,-0.007612044443282385,0.052633059913016395
2025-12-30,real_rate,0.04441096827404395,-0.0075232003138164544,0.0519341685878604
2025-12-31,real_rate,0.045569152120906786,-0.007117096954003014,0.0526862490749098
2026-01-02,real_rate,0.04611387598741625,-0.00752251742711458,0.05363639341453083
2026-01-05,real_rate,0.04286488427618107,-0.009096791825115415,0.05196167610129648
2026-01-06,real_rate,0.04360402924180777,-0.008844664968025676,0.052448694209833446
2026-01-07,real_rate,0.043888385329700345,-0.007366065775814356,0.0512544511055147
2026-01-08,real_rate,0.04178632753290394,-0.006857147968062725,0.04864347550096666
2026-01-09,real_rate,0.04351112877984215,-0.0071632135645051795,0.05067434234434733
2026-01-12,real_rate,0.04246572670920551,-0.006977593828044839,0.04944332053725035
2026-01-13,real_rate,0.04038309094066224,-0.008128307090561929,0.048511398031224166
2026-01-14,real_rate,0.038990030153571255,-0.008406182136869297,0.047396212290440554
2026-01-15,real_rate,0.03755928604661377,-0.008829318274218295,0.04638860432083207
2026-01-16,real_rate,0.04582538995406593,-0.008286594295092403,0.054111984249158335
2026-01-20,real_rate,0.03764159859823794,-0.002698918392643755,0.04034051699088169
2026-01-21,real_rate,0.035669367720582844,-0.0038881056310191716,0.039557473351602014
2026-01-22,real_rate,0.035294145543073266,-0.002449934895106296,0.03774408043817956
2026-01-23,real_rate,0.03554750288338394,-0.003281746820770068,0.038829249704154
2026-01-26,real_rate,0.037178380357642045,-0.003543848202459233,0.04072222856010128
2026-01-27,real_rate,0.038369011508212286,-0.0032342319018919085,0.04160324341010419
2026-01-28,real_rate,0.033405019314736314,-0.005301745964964594,0.038706765279700905
2026-01-29,real_rate,0.03459996499024191,-0.005315098951351815,0.03991506394159373
2026-01-30,real_rate,0.03309891777893373,-0.00788028841173032,0.040979206190664044
2026-02-02,real_rate,0.026229070414332166,-0.011709436139127349,0.03793850655345951
2026-02-03,real_rate,0.028552781139514215,-0.014383575365364084,0.0429363565048783
2026-02-04,real_rate,0.026184008624925516,-0.01416740606616257,0.040351414691088085
2026-02-05,real_rate,0.04193673724856608,-0.010522490977563002,0.052459228226129084
2026-02-06,real_rate,0.03829399246016711,-0.010595781687221546,0.048889774147388654
2026-02-09,real_rate,0.03819727691723504,-0.010880175759544582,0.049077452676779626
2026-02-10,real_rate,0.04122988299011858,-0.009999946507913617,0.051229829498032196
2026-02-11,real_rate,0.04034062891902195,-0.009568466022938482,0.049909094941960434
2026-02-12,real_rate,0.044810441569038864,-0.004083517119277291,0.048893958688316155
2026-02-13,real_rate,0.038101741479840676,-0.005479894994882263,0.04358163647472294
2026-02-17,real_rate,0.03667505661390595,-0.005832700939846511,0.04250775755375246
2026-02-18,real_rate,0.03729813324979814,-0.00693558823604431,0.044233721485842446
2026-02-19,real_rate,0.04183244008413719,-0.009173210622640888,0.05100565070677808
2026-02-20,real_rate,0.04317536097124652,-0.008771646604031161,0.051947007575277676
2026-02-23,real_rate,0.048389817382187006,-0.010640455553203582,0.059030272935390586
2026-02-24,real_rate,0.04463458160817195,-0.011531700291592582,0.05616628189976453
2026-02-25,real_rate,0.04257775983281517,-0.011279513234193225,0.053857273067008396
2026-02-26,real_rate,0.03525457284745866,-0.014119964158167625,0.04937453700562628
2026-02-27,real_rate,0.03342858934095031,-0.014715071786455395,0.04814366112740571
2026-03-02,real_rate,0.039492658022105546,-0.012261252928597725,0.05175391095070327
2026-03-03,real_rate,0.04084940958505679,-0.014941393682896124,0.05579080326795292
2026-03-04,real_rate,0.04983386240580508,-0.012972284083555906,0.06280614648936098
2026-03-05,real_rate,0.047472615118135955,-0.01502506127090961,0.06249767638904556
2026-03-06,real_rate,0.0425085219871783,-0.015870309584588824,0.058378831571767126
2026-03-09,real_rate,0.04219446832712556,-0.015439176374561563,0.05763364470168712
2026-03-10,real_rate,0.04627482496282776,-0.014306901440190076,0.06058172640301784
2026-03-11,real_rate,0.027745311792078294,-0.01729860075073801,0.045043912542816304
2026-03-12,real_rate,0.01956742149554739,-0.02125885603595226,0.04082627753149965
2026-03-13,real_rate,0.020539009229421378,-0.022566398514158422,0.0431054077435798
2026-03-16,real_rate,0.014522583177331561,-0.021642871444943784,0.03616545462227534
2026-03-17,real_rate,0.009417240886038089,-0.021003159259456478,0.030420400145494568
2026-03-18,real_rate,0.005648433354852041,-0.023799148368561056,0.029447581723413097
2026-03-19,real_rate,0.003120538020059389,-0.02543275915915403,0.02855329717921342
2026-03-20,real_rate,0.007580955665069356,-0.03493280596213053,0.042513761627199886
2026-03-23,real_rate,0.007209992485601982,-0.034996023855974244,0.042206016341576225
2026-03-24,real_rate,0.0048891525604109086,-0.035194412003510464,0.04008356456392137
2026-03-25,real_rate,-0.004960194417535339,-0.0373279845855184,0.03236779016798306
2026-03-26,real_rate,-0.00984151950332419,-0.04285426847634294,0.03301274897301875
2026-03-27,real_rate,-0.013427920170039796,-0.03844744488191889,0.02501952471187909
2026-03-30,real_rate,-0.015257378658487948,-0.037555380707772916,0.02229800204928497
2026-03-31,real_rate,-0.025903581605898056,-0.04043146384911248,0.014527882243214427
2026-04-01,real_rate,-0.027682358288680625,-0.03829476880287028,0.010612410514189652
2026-04-02,real_rate,-0.02457492719734696,-0.035513920488579584,0.010938993291232622
2026-04-06,real_rate,-0.025983517831970834,-0.03582611354269484,0.009842595710724007
2026-04-07,real_rate,-0.04080145094952642,-0.03910505424753227,-0.0016963967019941462
2026-04-08,real_rate,-0.044255751377291125,-0.036136796524815704,-0.008118954852475421
2026-04-09,real_rate,-0.021424213644307757,-0.029721032972427678,0.00829681932811992
2026-04-10,real_rate,-0.018235832646835544,-0.03103060256346062,0.012794769916625075
2026-04-13,real_rate,-0.02412611814456935,-0.0334474291179274,0.009321310973358046
2026-04-14,real_rate,-0.013175692695211528,-0.046128090415806906,0.032952397720595376
2026-04-15,real_rate,-0.02384835247412388,-0.05081550968366131,0.02696715720953743
2026-04-16,real_rate,-0.01934711370875368,-0.056359766974511734,0.037012653265758054
2026-04-17,real_rate,-0.021373586711261803,-0.05738963011104712,0.036016043399785314
2026-04-20,real_rate,-0.0214113836921299,-0.05431678848888902,0.032905404796759116
2026-04-21,real_rate,-0.021768205760136043,-0.055474686329654146,0.0337064805695181
2026-04-22,real_rate,-0.030861178208960918,-0.065247625179767,0.034386446970806075
2026-04-23,real_rate,-0.02273016425562933,-0.06893866226342275,0.04620849800779342
2026-04-24,real_rate,-0.020519830751357077,-0.07166783745347129,0.05114800670211421
2026-04-27,real_rate,-0.02122772078894931,-0.07023496456664619,0.04900724377769687
2026-04-28,real_rate,-0.021461177346438917,-0.07087546856371175,0.04941429121727284
2026-04-29,real_rate,-0.023242342534686586,-0.07076384608893443,0.04752150355424785
2026-04-30,real_rate,-0.0236172897861201,-0.07236745597596934,0.048750166189849245
2026-05-01,real_rate,-0.02684529969411127,-0.0725842678988522,0.045738968204740924
2026-05-04,real_rate,-0.029163614670685796,-0.07149603459350187,0.04233241992281608
2026-05-05,real_rate,-0.029796735082458208,-0.07217028144267619,0.04237354636021798
2026-05-06,real_rate,-0.027939546758058067,-0.07593964824185431,0.04800010148379624
2026-05-07,real_rate,-0.028173370291723957,-0.07273042540565679,0.044557055113932834
2026-05-08,real_rate,-0.026954868124230178,-0.07470314076327457,0.047748272639044395
2026-05-11,real_rate,-0.03834444155947738,-0.07073914656928795,0.03239470500981057
2026-05-12,real_rate,-0.03992287770454813,-0.07108710331289712,0.031164225608348993
2026-05-13,real_rate,-0.037515386313464835,-0.06437100945963592,0.026855623146171084
2026-05-14,real_rate,-0.03774714935630694,-0.0648089473378599,0.027061797981552956
2026-05-15,real_rate,-0.04602692133984534,-0.07169400892502789,0.025667087585182553
2026-05-18,real_rate,-0.04910012993021619,-0.06952378010619578,0.020423650175979594
2026-05-19,real_rate,-0.048154982435804974,-0.07293555898554102,0.024780576549736047
2026-05-20,real_rate,-0.05028360315090647,-0.07485638493817343,0.024572781787266955
2026-05-21,real_rate,-0.051279631497016046,-0.07651573331237463,0.025236101815358583
2026-05-22,real_rate,-0.056837513296049906,-0.08047818701787017,0.023640673721820264
2026-05-26,real_rate,-0.05463926548918238,-0.08060479705320328,0.0259655315640209
2026-05-27,real_rate,-0.055703777294143664,-0.07886271066053341,0.023158933366389745
2026-05-28,real_rate,-0.05147917289582213,-0.08519658484231915,0.03371741194649702
2026-05-29,real_rate,-0.04813219642725537,-0.08483154182129486,0.03669934539403949
2026-06-01,real_rate,-0.04976828345599517,-0.08466414352437077,0.0348958600683756
2026-06-02,real_rate,-0.0512634789864258,-0.08620633307351673,0.03494285408709093
2026-06-03,real_rate,-0.05520839146250393,-0.09359974418950595,0.038391352727002025
2026-06-04,real_rate,-0.055911062678220644,-0.09327885481641716,0.03736779213819652
2026-06-05,real_rate,-0.07319207450108652,-0.10244087170540145,0.029248797204314933
2026-06-08,real_rate,-0.06548976615497536,-0.10202478014214468,0.036535013987169324
2026-06-09,real_rate,-0.07458604083211817,-0.09961513285069405,0.02502909201857588
2026-06-10,real_rate,-0.07156408727685348,-0.10100047129269316,0.029436384015839673
2026-06-11,real_rate,-0.07606176176304436,-0.10547107655156517,0.02940931478852081
2026-06-12,real_rate,-0.0771318022326717,-0.10540635269642558,0.028274550463753878
2026-06-15,real_rate,-0.08254790890470856,-0.10614621103027293,0.023598302125564366
2026-06-16,real_rate,-0.08118024666446459,-0.1071929459316373,0.026012699267172715
2026-06-17,real_rate,-0.08887944654511379,-0.11042767838749482,0.021548231842381027
2026-06-18,real_rate,-0.09956462764679545,-0.11258810818845601,0.013023480541660554
2026-06-22,real_rate,-0.09182033521743749,-0.11277308204783117,0.02095274683039368
2026-06-23,real_rate,-0.09314644406192495,-0.1136474213431888,0.02050097728126385
2026-06-24,real_rate,-0.0839403646045378,-0.1054534331003151,0.021513068495777304
2026-06-25,real_rate,-0.07973900390797675,-0.10823299233539072,0.028493988427413963
2026-06-26,real_rate,-0.08001055672730771,-0.10857464440779947,0.028564087680491762
2026-06-29,real_rate,-0.0811210462050045,-0.10793088341041028,0.02680983720540578
2026-06-30,real_rate,-0.08387120386994742,-0.10639421493150343,0.022523011061556006
2026-07-01,real_rate,-0.07807105960725343,-0.10360170224243392,0.025530642635180498
2026-07-02,real_rate,-0.07604420465834127,-0.10363776380375785,0.02759355914541657
2026-07-06,real_rate,-0.08319296126631774,-0.10496562709315968,0.02177266582684194
2026-07-07,real_rate,-0.08151608730497294,-0.10598906720223822,0.024472979897265282
2026-07-08,real_rate,-0.08149922294550208,-0.10653618007226888,0.025036957126766804
2026-07-09,real_rate,-0.08223899316871283,-0.10595466548094708,0.023715672312234246
2026-07-10,real_rate,-0.07663563231623183,-0.10666202451412239,0.030026392197890564
2026-07-13,real_rate,-0.07934072511519685,-0.10979087661288647,0.03045015149768962
2026-07-14,real_rate,-0.09145246789586539,-0.11325030454911394,0.021797836653248553
2026-07-15,real_rate,-0.09057682814724012,-0.11369671221913336,0.023119884071893235
2026-07-16,real_rate,-0.08720695763737768,-0.11559963666753297,0.028392679030155285
2026-07-17,real_rate,-0.08349488209482593,-0.11624207545429203,0.032747193359466104
2026-07-20,real_rate,-0.08067730204107607,-0.11618556260028498,0.035508260559208915
2026-07-21,real_rate,-0.07960003621185757,-0.11479343123972514,0.03519339502786757
2026-07-22,real_rate,-0.08115153525602853,-0.11239150965213235,0.03123997439610382
2026-07-23,real_rate,-0.08095886498971741,-0.11415578276944788,0.03319691777973047
2026-07-24,real_rate,-0.0810293965776631,-0.112845799231768,0.0318164026541049
2026-07-27,real_rate,-0.08004930946053908,-0.11499629539785515,0.03494698593731607
2026-07-28,real_rate,-0.07956262220057467,-0.1138537913951894,0.03429116919461474
2026-07-29,real_rate,-0.08057842835448965,-0.11353567981037385,0.0329572514558842
2026-07-30,real_rate,-0.08283967480104867,-0.11528448101606464,0.03244480621501597
2026-07-31,real_rate,-0.08760893726029803,-0.1149925212835886,0.027383584023290566
2026-08-03,real_rate,-0.08977565086159929,-0.11471965346823938,0.024944002606640092
2026-08-04,real_rate,-0.10110459613575154,-0.11194248217031913,0.01083788603456759
2026-08-05,real_rate,-0.09882987958146741,-0.11090183283220977,0.012071953250742354
2026-08-06,real_rate,-0.0987607108969343,-0.11084729277353743,0.012086581876603122
2026-08-07,real_rate,-0.10084196301219726,-0.11292712989998797,0.01208516688779071
2026-08-10,real_rate,-0.10161704915741093,-0.1115846303072883,0.009967581149877364
2026-08-11,real_rate,-0.10162222398534479,-0.11155432117779975,0.009932097192454956
2026-08-12,real_rate,-0.10051880370304811,-0.11266297122198969,0.012144167518941582
2026-08-13,real_rate,-0.10199556414750141,-0.110651036053122,0.00865547190562059
2026-08-14,real_rate,-0.09841269693032861,-0.1105767852016909,0.012164088271362283
2026-08-17,real_rate,-0.09201003281605989,-0.10886515806842344,0.016855125252363545
2026-08-18,real_rate,-0.09224081220409158,-0.10708592367530621,0.014845111471214631
2026-08-19,real_rate,-0.10448665127039015,-0.11392819976721841,0.009441548496828253
2026-08-20,real_rate,-0.10601870425081385,-0.11428644247854897,0.008267738227735119
2026-08-21,real_rate,-0.09397250801203968,-0.10973664168708838,0.015764133675048697
2026-08-24,real_rate,-0.09582962740310372,-0.11010506331422659,0.014275435911122875
2026-08-25,real_rate,-0.08473441530499906,-0.11038456319562162,0.02565014789062256
2017-08-17,risk_aversion,,,
2017-08-18,risk_aversion,,,
2017-08-21,risk_aversion,,,
2017-08-22,risk_aversion,,,
2017-08-23,risk_aversion,,,
2017-08-24,risk_aversion,,,
2017-08-25,risk_aversion,,,
2017-08-28,risk_aversion,,,
2017-08-29,risk_aversion,,,
2017-08-30,risk_aversion,,,
2017-08-31,risk_aversion,,,
2017-09-01,risk_aversion,,,
2017-09-05,risk_aversion,,,
2017-09-07,risk_aversion,,,
2017-09-08,risk_aversion,,,
2017-09-11,risk_aversion,,,
2017-09-12,risk_aversion,,,
2017-09-13,risk_aversion,,,
2017-09-14,risk_aversion,,,
2017-09-15,risk_aversion,,,
2017-09-18,risk_aversion,,,
2017-09-19,risk_aversion,,,
2017-09-20,risk_aversion,,,
2017-09-21,risk_aversion,,,
2017-09-22,risk_aversion,,,
2017-09-25,risk_aversion,,,
2017-09-26,risk_aversion,,,
2017-09-27,risk_aversion,,,
2017-09-28,risk_aversion,,,
2017-09-29,risk_aversion,,,
2017-10-02,risk_aversion,,,
2017-10-03,risk_aversion,,,
2017-10-04,risk_aversion,,,
2017-10-05,risk_aversion,,,
2017-10-06,risk_aversion,,,
2017-10-09,risk_aversion,,,
2017-10-10,risk_aversion,,,
2017-10-11,risk_aversion,,,
2017-10-12,risk_aversion,,,
2017-10-13,risk_aversion,,,
2017-10-16,risk_aversion,,,
2017-10-17,risk_aversion,,,
2017-10-18,risk_aversion,,,
2017-10-19,risk_aversion,,,
2017-10-20,risk_aversion,,,
2017-10-23,risk_aversion,,,
2017-10-24,risk_aversion,,,
2017-10-25,risk_aversion,,,
2017-10-26,risk_aversion,,,
2017-10-27,risk_aversion,,,
2017-10-30,risk_aversion,,,
2017-10-31,risk_aversion,,,
2017-11-01,risk_aversion,,,
2017-11-02,risk_aversion,,,
2017-11-03,risk_aversion,,,
2017-11-06,risk_aversion,,,
2017-11-07,risk_aversion,,,
2017-11-08,risk_aversion,,,
2017-11-09,risk_aversion,,,
2017-11-10,risk_aversion,,,
2017-11-13,risk_aversion,,,
2017-11-14,risk_aversion,,,
2017-11-15,risk_aversion,,,
2017-11-16,risk_aversion,,,
2017-11-17,risk_aversion,,,
2017-11-20,risk_aversion,,,
2017-11-21,risk_aversion,,,
2017-11-22,risk_aversion,,,
2017-11-24,risk_aversion,,,
2017-11-27,risk_aversion,,,
2017-11-28,risk_aversion,,,
2017-11-29,risk_aversion,,,
2017-11-30,risk_aversion,,,
2017-12-01,risk_aversion,,,
2017-12-04,risk_aversion,,,
2017-12-05,risk_aversion,,,
2017-12-06,risk_aversion,,,
2017-12-07,risk_aversion,,,
2017-12-08,risk_aversion,,,
2017-12-11,risk_aversion,,,
2017-12-12,risk_aversion,,,
2017-12-13,risk_aversion,,,
2017-12-14,risk_aversion,,,
2017-12-15,risk_aversion,,,
2017-12-18,risk_aversion,,,
2017-12-19,risk_aversion,,,
2017-12-20,risk_aversion,,,
2017-12-21,risk_aversion,,,
2017-12-22,risk_aversion,,,
2017-12-26,risk_aversion,,,
2017-12-27,risk_aversion,,,
2017-12-28,risk_aversion,,,
2017-12-29,risk_aversion,,,
2018-01-02,risk_aversion,,,
2018-01-03,risk_aversion,,,
2018-01-04,risk_aversion,,,
2018-01-05,risk_aversion,,,
2018-01-08,risk_aversion,,,
2018-01-09,risk_aversion,,,
2018-01-10,risk_aversion,,,
2018-01-11,risk_aversion,,,
2018-01-12,risk_aversion,,,
2018-01-16,risk_aversion,,,
2018-01-17,risk_aversion,,,
2018-01-18,risk_aversion,,,
2018-01-19,risk_aversion,,,
2018-01-22,risk_aversion,,,
2018-01-23,risk_aversion,,,
2018-01-24,risk_aversion,,,
2018-01-25,risk_aversion,,,
2018-01-26,risk_aversion,,,
2018-01-29,risk_aversion,,,
2018-01-30,risk_aversion,,,
2018-01-31,risk_aversion,,,
2018-02-01,risk_aversion,,,
2018-02-02,risk_aversion,,,
2018-02-05,risk_aversion,,,
2018-02-06,risk_aversion,,,
2018-02-07,risk_aversion,,,
2018-02-09,risk_aversion,,,
2018-02-12,risk_aversion,,,
2018-02-13,risk_aversion,,,
2018-02-14,risk_aversion,,,
2018-02-15,risk_aversion,,,
2018-02-16,risk_aversion,,,
2018-02-20,risk_aversion,,,
2018-02-21,risk_aversion,,,
2018-02-22,risk_aversion,,,
2018-02-23,risk_aversion,,,
2018-02-26,risk_aversion,,,
2018-02-27,risk_aversion,,,
2018-02-28,risk_aversion,,,
2018-03-01,risk_aversion,,,
2018-03-02,risk_aversion,,,
2018-03-05,risk_aversion,,,
2018-03-06,risk_aversion,,,
2018-03-07,risk_aversion,,,
2018-03-08,risk_aversion,,,
2018-03-09,risk_aversion,,,
2018-03-12,risk_aversion,,,
2018-03-13,risk_aversion,,,
2018-03-14,risk_aversion,,,
2018-03-15,risk_aversion,,,
2018-03-16,risk_aversion,,,
2018-03-19,risk_aversion,,,
2018-03-20,risk_aversion,,,
2018-03-21,risk_aversion,,,
2018-03-22,risk_aversion,,,
2018-03-23,risk_aversion,,,
2018-03-26,risk_aversion,,,
2018-03-27,risk_aversion,,,
2018-03-28,risk_aversion,,,
2018-03-29,risk_aversion,,,
2018-04-02,risk_aversion,,,
2018-04-03,risk_aversion,,,
2018-04-04,risk_aversion,,,
2018-04-05,risk_aversion,,,
2018-04-06,risk_aversion,,,
2018-04-09,risk_aversion,,,
2018-04-10,risk_aversion,,,
2018-04-11,risk_aversion,,,
2018-04-12,risk_aversion,,,
2018-04-13,risk_aversion,,,
2018-04-16,risk_aversion,,,
2018-04-17,risk_aversion,,,
2018-04-18,risk_aversion,,,
2018-04-19,risk_aversion,,,
2018-04-20,risk_aversion,,,
2018-04-23,risk_aversion,,,
2018-04-24,risk_aversion,,,
2018-04-25,risk_aversion,,,
2018-04-26,risk_aversion,,,
2018-04-27,risk_aversion,,,
2018-04-30,risk_aversion,,,
2018-05-01,risk_aversion,,,
2018-05-02,risk_aversion,,,
2018-05-03,risk_aversion,,,
2018-05-04,risk_aversion,,,
2018-05-07,risk_aversion,,,
2018-05-08,risk_aversion,,,
2018-05-09,risk_aversion,,-0.00023800334846969877,
2018-05-10,risk_aversion,,-0.0002896751587653951,
2018-05-11,risk_aversion,-0.1540539417884238,-0.00024796699295106937,-0.15380597479547273
2018-05-14,risk_aversion,-0.15379182065364813,-0.0003087789758412258,-0.1534830416778069
2018-05-15,risk_aversion,-0.15426488576464442,-0.0015398943930098508,-0.15272499137163456
2018-05-16,risk_aversion,-0.15138523653804756,-0.0014530083049180936,-0.14993222823312946
2018-05-17,risk_aversion,-0.1513845055075671,-0.0014522357315411986,-0.14993226977602592
2018-05-18,risk_aversion,-0.15137556754503606,-0.0014520501930211486,-0.14992351735201492
2018-05-21,risk_aversion,-0.1515191019064146,-0.0014595742506794578,-0.15005952765573513
2018-05-22,risk_aversion,-0.15168355660328806,-0.0014637861851970937,-0.15021977041809095
2018-05-23,risk_aversion,-0.14921123785769058,-0.0014917873219507521,-0.14771945053573982
2018-05-24,risk_aversion,-0.14919554537173957,-0.0015026822944243922,-0.1476928630773152
2018-05-25,risk_aversion,-0.14970776157198562,-0.0016039533687455434,-0.14810380820324007
2018-05-29,risk_aversion,-0.14337291985761103,-0.0015753042261657274,-0.1417976156314453
2018-05-30,risk_aversion,-0.1402033764798054,-0.0016646287841957845,-0.13853874769560962
2018-05-31,risk_aversion,-0.13957243000765623,-0.0017059667201810502,-0.13786646328747518
2018-06-01,risk_aversion,-0.13684886235775232,-0.0013052430453100346,-0.13554361931244227
2018-06-04,risk_aversion,-0.13677817289367855,-0.0012731165869723387,-0.1355050563067062
2018-06-05,risk_aversion,-0.1369327225615056,-0.0013281725776872414,-0.13560454998381835
2018-06-06,risk_aversion,-0.1361032944216255,-0.0013438335019814883,-0.134759460919644
2018-06-07,risk_aversion,-0.1354624713245165,-0.0013551392166762312,-0.13410733210784026
2018-06-08,risk_aversion,-0.13548115312805215,-0.001351095773086933,-0.13413005735496522
2018-06-11,risk_aversion,-0.13653226482982442,-0.0013354892030082615,-0.13519677562681615
2018-06-12,risk_aversion,-0.13653194265505833,-0.0013374020514488267,-0.1351945406036095
2018-06-13,risk_aversion,-0.1373285156728474,-0.0012535557212052276,-0.13607495995164218
2018-06-14,risk_aversion,-0.1390400323565777,-0.0013039931888252337,-0.13773603916775246
2018-06-15,risk_aversion,-0.13892395674225197,-0.0012131490014479155,-0.13771080774080405
2018-06-18,risk_aversion,-0.1384999621353593,-0.0012429001556265452,-0.13725706197973275
2018-06-19,risk_aversion,-0.13771417636135744,-0.0013544210813865559,-0.13635975527997088
2018-06-20,risk_aversion,-0.1375617403669803,-0.0012512166162845144,-0.13631052375069577
2018-06-21,risk_aversion,-0.13665315503900077,-0.0013642546824563658,-0.1352889003565444
2018-06-22,risk_aversion,-0.13359323671878715,-0.0014439001187462434,-0.1321493366000409
2018-06-25,risk_aversion,-0.1286997893525525,-0.0018557311647418673,-0.12684405818781064
2018-06-26,risk_aversion,-0.1274780222220681,-0.001615664400402767,-0.12586235782166535
2018-06-27,risk_aversion,-0.1268107552075684,-0.0019532344767269508,-0.12485752073084146
2018-06-28,risk_aversion,-0.12623309898441323,-0.0018562209002904466,-0.12437687808412279
2018-06-29,risk_aversion,-0.12520380274087867,-0.0019452010125476525,-0.12325860172833102
2018-07-02,risk_aversion,-0.12708879728211359,-0.00178529566476374,-0.12530350161734985
2018-07-03,risk_aversion,-0.12714316442381646,-0.001597806636422895,-0.12554535778739356
2018-07-05,risk_aversion,-0.1262356546187021,-0.001729822513571714,-0.12450583210513037
2018-07-06,risk_aversion,-0.12586594681986968,-0.0016320080556927576,-0.12423393876417692
2018-07-09,risk_aversion,-0.12622062156112202,-0.001697326737235176,-0.12452329482388684
2018-07-10,risk_aversion,-0.1261306834644245,-0.0016951507339025666,-0.12443553273052192
2018-07-11,risk_aversion,-0.1259833876974892,-0.0021194193367206574,-0.12386396836076854
2018-07-12,risk_aversion,-0.12438773079365685,-0.00228852899244185,-0.122099201801215
2018-07-13,risk_aversion,-0.12431402249060922,-0.0022198107768572057,-0.12209421171375201
2018-07-16,risk_aversion,-0.12199599795808634,-0.002226064272090652,-0.11976993368599569
2018-07-17,risk_aversion,-0.12447071005955122,-0.001889883518443857,-0.12258082654110737
2018-07-18,risk_aversion,-0.12443516825486978,-0.0018886395718158272,-0.12254652868305395
2018-07-19,risk_aversion,-0.12400347521136518,-0.002017874748868643,-0.12198560046249654
2018-07-20,risk_aversion,-0.12399873696506514,-0.002015649614766459,-0.12198308735029868
2018-07-23,risk_aversion,-0.12445598338035882,-0.001974138884220859,-0.12248184449613796
2018-07-24,risk_aversion,-0.12494220649524027,-0.0019783262553244836,-0.12296388023991578
2018-07-25,risk_aversion,-0.12486770951397959,-0.0020021438663361544,-0.12286556564764343
2018-07-26,risk_aversion,-0.1249093029906772,-0.0019602339270358227,-0.12294906906364138
2018-07-27,risk_aversion,-0.12484013174366948,-0.001927458671170678,-0.1229126730724988
2018-07-30,risk_aversion,-0.12497604445545618,-0.0019813177195367572,-0.12299472673591942
2018-07-31,risk_aversion,-0.12163492230440681,-0.002137995710541069,-0.11949692659386574
2018-08-01,risk_aversion,-0.12192704253892005,-0.002231281939266101,-0.11969576059965395
2018-08-02,risk_aversion,-0.12135866578065017,-0.00203123841419479,-0.11932742736645538
2018-08-03,risk_aversion,-0.12070183485500337,-0.0021135238764228596,-0.11858831097858051
2018-08-06,risk_aversion,-0.11964659031060383,-0.0020372407343672307,-0.1176093495762366
2018-08-07,risk_aversion,-0.11971475431118848,-0.0020731761909006633,-0.11764157812028782
2018-08-08,risk_aversion,-0.11939982841149221,-0.002081317728899833,-0.11731851068259239
2018-08-09,risk_aversion,-0.11890655325737992,-0.0021044622253170477,-0.11680209103206288
2018-08-10,risk_aversion,-0.11836944631254295,-0.002092953076461525,-0.11627649323608143
2018-08-13,risk_aversion,-0.11913143614727105,-0.002944412564640994,-0.11618702358263006
2018-08-14,risk_aversion,-0.11707566768628368,-0.0029945479444259174,-0.11408111974185776
2018-08-15,risk_aversion,-0.114380578848927,-0.00375667037758705,-0.11062390847133995
2018-08-16,risk_aversion,-0.11423192753931898,-0.0037260081606376363,-0.11050591937868134
2018-08-17,risk_aversion,-0.11438373291436033,-0.004004102326932946,-0.11037963058742738
2018-08-20,risk_aversion,-0.11432803160249906,-0.004031205588407197,-0.11029682601409187
2018-08-21,risk_aversion,-0.11431047079000228,-0.003981128605130411,-0.11032934218487188
2018-08-22,risk_aversion,-0.11634988052863661,-0.0041014586701206696,-0.11224842185851594
2018-08-23,risk_aversion,-0.11777674304705284,-0.004021948127230427,-0.1137547949198224
2018-08-24,risk_aversion,-0.12044442994709093,-0.004671136679214801,-0.11577329326787612
2018-08-27,risk_aversion,-0.1220377556736454,-0.004808460183979997,-0.1172292954896654
2018-08-28,risk_aversion,-0.12130849488002479,-0.004915751797950019,-0.11639274308207477
2018-08-29,risk_aversion,-0.12054581382237714,-0.0048201639400259596,-0.11572564988235118
2018-08-30,risk_aversion,-0.12138263472531116,-0.005051974029187215,-0.11633066069612395
2018-08-31,risk_aversion,-0.12290853727775126,-0.004998576402249929,-0.11790996087550133
2018-09-04,risk_aversion,-0.12255838074670083,-0.005058730377266699,-0.11749965036943413
2018-09-05,risk_aversion,-0.1233818366138242,-0.004607364640643542,-0.11877447197318065
2018-09-06,risk_aversion,-0.12448080246408266,-0.004495114518966293,-0.11998568794511637
2018-09-07,risk_aversion,-0.1191084625980068,-0.005679492424120273,-0.11342897017388652
2018-09-10,risk_aversion,-0.11796355900521827,-0.005628304480381941,-0.11233525452483632
2018-09-11,risk_aversion,-0.11478731386294004,-0.005641710901271306,-0.10914560296166874
2018-09-12,risk_aversion,-0.11587083032445168,-0.00654688753097055,-0.10932394279348114
2018-09-13,risk_aversion,-0.1163466454848775,-0.006414469734359492,-0.109932175750518
2018-09-14,risk_aversion,-0.1167400185422682,-0.006364147490754274,-0.11037587105151393
2018-09-17,risk_aversion,-0.11897598390788461,-0.005946387110141133,-0.11302959679774348
2018-09-18,risk_aversion,-0.1175929302092999,-0.00595911458031367,-0.11163381562898622
2018-09-19,risk_aversion,-0.1177491853639356,-0.006126688273293059,-0.11162249709064254
2018-09-20,risk_aversion,-0.11772090806216438,-0.006122150768046537,-0.11159875729411785
2018-09-21,risk_aversion,-0.11772539224012722,-0.0062479060989114365,-0.11147748614121579
2018-09-24,risk_aversion,-0.11866170003487303,-0.006280553913506841,-0.11238114612136618
2018-09-25,risk_aversion,-0.1190339331566116,-0.00624222678468578,-0.11279170637192582
2018-09-26,risk_aversion,-0.12164412774340437,-0.006677329015100724,-0.11496679872830365
2018-09-27,risk_aversion,-0.12206602570260074,-0.006532791507887755,-0.11553323419471298
2018-09-28,risk_aversion,-0.12106642141423904,-0.006749481778235099,-0.11431693963600394
2018-10-01,risk_aversion,-0.1212543304652774,-0.006709460072436833,-0.11454487039284056
2018-10-02,risk_aversion,-0.12126569782280935,-0.006696675729753211,-0.11456902209305614
2018-10-03,risk_aversion,-0.12068908974359772,-0.00664390350110029,-0.11404518624249743
2018-10-04,risk_aversion,-0.11623335993316905,-0.006435366280930483,-0.10979799365223857
2018-10-05,risk_aversion,-0.11613609398337237,-0.006387362356983935,-0.10974873162638843
2018-10-08,risk_aversion,-0.11478273682744325,-0.0068015783450508785,-0.10798115848239237
2018-10-09,risk_aversion,-0.11483793777482355,-0.006918709694327677,-0.10791922808049588
2018-10-10,risk_aversion,-0.11193785662590337,-0.006305844916951902,-0.10563201170895146
2018-10-11,risk_aversion,-0.11334019753243338,-0.0052900987468202185,-0.10805009878561316
2018-10-12,risk_aversion,-0.11233281042228078,-0.00485754556613633,-0.10747526485614445
2018-10-15,risk_aversion,-0.11255840322291928,-0.004868077849805387,-0.10769032537311389
2018-10-16,risk_aversion,-0.1099208496381251,-0.00455036417624947,-0.10537048546187562
2018-10-17,risk_aversion,-0.11035312124339304,-0.004466300607405161,-0.10588682063598788
2018-10-18,risk_aversion,-0.10992097932911701,-0.004234454016805032,-0.10568652531231199
2018-10-19,risk_aversion,-0.11039291720480207,-0.004280357703169537,-0.10611255950163254
2018-10-22,risk_aversion,-0.11030593787358049,-0.004253966493288037,-0.10605197138029246
2018-10-23,risk_aversion,-0.10977817452959159,-0.004139666974454329,-0.10563850755513726
2018-10-24,risk_aversion,-0.10710487337178394,-0.003954464764525193,-0.10315040860725874
2018-10-25,risk_aversion,-0.10684556132075107,-0.0039031712374455038,-0.10294239008330557
2018-10-26,risk_aversion,-0.10682619582547216,-0.003910724590949419,-0.10291547123452274
2018-10-29,risk_aversion,-0.10714909896339908,-0.003928831839766982,-0.1032202671236321
2018-10-30,risk_aversion,-0.1084793979198134,-0.0035375380956612617,-0.10494185982415213
2018-10-31,risk_aversion,-0.11009329719043172,-0.00335769307117851,-0.1067356041192532
2018-11-01,risk_aversion,-0.10924898774807663,-0.0039380992995793306,-0.1053108884484973
2018-11-02,risk_aversion,-0.10921514103042841,-0.003937290548469359,-0.10527785048195905
2018-11-05,risk_aversion,-0.1085105386532265,-0.003948129780633623,-0.10456240887259288
2018-11-06,risk_aversion,-0.10731396311163563,-0.004125388750000732,-0.1031885743616349
2018-11-07,risk_aversion,-0.10641732596249122,-0.004162373707703413,-0.10225495225478781
2018-11-08,risk_aversion,-0.10643376430128601,-0.004109951349139571,-0.10232381295214645
2018-11-09,risk_aversion,-0.10654898134653108,-0.004260890062136891,-0.10228809128439419
2018-11-12,risk_aversion,-0.10590389811092685,-0.004832188687060352,-0.1010717094238665
2018-11-13,risk_aversion,-0.10217653329197501,-0.004605997618083836,-0.09757053567389118
2018-11-14,risk_aversion,-0.10503150526889543,-0.004401501255958503,-0.10063000401293692
2018-11-15,risk_aversion,-0.10432757464724142,-0.004437106450350691,-0.09989046819689072
2018-11-16,risk_aversion,-0.10982830662601556,-0.004712183525896154,-0.1051161231001194
2018-11-19,risk_aversion,-0.1115447762213729,-0.004683161940655703,-0.10686161428071721
2018-11-20,risk_aversion,-0.11610613596901917,-0.004493437248664889,-0.11161269872035429
2018-11-21,risk_aversion,-0.11437087275371671,-0.004941685440821287,-0.10942918731289543
2018-11-23,risk_aversion,-0.11551198504924694,-0.004892658235878745,-0.1106193268133682
2018-11-26,risk_aversion,-0.10689163839552451,-0.004858664398450469,-0.10203297399707405
2018-11-27,risk_aversion,-0.1069305193518885,-0.004893335507364261,-0.10203718384452425
2018-11-28,risk_aversion,-0.10989897132426266,-0.004978226014770562,-0.1049207453094921
2018-11-29,risk_aversion,-0.11021825176630144,-0.004958211738046446,-0.105260040028255
2018-11-30,risk_aversion,-0.1077613198527486,-0.004774409759074007,-0.1029869100936746
2018-12-03,risk_aversion,-0.10673065622248562,-0.004907975110300984,-0.10182268111218463
2018-12-04,risk_aversion,-0.10406559757435203,-0.004221304651447847,-0.09984429292290418
2018-12-06,risk_aversion,-0.10507209655234917,-0.004191839182611836,-0.10088025736973734
2018-12-07,risk_aversion,-0.10759310824153098,-0.0039679844985923435,-0.10362512374293864
2018-12-10,risk_aversion,-0.10642878111170419,-0.003953728725722242,-0.10247505238598195
2018-12-11,risk_aversion,-0.10106223120419165,-0.004399291905410868,-0.09666293929878078
2018-12-12,risk_aversion,-0.10160237669766069,-0.00442151050999576,-0.09718086618766493
2018-12-13,risk_aversion,-0.09916785117450332,-0.00442835223114554,-0.09473949894335777
2018-12-14,risk_aversion,-0.0985877125582002,-0.004532941458453674,-0.09405477109974653
2018-12-17,risk_aversion,-0.09196596756635636,-0.004236564002101573,-0.0877294035642548
2018-12-18,risk_aversion,-0.09262693273930273,-0.004173475353304682,-0.08845345738599804
2018-12-19,risk_aversion,-0.08884935671442645,-0.004088448537448389,-0.08476090817697807
2018-12-20,risk_aversion,-0.0867799591621443,-0.0034500911316645367,-0.08332986803047976
2018-12-21,risk_aversion,-0.08583697544883245,-0.0035639422381819165,-0.08227303321065053
2018-12-24,risk_aversion,-0.07982788342698183,-0.0026945263649859443,-0.07713335706199588
2018-12-26,risk_aversion,-0.07421228413117324,-0.0024427201727644774,-0.07176956395840876
2018-12-27,risk_aversion,-0.07343925077935774,-0.0025529212802324437,-0.0708863294991253
2018-12-28,risk_aversion,-0.07682382292172503,-0.002733879951298231,-0.0740899429704268
2018-12-31,risk_aversion,-0.07420225863125579,-0.002820096384312647,-0.07138216224694315
2019-01-02,risk_aversion,-0.07680875051580022,-0.0027749428532983407,-0.07403380766250188
2019-01-03,risk_aversion,-0.07873845961247601,-0.0026550292474859095,-0.0760834303649901
2019-01-04,risk_aversion,-0.0766057818145049,-0.0014740633596390764,-0.07513171845486583
2019-01-07,risk_aversion,-0.07629771310692712,-0.0015473733828249893,-0.07475033972410214
2019-01-08,risk_aversion,-0.07630662685880774,-0.0015082228320901097,-0.07479840402671763
2019-01-09,risk_aversion,-0.07620469224062372,-0.0015775032968400175,-0.0746271889437837
2019-01-10,risk_aversion,-0.07393749135884799,-0.0015160692538787968,-0.07242142210496919
2019-01-11,risk_aversion,-0.0741707899079459,-0.0014675809600634864,-0.07270320894788242
2019-01-14,risk_aversion,-0.07408901749296401,-0.0013944169022774432,-0.07269460059068657
2019-01-15,risk_aversion,-0.07373531800614026,-0.001382641974543809,-0.07235267603159645
2019-01-16,risk_aversion,-0.07400452673049909,-0.0014807213202041153,-0.07252380541029498
2019-01-17,risk_aversion,-0.06076903221107672,-0.0015638290788206138,-0.05920520313225611
2019-01-18,risk_aversion,-0.06097879759667323,-0.001445285482615928,-0.0595335121140573
2019-01-22,risk_aversion,-0.060863713947392394,-0.0011852732184699259,-0.05967844072892247
2019-01-23,risk_aversion,-0.061188290010490844,-0.0010047056101259303,-0.06018358440036491
2019-01-24,risk_aversion,-0.06213967265245564,-0.0009675097251501217,-0.06117216292730552
2019-01-25,risk_aversion,-0.062160130934571664,-0.0014516165213778762,-0.06070851441319379
2019-01-28,risk_aversion,-0.06317833876763902,-0.0014880497939469713,-0.06169028897369205
2019-01-29,risk_aversion,-0.06320593593476054,-0.0014384743238413705,-0.061767461610919165
2019-01-30,risk_aversion,-0.06391903845092586,-0.0016058629665220412,-0.06231317548440382
2019-01-31,risk_aversion,-0.06775480300857815,-0.0011579707059715114,-0.06659683230260664
2019-02-01,risk_aversion,-0.06533491462850896,-0.0010262811462563826,-0.06430863348225258
2019-02-04,risk_aversion,-0.06532530077355429,-0.0007457645169263287,-0.06457953625662796
2019-02-05,risk_aversion,-0.065512712142275,-0.0007497896137185704,-0.06476292252855642
2019-02-06,risk_aversion,-0.059075679766916564,0.0006207411052098253,-0.05969642087212639
2019-02-07,risk_aversion,-0.0014679537812565542,-0.00019464269138982503,-0.0012733110898667291
2019-02-08,risk_aversion,0.001854295825284623,-0.0015402665985349022,0.003394562423819525
2019-02-11,risk_aversion,0.0055205061964526386,-0.0017926508896930014,0.00731315708614564
2019-02-12,risk_aversion,0.00547398557218283,-0.0019781815627240838,0.007452167134906915
2019-02-13,risk_aversion,0.008393376396168349,-0.0016885204530047114,0.01008189684917306
2019-02-14,risk_aversion,0.008228283359534678,-0.0014900496838043805,0.009718333043339057
2019-02-15,risk_aversion,0.018672089708916016,0.0007561257889081318,0.017915963920007882
2019-02-19,risk_aversion,0.018913848735823705,0.00075135059490338,0.018162498140920323
2019-02-20,risk_aversion,0.018669984961694034,0.0008429098172063952,0.01782707514448764
2019-02-21,risk_aversion,0.013014588252944284,0.001092747597791378,0.011921840655152905
2019-02-22,risk_aversion,0.010646711643866498,0.000875610625761993,0.009771101018104505
2019-02-25,risk_aversion,0.008116526588456675,0.0010131829813416222,0.0071033436071150525
2019-02-26,risk_aversion,0.0075504055680965,0.000951407660339313,0.006598997907757187
2019-02-27,risk_aversion,0.0087533606136053,0.00114549243344817,0.00760786818015713
2019-02-28,risk_aversion,0.005017271297208966,0.002171882505847814,0.002845388791361152
2019-03-01,risk_aversion,0.004389843846972601,0.0030742049451917383,0.0013156389017808623
2019-03-04,risk_aversion,0.00020254260526745348,0.0031378493126885585,-0.002935306707421105
2019-03-05,risk_aversion,0.001004915601368499,0.003635470168640707,-0.0026305545672722077
2019-03-06,risk_aversion,0.002684199342120402,0.003555906446911585,-0.0008717071047911833
2019-03-07,risk_aversion,0.0021276217883384532,0.003657111371497075,-0.0015294895831586218
2019-03-08,risk_aversion,0.00022293855361781484,0.003311115498581239,-0.003088176944963424
2019-03-11,risk_aversion,-0.0006369538318418749,0.003526294364039735,-0.00416324819588161
2019-03-12,risk_aversion,-0.004044180599655675,0.0034848650078068825,-0.0075290456074625575
2019-03-13,risk_aversion,-0.004218391199720554,0.003379806484340552,-0.007598197684061106
2019-03-14,risk_aversion,-0.004617094943683027,0.00328566813784872,-0.007902763081531747
2019-03-15,risk_aversion,-0.0022652599701865517,0.0031727227122830665,-0.005437982682469618
2019-03-18,risk_aversion,-0.0022455290015379503,0.0030388207316527265,-0.005284349733190677
2019-03-19,risk_aversion,-0.0007903078916115136,0.0030321787074123812,-0.0038224865990238947
2019-03-20,risk_aversion,0.0009167217320285134,0.002947560004926802,-0.0020308382728982887
2019-03-21,risk_aversion,0.002827334998323373,0.0028778580575664087,-5.0523059243035625e-05
2019-03-22,risk_aversion,0.003612687689956827,0.0032886107746921646,0.00032407691526466264
2019-03-25,risk_aversion,0.008329142958722842,0.004075856818732596,0.004253286139990246
2019-03-26,risk_aversion,0.007690489482661775,0.0038469748287489223,0.003843514653912853
2019-03-27,risk_aversion,-0.0006941376177705226,0.004383567879807794,-0.005077705497578316
2019-03-28,risk_aversion,-0.0007988788248557697,0.005097269848603966,-0.005896148673459736
2019-03-29,risk_aversion,-0.0013982900428936565,0.005219992556598551,-0.006618282599492207
2019-04-01,risk_aversion,-0.0077938783202420574,0.00538671820733133,-0.013180596527573387
2019-04-02,risk_aversion,-0.0026560348902031025,0.004142748751627166,-0.006798783641830269
2019-04-03,risk_aversion,0.004007855369480627,0.003590043793111212,0.000417811576369415
2019-04-04,risk_aversion,0.0016261193715918524,0.0036213975519791266,-0.001995278180387274
2019-04-05,risk_aversion,-0.0002051239072755173,0.003466113081249919,-0.0036712369885254365
2019-04-08,risk_aversion,0.0022928487994318997,0.0031708614723348016,-0.0008780126729029019
2019-04-09,risk_aversion,0.002357665024106881,0.0034200767644876544,-0.0010624117403807733
2019-04-10,risk_aversion,0.001590572458471641,0.0033670230475836924,-0.0017764505891120514
2019-04-11,risk_aversion,0.0024681259244757063,0.003587897409283625,-0.0011197714848079185
2019-04-12,risk_aversion,0.009132461002781814,0.0029365894388747957,0.006195871563907019
2019-04-15,risk_aversion,0.01116719844854533,0.0031795259134495646,0.007987672535095766
2019-04-16,risk_aversion,0.010570164484857647,0.0032998114740257567,0.00727035301083189
2019-04-17,risk_aversion,0.01021477379650691,0.0033376107187564627,0.006877163077750448
2019-04-18,risk_aversion,0.00936433824150357,0.003291082364908752,0.006073255876594819
2019-04-22,risk_aversion,0.0094325236515046,0.0033233485359834324,0.006109175115521168
2019-04-23,risk_aversion,0.007837688130557659,0.0036358818449110587,0.004201806285646601
2019-04-24,risk_aversion,0.0073107467742921884,0.00360383625186263,0.0037069105224295583
2019-04-25,risk_aversion,0.0027862896170119467,0.003290824897610351,-0.0005045352805984043
2019-04-26,risk_aversion,0.003463961422404305,0.0030675276781758623,0.0003964337442284426
2019-04-29,risk_aversion,0.0029318927984930284,0.0027736043361748413,0.00015828846231818712
2019-04-30,risk_aversion,0.0038652854274217564,0.002939535654171887,0.0009257497732498695
2019-05-01,risk_aversion,0.0044845554776893745,0.00253649927445059,0.0019480562032387844
2019-05-02,risk_aversion,0.0032978626033279565,0.0024691862632254206,0.000828676340102536
2019-05-03,risk_aversion,-0.00073754175933041,0.0019913122034249733,-0.0027288539627553835
2019-05-06,risk_aversion,0.00034256922741790995,0.002135263741946463,-0.001792694514528553
2019-05-07,risk_aversion,0.004029493110221446,0.002676287907516231,0.0013532052027052151
2019-05-08,risk_aversion,0.004006159545867324,0.002672142655914711,0.0013340168899526128
2019-05-09,risk_aversion,0.003612445346955325,0.002645206099253516,0.0009672392477018087
2019-05-10,risk_aversion,-0.001206528051337538,0.0022649801518050874,-0.0034715082031426254
2019-05-13,risk_aversion,0.029518085081088778,0.0038046502244565654,0.025713434856632213
2019-05-14,risk_aversion,0.02875860708933512,0.0038618362033900912,0.02489677088594503
2019-05-15,risk_aversion,0.025244173723409393,0.0039208935989842155,0.02132328012442518
2019-05-16,risk_aversion,0.028762793769790896,0.005485145861061443,0.02327764790872945
2019-05-17,risk_aversion,0.024310575459117426,0.005240035860043523,0.019070539599073903
2019-05-20,risk_aversion,0.02545731553083825,0.005238256318933569,0.02021905921190468
2019-05-21,risk_aversion,0.024219372281555743,0.005335174273622575,0.01888419800793317
2019-05-22,risk_aversion,0.024561366795678413,0.0053548919414187065,0.019206474854259706
2019-05-23,risk_aversion,0.022949595202367314,0.005938117043469892,0.01701147815889742
2019-05-24,risk_aversion,0.019335073411442184,0.005920664634134789,0.013414408777307395
2019-05-28,risk_aversion,0.023878269966172837,0.00568880101928678,0.018189468946886056
2019-05-29,risk_aversion,0.024585683938154065,0.0057961391555781915,0.018789544782575874
2019-05-30,risk_aversion,0.024609102430482817,0.00588937425976685,0.018719728170715967
2019-05-31,risk_aversion,0.02194174302648304,0.006708764969722974,0.015232978056760067
2019-06-03,risk_aversion,0.02141789968927021,0.006820839300056898,0.014597060389213313
2019-06-04,risk_aversion,0.02819645131764497,0.006399029377132405,0.021797421940512565
2019-06-05,risk_aversion,0.02774113046565461,0.006277657661748076,0.021463472803906536
2019-06-06,risk_aversion,0.028216245425427732,0.006325969810930863,0.02189027561449687
2019-06-07,risk_aversion,0.02836737579436062,0.006435798493538382,0.021931577300822236
2019-06-10,risk_aversion,0.027800498722975617,0.006605741416184282,0.021194757306791333
2019-06-11,risk_aversion,0.027801228384587644,0.006601906424839013,0.02119932195974863
2019-06-12,risk_aversion,0.028699229143510353,0.00656893042128007,0.022130298722230282
2019-06-13,risk_aversion,0.0286018848500407,0.006539459444235141,0.02206242540580556
2019-06-14,risk_aversion,0.029260698683588948,0.0064672623355338296,0.02279343634805512
2019-06-17,risk_aversion,0.031938366776098404,0.006544148941243066,0.025394217834855338
2019-06-18,risk_aversion,0.03201409644487142,0.006365843897442219,0.025648252547429203
2019-06-19,risk_aversion,0.03138898240780462,0.00618175620578747,0.02520722620201715
2019-06-20,risk_aversion,0.03188905513259142,0.0067949427790297175,0.025094112353561706
2019-06-21,risk_aversion,0.03293951719010298,0.006831670729934655,0.026107846460168328
2019-06-24,risk_aversion,0.03330100184622896,0.007009178032674734,0.026291823813554223
2019-06-25,risk_aversion,0.03163585701062915,0.00714883352067045,0.024487023489958695
2019-06-26,risk_aversion,0.03105145959428156,0.008068883331275499,0.022982576263006062
2019-06-27,risk_aversion,0.03407196483029145,0.0078041226180050475,0.026267842212286403
2019-06-28,risk_aversion,0.031210614988690065,0.00828514613808815,0.022925468850601913
2019-07-01,risk_aversion,0.039593619664082244,0.009073163116919108,0.030520456547163136
2019-07-02,risk_aversion,0.0356681721924899,0.007984842348608915,0.027683329843880982
2019-07-03,risk_aversion,0.03742839879383094,0.007750422588562009,0.029677976205268932
2019-07-05,risk_aversion,0.037283388715891486,0.007077456875505965,0.03020593184038552
2019-07-08,risk_aversion,0.03971055085301572,0.0070075897077022465,0.03270296114531347
2019-07-09,risk_aversion,0.04070783400571263,0.006934335768027175,0.033773498237685454
2019-07-10,risk_aversion,0.04323561296749908,0.006180337301518898,0.037055275665980186
2019-07-11,risk_aversion,0.043327632184679596,0.0062210679533565615,0.03710656423132303
2019-07-12,risk_aversion,0.04381423763375441,0.0066550243667779846,0.037159213266976424
2019-07-15,risk_aversion,0.04127456498934449,0.006873647031907585,0.034400917957436904
2019-07-16,risk_aversion,0.04017936181206865,0.006683731743922715,0.03349563006814594
2019-07-17,risk_aversion,0.03748319157502228,0.007589843103979816,0.029893348471042462
2019-07-18,risk_aversion,0.03956023949895249,0.006821087213648242,0.032739152285304246
2019-07-19,risk_aversion,0.03893231986206994,0.0061171066685533505,0.032815213193516594
2019-07-22,risk_aversion,0.03972912600708682,0.0063511668231139955,0.03337795918397282
2019-07-23,risk_aversion,0.03972277252796074,0.0066310015454450685,0.03309177098251567
2019-07-24,risk_aversion,0.0418585118604878,0.006422663311196443,0.035435848549291354
2019-07-25,risk_aversion,0.04323813455016755,0.006128714586593009,0.03710941996357454
2019-07-26,risk_aversion,0.04317413904344042,0.006118050217348956,0.03705608882609146
2019-07-29,risk_aversion,0.04185890984762175,0.006255839418004718,0.03560307042961703
2019-07-30,risk_aversion,0.042672686731972456,0.006404276840248278,0.03626840989172418
2019-07-31,risk_aversion,0.04679074161042593,0.0051450496839707555,0.041645691926455175
2019-08-01,risk_aversion,0.04537500027408232,0.006891375729111156,0.03848362454497116
2019-08-02,risk_aversion,0.04562702230500981,0.007065170872475224,0.038561851432534586
2019-08-05,risk_aversion,0.06651584441597669,0.009042143113426937,0.05747370130254975
2019-08-06,risk_aversion,0.06495336555908399,0.008015403492687702,0.056937962066396286
2019-08-07,risk_aversion,0.06350999635315276,0.0075723038650514565,0.0559376924881013
2019-08-08,risk_aversion,0.06440306736177816,0.007147963761248946,0.05725510360052921
2019-08-09,risk_aversion,0.06429186414573265,0.00699711629038881,0.057294747855343844
2019-08-12,risk_aversion,0.059635265867938866,0.007772579207289695,0.05186268666064917
2019-08-13,risk_aversion,0.06564281883113104,0.008588671296340913,0.05705414753479013
2019-08-14,risk_aversion,0.055670242189623416,0.01023939089755242,0.045430851292070994
2019-08-15,risk_aversion,0.05436544913610701,0.010151353112106066,0.04421409602400095
2019-08-16,risk_aversion,0.049122773557115355,0.01163591738991815,0.037486856167197206
2019-08-19,risk_aversion,0.04829704251761276,0.01220737619906051,0.036089666318552246
2019-08-20,risk_aversion,0.04883011692931706,0.012665309037757061,0.03616480789156
2019-08-21,risk_aversion,0.05213613055685967,0.012861528382901312,0.03927460217395836
2019-08-22,risk_aversion,0.05224588157650931,0.012709282320217436,0.03953659925629187
2019-08-23,risk_aversion,0.053452307168075766,0.014351434728595028,0.03910087243948074
2019-08-26,risk_aversion,0.053618596050117685,0.014424847738036713,0.03919374831208097
2019-08-27,risk_aversion,0.053721780246411055,0.0149812470590431,0.038740533187367955
2019-08-28,risk_aversion,0.05494507414727167,0.015048698744420132,0.03989637540285154
2019-08-29,risk_aversion,0.05494215695376998,0.015495639320648083,0.039446517633121896
2019-08-30,risk_aversion,0.054857090247466066,0.015401218219797915,0.03945587202766815
2019-09-03,risk_aversion,0.058684497530853315,0.016038289372115083,0.042646208158738236
2019-09-04,risk_aversion,0.05895236274235369,0.015484483149948403,0.043467879592405285
2019-09-05,risk_aversion,0.058936214476823526,0.016428577432175184,0.04250763704464834
2019-09-06,risk_aversion,0.061510160872979204,0.016748068787170212,0.04476209208580899
2019-09-09,risk_aversion,0.06345731765561198,0.01669444030139539,0.046762877354216595
2019-09-10,risk_aversion,0.06362769672066762,0.016752053368134956,0.046875643352532664
2019-09-11,risk_aversion,0.0630017369065239,0.016602759302349467,0.046398977604174434
2019-09-12,risk_aversion,0.06260410251190991,0.016611982838766276,0.045992119673143636
2019-09-13,risk_aversion,0.06278988953262356,0.016803862731522033,0.045986026801101525
2019-09-16,risk_aversion,0.06304553606044307,0.01691944557147226,0.0461260904889708
2019-09-17,risk_aversion,0.06310208236845785,0.016808770780806837,0.046293311587651015
2019-09-18,risk_aversion,0.06679640083642795,0.01678122540614516,0.05001517543028279
2019-09-19,risk_aversion,0.0670462349249125,0.016746671947117594,0.05029956297779491
2019-09-20,risk_aversion,0.06805755541674689,0.01741402641843584,0.05064352899831105
2019-09-23,risk_aversion,0.06861807718008299,0.017327924252142676,0.05129015292794031
2019-09-24,risk_aversion,0.056379290541653394,0.017430185047962444,0.03894910549369095
2019-09-25,risk_aversion,0.056855960909762866,0.018164477749009752,0.03869148316075312
2019-09-26,risk_aversion,0.05715435285868369,0.01815664743857272,0.03899770542011097
2019-09-27,risk_aversion,0.05597891493009701,0.018018622638288122,0.03796029229180889
2019-09-30,risk_aversion,0.05538381546211278,0.018333520853795384,0.037050294608317394
2019-10-01,risk_aversion,0.055119221188087195,0.018573476764492194,0.036545744423595
2019-10-02,risk_aversion,0.05437060080722713,0.019044500607019156,0.035326100200207974
2019-10-03,risk_aversion,0.05480201192018538,0.018826773120652313,0.035975238799533064
2019-10-04,risk_aversion,0.05389663661835712,0.018657049925421405,0.03523958669293571
2019-10-07,risk_aversion,0.05287587718186627,0.018853615707947358,0.03402226147391891
2019-10-08,risk_aversion,0.0521038015166149,0.019204620294548735,0.03289918122206617
2019-10-09,risk_aversion,0.0492944764748078,0.01952954921707298,0.02976492725773482
2019-10-10,risk_aversion,0.049388747795497526,0.019812478698580542,0.029576269096916984
2019-10-11,risk_aversion,0.05546488589455924,0.021291724437111515,0.034173161457447726
2019-10-14,risk_aversion,0.058341750530313555,0.019973110805892026,0.03836863972442153
2019-10-15,risk_aversion,0.059989828974390695,0.02001834098319136,0.03997148799119933
2019-10-16,risk_aversion,0.05973580309849573,0.020047420626119982,0.039688382472375744
2019-10-17,risk_aversion,0.06080300153110012,0.020196300619915043,0.040606700911185074
2019-10-18,risk_aversion,0.0604351532645014,0.02014075167404746,0.04029440159045394
2019-10-21,risk_aversion,0.061975005260394185,0.020414322591054232,0.04156068266933995
2019-10-22,risk_aversion,0.0618178794405251,0.020445816132133587,0.041372063308391514
2019-10-23,risk_aversion,0.06342457969148593,0.02038332971915747,0.043041249972328464
2019-10-24,risk_aversion,0.06349582892342767,0.02016788251502005,0.04332794640840762
2019-10-25,risk_aversion,0.057887131834978886,0.02032444917889086,0.03756268265608803
2019-10-28,risk_aversion,0.05976420909119895,0.02002806037421296,0.03973614871698599
2019-10-29,risk_aversion,0.05964733840932984,0.020006763670527682,0.039640574738802156
2019-10-30,risk_aversion,0.06020652590458174,0.01983962527148644,0.040366900633095296
2019-10-31,risk_aversion,0.060024235896094326,0.020048785403061316,0.03997545049303301
2019-11-01,risk_aversion,0.06070615834748214,0.01971772363554403,0.04098843471193811
2019-11-04,risk_aversion,0.06172053827250536,0.02037815646756856,0.041342381804936795
2019-11-05,risk_aversion,0.061495654522913085,0.020137360801446104,0.04135829372146698
2019-11-06,risk_aversion,0.06160186364153028,0.020097933052303372,0.04150393058922691
2019-11-07,risk_aversion,0.06152247381009122,0.01998776392848738,0.041534709881603835
2019-11-08,risk_aversion,0.06585041234082657,0.020577098481294225,0.045273313859532344
2019-11-11,risk_aversion,0.0656015464134642,0.02049023759758233,0.04511130881588188
2019-11-12,risk_aversion,0.06594564337234787,0.020807251704201057,0.045138391668146816
2019-11-13,risk_aversion,0.06665561192087292,0.022076900998132632,0.044578710922740294
2019-11-14,risk_aversion,0.06667604925513043,0.022088940974283513,0.044587108280846915
2019-11-15,risk_aversion,0.072497582212507,0.02192402832957787,0.05057355388292913
2019-11-18,risk_aversion,0.07089428381481808,0.02202287125790834,0.04887141255690974
2019-11-19,risk_aversion,0.07081218232782337,0.02254457551854009,0.04826760680928328
2019-11-20,risk_aversion,0.07942891268890913,0.022725950560332178,0.05670296212857695
2019-11-21,risk_aversion,0.08722130017681831,0.022843319233232542,0.06437798094358577
2019-11-22,risk_aversion,0.08950278334065294,0.0230258810933294,0.06647690224732354
2019-11-25,risk_aversion,0.09123648249738964,0.023193976240608528,0.06804250625678111
2019-11-26,risk_aversion,0.08010947469349933,0.023210410277993344,0.05689906441550598
2019-11-27,risk_aversion,0.08080785835154382,0.0231617405312196,0.05764611782032422
2019-11-29,risk_aversion,0.08388634077828273,0.023412128398267,0.060474212380015734
2019-12-02,risk_aversion,0.07575698008121004,0.022821863610893747,0.05293511647031629
2019-12-03,risk_aversion,0.07416736151930893,0.02310937413375241,0.051057987385556516
2019-12-04,risk_aversion,0.07297554585938774,0.023680579164801593,0.04929496669458615
2019-12-05,risk_aversion,0.0748221801243261,0.023697932201701903,0.05112424792262419
2019-12-06,risk_aversion,0.0754845572305586,0.024102725219058457,0.051381832011500136
2019-12-09,risk_aversion,0.07876609040436833,0.023296500743576788,0.05546958966079154
2019-12-10,risk_aversion,0.07913400741048113,0.02322252526257419,0.055911482147906935
2019-12-11,risk_aversion,0.07901909488884094,0.02298635587845549,0.056032739010385454
2019-12-12,risk_aversion,0.0785226075747396,0.023122464598247735,0.05540014297649186
2019-12-13,risk_aversion,0.07698419092118199,0.022681858459068407,0.05430233246211358
2019-12-16,risk_aversion,0.07945077069296107,0.022866486651216187,0.056584284041744884
2019-12-17,risk_aversion,0.07125865091115052,0.022569171787706944,0.04868947912344358
2019-12-18,risk_aversion,0.07305837915579734,0.02252711781157173,0.050531261344225614
2019-12-19,risk_aversion,0.07294525076087248,0.022535382863840967,0.050409867897031516
2019-12-20,risk_aversion,0.07088568394336206,0.021645438903298092,0.04924024504006397
2019-12-23,risk_aversion,0.07225771521094806,0.021933909916137757,0.05032380529481031
2019-12-24,risk_aversion,0.06539755241500286,0.021186572452746535,0.04421097996225633
2019-12-26,risk_aversion,0.05672663887142224,0.021181632309044178,0.035545006562378065
2019-12-27,risk_aversion,0.05582303282746649,0.021134336398440527,0.034688696429025966
2019-12-30,risk_aversion,0.05854038543390693,0.021253055315429908,0.03728733011847703
2019-12-31,risk_aversion,0.05584988826636281,0.02135621024359059,0.034493678022772215
2020-01-02,risk_aversion,0.060977581724107915,0.020869536385503904,0.040108045338604015
2020-01-03,risk_aversion,0.06627615493202815,0.021290411049061705,0.044985743882966445
2020-01-06,risk_aversion,0.0665628551065863,0.020573480912306465,0.045989374194279835
2020-01-07,risk_aversion,0.06632368987386733,0.020562375990304155,0.04576131388356318
2020-01-08,risk_aversion,0.06655129198885652,0.02061357041951309,0.045937721569343434
2020-01-09,risk_aversion,0.06785319575067536,0.020958092876842877,0.04689510287383249
2020-01-10,risk_aversion,0.06625806049866793,0.020870901474097345,0.04538715902457059
2020-01-13,risk_aversion,0.06657866223679441,0.021088761244043738,0.04548990099275067
2020-01-14,risk_aversion,0.06695045430458904,0.02105687615287776,0.04589357815171128
2020-01-15,risk_aversion,0.06650089255865257,0.021038827122295052,0.04546206543635752
2020-01-16,risk_aversion,0.06642726188287679,0.021013551586359022,0.045413710296517765
2020-01-17,risk_aversion,0.06655731566214221,0.0209607404257675,0.04559657523637471
2020-01-21,risk_aversion,0.06535022748763394,0.020829444081267467,0.044520783406366476
2020-01-22,risk_aversion,0.06721352903150693,0.020883616459586276,0.04632991257192065
2020-01-23,risk_aversion,0.06639182705169226,0.02085097899659258,0.045540848055099684
2020-01-24,risk_aversion,0.06678823006406158,0.021035261973133396,0.04575296809092819
2020-01-27,risk_aversion,0.07288621118977358,0.022122048493054887,0.05076416269671869
2020-01-28,risk_aversion,0.07451253894726474,0.02264139455283168,0.051871144394433064
2020-01-29,risk_aversion,0.07476761795222045,0.022618996679478583,0.05214862127274186
2020-01-30,risk_aversion,0.07476257293195063,0.022976326961679984,0.05178624597027064
2020-01-31,risk_aversion,0.0685514998600145,0.02310861915892466,0.045442880701089844
2020-02-03,risk_aversion,0.06869966813274536,0.023271600147521013,0.04542806798522435
2020-02-04,risk_aversion,0.06923505567125118,0.024056286322473305,0.045178769348777875
2020-02-05,risk_aversion,0.06725341826764078,0.02399423078420951,0.04325918748343127
2020-02-06,risk_aversion,0.06701310297879526,0.023891969340331227,0.04312113363846403
2020-02-07,risk_aversion,0.06712453741272871,0.0239083081106414,0.04321622930208731
2020-02-10,risk_aversion,0.06893435176586842,0.02397159908730207,0.044962752678566344
2020-02-11,risk_aversion,0.06924917852094645,0.02400895537608704,0.04524022314485941
2020-02-12,risk_aversion,0.06803152669782679,0.024001465332855545,0.04403006136497124
2020-02-13,risk_aversion,0.06778851585185233,0.024137581727828646,0.04365093412402368
2020-02-14,risk_aversion,0.06774356639483724,0.023943498205754005,0.04380006818908323
2020-02-18,risk_aversion,0.06630769288518824,0.024910230134502494,0.041397462750685746
2020-02-19,risk_aversion,0.06646991053042457,0.024807027079026354,0.04166288345139822
2020-02-20,risk_aversion,0.06306938685652175,0.024841638524516364,0.03822774833200539
2020-02-21,risk_aversion,0.06352570495065117,0.02584643190562556,0.03767927304502561
2020-02-24,risk_aversion,0.05492060363107934,0.025630459749906895,0.029290143881172445
2020-02-25,risk_aversion,0.05471192355362757,0.024486179290128744,0.030225744263498826
2020-02-26,risk_aversion,0.055347715662253535,0.02445064018176579,0.030897075480487746
2020-02-27,risk_aversion,0.05225011837425485,0.022483540073173953,0.029766578301080895
2020-02-28,risk_aversion,0.051830179548313066,0.022047467788591655,0.02978271175972141
2020-03-02,risk_aversion,0.048269049914705583,0.020311107793720463,0.02795794212098512
2020-03-03,risk_aversion,0.048432326092064416,0.021993500762459598,0.026438825329604818
2020-03-04,risk_aversion,0.048087020598010476,0.021673168688758723,0.026413851909251752
2020-03-05,risk_aversion,0.051975237452543135,0.023599316003040063,0.028375921449503072
2020-03-06,risk_aversion,0.05167439281465238,0.023624218611781607,0.028050174202870773
2020-03-09,risk_aversion,0.029477700694179723,0.02310065699362038,0.006377043700559342
2020-03-10,risk_aversion,0.027145362923123768,0.024353081340289406,0.0027922815828343613
2020-03-11,risk_aversion,0.025604879991666274,0.024006158996444593,0.0015987209952216808
2020-03-12,risk_aversion,-0.018554999622557515,0.016065402122130732,-0.03462040174468825
2020-03-13,risk_aversion,-0.0031963004879813767,0.019602446904557185,-0.022798747392538562
2020-03-16,risk_aversion,-0.016752039227916127,0.016726123041229918,-0.033478162269146045
2020-03-17,risk_aversion,-0.020179104695806416,0.01612745017913842,-0.03630655487494484
2020-03-18,risk_aversion,-0.020259606073516866,0.01610424804802759,-0.036363854121544456
2020-03-19,risk_aversion,-0.024792132413383607,0.016607681683288984,-0.041399814096672594
2020-03-20,risk_aversion,-0.024576521045012872,0.01589883530698625,-0.04047535635199912
2020-03-23,risk_aversion,-0.025517648141683637,0.014500305566506324,-0.04001795370818996
2020-03-24,risk_aversion,-0.025771812267344662,0.014463100312554721,-0.04023491257989938
2020-03-25,risk_aversion,-0.026054034887809555,0.014042162482863064,-0.04009619737067262
2020-03-26,risk_aversion,-0.026340453712207862,0.013813430154319488,-0.04015388386652735
2020-03-27,risk_aversion,-0.02640912288977557,0.013211686478906078,-0.03962080936868165
2020-03-30,risk_aversion,-0.0228617860199517,0.012881294214689257,-0.035743080234640956
2020-03-31,risk_aversion,-0.0231031569189103,0.013834160015206862,-0.03693731693411716
2020-04-01,risk_aversion,-0.02368750192978016,0.014049091767978321,-0.03773659369775848
2020-04-02,risk_aversion,-0.029173895517328966,0.01316534294397403,-0.042339238461303
2020-04-03,risk_aversion,-0.029278117824539488,0.012972640525475055,-0.042250758350014544
2020-04-06,risk_aversion,-0.029608008215906895,0.01247500987185327,-0.04208301808776017
2020-04-07,risk_aversion,-0.02992124720062155,0.012364620701508117,-0.04228586790212967
2020-04-08,risk_aversion,-0.02998592584274474,0.012565445213036352,-0.04255137105578109
2020-04-09,risk_aversion,-0.028675897046723416,0.012172005487913088,-0.04084790253463651
2020-04-13,risk_aversion,-0.028873808913056954,0.011896138986457224,-0.04076994789951418
2020-04-14,risk_aversion,-0.029808861318029508,0.011539026823509192,-0.0413478881415387
2020-04-15,risk_aversion,-0.030628068849349505,0.011336603493500156,-0.04196467234284966
2020-04-16,risk_aversion,-0.0309085778979514,0.011282812692877668,-0.04219139059082907
2020-04-17,risk_aversion,-0.030969344808461686,0.011814390135256224,-0.04278373494371791
2020-04-20,risk_aversion,-0.033218938615811495,0.012078227525428744,-0.04529716614124024
2020-04-21,risk_aversion,-0.03319660384618297,0.01198043633351562,-0.04517704017969859
2020-04-22,risk_aversion,-0.033954440338106136,0.011249465308864372,-0.04520390564697051
2020-04-23,risk_aversion,-0.03361875468811807,0.011146604683525956,-0.044765359371644026
2020-04-24,risk_aversion,-0.03324470340997928,0.01139261195500861,-0.04463731536498789
2020-04-27,risk_aversion,-0.03471127795345527,0.011747160558761172,-0.04645843851221644
2020-04-28,risk_aversion,-0.03465856345278033,0.011801567433510626,-0.04646013088629096
2020-04-29,risk_aversion,-0.03852885979568826,0.011630501957032625,-0.050159361752720885
2020-04-30,risk_aversion,-0.038820808067839815,0.011331091830694704,-0.05015189989853452
2020-05-01,risk_aversion,-0.038920906547773075,0.011417636432914383,-0.05033854298068746
2020-05-04,risk_aversion,-0.03708020117274883,0.011685860433321303,-0.04876606160607013
2020-05-05,risk_aversion,-0.03803477105778807,0.011711113337854248,-0.049745884395642315
2020-05-06,risk_aversion,-0.04077580955609656,0.011671423262009862,-0.052447232818106426
2020-05-07,risk_aversion,-0.043052290576332884,0.011105102564990903,-0.054157393141323784
2020-05-08,risk_aversion,-0.04290124211585102,0.011425330416630724,-0.05432657253248174
2020-05-11,risk_aversion,-0.03916021492421882,0.011704247333775482,-0.0508644622579943
2020-05-12,risk_aversion,-0.06199608701197176,0.011062137111091531,-0.07305822412306329
2020-05-13,risk_aversion,-0.06209362403303261,0.011209050380705058,-0.07330267441373767
2020-05-14,risk_aversion,-0.06179649591508816,0.010858097868214796,-0.07265459378330295
2020-05-15,risk_aversion,-0.06291541163313746,0.010538870613308412,-0.07345428224644587
2020-05-18,risk_aversion,-0.06243835106535632,0.011018255694163521,-0.07345660675951984
2020-05-19,risk_aversion,-0.06331366744062143,0.011174024481812348,-0.07448769192243378
2020-05-20,risk_aversion,-0.06196620241270151,0.010980074047559782,-0.07294627646026129
2020-05-21,risk_aversion,-0.06315861041585043,0.01057805096128345,-0.07373666137713387
2020-05-22,risk_aversion,-0.06270473041739827,0.010137220953994578,-0.07284195137139285
2020-05-26,risk_aversion,-0.06165110419244769,0.010209872951523345,-0.07186097714397104
2020-05-27,risk_aversion,-0.0658178266652788,0.010476085825289005,-0.0762939124905678
2020-05-28,risk_aversion,-0.0653061122901096,0.01051446809495565,-0.07582058038506526
2020-05-29,risk_aversion,-0.06531188557411817,0.010490485773188648,-0.07580237134730682
2020-06-01,risk_aversion,-0.06452532483178816,0.010115676548782978,-0.07464100138057114
2020-06-02,risk_aversion,-0.06431193616781057,0.010247488369860478,-0.07455942453767105
2020-06-03,risk_aversion,-0.07068467917150978,0.010686901507108004,-0.08137158067861779
2020-06-04,risk_aversion,-0.07021942965508214,0.010760982108872027,-0.08098041176395417
2020-06-05,risk_aversion,-0.07001296641239502,0.011295154675971326,-0.08130812108836634
2020-06-08,risk_aversion,-0.07047381993320931,0.011466762635596818,-0.08194058256880613
2020-06-09,risk_aversion,-0.07026410712672142,0.011581867947545173,-0.0818459750742666
2020-06-10,risk_aversion,-0.07027079113316649,0.01156943900442063,-0.08184023013758712
2020-06-11,risk_aversion,-0.0758067760897349,0.009408762346321493,-0.08521553843605639
2020-06-12,risk_aversion,-0.07608638622663445,0.009341960056230189,-0.08542834628286464
2020-06-15,risk_aversion,-0.07569625998131563,0.009377387393307828,-0.08507364737462346
2020-06-16,risk_aversion,-0.07583583029713084,0.009391761095930276,-0.08522759139306112
2020-06-17,risk_aversion,-0.07591457456833584,0.009417551450752121,-0.08533212601908796
2020-06-18,risk_aversion,-0.07592791439258742,0.009584883702106615,-0.08551279809469403
2020-06-19,risk_aversion,-0.07651624796740156,0.009571990039089658,-0.08608823800649121
2020-06-22,risk_aversion,-0.07813848315394453,0.00918656118227213,-0.08732504433621666
2020-06-23,risk_aversion,-0.07766278034120676,0.009207700891445323,-0.08687048123265208
2020-06-24,risk_aversion,-0.0798629471102361,0.009035668605813488,-0.0888986157160496
2020-06-25,risk_aversion,-0.07914411263031076,0.009027129425924903,-0.08817124205623567
2020-06-26,risk_aversion,-0.08211753761287317,0.009098778680984975,-0.09121631629385815
2020-06-29,risk_aversion,-0.07938297054018494,0.009129624886197481,-0.08851259542638241
2020-06-30,risk_aversion,-0.08531177575062965,0.008427093648706252,-0.0937388693993359
2020-07-01,risk_aversion,-0.08387638296246132,0.009347804635046112,-0.09322418759750743
2020-07-02,risk_aversion,-0.08306646381470416,0.00933664012101121,-0.09240310393571537
2020-07-06,risk_aversion,-0.08297846222570995,0.00963310695026574,-0.0926115691759757
2020-07-07,risk_aversion,-0.08496189148380141,0.009895545276169171,-0.09485743675997059
2020-07-08,risk_aversion,-0.08540960407362397,0.009766824910731668,-0.09517642898435563
2020-07-09,risk_aversion,-0.08712851446697216,0.010243267713074348,-0.09737178218004651
2020-07-10,risk_aversion,-0.0872190923625162,0.010287930173343078,-0.09750702253585927
2020-07-13,risk_aversion,-0.08620525593569937,0.01030588627407483,-0.0965111422097742
2020-07-14,risk_aversion,-0.08554530265434869,0.01013788729037343,-0.09568318994472212
2020-07-15,risk_aversion,-0.08464362195033835,0.010167011556304131,-0.09481063350664248
2020-07-16,risk_aversion,-0.085024754420149,0.009645592704615074,-0.09467034712476408
2020-07-17,risk_aversion,-0.08384170299076901,0.009534146271592539,-0.09337584926236155
2020-07-20,risk_aversion,-0.0836435644550951,0.009880447374026848,-0.09352401182912196
2020-07-21,risk_aversion,-0.08431275922838857,0.00992829224986834,-0.09424105147825691
2020-07-22,risk_aversion,-0.08454748506152943,0.009597754998153036,-0.09414524005968246
2020-07-23,risk_aversion,-0.08478430480045422,0.009887358555589284,-0.0946716633560435
2020-07-24,risk_aversion,-0.08532875026480245,0.010038538455300923,-0.09536728872010337
2020-07-27,risk_aversion,-0.0877301379004702,0.009686269885755437,-0.09741640778622564
2020-07-28,risk_aversion,-0.08681392712097709,0.009652879573533887,-0.09646680669451098
2020-07-29,risk_aversion,-0.08775442289474562,0.009443423047870509,-0.09719784594261613
2020-07-30,risk_aversion,-0.09099129168685881,0.010325279690118329,-0.10131657137697714
2020-07-31,risk_aversion,-0.09278536808089939,0.009334273987914447,-0.10211964206881384
2020-08-03,risk_aversion,-0.09271428399746959,0.00930053807691028,-0.10201482207437987
2020-08-04,risk_aversion,-0.11510641553586502,0.00765174637068758,-0.1227581619065526
2020-08-05,risk_aversion,-0.11803465741733266,0.008292219726637174,-0.12632687714396984
2020-08-06,risk_aversion,-0.11810784627613499,0.00843363440479087,-0.12654148068092586
2020-08-07,risk_aversion,-0.11991854917217974,0.008931365914696706,-0.12884991508687646
2020-08-10,risk_aversion,-0.12072010367581412,0.009082434509614202,-0.12980253818542833
2020-08-11,risk_aversion,-0.12083912955372525,0.0063424577406466795,-0.12718158729437193
2020-08-12,risk_aversion,-0.12716089379279727,0.006019243831183774,-0.13318013762398104
2020-08-13,risk_aversion,-0.12184488321844032,0.005430556029408186,-0.1272754392478485
2020-08-14,risk_aversion,-0.12208050817795432,0.005563788641753758,-0.12764429681970807
2020-08-17,risk_aversion,-0.12160992030313691,0.004774881618337448,-0.12638480192147436
2020-08-18,risk_aversion,-0.12122742938392084,0.004238073965261135,-0.12546550334918197
2020-08-19,risk_aversion,-0.1218981373293412,0.0033625100984917377,-0.12526064742783294
2020-08-20,risk_aversion,-0.12563854097414093,0.003183987845236403,-0.12882252881937734
2020-08-21,risk_aversion,-0.12587421146989997,0.0033248444065264544,-0.1291990558764264
2020-08-24,risk_aversion,-0.12984263988498315,0.001767029258875748,-0.1316096691438589
2020-08-25,risk_aversion,-0.12967311679704419,0.0017538845387123914,-0.13142700133575658
2020-08-26,risk_aversion,-0.12884191909381476,0.0018356603556488609,-0.13067757944946362
2020-08-27,risk_aversion,-0.1305553875876147,0.0014261162963252834,-0.13198150388393998
2020-08-28,risk_aversion,-0.1321898812668781,0.000558647919746387,-0.1327485291866245
2020-08-31,risk_aversion,-0.12998048568359322,0.000757693461051062,-0.13073817914464428
2020-09-01,risk_aversion,-0.13198375375463184,0.0005357043759038622,-0.1325194581305357
2020-09-02,risk_aversion,-0.13315851018783104,0.0007732207881916802,-0.1339317309760227
2020-09-03,risk_aversion,-0.13780292336796893,-0.001112583136206439,-0.1366903402317625
2020-09-04,risk_aversion,-0.13786759817714833,-0.0015921849050968614,-0.13627541327205148
2020-09-08,risk_aversion,-0.13836995521358353,-0.0015857598317141003,-0.13678419538186942
2020-09-09,risk_aversion,-0.13917690956951603,-0.0020023474363271405,-0.1371745621331889
2020-09-10,risk_aversion,-0.13915547002129183,-0.001957901293579351,-0.1371975687277125
2020-09-11,risk_aversion,-0.13841979783955843,-0.0018786898946798697,-0.13654110794487856
2020-09-14,risk_aversion,-0.13921987993118085,-0.0021870986294172797,-0.13703278130176358
2020-09-15,risk_aversion,-0.13926973416482166,-0.0023964041063376683,-0.13687333005848398
2020-09-16,risk_aversion,-0.1390240798567083,-0.002374664104510679,-0.13664941575219763
2020-09-17,risk_aversion,-0.1393058883384321,-0.002554213561854846,-0.13675167477657726
2020-09-18,risk_aversion,-0.13917436773723663,-0.0025638855293054425,-0.13661048220793118
2020-09-21,risk_aversion,-0.1408277315620338,-0.0037562075196727663,-0.13707152404236103
2020-09-22,risk_aversion,-0.14130488349035833,-0.003584562179891524,-0.1377203213104668
2020-09-23,risk_aversion,-0.13235920699683332,-0.0045783314040800304,-0.12778087559275328
2020-09-24,risk_aversion,-0.13282336085629953,-0.0052607607157065086,-0.12756260014059304
2020-09-25,risk_aversion,-0.132538228076546,-0.0050948568012702915,-0.12744337127527572
2020-09-28,risk_aversion,-0.13226651033533907,-0.004945123871716754,-0.12732138646362232
2020-09-29,risk_aversion,-0.13151900771822803,-0.005450006302605919,-0.1260690014156221
2020-09-30,risk_aversion,-0.13287516180215833,-0.0058039682507541246,-0.1270711935514042
2020-10-01,risk_aversion,-0.1332749253105145,-0.006335144012295155,-0.12693978129821934
2020-10-02,risk_aversion,-0.13430039807074365,-0.006244681746335876,-0.12805571632440776
2020-10-05,risk_aversion,-0.13490920090087347,-0.006322566588826701,-0.12858663431204675
2020-10-06,risk_aversion,-0.1353391114840531,-0.006434630683126792,-0.12890448080092629
2020-10-07,risk_aversion,-0.13600713981470663,-0.006946528655611889,-0.12906061115909476
2020-10-08,risk_aversion,-0.13476445965132494,-0.007044532632396919,-0.12771992701892804
2020-10-09,risk_aversion,-0.13530468849423583,-0.007828263125425694,-0.12747642536881013
2020-10-12,risk_aversion,-0.13798398974150797,-0.008306292635962453,-0.12967769710554553
2020-10-13,risk_aversion,-0.1386308761639906,-0.008536490695691948,-0.13009438546829866
2020-10-14,risk_aversion,-0.13984100658704504,-0.008864807653730825,-0.13097619893331422
2020-10-15,risk_aversion,-0.13956731819981816,-0.008856248435251636,-0.13071106976456653
2020-10-16,risk_aversion,-0.13972814760143304,-0.008887954179905922,-0.1308401934215271
2020-10-19,risk_aversion,-0.13829042366428057,-0.008857800965325298,-0.12943262269895528
2020-10-20,risk_aversion,-0.13798793687995983,-0.008915600350328675,-0.12907233652963115
2020-10-21,risk_aversion,-0.13880003382335518,-0.009037508903945087,-0.1297625249194101
2020-10-22,risk_aversion,-0.1407793722171378,-0.008893312117877486,-0.1318860600992603
2020-10-23,risk_aversion,-0.1406651670711315,-0.008791396131732309,-0.1318737709393992
2020-10-26,risk_aversion,-0.13272866882543033,-0.008762979892868488,-0.12396568893256184
2020-10-27,risk_aversion,-0.133564270546858,-0.008586471516961817,-0.12497779902989617
2020-10-28,risk_aversion,-0.13479700482335952,-0.010046466776191323,-0.1247505380471682
2020-10-29,risk_aversion,-0.13580997910458759,-0.00968840936372825,-0.12612156974085934
2020-10-30,risk_aversion,-0.13608069398498193,-0.009998522087053922,-0.126082171897928
2020-11-02,risk_aversion,-0.13677711574101958,-0.010147883037763173,-0.1266292327032564
2020-11-03,risk_aversion,-0.13735139164576957,-0.01018635278360237,-0.1271650388621672
2020-11-04,risk_aversion,-0.1367518874252648,-0.009717788168773661,-0.12703409925649115
2020-11-05,risk_aversion,-0.13917840759536057,-0.010424603392638777,-0.12875380420272178
2020-11-06,risk_aversion,-0.13970523830133713,-0.01033544574956632,-0.1293697925517708
2020-11-09,risk_aversion,-0.1412595905360749,-0.011299181116775699,-0.1299604094192992
2020-11-10,risk_aversion,-0.14085020345359434,-0.011270039707441407,-0.12958016374615294
2020-11-11,risk_aversion,-0.141347950018567,-0.011093679301292198,-0.1302542707172748
2020-11-12,risk_aversion,-0.139994486406521,-0.010908973410985668,-0.12908551299553533
2020-11-13,risk_aversion,-0.13940424051226424,-0.011136540566048401,-0.12826769994621584
2020-11-16,risk_aversion,-0.14132748734241982,-0.011295157093271257,-0.13003233024914856
2020-11-17,risk_aversion,-0.14064984032882685,-0.01135158641274202,-0.12929825391608482
2020-11-18,risk_aversion,-0.14045023753368738,-0.011490696503069992,-0.12895954103061738
2020-11-19,risk_aversion,-0.14070259020713158,-0.011439972211116263,-0.12926261799601532
2020-11-20,risk_aversion,-0.1395630950505885,-0.011338424710138755,-0.12822467034044974
2020-11-23,risk_aversion,-0.14063283791798248,-0.010951858199487416,-0.12968097971849507
2020-11-24,risk_aversion,-0.14188533021021818,-0.010672789008947423,-0.13121254120127077
2020-11-25,risk_aversion,-0.141975835104586,-0.010602056228126192,-0.13137377887645982
2020-11-27,risk_aversion,-0.14105052685677116,-0.010434247163135232,-0.13061627969363593
2020-11-30,risk_aversion,-0.1432253404248132,-0.01058770341264293,-0.13263763701217027
2020-12-01,risk_aversion,-0.13996013828862802,-0.010543157077673653,-0.12941698121095438
2020-12-02,risk_aversion,-0.1401685064575708,-0.010798339261979014,-0.1293701671955918
2020-12-03,risk_aversion,-0.14125739192417258,-0.010902520143683064,-0.13035487178048952
2020-12-04,risk_aversion,-0.14071715808251958,-0.01085818604341317,-0.1298589720391064
2020-12-07,risk_aversion,-0.14088181866469787,-0.011081023079283388,-0.1298007955854145
2020-12-08,risk_aversion,-0.14054073495197475,-0.011148208412685347,-0.1293925265392894
2020-12-09,risk_aversion,-0.14122389292477847,-0.011782581274384845,-0.12944131165039363
2020-12-10,risk_aversion,-0.1415918089349875,-0.011666299886481277,-0.12992550904850622
2020-12-11,risk_aversion,-0.1420557524938799,-0.011844116162221294,-0.1302116363316586
2020-12-14,risk_aversion,-0.14090948243069004,-0.011883919488028123,-0.12902556294266193
2020-12-15,risk_aversion,-0.14231742155147992,-0.012408049024908375,-0.12990937252657153
2020-12-16,risk_aversion,-0.14267933066421382,-0.0124469789039514,-0.1302323517602624
2020-12-17,risk_aversion,-0.14467879538700706,-0.012572269831986144,-0.13210652555502092
2020-12-18,risk_aversion,-0.14459448062183192,-0.01253786840755186,-0.13205661221428006
2020-12-21,risk_aversion,-0.14301148132774166,-0.01270728383493533,-0.13030419749280633
2020-12-22,risk_aversion,-0.1433870744549952,-0.012522345317401184,-0.13086472913759403
2020-12-23,risk_aversion,-0.14320529471774002,-0.01264132486167972,-0.1305639698560603
2020-12-24,risk_aversion,-0.1423148392950852,-0.01271393347701842,-0.1296009058180668
2020-12-28,risk_aversion,-0.14188242830611095,-0.012713567675299593,-0.12916886063081134
2020-12-29,risk_aversion,-0.14234319934799441,-0.012727948372162547,-0.12961525097583187
2020-12-30,risk_aversion,-0.14385998813805342,-0.012776070090977004,-0.13108391804707642
2020-12-31,risk_aversion,-0.14661251472953202,-0.012511496706851382,-0.13410101802268062
2021-01-04,risk_aversion,-0.1426943555183494,-0.011335138628270949,-0.13135921689007843
2021-01-05,risk_aversion,-0.14476475141910292,-0.011309604506193689,-0.13345514691290922
2021-01-06,risk_aversion,-0.14485909707958197,-0.011184419813277368,-0.1336746772663046
2021-01-07,risk_aversion,-0.14866835893402622,-0.01104394838174773,-0.13762441055227848
2021-01-08,risk_aversion,-0.15006253900332955,-0.010599716800911757,-0.1394628222024178
2021-01-11,risk_aversion,-0.15796190757317669,-0.010677858303193228,-0.14728404926998345
2021-01-12,risk_aversion,-0.15820547996212703,-0.010861839743236318,-0.1473436402188907
2021-01-13,risk_aversion,-0.159357831889059,-0.01071552219784233,-0.14864230969121667
2021-01-14,risk_aversion,-0.1575564710399141,-0.010731416444631632,-0.14682505459528247
2021-01-15,risk_aversion,-0.15975729536330668,-0.011016863829923876,-0.14874043153338282
2021-01-19,risk_aversion,-0.15992431614117533,-0.011183736282660738,-0.1487405798585146
2021-01-20,risk_aversion,-0.15725531489236713,-0.011770318094773984,-0.14548499679759314
2021-01-21,risk_aversion,-0.15653907068070275,-0.011759322964532854,-0.1447797477161699
2021-01-22,risk_aversion,-0.1558673401287854,-0.011866216123909394,-0.144001124004876
2021-01-25,risk_aversion,-0.1572628471652161,-0.012210386787670164,-0.14505246037754593
2021-01-26,risk_aversion,-0.1670090498325929,-0.013215913842286844,-0.15379313599030606
2021-01-27,risk_aversion,-0.15457629257019537,-0.013949972060615053,-0.14062632050958032
2021-01-28,risk_aversion,-0.15419178854859214,-0.013707249308177141,-0.14048453924041499
2021-01-29,risk_aversion,-0.15132136476563185,-0.013734896973913465,-0.13758646779171838
2021-02-01,risk_aversion,-0.14934950247181858,-0.014743116356723311,-0.13460638611509526
2021-02-02,risk_aversion,-0.15160156640849895,-0.013738768811617903,-0.13786279759688105
2021-02-03,risk_aversion,-0.1540197646809007,-0.014346276899853263,-0.13967348778104743
2021-02-04,risk_aversion,-0.1531237140913586,-0.013803481137975688,-0.13932023295338292
2021-02-05,risk_aversion,-0.15292904423519313,-0.013945033448712615,-0.1389840107864805
2021-02-08,risk_aversion,-0.15172263186141138,-0.013910494648501583,-0.1378121372129098
2021-02-09,risk_aversion,-0.15124901043458874,-0.013867484413798245,-0.1373815260207905
2021-02-10,risk_aversion,-0.15176327171319376,-0.013831387710367786,-0.13793188400282597
2021-02-11,risk_aversion,-0.15274521807488362,-0.013801205860746025,-0.1389440122141376
2021-02-12,risk_aversion,-0.15241872886928595,-0.013740788129722634,-0.13867794073956333
2021-02-16,risk_aversion,-0.15146982185995458,-0.014136437554658486,-0.1373333843052961
2021-02-17,risk_aversion,-0.150973708838689,-0.014619499010175414,-0.13635420982851357
2021-02-18,risk_aversion,-0.15119302034600896,-0.014542475561986505,-0.13665054478402244
2021-02-19,risk_aversion,-0.14982131370474902,-0.014746189260155963,-0.13507512444459305
2021-02-22,risk_aversion,-0.15132986168766188,-0.014989994168852319,-0.13633986751880955
2021-02-23,risk_aversion,-0.157992153677205,-0.017638815187281227,-0.1403533384899238
2021-02-24,risk_aversion,-0.157364621379726,-0.01667634602363359,-0.1406882753560924
2021-02-25,risk_aversion,-0.1517004619754246,-0.018687145962021062,-0.13301331601340355
2021-02-26,risk_aversion,-0.16027351211646676,-0.01941903579913966,-0.14085447631732712
2021-03-01,risk_aversion,-0.16090743771390834,-0.018478445467557784,-0.14242899224635056
2021-03-02,risk_aversion,-0.16173676371064752,-0.018218936003108862,-0.14351782770753865
2021-03-03,risk_aversion,-0.15758006182540077,-0.020286556337469515,-0.13729350548793126
2021-03-04,risk_aversion,-0.16110592322870332,-0.020673169451224684,-0.14043275377747863
2021-03-05,risk_aversion,-0.16835352712061702,-0.023295930628507527,-0.1450575964921095
2021-03-08,risk_aversion,-0.16753187965170327,-0.023515271898479215,-0.14401660775322406
2021-03-09,risk_aversion,-0.15298422511591372,-0.02517369569239656,-0.12781052942351717
2021-03-10,risk_aversion,-0.15440184967280382,-0.027102867987341826,-0.127298981685462
2021-03-11,risk_aversion,-0.15408269094620694,-0.02706961821784563,-0.12701307272836132
2021-03-12,risk_aversion,-0.11132176479382136,-0.02085466075867718,-0.09046710403514419
2021-03-15,risk_aversion,-0.13431926291044588,-0.0266157269669635,-0.10770353594348238
2021-03-16,risk_aversion,-0.12285954019878524,-0.026063209117093453,-0.09679633108169179
2021-03-17,risk_aversion,-0.11990911184504403,-0.025593533145637438,-0.0943155786994066
2021-03-18,risk_aversion,-0.12015823301776815,-0.025686289826113304,-0.09447194319165485
2021-03-19,risk_aversion,-0.11552643323076166,-0.02647475988822581,-0.08905167334253584
2021-03-22,risk_aversion,-0.11180669482278481,-0.025547552262168188,-0.08625914256061662
2021-03-23,risk_aversion,-0.11238448625676839,-0.024133026929743413,-0.08825145932702498
2021-03-24,risk_aversion,-0.11283923272641926,-0.02417150127533489,-0.08866773145108436
2021-03-25,risk_aversion,-0.10991766961052761,-0.02361580682755719,-0.08630186278297042
2021-03-26,risk_aversion,-0.11059144750465141,-0.023348742154056922,-0.08724270535059449
2021-03-29,risk_aversion,-0.10599661076801571,-0.023733048884768584,-0.08226356188324713
2021-03-30,risk_aversion,-0.11208404570221314,-0.02302784418563719,-0.08905620151657595
2021-03-31,risk_aversion,-0.11201076054975595,-0.024394080283239465,-0.08761668026651648
2021-04-01,risk_aversion,-0.10911737889994673,-0.025525077202045835,-0.0835923016979009
2021-04-05,risk_aversion,-0.10413461994305796,-0.024590019353818514,-0.07954460058923946
2021-04-06,risk_aversion,-0.10546735346820733,-0.024368862739194294,-0.08109849072901304
2021-04-07,risk_aversion,-0.10268664964152147,-0.023717936929888057,-0.07896871271163342
2021-04-08,risk_aversion,-0.1027529931933971,-0.023665490918959902,-0.0790875022744372
2021-04-09,risk_aversion,-0.10334602554037445,-0.024099453440955786,-0.07924657209941866
2021-04-12,risk_aversion,-0.10352350717506476,-0.023588004701610557,-0.0799355024734542
2021-04-13,risk_aversion,-0.10424767971615401,-0.02354786776224572,-0.08069981195390828
2021-04-14,risk_aversion,-0.10434657852670069,-0.023290293215988377,-0.08105628531071232
2021-04-15,risk_aversion,-0.10297710562749103,-0.023335532413900743,-0.07964157321359029
2021-04-16,risk_aversion,-0.10222545715376924,-0.02340556060035752,-0.07881989655341172
2021-04-19,risk_aversion,-0.10689122136590122,-0.02409956280491892,-0.0827916585609823
2021-04-20,risk_aversion,-0.10282821730729738,-0.024784653607233965,-0.07804356370006342
2021-04-21,risk_aversion,-0.10168805146228219,-0.024958389245520064,-0.07672966221676213
2021-04-22,risk_aversion,-0.10312328350033007,-0.024327062328011115,-0.07879622117231895
2021-04-23,risk_aversion,-0.10012662421675604,-0.023983438520901856,-0.07614318569585418
2021-04-26,risk_aversion,-0.10134518617359987,-0.024645288700957637,-0.07669989747264223
2021-04-27,risk_aversion,-0.10095980541697068,-0.025062501128884602,-0.07589730428808608
2021-04-28,risk_aversion,-0.10095096846085962,-0.02505312819251032,-0.0758978402683493
2021-04-29,risk_aversion,-0.09667781061658116,-0.024936822053874985,-0.07174098856270618
2021-04-30,risk_aversion,-0.09473361431130478,-0.02402639408232324,-0.07070722022898154
2021-05-03,risk_aversion,-0.09406767464559426,-0.024617920976691476,-0.06944975366890278
2021-05-04,risk_aversion,-0.09643686311280872,-0.02482236591686427,-0.07161449719594445
2021-05-05,risk_aversion,-0.09703438466346787,-0.02475002771885667,-0.07228435694461119
2021-05-06,risk_aversion,-0.09666035474162411,-0.024996040575252208,-0.07166431416637191
2021-05-07,risk_aversion,-0.0945485745597128,-0.024706175768998768,-0.06984239879071404
2021-05-10,risk_aversion,-0.09790568651071781,-0.024645554931775875,-0.07326013157894193
2021-05-11,risk_aversion,-0.09781260184647214,-0.02453167393463503,-0.07328092791183712
2021-05-12,risk_aversion,-0.10327031503308565,-0.02617349710545089,-0.07709681792763476
2021-05-13,risk_aversion,-0.08939991686714625,-0.026566156205099258,-0.06283376066204699
2021-05-14,risk_aversion,-0.0883451701850571,-0.02668815237370153,-0.06165701781135556
2021-05-17,risk_aversion,-0.09282166130184397,-0.026237450618542987,-0.06658421068330098
2021-05-18,risk_aversion,-0.09255572405985342,-0.0265686110585671,-0.06598711300128632
2021-05-19,risk_aversion,-0.0947725700077712,-0.026808873888624494,-0.06796369611914671
2021-05-20,risk_aversion,-0.09646126262487949,-0.026924493369700153,-0.06953676925517933
2021-05-21,risk_aversion,-0.09299515033818793,-0.026452486110316194,-0.06654266422787174
2021-05-24,risk_aversion,-0.09738740361990436,-0.026276136140859555,-0.07111126747904481
2021-05-25,risk_aversion,-0.0984991307083825,-0.026163016513947524,-0.07233611419443498
2021-05-26,risk_aversion,-0.09912446638709935,-0.025943907549467814,-0.07318055883763153
2021-05-27,risk_aversion,-0.0997590335032503,-0.026013917092812932,-0.07374511641043736
2021-05-28,risk_aversion,-0.10025052700237697,-0.025870390091853695,-0.07438013691052327
2021-06-01,risk_aversion,-0.10023183851382328,-0.026010014681404826,-0.07422182383241846
2021-06-02,risk_aversion,-0.10135213101330066,-0.026310012280302573,-0.0750421187329981
2021-06-03,risk_aversion,-0.10108423046119688,-0.02725028835633444,-0.07383394210486244
2021-06-04,risk_aversion,-0.09760759910238025,-0.027745809697946818,-0.06986178940443342
2021-06-07,risk_aversion,-0.09824630615083664,-0.028426427764291683,-0.06981987838654496
2021-06-08,risk_aversion,-0.10020509647329484,-0.028874111877941734,-0.07133098459535311
2021-06-09,risk_aversion,-0.09747388171799014,-0.029370082666691093,-0.06810379905129904
2021-06-10,risk_aversion,-0.0972313543937238,-0.02944382064061684,-0.06778753375310695
2021-06-11,risk_aversion,-0.09017101888409725,-0.030322019973235376,-0.05984899891086187
2021-06-14,risk_aversion,-0.08804099544361879,-0.030685212931862632,-0.05735578251175616
2021-06-15,risk_aversion,-0.0882718401902101,-0.03087065930308602,-0.05740118088712408
2021-06-16,risk_aversion,-0.08972369121082004,-0.031585683127372255,-0.05813800808344778
2021-06-17,risk_aversion,-0.08934268613703367,-0.03114745565827179,-0.05819523047876188
2021-06-18,risk_aversion,-0.09526598638113194,-0.031252277771747224,-0.06401370860938471
2021-06-21,risk_aversion,-0.08529514190082706,-0.03255647960273394,-0.05273866229809312
2021-06-22,risk_aversion,-0.08366595044644963,-0.03204872394436838,-0.05161722650208125
2021-06-23,risk_aversion,-0.08375073448449288,-0.031979258066373,-0.05177147641811988
2021-06-24,risk_aversion,-0.08258503776311496,-0.031912525236781966,-0.050672512526332994
2021-06-25,risk_aversion,-0.08180131168368873,-0.03201194175103666,-0.049789369932652074
2021-06-28,risk_aversion,-0.08068315680201958,-0.032375107525109026,-0.048308049276910556
2021-06-29,risk_aversion,-0.08078667544055351,-0.03263403116168148,-0.04815264427887203
2021-06-30,risk_aversion,-0.08076996249711281,-0.03257588544527239,-0.04819407705184042
2021-07-01,risk_aversion,-0.07995734762600432,-0.03286930072084406,-0.047088046905160254
2021-07-02,risk_aversion,-0.08054428020917781,-0.032940572864104865,-0.047603707345072944
2021-07-06,risk_aversion,-0.07934653452204718,-0.03251384997436806,-0.04683268454767912
2021-07-07,risk_aversion,-0.07920836392124393,-0.03283869484740618,-0.04636966907383775
2021-07-08,risk_aversion,-0.08320781407715844,-0.03219356568653798,-0.05101424839062046
2021-07-09,risk_aversion,-0.08200966002620616,-0.03197183654997201,-0.05003782347623415
2021-07-12,risk_aversion,-0.08242283804147196,-0.03218433180027312,-0.05023850624119884
2021-07-13,risk_aversion,-0.08402893483411875,-0.03280057249876172,-0.051228362335357026
2021-07-14,risk_aversion,-0.0846269091872954,-0.032971773559795,-0.051655135627500404
2021-07-15,risk_aversion,-0.0864957180277613,-0.03296996874968833,-0.05352574927807298
2021-07-16,risk_aversion,-0.0856435892167841,-0.03329725013103388,-0.05234633908575022
2021-07-19,risk_aversion,-0.08936654493035125,-0.031973525869024085,-0.05739301906132716
2021-07-20,risk_aversion,-0.08557087691193857,-0.03140790531715316,-0.05416297159478541
2021-07-21,risk_aversion,-0.08867872734926596,-0.031129790716052003,-0.05754893663321396
2021-07-22,risk_aversion,-0.08886282690002344,-0.030954841770704337,-0.0579079851293191
2021-07-23,risk_aversion,-0.08981809832483396,-0.0314054803344052,-0.05841261799042877
2021-07-26,risk_aversion,-0.0868761385394371,-0.03138479678245317,-0.055491341756983927
2021-07-27,risk_aversion,-0.08622786433356092,-0.030565706288663202,-0.055662158044897714
2021-07-28,risk_aversion,-0.08851021406494444,-0.030872882375142005,-0.05763733168980244
2021-07-29,risk_aversion,-0.08764551291713159,-0.0308804606250968,-0.05676505229203479
2021-07-30,risk_aversion,-0.08739985904841785,-0.030900652022194847,-0.056499207026223006
2021-08-02,risk_aversion,-0.08801351678551746,-0.030788312225476084,-0.057225204560041376
2021-08-03,risk_aversion,-0.08601038595613027,-0.030656273134493636,-0.05535411282163663
2021-08-04,risk_aversion,-0.08637432051656743,-0.030383815157566812,-0.05599050535900062
2021-08-05,risk_aversion,-0.08614470034962181,-0.030092648151311633,-0.05605205219831018
2021-08-06,risk_aversion,-0.08782101556901384,-0.028843314129799683,-0.05897770143921416
2021-08-09,risk_aversion,-0.08673930397291389,-0.029400995113949734,-0.057338308858964154
2021-08-10,risk_aversion,-0.08674977280696299,-0.029401840830563936,-0.05734793197639905
2021-08-11,risk_aversion,-0.0849703979440941,-0.026960418579089717,-0.05800997936500438
2021-08-12,risk_aversion,-0.0838057306405529,-0.0272581469356397,-0.056547583704913196
2021-08-13,risk_aversion,-0.08403920434348984,-0.027247628762004518,-0.05679157558148532
2021-08-16,risk_aversion,-0.0842831837436395,-0.02707005233375722,-0.057213131409882274
2021-08-17,risk_aversion,-0.08425171426332466,-0.026531292543636998,-0.057720421719687665
2021-08-18,risk_aversion,-0.08432251739083643,-0.025861196267095047,-0.05846132112374139
2021-08-19,risk_aversion,-0.0833577140775088,-0.02497812043468641,-0.05837959364282239
2021-08-20,risk_aversion,-0.08559839342265241,-0.024736784717052766,-0.060861608705599646
2021-08-23,risk_aversion,-0.08564080528369915,-0.02527343766779296,-0.06036736761590619
2021-08-24,risk_aversion,-0.08571995688696846,-0.02529573162768792,-0.06042422525928054
2021-08-25,risk_aversion,-0.08613469086035005,-0.0251776772999199,-0.06095701356043015
2021-08-26,risk_aversion,-0.08883585333030139,-0.025324155808512466,-0.06351169752178892
2021-08-27,risk_aversion,-0.08909273743731425,-0.02598864709598984,-0.0631040903413244
2021-08-30,risk_aversion,-0.08867826490702004,-0.02535884406616074,-0.0633194208408593
2021-08-31,risk_aversion,-0.09134277410588475,-0.02587170469553966,-0.06547106941034508
2021-09-01,risk_aversion,-0.0913999227415515,-0.025862712652355076,-0.06553721008919641
2021-09-02,risk_aversion,-0.0905319734388552,-0.02574119264135908,-0.06479078079749612
2021-09-03,risk_aversion,-0.08321736110392242,-0.025459252896375836,-0.05775810820754658
2021-09-07,risk_aversion,-0.08947121525620862,-0.026509400644470937,-0.06296181461173768
2021-09-08,risk_aversion,-0.08846258880184522,-0.02648259445700827,-0.061979994344836954
2021-09-09,risk_aversion,-0.08764250101173338,-0.025880574279547926,-0.061761926732185446
2021-09-10,risk_aversion,-0.08868827099002742,-0.02596927592522252,-0.0627189950648049
2021-09-13,risk_aversion,-0.08768769895863643,-0.02619429111690495,-0.061493407841731476
2021-09-14,risk_aversion,-0.08701165820939612,-0.025997943721785145,-0.061013714487610976
2021-09-15,risk_aversion,-0.08791946876177666,-0.025704761933039447,-0.06221470682873721
2021-09-16,risk_aversion,-0.08839294799922282,-0.026145887208895494,-0.062247060790327324
2021-09-17,risk_aversion,-0.0879238338497539,-0.02598113142831393,-0.06194270242143997
2021-09-20,risk_aversion,-0.09674216364633863,-0.024282439063183583,-0.07245972458315504
2021-09-21,risk_aversion,-0.09352703160079462,-0.023661190424441234,-0.06986584117635339
2021-09-22,risk_aversion,-0.09484077457918212,-0.023112579607902604,-0.07172819497127952
2021-09-23,risk_aversion,-0.09513142348968363,-0.02141724648975515,-0.07371417699992848
2021-09-24,risk_aversion,-0.09330907862730736,-0.02135980076092744,-0.07194927786637992
2021-09-27,risk_aversion,-0.09310213090292194,-0.02142926236209356,-0.07167286854082838
2021-09-28,risk_aversion,-0.09541601693197205,-0.021998864930586302,-0.07341715200138574
2021-09-29,risk_aversion,-0.0950765820054714,-0.021934792546350917,-0.07314178945912048
2021-09-30,risk_aversion,-0.0942735865345096,-0.021638131974983384,-0.07263545455952622
2021-10-01,risk_aversion,-0.09851826512116478,-0.021743004903510558,-0.07677526021765423
2021-10-04,risk_aversion,-0.09684204280804595,-0.021422054192532885,-0.07541998861551306
2021-10-05,risk_aversion,-0.0979206673741547,-0.02120927218797635,-0.07671139518617834
2021-10-06,risk_aversion,-0.09790641075792683,-0.020906160501515645,-0.07700025025641119
2021-10-07,risk_aversion,-0.09665275549265032,-0.020675307008690805,-0.07597744848395951
2021-10-08,risk_aversion,-0.09641195914602976,-0.02058252567383073,-0.07582943347219903
2021-10-11,risk_aversion,-0.09448400937385656,-0.0200744614869028,-0.07440954788695377
2021-10-12,risk_aversion,-0.09439537883427505,-0.020087407027092212,-0.07430797180718285
2021-10-13,risk_aversion,-0.09480222167183479,-0.0203389517105894,-0.07446326996124539
2021-10-14,risk_aversion,-0.09439890647971177,-0.020405829829518773,-0.073993076650193
2021-10-15,risk_aversion,-0.09547833059108274,-0.02016542588486286,-0.07531290470621987
2021-10-18,risk_aversion,-0.09524302359656789,-0.020139568459287688,-0.0751034551372802
2021-10-19,risk_aversion,-0.09713986718006114,-0.020275290603155388,-0.07686457657690575
2021-10-20,risk_aversion,-0.09736588676466447,-0.020355536539699213,-0.07701035022496526
2021-10-21,risk_aversion,-0.0956240416649973,-0.02024492143369528,-0.07537912023130203
2021-10-22,risk_aversion,-0.0959590310342548,-0.020218403774067972,-0.07574062726018682
2021-10-25,risk_aversion,-0.09627160255972368,-0.02027014819675973,-0.07600145436296396
2021-10-26,risk_aversion,-0.09821852596464081,-0.02074994426493251,-0.0774685816997083
2021-10-27,risk_aversion,-0.10078611980947531,-0.020656426385460846,-0.08012969342401446
2021-10-28,risk_aversion,-0.0985457829151268,-0.019275868071775476,-0.07926991484335133
2021-10-29,risk_aversion,-0.09817882264029716,-0.01941294563676786,-0.0787658770035293
2021-11-01,risk_aversion,-0.09833561650208275,-0.019414938904447454,-0.0789206775976353
2021-11-02,risk_aversion,-0.09863259950202018,-0.019272761426759235,-0.07935983807526094
2021-11-03,risk_aversion,-0.09795321776651716,-0.01884372123000384,-0.07910949653651332
2021-11-04,risk_aversion,-0.09858861034536363,-0.019064516850200778,-0.07952409349516286
2021-11-05,risk_aversion,-0.09627332115773238,-0.017587751524926313,-0.07868556963280607
2021-11-08,risk_aversion,-0.09341028408315084,-0.017463226200129994,-0.07594705788302085
2021-11-09,risk_aversion,-0.09285242641789858,-0.01635842793584741,-0.07649399848205117
2021-11-10,risk_aversion,-0.0939506172133193,-0.015916910682341794,-0.07803370653097752
2021-11-11,risk_aversion,-0.09243406577224708,-0.016253738486996346,-0.07618032728525073
2021-11-12,risk_aversion,-0.09270314339310755,-0.016638273133255055,-0.0760648702598525
2021-11-15,risk_aversion,-0.0933495923287015,-0.016352085715499735,-0.07699750661320177
2021-11-16,risk_aversion,-0.0925818717384622,-0.016332405080712695,-0.07624946665774951
2021-11-17,risk_aversion,-0.09264490099711452,-0.016032052500306117,-0.0766128484968084
2021-11-18,risk_aversion,-0.09333917637729254,-0.015931102940826634,-0.07740807343646591
2021-11-19,risk_aversion,-0.09315833869262431,-0.01605893667144715,-0.07709940202117715
2021-11-22,risk_aversion,-0.09498051722912125,-0.017015369812441138,-0.07796514741668012
2021-11-23,risk_aversion,-0.09535385018936772,-0.017625934514909156,-0.07772791567445857
2021-11-24,risk_aversion,-0.09417632856108711,-0.01803290439117248,-0.07614342416991463
2021-11-26,risk_aversion,-0.09917523251354644,-0.016568598290481854,-0.08260663422306459
2021-11-29,risk_aversion,-0.10547399091666111,-0.016092659384651365,-0.08938133153200975
2021-11-30,risk_aversion,-0.10423924695782866,-0.01649693944656967,-0.08774230751125899
2021-12-01,risk_aversion,-0.10420766498813794,-0.016153618555784583,-0.08805404643235336
2021-12-02,risk_aversion,-0.10356799613634093,-0.015821493514842036,-0.0877465026214989
2021-12-03,risk_aversion,-0.1063936399611923,-0.015367274248199779,-0.09102636571299252
2021-12-06,risk_aversion,-0.10004738905458475,-0.015144005800352078,-0.08490338325423268
2021-12-07,risk_aversion,-0.1008286034202071,-0.015370749710091952,-0.08545785371011515
2021-12-08,risk_aversion,-0.10076037069610845,-0.01528876991544083,-0.08547160078066762
2021-12-09,risk_aversion,-0.10238714002308594,-0.014891240438920142,-0.0874958995841658
2021-12-10,risk_aversion,-0.10217168901450865,-0.015038689998716374,-0.08713299901579227
2021-12-13,risk_aversion,-0.10314131341087986,-0.014921405711983715,-0.08821990769889614
2021-12-14,risk_aversion,-0.1040918489600259,-0.015091017631488037,-0.08900083132853787
2021-12-15,risk_aversion,-0.104754100586759,-0.014766805267442852,-0.08998729531931615
2021-12-16,risk_aversion,-0.10499716416032272,-0.01430811581251812,-0.0906890483478046
2021-12-17,risk_aversion,-0.10475296608422276,-0.014210504706250706,-0.09054246137797205
2021-12-20,risk_aversion,-0.10419996369943677,-0.01431523995035372,-0.08988472374908305
2021-12-21,risk_aversion,-0.10632704286777975,-0.01419898911573987,-0.09212805375203988
2021-12-22,risk_aversion,-0.1055161952450629,-0.014802192491287355,-0.09071400275377554
2021-12-23,risk_aversion,-0.1061439891132717,-0.014720667390504488,-0.09142332172276722
2021-12-27,risk_aversion,-0.10679406397091395,-0.014623157691621627,-0.09217090627929232
2021-12-28,risk_aversion,-0.10712303079898848,-0.014594133363145695,-0.09252889743584279
2021-12-29,risk_aversion,-0.10715714111327389,-0.014728902560173708,-0.09242823855310017
2021-12-30,risk_aversion,-0.10682415407566749,-0.014595348965524077,-0.09222880511014342
2021-12-31,risk_aversion,-0.10674600404002785,-0.014613553124003522,-0.09213245091602433
2022-01-03,risk_aversion,-0.11405393490452775,-0.01644545971839732,-0.09760847518613043
2022-01-04,risk_aversion,-0.11170611161434621,-0.016296952482942318,-0.0954091591314039
2022-01-05,risk_aversion,-0.11408244475168629,-0.016387774264141834,-0.09769467048754446
2022-01-06,risk_aversion,-0.11018073716797892,-0.01657500973033756,-0.09360572743764137
2022-01-07,risk_aversion,-0.10951013010410433,-0.01729314353287884,-0.0922169865712255
2022-01-10,risk_aversion,-0.10155380745273891,-0.017233902296343077,-0.08431990515639584
2022-01-11,risk_aversion,-0.10171670817777252,-0.01742805082964621,-0.08428865734812631
2022-01-12,risk_aversion,-0.10093224028811087,-0.01759154544110989,-0.08334069484700099
2022-01-13,risk_aversion,-0.10358711983947302,-0.017657719707451693,-0.08592940013202133
2022-01-14,risk_aversion,-0.10143562207412679,-0.017287226227106513,-0.08414839584702027
2022-01-18,risk_aversion,-0.10222563798763616,-0.01700095872216084,-0.08522467926547532
2022-01-19,risk_aversion,-0.10400931115971555,-0.016096518252315395,-0.08791279290740016
2022-01-20,risk_aversion,-0.10349657677572525,-0.016145056944315308,-0.08735151983140994
2022-01-21,risk_aversion,-0.1096760630419952,-0.0161239107800883,-0.0935521522619069
2022-01-24,risk_aversion,-0.11024199157854457,-0.016070822586588804,-0.09417116899195577
2022-01-25,risk_aversion,-0.1105427227729058,-0.016006442226305657,-0.09453628054660015
2022-01-26,risk_aversion,-0.12025807457501138,-0.01657690147798415,-0.10368117309702723
2022-01-27,risk_aversion,-0.11821602738282004,-0.016503047756663326,-0.10171297962615672
2022-01-28,risk_aversion,-0.12430018952303044,-0.01632528437337335,-0.1079749051496571
2022-01-31,risk_aversion,-0.12620149760009713,-0.016183928557278047,-0.11001756904281909
2022-02-01,risk_aversion,-0.12200758770290183,-0.017495251077263706,-0.10451233662563814
2022-02-02,risk_aversion,-0.12081755170257322,-0.017685761404113456,-0.10313179029845976
2022-02-03,risk_aversion,-0.12167345751301287,-0.018314176631211064,-0.1033592808818018
2022-02-04,risk_aversion,-0.12449504547160245,-0.018116928263740853,-0.1063781172078616
2022-02-07,risk_aversion,-0.12674640565269701,-0.01827970089332869,-0.10846670475936832
2022-02-08,risk_aversion,-0.12724354050348302,-0.01838439861365115,-0.10885914188983187
2022-02-09,risk_aversion,-0.1268362390379656,-0.01850517759399059,-0.108331061443975
2022-02-10,risk_aversion,-0.12510919602129617,-0.01872270101290303,-0.10638649500839313
2022-02-11,risk_aversion,-0.12668669178601327,-0.017320019616436904,-0.10936667216957636
2022-02-14,risk_aversion,-0.12798136987152664,-0.01670188994505397,-0.11127947992647266
2022-02-15,risk_aversion,-0.129792177827908,-0.01609432795050957,-0.11369784987739844
2022-02-16,risk_aversion,-0.12964872144476733,-0.016386206985293382,-0.11326251445947394
2022-02-17,risk_aversion,-0.13334801568115864,-0.015126893093186582,-0.11822112258797206
2022-02-18,risk_aversion,-0.1325592443621916,-0.015623667964494364,-0.11693557639769724
2022-02-22,risk_aversion,-0.13448147837327004,-0.01559749436152595,-0.11888398401174409
2022-02-23,risk_aversion,-0.13357935832449003,-0.015480431863701535,-0.1180989264607885
2022-02-24,risk_aversion,-0.14099740049414325,-0.012918288576371869,-0.12807911191777138
2022-02-25,risk_aversion,-0.14246401236958178,-0.013128888413176658,-0.12933512395640512
2022-02-28,risk_aversion,-0.13607122809263153,-0.013030349005911154,-0.12304087908672037
2022-03-01,risk_aversion,-0.13220305538795135,-0.012071862477077247,-0.12013119291087411
2022-03-02,risk_aversion,-0.13567476028246422,-0.010939171063058861,-0.12473558921940536
2022-03-03,risk_aversion,-0.13403656722818297,-0.010593659401115752,-0.12344290782706721
2022-03-04,risk_aversion,-0.13551233124867543,-0.010290627936046638,-0.1252217033126288
2022-03-07,risk_aversion,-0.13872941442119902,-0.008963447985537748,-0.12976596643566127
2022-03-08,risk_aversion,-0.13776769185621968,-0.008856937209650664,-0.128910754646569
2022-03-09,risk_aversion,-0.14011195134637985,-0.007269237493639114,-0.13284271385274074
2022-03-10,risk_aversion,-0.13720154962720105,-0.007380849797401483,-0.12982069982979957
2022-03-11,risk_aversion,-0.13811446338089164,-0.007486372921995166,-0.13062809045889648
2022-03-14,risk_aversion,-0.13791347130052517,-0.007687383857729455,-0.1302260874427957
2022-03-15,risk_aversion,-0.13861840639755116,-0.006958664085678322,-0.13165974231187283
2022-03-16,risk_aversion,-0.1389231503348314,-0.007171218685731615,-0.1317519316490998
2022-03-17,risk_aversion,-0.13929895511034335,-0.006914336804641297,-0.13238461830570206
2022-03-18,risk_aversion,-0.1396990173959471,-0.00645074206546203,-0.13324827533048506
2022-03-21,risk_aversion,-0.1437452676223163,-0.006662500397377534,-0.13708276722493876
2022-03-22,risk_aversion,-0.14418452554089412,-0.006249021604590607,-0.1379355039363035
2022-03-23,risk_aversion,-0.1441903152946135,-0.0061276677699131955,-0.13806264752470032
2022-03-24,risk_aversion,-0.14772655059223203,-0.006603403528806541,-0.1411231470634255
2022-03-25,risk_aversion,-0.14723178862688344,-0.006433222603225623,-0.1407985660236578
2022-03-28,risk_aversion,-0.15410331029371666,-0.005152345482773665,-0.148950964810943
2022-03-29,risk_aversion,-0.15337312615203155,-0.005722062452458612,-0.14765106369957293
2022-03-30,risk_aversion,-0.15354565812448537,-0.005534983537134235,-0.14801067458735112
2022-03-31,risk_aversion,-0.1549786680559049,-0.004780246858802967,-0.15019842119710194
2022-04-01,risk_aversion,-0.15540491774136694,-0.0045795095767812944,-0.15082540816458564
2022-04-04,risk_aversion,-0.15478752230289353,-0.004762983610585481,-0.15002453869230806
2022-04-05,risk_aversion,-0.15457917260603657,-0.005300496283754585,-0.14927867632228198
2022-04-06,risk_aversion,-0.15554880227051715,-0.005161521268016067,-0.1503872810025011
2022-04-07,risk_aversion,-0.15529026316353226,-0.0052854336791229245,-0.15000482948440932
2022-04-08,risk_aversion,-0.15532672199443334,-0.005303528754151568,-0.15002319324028177
2022-04-11,risk_aversion,-0.158282670968874,-0.0048290984261995925,-0.15345357254267442
2022-04-12,risk_aversion,-0.15813539759638967,-0.004803422217741383,-0.1533319753786483
2022-04-13,risk_aversion,-0.15959543721589375,-0.00480438535984176,-0.154791051856052
2022-04-14,risk_aversion,-0.16043024369026151,-0.00481651572933963,-0.15561372796092188
2022-04-18,risk_aversion,-0.15774195472714655,-0.004753658224356585,-0.15298829650278997
2022-04-19,risk_aversion,-0.15908275515934336,-0.004572918409283996,-0.15450983675005936
2022-04-20,risk_aversion,-0.1597941236537663,-0.004355558928901718,-0.1554385647248646
2022-04-21,risk_aversion,-0.15731371081760187,-0.004322211106207694,-0.15299149971139417
2022-04-22,risk_aversion,-0.1603514177306313,-0.005599509004483017,-0.15475190872614827
2022-04-25,risk_aversion,-0.16120149440270243,-0.005163359958936838,-0.1560381344437656
2022-04-26,risk_aversion,-0.16276100589663656,-0.004902539272387022,-0.15785846662424954
2022-04-27,risk_aversion,-0.1628790409092003,-0.004611475363301851,-0.15826756554589844
2022-04-28,risk_aversion,-0.16310382924522543,-0.0047154632408590485,-0.15838836600436637
2022-04-29,risk_aversion,-0.16681853032230343,-0.004613539670824229,-0.1622049906514792
2022-05-02,risk_aversion,-0.16677177687860284,-0.004142046562973984,-0.16262973031562886
2022-05-03,risk_aversion,-0.1633987522554652,-0.004023992563976395,-0.15937475969148882
2022-05-04,risk_aversion,-0.16544126297377315,-0.004652483699862496,-0.16078877927391066
2022-05-05,risk_aversion,-0.17194529020384602,-0.004618888274562833,-0.1673264019292832
2022-05-06,risk_aversion,-0.17118625189348483,-0.004216837570517588,-0.16696941432296725
2022-05-09,risk_aversion,-0.17989191923683936,-0.005520880037576417,-0.17437103919926294
2022-05-10,risk_aversion,-0.18198054867224758,-0.00531598252085734,-0.17666456615139026
2022-05-11,risk_aversion,-0.1821815454532795,-0.0042936641256656905,-0.1778878813276138
2022-05-12,risk_aversion,-0.19559643490048595,-0.0037608610277633453,-0.1918355738727226
2022-05-13,risk_aversion,-0.19810287254139475,-0.002352395845348413,-0.19575047669604634
2022-05-16,risk_aversion,-0.19448795491638962,-0.002915360167530272,-0.19157259474885935
2022-05-17,risk_aversion,-0.19453882483043042,-0.0028311885643238373,-0.19170763626610657
2022-05-18,risk_aversion,-0.19216036890785332,-0.0027446456711007782,-0.18941572323675254
2022-05-19,risk_aversion,-0.1923043871282579,-0.0030031090213159207,-0.18930127810694197
2022-05-20,risk_aversion,-0.19394041696915468,-0.0029957430978460754,-0.1909446738713086
2022-05-23,risk_aversion,-0.18982558465702426,-0.00300345809833681,-0.18682212655868746
2022-05-24,risk_aversion,-0.18886756461727713,-0.002980184276559121,-0.185887380340718
2022-05-25,risk_aversion,-0.18812756033470218,-0.0029367950387129927,-0.18519076529598918
2022-05-26,risk_aversion,-0.18786964800084635,-0.002895274059918958,-0.1849743739409274
2022-05-27,risk_aversion,-0.18680483118630833,-0.0029104507526467073,-0.18389438043366163
2022-05-31,risk_aversion,-0.18657655327859768,-0.0029153445928540656,-0.18366120868574362
2022-06-01,risk_aversion,-0.18532760461520723,-0.0029201097657390847,-0.18240749484946814
2022-06-02,risk_aversion,-0.18572154963416046,-0.0028630716757733704,-0.18285847795838708
2022-06-03,risk_aversion,-0.18912557154226006,-0.002318458990037037,-0.18680711255222301
2022-06-06,risk_aversion,-0.1888139557009023,-0.002337191248301584,-0.1864767644526007
2022-06-07,risk_aversion,-0.18679116890866862,-0.002436479637099724,-0.1843546892715689
2022-06-08,risk_aversion,-0.1894260311254995,-0.0023917592803791637,-0.18703427184512034
2022-06-09,risk_aversion,-0.1893281181935591,-0.0022802964669796553,-0.18704782172657944
2022-06-10,risk_aversion,-0.18990481100420167,-0.002025664207546327,-0.18787914679665535
2022-06-13,risk_aversion,-0.21139193041239338,-0.004743311543876547,-0.20664861886851682
2022-06-14,risk_aversion,-0.21049424166838082,-0.004490695865800291,-0.20600354580258054
2022-06-15,risk_aversion,-0.20751512602964772,-0.004616554628295276,-0.20289857140135245
2022-06-16,risk_aversion,-0.2085341647527109,-0.004381513617346822,-0.20415265113536407
2022-06-17,risk_aversion,-0.20509935432019613,-0.003691915237673376,-0.20140743908252276
2022-06-21,risk_aversion,-0.21418724185195231,-0.0026924335829271234,-0.2114948082690252
2022-06-22,risk_aversion,-0.21385126112341557,-0.002963764255781144,-0.21088749686763442
2022-06-23,risk_aversion,-0.21367901330008612,-0.002978380541710309,-0.2107006327583758
2022-06-24,risk_aversion,-0.21310337588708067,-0.002941110905181559,-0.2101622649818991
2022-06-27,risk_aversion,-0.21405541642621304,-0.0028908460145025943,-0.21116457041171044
2022-06-28,risk_aversion,-0.21475857196919132,-0.002932542051469004,-0.2118260299177223
2022-06-29,risk_aversion,-0.21521307503772977,-0.002846504768180393,-0.2123665702695494
2022-06-30,risk_aversion,-0.21613625450000518,-0.0028669723227659322,-0.21326928217723926
2022-07-01,risk_aversion,-0.21724732254517679,-0.0027776828652385454,-0.21446963967993823
2022-07-05,risk_aversion,-0.2162819908503394,-0.003008757940741273,-0.21327323290959813
2022-07-06,risk_aversion,-0.21803123786225143,-0.0029755813608649683,-0.21505565650138644
2022-07-07,risk_aversion,-0.21885021805518023,-0.002949272088856195,-0.21590094596632403
2022-07-08,risk_aversion,-0.2174661355140115,-0.0029598316572594136,-0.2145063038567521
2022-07-11,risk_aversion,-0.22083784965234113,-0.002852724950157485,-0.21798512470218365
2022-07-12,risk_aversion,-0.22186377463901588,-0.002930525457922118,-0.21893324918109378
2022-07-13,risk_aversion,-0.22193367164612882,-0.003034590806713968,-0.21889908083941484
2022-07-14,risk_aversion,-0.222275137108452,-0.0026000074757382046,-0.2196751296327138
2022-07-15,risk_aversion,-0.2221303757191937,-0.0025169969760293277,-0.21961337874316436
2022-07-18,risk_aversion,-0.22277005507683406,-0.002070670310419556,-0.2206993847664145
2022-07-19,risk_aversion,-0.22506561986107085,-0.0023263806689108944,-0.22273923919215996
2022-07-20,risk_aversion,-0.22977522582670074,-0.002289075912881072,-0.22748614991381966
2022-07-21,risk_aversion,-0.22705463416044905,-0.002776365820121952,-0.2242782683403271
2022-07-22,risk_aversion,-0.22681696420920242,-0.0027668930921481544,-0.22405007111705427
2022-07-25,risk_aversion,-0.22717387505720643,-0.002837163150869098,-0.22433671190633733
2022-07-26,risk_aversion,-0.23062085312201264,-0.0028380584996855387,-0.2277827946223271
2022-07-27,risk_aversion,-0.23234903856718772,-0.003318458696283607,-0.2290305798709041
2022-07-28,risk_aversion,-0.23139561208952128,-0.0034414352700646023,-0.22795417681945668
2022-07-29,risk_aversion,-0.23176361357556782,-0.003293968981024481,-0.22846964459454333
2022-08-01,risk_aversion,-0.23287749179222023,-0.0029275502917810313,-0.22994994150043918
2022-08-02,risk_aversion,-0.2325323783884314,-0.0030447211624627405,-0.22948765722596867
2022-08-03,risk_aversion,-0.23476862238694088,-0.003197176237300461,-0.23157144614964043
2022-08-04,risk_aversion,-0.23397573527598015,-0.0034274282872825113,-0.23054830698869763
2022-08-05,risk_aversion,-0.23376512316924544,-0.003426533834959132,-0.2303385893342863
2022-08-08,risk_aversion,-0.2320500545877926,-0.004418530253059079,-0.22763152433473352
2022-08-09,risk_aversion,-0.233978250511428,-0.004031254227637314,-0.2299469962837907
2022-08-10,risk_aversion,-0.23422947558051263,-0.0038577002436559205,-0.2303717753368567
2022-08-11,risk_aversion,-0.23348019597815226,-0.0035395637749401584,-0.2299406322032121
2022-08-12,risk_aversion,-0.23422464641650503,-0.0037184350497575657,-0.23050621136674745
2022-08-15,risk_aversion,-0.23396681931734947,-0.0037887658152473943,-0.23017805350210208
2022-08-16,risk_aversion,-0.23404950317431666,-0.003898816355542788,-0.23015068681877388
2022-08-17,risk_aversion,-0.23500246787281195,-0.0038728972665107338,-0.2311295706063012
2022-08-18,risk_aversion,-0.23876767908423968,-0.004019739040009847,-0.23474794004422983
2022-08-19,risk_aversion,-0.24121980099407347,-0.004230105465317555,-0.23698969552875593
2022-08-22,risk_aversion,-0.238409749253208,-0.0047411302783172335,-0.23366861897489075
2022-08-23,risk_aversion,-0.2384261985859173,-0.004121767015561694,-0.2343044315703556
2022-08-24,risk_aversion,-0.23834731169445242,-0.004216892457048768,-0.23413041923740366
2022-08-25,risk_aversion,-0.2378959499327299,-0.0044109273419204445,-0.23348502259080944
2022-08-26,risk_aversion,-0.23795323501353174,-0.005603719720570202,-0.23234951529296155
2022-08-29,risk_aversion,-0.23833838310251929,-0.004383665787182738,-0.23395471731533654
2022-08-30,risk_aversion,-0.23827499741834646,-0.004415202377764899,-0.23385979504058155
2022-08-31,risk_aversion,-0.2382059388957186,-0.00436939000480036,-0.23383654889091823
2022-09-01,risk_aversion,-0.23783339896688338,-0.004294478051399088,-0.23353892091548428
2022-09-02,risk_aversion,-0.23816637173616487,-0.004300011421803959,-0.23386636031436092
2022-09-06,risk_aversion,-0.23939803219686795,-0.004458236195264956,-0.234939796001603
2022-09-07,risk_aversion,-0.23587396845168582,-0.003865542075820904,-0.2320084263758649
2022-09-08,risk_aversion,-0.23621832357093073,-0.0037238714656079395,-0.2324944521053228
2022-09-09,risk_aversion,-0.2386254462491038,-0.003967982222918128,-0.23465746402618567
2022-09-12,risk_aversion,-0.237381499461974,-0.003529566922459142,-0.23385193253951486
2022-09-13,risk_aversion,-0.24431491747620912,-0.004358973514026498,-0.23995594396218262
2022-09-14,risk_aversion,-0.2437913968856353,-0.004275245168444904,-0.2395161517171904
2022-09-15,risk_aversion,-0.24295157542913273,-0.004551975246448445,-0.2383996001826843
2022-09-16,risk_aversion,-0.24289375894636756,-0.004198318904117527,-0.23869544004225002
2022-09-19,risk_aversion,-0.24478131673499104,-0.004149471687686872,-0.24063184504730417
2022-09-20,risk_aversion,-0.24187751060730148,-0.005393311199280159,-0.23648419940802132
2022-09-21,risk_aversion,-0.2434528556182793,-0.005078121210776306,-0.238374734407503
2022-09-22,risk_aversion,-0.24389631525566546,-0.005490169865861574,-0.2384061453898039
2022-09-23,risk_aversion,-0.24349535531277477,-0.007291492441276595,-0.2362038628714982
2022-09-26,risk_aversion,-0.2436022984873519,-0.007836896404114502,-0.2357654020832374
2022-09-27,risk_aversion,-0.24465103067658187,-0.007918172426734201,-0.23673285824984766
2022-09-28,risk_aversion,-0.24808173118031604,-0.007867768153669855,-0.2402139630266462
2022-09-29,risk_aversion,-0.2480808843436397,-0.007947309411735588,-0.24013357493190413
2022-09-30,risk_aversion,-0.24910155618177293,-0.008231966463729418,-0.2408695897180435
2022-10-03,risk_aversion,-0.24423922944210488,-0.008912974680053672,-0.2353262547620512
2022-10-04,risk_aversion,-0.24760556484028234,-0.009533077615531262,-0.23807248722475108
2022-10-05,risk_aversion,-0.2464944478731245,-0.00972540692303173,-0.23676904095009277
2022-10-06,risk_aversion,-0.24513393746428158,-0.009714304403734041,-0.23541963306054753
2022-10-07,risk_aversion,-0.24706720353867423,-0.010173900912580256,-0.23689330262609398
2022-10-10,risk_aversion,-0.24689035220640357,-0.010480193223447098,-0.23641015898295648
2022-10-11,risk_aversion,-0.24965023796371613,-0.010471648309937692,-0.23917858965377845
2022-10-12,risk_aversion,-0.24990605725201823,-0.01045651340338614,-0.2394495438486321
2022-10-13,risk_aversion,-0.24906991875591025,-0.009476056315465954,-0.2395938624404443
2022-10-14,risk_aversion,-0.2498356991275285,-0.0093543888340518,-0.24048131029347672
2022-10-17,risk_aversion,-0.24875411365828962,-0.009785076946981752,-0.23896903671130787
2022-10-18,risk_aversion,-0.24836335989538313,-0.00983116817571334,-0.2385321917196698
2022-10-19,risk_aversion,-0.24730952094667188,-0.00979850185612102,-0.23751101909055086
2022-10-20,risk_aversion,-0.24673183643434266,-0.009675350505758362,-0.2370564859285843
2022-10-21,risk_aversion,-0.2481391163048843,-0.009841870336007025,-0.23829724596887727
2022-10-24,risk_aversion,-0.2478222864368482,-0.00995718607936769,-0.2378651003574805
2022-10-25,risk_aversion,-0.24884926252937484,-0.009957912649270049,-0.2388913498801048
2022-10-26,risk_aversion,-0.24949073190239038,-0.009944084110489545,-0.23954664779190082
2022-10-27,risk_aversion,-0.24834095710836795,-0.010082708331619793,-0.23825824877674817
2022-10-28,risk_aversion,-0.24716762719664365,-0.009642637986968678,-0.23752498920967496
2022-10-31,risk_aversion,-0.24693785300961005,-0.00976017380197205,-0.237177679207638
2022-11-01,risk_aversion,-0.24690235380619024,-0.00981893582152886,-0.23708341798466137
2022-11-02,risk_aversion,-0.24636019527909556,-0.009853454919751994,-0.23650674035934355
2022-11-03,risk_aversion,-0.24728803421383694,-0.010146986843778264,-0.23714104737005867
2022-11-04,risk_aversion,-0.24787023115446222,-0.010947156032795566,-0.23692307512166666
2022-11-07,risk_aversion,-0.2485198924848433,-0.011511999727154104,-0.2370078927576892
2022-11-08,risk_aversion,-0.2548075653911294,-0.010909596987113052,-0.24389796840401637
2022-11-09,risk_aversion,-0.2568034687676931,-0.011081014143929495,-0.2457224546237636
2022-11-10,risk_aversion,-0.26269531839226334,-0.013480195504657866,-0.24921512288760547
2022-11-11,risk_aversion,-0.26102235933124057,-0.013466236687516253,-0.2475561226437243
2022-11-14,risk_aversion,-0.2625472225005533,-0.013306212476330181,-0.2492410100242231
2022-11-15,risk_aversion,-0.2615665457625463,-0.013209688485743035,-0.24835685727680326
2022-11-16,risk_aversion,-0.2617526961664357,-0.013221791580477241,-0.24853090458595847
2022-11-17,risk_aversion,-0.26259003217306104,-0.013459454756113837,-0.2491305774169472
2022-11-18,risk_aversion,-0.2618986704530788,-0.01324500055861532,-0.24865366989446347
2022-11-21,risk_aversion,-0.2606762808864462,-0.013031458817312802,-0.24764482206913338
2022-11-22,risk_aversion,-0.2606388154511626,-0.01209080542223194,-0.24854801002893062
2022-11-23,risk_aversion,-0.2616172839928575,-0.012206178750477576,-0.24941110524237992
2022-11-25,risk_aversion,-0.26200603556411606,-0.012240110807744509,-0.24976592475637155
2022-11-28,risk_aversion,-0.2813157991040574,-0.013887194381619363,-0.26742860472243807
2022-11-29,risk_aversion,-0.2795641511379524,-0.01468324175183998,-0.2648809093861124
2022-11-30,risk_aversion,-0.2863214948434784,-0.014692624422447485,-0.2716288704210309
2022-12-01,risk_aversion,-0.2895282698479688,-0.015855316498524896,-0.2736729533494439
2022-12-02,risk_aversion,-0.29140201891351536,-0.016353628783795322,-0.27504839012972004
2022-12-05,risk_aversion,-0.28716332083547397,-0.018240340588169576,-0.2689229802473044
2022-12-06,risk_aversion,-0.2975318726662703,-0.01847128095648692,-0.27906059170978337
2022-12-07,risk_aversion,-0.3026182629580442,-0.018363637857110905,-0.2842546251009333
2022-12-08,risk_aversion,-0.3045620552496675,-0.018471005328558915,-0.28609104992110856
2022-12-09,risk_aversion,-0.30217960179137,-0.018064904002131007,-0.284114697789239
2022-12-12,risk_aversion,-0.30264279358745283,-0.018389238748008428,-0.2842535548394444
2022-12-13,risk_aversion,-0.3028016308197905,-0.020041132342459255,-0.28276049847733126
2022-12-14,risk_aversion,-0.3052615556493633,-0.019308520438553925,-0.2859530352108094
2022-12-15,risk_aversion,-0.3053342714105255,-0.02012220618240494,-0.28521206522812054
2022-12-16,risk_aversion,-0.30491131631002777,-0.020947575899718966,-0.2839637404103088
2022-12-19,risk_aversion,-0.3040106299705015,-0.02087651428736057,-0.2831341156831409
2022-12-20,risk_aversion,-0.306331056032746,-0.021310353031631493,-0.28502070300111454
2022-12-21,risk_aversion,-0.3041933463600514,-0.02129164630526048,-0.2829017000547909
2022-12-22,risk_aversion,-0.3043280795880195,-0.021385999067473977,-0.28294208052054554
2022-12-23,risk_aversion,-0.3028120117930743,-0.021425573251341087,-0.28138643854173323
2022-12-27,risk_aversion,-0.30252228139614146,-0.021100074681811475,-0.28142220671433
2022-12-28,risk_aversion,-0.3029253750987103,-0.021213111605931385,-0.28171226349277895
2022-12-29,risk_aversion,-0.30324690234625673,-0.02138989641070921,-0.2818570059355475
2022-12-30,risk_aversion,-0.3033349728315621,-0.02149182761681079,-0.2818431452147513
2023-01-03,risk_aversion,-0.3022500325749894,-0.020989299277456477,-0.2812607332975329
2023-01-04,risk_aversion,-0.30248677729445256,-0.02184691698610166,-0.2806398603083509
2023-01-05,risk_aversion,-0.30252554784853136,-0.022172746880274208,-0.28035280096825715
2023-01-06,risk_aversion,-0.30174450661409036,-0.023175605482115086,-0.2785689011319753
2023-01-09,risk_aversion,-0.3006335554295239,-0.02314441158741192,-0.277489143842112
2023-01-10,risk_aversion,-0.3021822121614083,-0.02312722806777209,-0.2790549840936362
2023-01-11,risk_aversion,-0.3021146787993276,-0.02324291497671976,-0.2788717638226078
2023-01-12,risk_aversion,-0.3066837871600862,-0.023629068134158753,-0.28305471902592744
2023-01-13,risk_aversion,-0.3065627299769358,-0.023831963303600098,-0.2827307666733357
2023-01-17,risk_aversion,-0.3039982664060938,-0.024073903195625274,-0.27992436321046854
2023-01-18,risk_aversion,-0.3049859984420676,-0.02438609667347882,-0.2805999017685888
2023-01-19,risk_aversion,-0.3087024768682527,-0.024631664757614094,-0.2840708121106386
2023-01-20,risk_aversion,-0.31071167344905076,-0.025219186287303994,-0.28549248716174674
2023-01-23,risk_aversion,-0.31414546217818995,-0.025162187327453053,-0.2889832748507369
2023-01-24,risk_aversion,-0.3060960369469586,-0.025190768206621143,-0.28090526874033744
2023-01-25,risk_aversion,-0.30549299263569407,-0.025431973531597415,-0.28006101910409664
2023-01-26,risk_aversion,-0.30578608032321936,-0.025447631396142152,-0.2803384489270772
2023-01-27,risk_aversion,-0.3061549080101251,-0.02501562300028509,-0.28113928500984003
2023-01-30,risk_aversion,-0.3078437251446707,-0.02569931773609635,-0.2821444074085743
2023-01-31,risk_aversion,-0.3052025210220987,-0.026294243196475824,-0.2789082778256229
2023-02-01,risk_aversion,-0.3063011860962133,-0.026793585623487236,-0.2795076004727261
2023-02-02,risk_aversion,-0.3089553302303029,-0.028051990889224925,-0.280903339341078
2023-02-03,risk_aversion,-0.3082633015277363,-0.027543263122884014,-0.28072003840485227
2023-02-06,risk_aversion,-0.3079035491909884,-0.027447634224269678,-0.28045591496671873
2023-02-07,risk_aversion,-0.30335147597744705,-0.027430035337505158,-0.2759214406399419
2023-02-08,risk_aversion,-0.30204772716797956,-0.027139269896448086,-0.27490845727153146
2023-02-09,risk_aversion,-0.303858774121351,-0.02740906757713021,-0.2764497065442208
2023-02-10,risk_aversion,-0.3043077479823633,-0.02732536039819038,-0.27698238758417293
2023-02-13,risk_aversion,-0.3122171069155535,-0.027477129744904766,-0.2847399771706487
2023-02-14,risk_aversion,-0.3133395487901625,-0.0305646754321704,-0.2827748733579921
2023-02-15,risk_aversion,-0.31637346440082426,-0.03041047549177406,-0.2859629889090502
2023-02-16,risk_aversion,-0.3091547146723401,-0.03139121928412867,-0.27776349538821143
2023-02-17,risk_aversion,-0.31014645600829704,-0.03091746968021923,-0.2792289863280778
2023-02-21,risk_aversion,-0.3017904498740198,-0.03363462963610561,-0.2681558202379142
2023-02-22,risk_aversion,-0.30121996138436025,-0.03348352414712056,-0.26773643723723967
2023-02-23,risk_aversion,-0.2991757444369433,-0.03351288295837226,-0.26566286147857104
2023-02-24,risk_aversion,-0.3011926651028774,-0.03424823962677973,-0.26694442547609765
2023-02-27,risk_aversion,-0.3007480829008347,-0.034506207840676796,-0.2662418750601579
2023-02-28,risk_aversion,-0.3015184384757727,-0.03518048364922735,-0.2663379548265453
2023-03-01,risk_aversion,-0.31097839821455503,-0.036514053246020105,-0.27446434496853495
2023-03-02,risk_aversion,-0.3196916742568993,-0.03879945174821476,-0.28089222250868456
2023-03-03,risk_aversion,-0.3181815368929362,-0.04044519479527462,-0.27773634209766157
2023-03-06,risk_aversion,-0.3184006350616318,-0.04044540175226281,-0.277955233309369
2023-03-07,risk_aversion,-0.3156619338828074,-0.04228930605166184,-0.2733726278311456
2023-03-08,risk_aversion,-0.3149241494647942,-0.04528853275946918,-0.269635616705325
2023-03-09,risk_aversion,-0.321206643434904,-0.0410836235951432,-0.28012301983976085
2023-03-10,risk_aversion,-0.3136705911421481,-0.04126749674464742,-0.2724030943975007
2023-03-13,risk_aversion,-0.30343056637862276,-0.03938411935078117,-0.2640464470278416
2023-03-14,risk_aversion,-0.30292114348801563,-0.038116307413306794,-0.26480483607470884
2023-03-15,risk_aversion,-0.303347895706689,-0.0364581269600902,-0.2668897687465988
2023-03-16,risk_aversion,-0.301213612309717,-0.037463602337365495,-0.2637500099723515
2023-03-17,risk_aversion,-0.29022267006277175,-0.03373235724873693,-0.25649031281403484
2023-03-20,risk_aversion,-0.2917466614140957,-0.033509438464544246,-0.2582372229495515
2023-03-21,risk_aversion,-0.28844027139023604,-0.03148225693360172,-0.2569580144566343
2023-03-22,risk_aversion,-0.29041026330911585,-0.030634485174011978,-0.2597757781351039
2023-03-23,risk_aversion,-0.2887924774380312,-0.03063823300031332,-0.2581542444377179
2023-03-24,risk_aversion,-0.28785682825665226,-0.030535323704200125,-0.2573215045524521
2023-03-27,risk_aversion,-0.28397041773889464,-0.0295406911572104,-0.2544297265816842
2023-03-28,risk_aversion,-0.2841758262227704,-0.02998563581560505,-0.25419019040716534
2023-03-29,risk_aversion,-0.2816416832052952,-0.030903599222025797,-0.2507380839832694
2023-03-30,risk_aversion,-0.28210037654148507,-0.030981618946948713,-0.25111875759453633
2023-03-31,risk_aversion,-0.28223800493262496,-0.031079376350671133,-0.2511586285819538
2023-04-03,risk_aversion,-0.2813160501588309,-0.03127657691042397,-0.2500394732484069
2023-04-04,risk_aversion,-0.2807204198397255,-0.03117749086445912,-0.2495429289752664
2023-04-05,risk_aversion,-0.28201803997523284,-0.031013478673265163,-0.2510045613019677
2023-04-06,risk_aversion,-0.28654328292153297,-0.030359317768256653,-0.2561839651532763
2023-04-10,risk_aversion,-0.28306321896058384,-0.030770629772391384,-0.2522925891881925
2023-04-11,risk_aversion,-0.2831436648453435,-0.030646371200751758,-0.2524972936445917
2023-04-12,risk_aversion,-0.2834956241334263,-0.03054266782222949,-0.25295295631119685
2023-04-13,risk_aversion,-0.27969597084838704,-0.03274965720020187,-0.24694631364818517
2023-04-14,risk_aversion,-0.27929498955494086,-0.0318918945443715,-0.24740309501056937
2023-04-17,risk_aversion,-0.2773507209941296,-0.03170478314467165,-0.24564593784945796
2023-04-18,risk_aversion,-0.2766668765177196,-0.0316384802216131,-0.2450283962961065
2023-04-19,risk_aversion,-0.27538015004274385,-0.031457153006187,-0.24392299703655684
2023-04-20,risk_aversion,-0.27621695304014177,-0.03184449395538193,-0.24437245908475985
2023-04-21,risk_aversion,-0.27630703901412096,-0.03140762832762926,-0.2448994106864917
2023-04-24,risk_aversion,-0.2802234026515105,-0.03136327317168242,-0.2488601294798281
2023-04-25,risk_aversion,-0.28055655591970735,-0.029610334639135955,-0.2509462212805714
2023-04-26,risk_aversion,-0.28009579218076036,-0.030572393106683467,-0.2495233990740769
2023-04-27,risk_aversion,-0.2875183801874746,-0.03228235357419875,-0.2552360266132759
2023-04-28,risk_aversion,-0.2847286319078273,-0.03272427556612553,-0.2520043563417018
2023-05-01,risk_aversion,-0.284939821495275,-0.03261357982587844,-0.2523262416693966
2023-05-02,risk_aversion,-0.27624656972314743,-0.030304526974607348,-0.2459420427485401
2023-05-03,risk_aversion,-0.2763764662089945,-0.03064920108605745,-0.24572726512293702
2023-05-04,risk_aversion,-0.27685516509351343,-0.0296761093847775,-0.24717905570873594
2023-05-05,risk_aversion,-0.270439412959339,-0.02499828821693827,-0.2454411247424007
2023-05-08,risk_aversion,-0.26007616452791527,-0.025289490245644107,-0.23478667428227115
2023-05-09,risk_aversion,-0.2592157949937573,-0.02482817239854247,-0.23438762259521484
2023-05-10,risk_aversion,-0.23777031520826594,-0.022594458021791556,-0.2151758571864744
2023-05-11,risk_aversion,-0.23776979195619322,-0.023248490033064836,-0.21452130192312838
2023-05-12,risk_aversion,-0.23879827304001486,-0.0231664321363411,-0.21563184090367377
2023-05-15,risk_aversion,-0.2392775357089661,-0.023609276240054034,-0.21566825946891205
2023-05-16,risk_aversion,-0.2363350272365862,-0.025696657957656365,-0.21063836927892984
2023-05-17,risk_aversion,-0.2382467518720552,-0.024769785949706774,-0.21347696592234844
2023-05-18,risk_aversion,-0.23568301941242684,-0.024366315161288732,-0.2113167042511381
2023-05-19,risk_aversion,-0.2378094818333636,-0.02470020374299345,-0.21310927809037014
2023-05-22,risk_aversion,-0.23675204295234104,-0.023872049078991684,-0.21287999387334935
2023-05-23,risk_aversion,-0.23356550557266126,-0.023596112242636674,-0.2099693933300246
2023-05-24,risk_aversion,-0.2358090947614007,-0.024124258035587598,-0.2116848367258131
2023-05-25,risk_aversion,-0.23659006674773728,-0.023870033628000522,-0.21272003311973675
2023-05-26,risk_aversion,-0.23637688211309912,-0.02439448771973734,-0.21198239439336178
2023-05-30,risk_aversion,-0.2380781197503856,-0.024684019008599126,-0.21339410074178647
2023-05-31,risk_aversion,-0.24178712918250334,-0.024719045997598083,-0.21706808318490525
2023-06-01,risk_aversion,-0.237682799867778,-0.02521870043765231,-0.21246409943012567
2023-06-02,risk_aversion,-0.23869797312349425,-0.023636480258099644,-0.2150614928653946
2023-06-05,risk_aversion,-0.23964236812617115,-0.02302522008268245,-0.2166171480434887
2023-06-06,risk_aversion,-0.24236172299647085,-0.022940265897033792,-0.21942145709943706
2023-06-07,risk_aversion,-0.24353555714762357,-0.02287900444648364,-0.22065655270113993
2023-06-08,risk_aversion,-0.24466035753916734,-0.022900467375948193,-0.22175989016321915
2023-06-09,risk_aversion,-0.24468503243634004,-0.02295116748973296,-0.22173386494660707
2023-06-12,risk_aversion,-0.24682418011413199,-0.022703143322052963,-0.224121036792079
2023-06-13,risk_aversion,-0.24518147482569627,-0.02365516161765906,-0.2215263132080372
2023-06-14,risk_aversion,-0.19598645320515207,-0.01736836213677655,-0.1786180910683755
2023-06-15,risk_aversion,-0.19910410586450258,-0.017328286431949978,-0.1817758194325526
2023-06-16,risk_aversion,-0.20701431651726365,-0.015615698158272216,-0.19139861835899144
2023-06-20,risk_aversion,-0.2023955714808624,-0.017959770715658692,-0.18443580076520372
2023-06-21,risk_aversion,-0.20868882856403728,-0.018499298634544078,-0.1901895299294932
2023-06-22,risk_aversion,-0.20822123620264274,-0.01839185252136051,-0.18982938368128222
2023-06-23,risk_aversion,-0.20899950594696223,-0.018017798175068305,-0.19098170777189394
2023-06-26,risk_aversion,-0.21015843600032694,-0.01773438261731903,-0.19242405338300791
2023-06-27,risk_aversion,-0.2102227002973121,-0.017678333457206777,-0.19254436684010534
2023-06-28,risk_aversion,-0.20979128332237762,-0.017613988089170165,-0.19217729523320745
2023-06-29,risk_aversion,-0.2080664335253448,-0.01756449894799219,-0.1905019345773526
2023-06-30,risk_aversion,-0.20815675745450732,-0.01750977819041294,-0.19064697926409438
2023-07-03,risk_aversion,-0.20613695851854402,-0.01732313546824409,-0.18881382305029992
2023-07-05,risk_aversion,-0.20615732131886885,-0.01773938165226685,-0.188417939666602
2023-07-06,risk_aversion,-0.20725057153257329,-0.01696375255129015,-0.19028681898128313
2023-07-07,risk_aversion,-0.20704990092656647,-0.017949942073676225,-0.18909995885289024
2023-07-10,risk_aversion,-0.20449396482573123,-0.017938613761154257,-0.186555351064577
2023-07-11,risk_aversion,-0.2052249829892493,-0.01806839306244595,-0.18715658992680334
2023-07-12,risk_aversion,-0.19720333301205542,-0.019077364233338424,-0.178125968778717
2023-07-13,risk_aversion,-0.19371764206578504,-0.01886468408544018,-0.17485295798034486
2023-07-14,risk_aversion,-0.19226094863869578,-0.018686658794775577,-0.1735742898439202
2023-07-17,risk_aversion,-0.19159433487414163,-0.01894885404914683,-0.17264548082499478
2023-07-18,risk_aversion,-0.19036085907630007,-0.019596292444587042,-0.17076456663171302
2023-07-19,risk_aversion,-0.19134036961554263,-0.019661942568017177,-0.17167842704752545
2023-07-20,risk_aversion,-0.18849024393813532,-0.019749679473479186,-0.16874056446465613
2023-07-21,risk_aversion,-0.18823067706208113,-0.019942871483557563,-0.16828780557852357
2023-07-24,risk_aversion,-0.19014805925164135,-0.01953705702783627,-0.1706110022238051
2023-07-25,risk_aversion,-0.19020869552933403,-0.019544262956522774,-0.17066443257281125
2023-07-26,risk_aversion,-0.1893289163399502,-0.019704643677627687,-0.1696242726623225
2023-07-27,risk_aversion,-0.18543337204928556,-0.02150233699452746,-0.1639310350547581
2023-07-28,risk_aversion,-0.1784253809679555,-0.021436159588962913,-0.15698922137899257
2023-07-31,risk_aversion,-0.17658879206557251,-0.02076997271313447,-0.15581881935243805
2023-08-01,risk_aversion,-0.1766074614170809,-0.0210187998172422,-0.1555886615998387
2023-08-02,risk_aversion,-0.1697669161623611,-0.022076384076520114,-0.147690532085841
2023-08-03,risk_aversion,-0.1702542955592801,-0.021720118782815444,-0.14853417677646466
2023-08-04,risk_aversion,-0.16919455162926517,-0.021210390074000714,-0.14798416155526445
2023-08-07,risk_aversion,-0.16956772670436557,-0.020267011844723994,-0.14930071485964158
2023-08-08,risk_aversion,-0.168726612948753,-0.020598082214912525,-0.14812853073384047
2023-08-09,risk_aversion,-0.16916026044854815,-0.020680315300116294,-0.14847994514843185
2023-08-10,risk_aversion,-0.1680617964747795,-0.020774577828886805,-0.1472872186458927
2023-08-11,risk_aversion,-0.16582474856746424,-0.021266424071600804,-0.14455832449586342
2023-08-14,risk_aversion,-0.1667420957891711,-0.021186663685228334,-0.14555543210394276
2023-08-15,risk_aversion,-0.16555237577613582,-0.02091256096367625,-0.14463981481245958
2023-08-16,risk_aversion,-0.16539450646527,-0.020685565092819425,-0.14470894137245058
2023-08-17,risk_aversion,-0.16832779993100944,-0.020761239053739878,-0.14756656087726955
2023-08-18,risk_aversion,-0.1646463858391704,-0.020630552134809448,-0.14401583370436097
2023-08-21,risk_aversion,-0.16464346964770774,-0.020731721310185365,-0.14391174833752238
2023-08-22,risk_aversion,-0.15864795592019595,-0.020281048259995577,-0.13836690766020038
2023-08-23,risk_aversion,-0.16234514097630992,-0.020163443565104744,-0.14218169741120518
2023-08-24,risk_aversion,-0.16395890495438192,-0.020204718319233612,-0.1437541866351483
2023-08-25,risk_aversion,-0.1617540182980076,-0.019661709640186573,-0.14209230865782102
2023-08-28,risk_aversion,-0.1622384413948278,-0.019640507211255057,-0.14259793418357275
2023-08-29,risk_aversion,-0.1610814134923546,-0.017978324369889893,-0.14310308912246472
2023-08-30,risk_aversion,-0.15851327209738983,-0.018079402352413166,-0.14043386974497665
2023-08-31,risk_aversion,-0.1572868515330215,-0.01797797307765789,-0.1393088784553636
2023-09-01,risk_aversion,-0.1558893283319735,-0.01807431736517577,-0.1378150109667977
2023-09-05,risk_aversion,-0.15502604296930983,-0.018930666817156765,-0.13609537615215306
2023-09-06,risk_aversion,-0.1548227114477626,-0.01911990775628783,-0.13570280369147478
2023-09-07,risk_aversion,-0.15094364384653686,-0.018701594123626646,-0.1322420497229102
2023-09-08,risk_aversion,-0.15125047157010882,-0.017680737645466797,-0.13356973392464203
2023-09-11,risk_aversion,-0.15055418021831238,-0.01809411604065416,-0.1324600641776582
2023-09-12,risk_aversion,-0.1442368894965118,-0.01812654296791833,-0.1261103465285935
2023-09-13,risk_aversion,-0.14783293853984095,-0.018235649753736143,-0.1295972887861048
2023-09-14,risk_aversion,-0.13270126371291402,-0.016009371095061915,-0.11669189261785211
2023-09-15,risk_aversion,-0.13415410234448452,-0.015485318080893963,-0.11866878426359057
2023-09-18,risk_aversion,-0.13363905416145777,-0.0151561770330921,-0.11848287712836567
2023-09-19,risk_aversion,-0.13338594480557256,-0.01520259355081412,-0.11818335125475844
2023-09-20,risk_aversion,-0.13372733003948536,-0.015071498797681129,-0.11865583124180423
2023-09-21,risk_aversion,-0.13081792228525674,-0.015813425495566757,-0.11500449678968998
2023-09-22,risk_aversion,-0.13082072305762135,-0.016076360159896944,-0.11474436289772441
2023-09-25,risk_aversion,-0.13022239974791444,-0.01598931190949269,-0.11423308783842176
2023-09-26,risk_aversion,-0.12653319254991172,-0.014971360809859953,-0.11156183174005177
2023-09-27,risk_aversion,-0.12942254619266957,-0.013081665600025804,-0.11634088059264378
2023-09-28,risk_aversion,-0.13086846891831325,-0.012707629268437503,-0.11816083964987574
2023-09-29,risk_aversion,-0.1295973584288888,-0.010890692443046556,-0.11870666598584226
2023-10-02,risk_aversion,-0.12908918695057975,-0.011005390294145503,-0.11808379665643425
2023-10-03,risk_aversion,-0.13088959447864582,-0.011326046932299333,-0.11956354754634649
2023-10-04,risk_aversion,-0.13141631011579508,-0.009722353696543468,-0.12169395641925161
2023-10-05,risk_aversion,-0.13009647256804244,-0.009092394446033984,-0.12100407812200845
2023-10-06,risk_aversion,-0.13096182752820656,-0.00956310450319397,-0.12139872302501259
2023-10-09,risk_aversion,-0.13144245921289488,-0.00908530409234086,-0.12235715512055402
2023-10-10,risk_aversion,-0.1297064269761755,-0.008517304348088936,-0.12118912262808655
2023-10-11,risk_aversion,-0.12686037398429123,-0.008216210777118886,-0.11864416320717235
2023-10-12,risk_aversion,-0.12635820202460013,-0.008272425474512223,-0.11808577655008791
2023-10-13,risk_aversion,-0.12240330956512252,-0.0018372222457320388,-0.12056608731939047
2023-10-16,risk_aversion,-0.12895526620002665,-0.001470323628650857,-0.1274849425713758
2023-10-17,risk_aversion,-0.12859662180121684,-0.0013150090040890614,-0.12728161279712777
2023-10-18,risk_aversion,-0.12838925295972375,8.229710412815414e-05,-0.1284715500638519
2023-10-19,risk_aversion,-0.12486000183897422,0.0017500314607663925,-0.1266100332997406
2023-10-20,risk_aversion,-0.12429290512910579,0.0019710976570406786,-0.12626400278614647
2023-10-23,risk_aversion,-0.12865003645330533,0.0022202031737386914,-0.13087023962704403
2023-10-24,risk_aversion,-0.13427856948610897,0.0024538766150873754,-0.13673244610119634
2023-10-25,risk_aversion,-0.13159757770189323,0.002760706507455213,-0.13435828420934845
2023-10-26,risk_aversion,-0.12993254715961913,0.002886053419174909,-0.13281860057879405
2023-10-27,risk_aversion,-0.12938269832475993,0.0035871422657377428,-0.13296984059049768
2023-10-30,risk_aversion,-0.13026357756608506,0.004165447268249036,-0.13442902483433408
2023-10-31,risk_aversion,-0.1300593574239946,0.0039653598344382875,-0.1340247172584329
2023-11-01,risk_aversion,-0.12899474278395878,0.004359694513744911,-0.1333544372977037
2023-11-02,risk_aversion,-0.12910475965111365,0.004108735036772404,-0.13321349468788604
2023-11-03,risk_aversion,-0.12778666864489863,0.003968103873600866,-0.13175477251849949
2023-11-06,risk_aversion,-0.12787449860238198,0.0038497380375298405,-0.1317242366399118
2023-11-07,risk_aversion,-0.12671064046191832,0.004900398145316907,-0.13161103860723522
2023-11-08,risk_aversion,-0.12670354661504882,0.005159614124051222,-0.13186316073910004
2023-11-09,risk_aversion,-0.11633692768417077,0.004029434047047386,-0.12036636173121816
2023-11-10,risk_aversion,-0.11370789765656505,0.0052069964499017055,-0.11891489410646676
2023-11-13,risk_aversion,-0.10240295184481216,0.00924747089699998,-0.11165042274181214
2023-11-14,risk_aversion,-0.10483529452674302,0.0091548327511389,-0.11399012727788192
2023-11-15,risk_aversion,-0.10331985912789747,0.009054299119736703,-0.11237415824763418
2023-11-16,risk_aversion,-0.10552570900485501,0.009089567141999447,-0.11461527614685446
2023-11-17,risk_aversion,-0.10625540914127124,0.009048892748203304,-0.11530430188947455
2023-11-20,risk_aversion,-0.10698665531266131,0.009058980468706438,-0.11604563578136776
2023-11-21,risk_aversion,-0.10733088635229784,0.008744594249288792,-0.11607548060158664
2023-11-22,risk_aversion,-0.11014071200309176,0.008717482541813856,-0.11885819454490562
2023-11-24,risk_aversion,-0.10934670992120618,0.008603335814320148,-0.11795004573552632
2023-11-27,risk_aversion,-0.10892716848103695,0.009082610658476067,-0.11800977913951302
2023-11-28,risk_aversion,-0.10874493473388865,0.009110117374671017,-0.11785505210855966
2023-11-29,risk_aversion,-0.10817407612718544,0.010093101082852069,-0.1182671772100375
2023-11-30,risk_aversion,-0.10801153352338033,0.010177845754235273,-0.11818937927761561
2023-12-01,risk_aversion,-0.10658618214666155,0.010700649218848063,-0.1172868313655096
2023-12-04,risk_aversion,-0.10385371009481975,0.010435821422648938,-0.11428953151746869
2023-12-05,risk_aversion,-0.1047596419177218,0.010347725853881719,-0.11510736777160352
2023-12-06,risk_aversion,-0.10479993494396538,0.012466370829840877,-0.11726630577380626
2023-12-07,risk_aversion,-0.10552977834471192,0.012358779361439268,-0.11788855770615118
2023-12-08,risk_aversion,-0.10630012275850369,0.013008117472096887,-0.11930824023060058
2023-12-11,risk_aversion,-0.10862569470572322,0.012643866581126387,-0.12126956128684961
2023-12-12,risk_aversion,-0.10846999478734826,0.01256954570279631,-0.12103954049014456
2023-12-13,risk_aversion,-0.10882206877753578,0.014124245623099213,-0.122946314400635
2023-12-14,risk_aversion,-0.10599685332104715,0.01665605225518099,-0.12265290557622814
2023-12-15,risk_aversion,-0.10635065664475606,0.01667791592964442,-0.12302857257440047
2023-12-18,risk_aversion,-0.10501057568373914,0.01872163897103101,-0.12373221465477016
2023-12-19,risk_aversion,-0.10534026707994605,0.018797257612450838,-0.12413752469239689
2023-12-20,risk_aversion,-0.10153360140696102,0.01787346506425279,-0.11940706647121381
2023-12-21,risk_aversion,-0.10112476520308375,0.01877952863936161,-0.11990429384244536
2023-12-22,risk_aversion,-0.1017468210133013,0.01841876556493206,-0.12016558657823337
2023-12-26,risk_aversion,-0.10237711723370325,0.020182765337917047,-0.1225598825716203
2023-12-27,risk_aversion,-0.10409960117101207,0.020138361565588576,-0.12423796273660065
2023-12-28,risk_aversion,-0.10384091335739647,0.019723425587950896,-0.12356433894534737
2023-12-29,risk_aversion,-0.10367759947828467,0.019903723286418627,-0.1235813227647033
2024-01-02,risk_aversion,-0.09859318732697374,0.019802643099753794,-0.11839583042672754
2024-01-03,risk_aversion,-0.10230868944146686,0.01888446248375048,-0.12119315192521733
2024-01-04,risk_aversion,-0.10256550601407066,0.01836794893038971,-0.12093345494446037
2024-01-05,risk_aversion,-0.10156182245043166,0.01879700101334764,-0.1203588234637793
2024-01-08,risk_aversion,-0.10298542798655881,0.019386177262540348,-0.12237160524909915
2024-01-09,risk_aversion,-0.10332230809863592,0.02089958539631106,-0.12422189349494697
2024-01-10,risk_aversion,-0.10431129392107928,0.02085156152776883,-0.12516285544884811
2024-01-11,risk_aversion,-0.10386555774976712,0.02120306183085449,-0.1250686195806216
2024-01-12,risk_aversion,-0.10578354398223173,0.021532779827496466,-0.1273163238097282
2024-01-16,risk_aversion,-0.09621854990855783,0.022206890693176225,-0.11842544060173404
2024-01-17,risk_aversion,-0.09637525782045775,0.021454800131339317,-0.11783005795179707
2024-01-18,risk_aversion,-0.10033461312597736,0.021498936903452545,-0.1218335500294299
2024-01-19,risk_aversion,-0.09918065612993109,0.021465433848251385,-0.12064608997818246
2024-01-22,risk_aversion,-0.09906761775442767,0.021281698329667944,-0.12034931608409562
2024-01-23,risk_aversion,-0.09488298979244111,0.02085481767338307,-0.11573780746582418
2024-01-24,risk_aversion,-0.09412069989402705,0.020250579639934502,-0.11437127953396155
2024-01-25,risk_aversion,-0.09408564646708692,0.02052390187380583,-0.11460954834089275
2024-01-26,risk_aversion,-0.09496403178961893,0.02056335498726055,-0.11552738677687949
2024-01-29,risk_aversion,-0.09389347369450722,0.02058484591591525,-0.11447831961042247
2024-01-30,risk_aversion,-0.09408390463283345,0.020521875505163465,-0.11460578013799691
2024-01-31,risk_aversion,-0.09468128361398605,0.020703218047946517,-0.11538450166193256
2024-02-01,risk_aversion,-0.09448177687476451,0.020378674274053436,-0.11486045114881795
2024-02-02,risk_aversion,-0.09334287470158216,0.021924240417107766,-0.11526711511868992
2024-02-05,risk_aversion,-0.09405756601793472,0.02346421349878524,-0.11752177951671997
2024-02-06,risk_aversion,-0.09534714480253108,0.022415339152271903,-0.11776248395480299
2024-02-07,risk_aversion,-0.09487315617059855,0.02238724487010838,-0.11726040104070692
2024-02-08,risk_aversion,-0.09483104573588101,0.02246778610039328,-0.11729883183627429
2024-02-09,risk_aversion,-0.09314075502865782,0.022320581699747617,-0.11546133672840543
2024-02-12,risk_aversion,-0.08443642072095996,0.022554617394515097,-0.10699103811547506
2024-02-13,risk_aversion,-0.08591669292733303,0.019598463382410038,-0.10551515630974306
2024-02-14,risk_aversion,-0.0902485383817533,0.01941263711956914,-0.10966117550132244
2024-02-15,risk_aversion,-0.08846288173906065,0.019362986243676716,-0.10782586798273737
2024-02-16,risk_aversion,-0.08487670784612507,0.01897762249653688,-0.10385433034266195
2024-02-20,risk_aversion,-0.08726154291015693,0.019849076234253353,-0.10711061914441028
2024-02-21,risk_aversion,-0.08707397213137374,0.019873778030652815,-0.10694775016202657
2024-02-22,risk_aversion,-0.0869345767492321,0.021038575656414565,-0.10797315240564667
2024-02-23,risk_aversion,-0.08612359892194585,0.020392304461425696,-0.10651590338337155
2024-02-26,risk_aversion,-0.08613495805189318,0.020395020013993393,-0.10652997806588657
2024-02-27,risk_aversion,-0.08611920964314836,0.020721743243948668,-0.10684095288709702
2024-02-28,risk_aversion,-0.08369932622566953,0.02093337093077618,-0.10463269715644571
2024-02-29,risk_aversion,-0.08457227427178217,0.020771354986113887,-0.10534362925789606
2024-03-01,risk_aversion,-0.08481307117978375,0.020289415260721973,-0.10510248644050572
2024-03-04,risk_aversion,-0.08238528967744164,0.02089463145774703,-0.10327992113518868
2024-03-05,risk_aversion,-0.09503296600951416,0.022146825364190728,-0.11717979137370489
2024-03-06,risk_aversion,-0.09464189597421037,0.022243765095955662,-0.11688566107016603
2024-03-07,risk_aversion,-0.09374782100725366,0.023612379783860007,-0.11736020079111367
2024-03-08,risk_aversion,-0.09330734740324814,0.023806077943840463,-0.1171134253470886
2024-03-11,risk_aversion,-0.07153217121991765,0.022603605781323685,-0.09413577700124133
2024-03-12,risk_aversion,-0.06806376820790407,0.021371364708970175,-0.08943513291687424
2024-03-13,risk_aversion,-0.08759230916295191,0.01927969548026053,-0.10687200464321243
2024-03-14,risk_aversion,-0.08869892165810075,0.018223510429449436,-0.10692243208755019
2024-03-15,risk_aversion,-0.08543464378668832,0.01740921500799035,-0.10284385879467867
2024-03-18,risk_aversion,-0.08357854174827244,0.018118127197348264,-0.1016966689456207
2024-03-19,risk_aversion,-0.0938477898658056,0.013887547743831056,-0.10773533760963665
2024-03-20,risk_aversion,-0.09281783350104582,0.012906237767276414,-0.10572407126832223
2024-03-21,risk_aversion,-0.09309729168517311,0.009575947066259959,-0.10267323875143307
2024-03-22,risk_aversion,-0.090069845540607,0.00833795217823971,-0.09840779771884671
2024-03-25,risk_aversion,-0.08979428603899575,0.008057521702811548,-0.0978518077418073
2024-03-26,risk_aversion,-0.09156049322953391,0.007421231406403662,-0.09898172463593757
2024-03-27,risk_aversion,-0.09380725963939163,0.006289636037804834,-0.10009689567719646
2024-03-28,risk_aversion,-0.09243967747667771,0.007031328805506096,-0.0994710062821838
2024-04-01,risk_aversion,-0.09179342142657107,0.007416540286889489,-0.09920996171346055
2024-04-02,risk_aversion,-0.0975475495043384,0.008939971195179199,-0.1064875206995176
2024-04-03,risk_aversion,-0.09704101921963605,0.008561971615940677,-0.10560299083557673
2024-04-04,risk_aversion,-0.0871908539176616,0.007134723052049156,-0.09432557696971075
2024-04-05,risk_aversion,-0.08666688637941727,0.005990135659100877,-0.09265702203851815
2024-04-08,risk_aversion,-0.09101982471073114,0.005521178900402467,-0.0965410036111336
2024-04-09,risk_aversion,-0.0909405052484129,0.005017675229143416,-0.09595818047755632
2024-04-10,risk_aversion,-0.09143166469939085,0.004556451637929906,-0.09598811633732075
2024-04-11,risk_aversion,-0.09148952107945618,0.002870884190670575,-0.09436040527012676
2024-04-12,risk_aversion,-0.10069544372892386,-0.0002642618208954076,-0.10043118190802845
2024-04-15,risk_aversion,-0.1070298544076659,0.003752418839121922,-0.11078227324678781
2024-04-16,risk_aversion,-0.10642395734759486,0.0025897061295424278,-0.10901366347713728
2024-04-17,risk_aversion,-0.10628213078288645,0.002659149259528237,-0.10894128004241468
2024-04-18,risk_aversion,-0.10665578606805406,0.0026460006040307984,-0.10930178667208486
2024-04-19,risk_aversion,-0.10713258226636022,0.002598967259863983,-0.1097315495262242
2024-04-22,risk_aversion,-0.10765295706782155,0.006004633309431477,-0.11365759037725302
2024-04-23,risk_aversion,-0.10750516563267148,0.005941954160019855,-0.11344711979269134
2024-04-24,risk_aversion,-0.108527941698404,0.005852090508529299,-0.1143800322069333
2024-04-25,risk_aversion,-0.11124129571559731,0.004968662851419966,-0.11620995856701727
2024-04-26,risk_aversion,-0.11063547626074476,0.004929105575222774,-0.11556458183596753
2024-04-29,risk_aversion,-0.10306592483995584,0.005004226469052576,-0.10807015130900842
2024-04-30,risk_aversion,-0.1108807763473685,0.003026153359550609,-0.11390692970691911
2024-05-01,risk_aversion,-0.10834668121217111,0.002961604187590706,-0.11130828539976181
2024-05-02,risk_aversion,-0.11625480731104176,0.0004937072789132663,-0.11674851458995503
2024-05-03,risk_aversion,-0.11959275816443773,0.00027543014228135923,-0.1198681883067191
2024-05-06,risk_aversion,-0.12337691306592656,-0.0005916448114135062,-0.12278526825451305
2024-05-07,risk_aversion,-0.12300148111112143,-0.004315768088625109,-0.11868571302249632
2024-05-08,risk_aversion,-0.12393606554026855,-0.004215395598874466,-0.11972066994139409
2024-05-09,risk_aversion,-0.12492217439286188,-0.0051880101171223065,-0.11973416427573957
2024-05-10,risk_aversion,-0.12505509356788483,-0.005447820182723297,-0.11960727338516153
2024-05-13,risk_aversion,-0.11927402642963145,-0.006851396519539033,-0.11242262991009241
2024-05-14,risk_aversion,-0.11853083450749013,-0.006974197504824375,-0.11155663700266576
2024-05-15,risk_aversion,-0.12519139643528374,-0.008281717118853772,-0.11690967931642997
2024-05-16,risk_aversion,-0.12401220421609055,-0.007285962801318235,-0.11672624141477231
2024-05-17,risk_aversion,-0.12455385578287798,-0.008521159208667452,-0.11603269657421053
2024-05-20,risk_aversion,-0.12614772646600514,-0.009504835907062114,-0.11664289055894303
2024-05-21,risk_aversion,-0.12598688536933247,-0.010105915389467325,-0.11588096997986515
2024-05-22,risk_aversion,-0.12566661227919368,-0.011065996463171576,-0.1146006158160221
2024-05-23,risk_aversion,-0.12979355642159693,-0.01246593619815956,-0.11732762022343737
2024-05-24,risk_aversion,-0.1279532082894634,-0.011455759749537308,-0.11649744853992611
2024-05-28,risk_aversion,-0.12846002514124075,-0.010851419361662782,-0.11760860577957796
2024-05-29,risk_aversion,-0.12970647955906084,-0.011984429953392965,-0.11772204960566787
2024-05-30,risk_aversion,-0.12798502222488684,-0.011745644521766485,-0.11623937770312034
2024-05-31,risk_aversion,-0.12131013126064641,-0.010478890791113043,-0.11083124046953337
2024-06-03,risk_aversion,-0.1261409707363846,-0.009078483838576821,-0.1170624868978078
2024-06-04,risk_aversion,-0.12588990575711545,-0.010859697284199082,-0.11503020847291637
2024-06-05,risk_aversion,-0.12516360287829273,-0.011601807083457163,-0.11356179579483557
2024-06-06,risk_aversion,-0.1214282952393991,-0.011656910157909055,-0.10977138508149005
2024-06-07,risk_aversion,-0.12037436761485025,-0.01002958848790563,-0.11034477912694463
2024-06-10,risk_aversion,-0.12020468251844549,-0.009061769730937634,-0.11114291278750785
2024-06-11,risk_aversion,-0.12051009996320239,-0.008964370178491986,-0.1115457297847104
2024-06-12,risk_aversion,-0.11748548780649411,-0.00900590651783207,-0.10847958128866203
2024-06-13,risk_aversion,-0.11742514275418413,-0.00923817231216062,-0.10818697044202351
2024-06-14,risk_aversion,-0.11947245917401987,-0.008120155453300809,-0.11135230372071907
2024-06-17,risk_aversion,-0.11828583008651165,-0.008645331060294132,-0.10964049902621752
2024-06-18,risk_aversion,-0.11337842169948598,-0.00910906619760645,-0.10426935550187953
2024-06-20,risk_aversion,-0.1138383773939124,-0.007214130250979058,-0.10662424714293334
2024-06-21,risk_aversion,-0.10867229798107947,-0.007260988389951555,-0.10141130959112792
2024-06-24,risk_aversion,-0.10997112996709996,-0.0075872468662233645,-0.1023838831008766
2024-06-25,risk_aversion,-0.11360520842963509,-0.007382152396592571,-0.10622305603304252
2024-06-26,risk_aversion,-0.11130682650228461,-0.00715963763653195,-0.10414718886575267
2024-06-27,risk_aversion,-0.11101273340718962,-0.007870744488421918,-0.1031419889187677
2024-06-28,risk_aversion,-0.11241815869353948,-0.007998515180719541,-0.10441964351281993
2024-07-01,risk_aversion,-0.11384975801542978,-0.008020997144745122,-0.10582876087068466
2024-07-02,risk_aversion,-0.11319127167301929,-0.008036861232178385,-0.10515441044084091
2024-07-03,risk_aversion,-0.11338008074009777,-0.00794723155645196,-0.10543284918364582
2024-07-05,risk_aversion,-0.11559187819824518,-0.007022269980554442,-0.10856960821769074
2024-07-08,risk_aversion,-0.11601749915846446,-0.006412055035656875,-0.10960544412280758
2024-07-09,risk_aversion,-0.1161542065079999,-0.005992273285373949,-0.11016193322262595
2024-07-10,risk_aversion,-0.11697670678393703,-0.005863278218900159,-0.11111342856503686
2024-07-11,risk_aversion,-0.11728949254795479,-0.005637259739308477,-0.1116522328086463
2024-07-12,risk_aversion,-0.12044892339583708,-0.003773257213709018,-0.11667566618212807
2024-07-15,risk_aversion,-0.11260638942389394,-0.003557342321775108,-0.10904904710211882
2024-07-16,risk_aversion,-0.11408314950444999,-0.003525519742592465,-0.11055762976185753
2024-07-17,risk_aversion,-0.11412767403385797,-0.004290061813241181,-0.10983761222061679
2024-07-18,risk_aversion,-0.11557279480719804,-0.005073109850343104,-0.11049968495685493
2024-07-19,risk_aversion,-0.11307130087885374,-0.006085000170456882,-0.10698630070839686
2024-07-22,risk_aversion,-0.1129544570898233,-0.005775631628133858,-0.10717882546168944
2024-07-23,risk_aversion,-0.11215725121249383,-0.006004247082880655,-0.10615300412961318
2024-07-24,risk_aversion,-0.10509758599722667,-0.006750203719501406,-0.09834738227772527
2024-07-25,risk_aversion,-0.10559665043467556,-0.0072349334107391,-0.09836171702393647
2024-07-26,risk_aversion,-0.11145390352894366,-0.008473118823871634,-0.10298078470507202
2024-07-29,risk_aversion,-0.111452548729821,-0.006518235326754223,-0.10493431340306678
2024-07-30,risk_aversion,-0.11374471486915724,-0.004908023291716668,-0.10883669157744058
2024-07-31,risk_aversion,-0.11102617568626776,-0.006850639275813001,-0.10417553641045475
2024-08-01,risk_aversion,-0.11422111095167276,-0.0071373056701759105,-0.10708380528149684
2024-08-02,risk_aversion,-0.11274192736951837,-0.006607926546219623,-0.10613400082329874
2024-08-05,risk_aversion,-0.16501460884342803,-0.011793652224594796,-0.15322095661883323
2024-08-06,risk_aversion,-0.1657400285907214,-0.008154430177228198,-0.1575855984134932
2024-08-07,risk_aversion,-0.16676051231488323,-0.008443265546334944,-0.15831724676854828
2024-08-08,risk_aversion,-0.1744555815719349,-0.01026672504140397,-0.16418885653053092
2024-08-09,risk_aversion,-0.17328113481098573,-0.01027332900467021,-0.16300780580631552
2024-08-12,risk_aversion,-0.17367581309747618,-0.010068527081359174,-0.16360728601611702
2024-08-13,risk_aversion,-0.17499875551741786,-0.00971435190599035,-0.16528440361142752
2024-08-14,risk_aversion,-0.16971375804127312,-0.008730222000126709,-0.1609835360411464
2024-08-15,risk_aversion,-0.16816751249722292,-0.008569762437153449,-0.15959775006006946
2024-08-16,risk_aversion,-0.16904849353205986,-0.008961912892009665,-0.16008658064005019
2024-08-19,risk_aversion,-0.16698107184780975,-0.00882376483056242,-0.15815730701724734
2024-08-20,risk_aversion,-0.16777485399939585,-0.008631436853142622,-0.1591434171462532
2024-08-21,risk_aversion,-0.1670751617698312,-0.008665685613435344,-0.15840947615639586
2024-08-22,risk_aversion,-0.16795034991223587,-0.009466213967777469,-0.1584841359444584
2024-08-23,risk_aversion,-0.16982855445790007,-0.0098465750566397,-0.15998197940126038
2024-08-26,risk_aversion,-0.16905973334574229,-0.009775697061728584,-0.1592840362840137
2024-08-27,risk_aversion,-0.16956944027045756,-0.010080215798214078,-0.15948922447224348
2024-08-28,risk_aversion,-0.17326964780741108,-0.010652639514640351,-0.16261700829277073
2024-08-29,risk_aversion,-0.1702230981553242,-0.010593583895932686,-0.1596295142593915
2024-08-30,risk_aversion,-0.1706631434523411,-0.010246611906486484,-0.1604165315458546
2024-09-03,risk_aversion,-0.1613258122012917,-0.01080353770082965,-0.15052227450046204
2024-09-04,risk_aversion,-0.1621584112165772,-0.010831259186753086,-0.1513271520298241
2024-09-05,risk_aversion,-0.15990396741008092,-0.01075208617709119,-0.14915188123298972
2024-09-06,risk_aversion,-0.1626719474756983,-0.011276769809952715,-0.1513951776657456
2024-09-09,risk_aversion,-0.16676144766792192,-0.011444409783806333,-0.15531703788411558
2024-09-10,risk_aversion,-0.16718285707355648,-0.01152925922157236,-0.15565359785198413
2024-09-11,risk_aversion,-0.16599949621321167,-0.011322431038374825,-0.15467706517483684
2024-09-12,risk_aversion,-0.16708375985488294,-0.011627604764467555,-0.15545615509041538
2024-09-13,risk_aversion,-0.16782311847038753,-0.011994979718828748,-0.1558281387515588
2024-09-16,risk_aversion,-0.16820212856991396,-0.012066811572824548,-0.1561353169970894
2024-09-17,risk_aversion,-0.16741061987980818,-0.012536130429440986,-0.1548744894503672
2024-09-18,risk_aversion,-0.1674699296534805,-0.012803693944126202,-0.1546662357093543
2024-09-19,risk_aversion,-0.17002876153083768,-0.013867347320757948,-0.15616141421007973
2024-09-20,risk_aversion,-0.16987606572510444,-0.013993274120564626,-0.15588279160453983
2024-09-23,risk_aversion,-0.170940607816118,-0.013274335000527685,-0.1576662728155903
2024-09-24,risk_aversion,-0.1712344235023618,-0.013544574975054598,-0.1576898485273072
2024-09-25,risk_aversion,-0.1714499488465758,-0.013635977724808162,-0.15781397112176765
2024-09-26,risk_aversion,-0.17262640811121066,-0.012952325745703376,-0.15967408236550729
2024-09-27,risk_aversion,-0.1707707697010854,-0.013983800833925544,-0.15678696886715987
2024-09-30,risk_aversion,-0.16963083707219756,-0.014152425267200255,-0.1554784118049973
2024-10-01,risk_aversion,-0.17032988417898628,-0.012883303625673448,-0.15744658055331284
2024-10-02,risk_aversion,-0.1699910990288426,-0.012818122353021058,-0.15717297667582153
2024-10-03,risk_aversion,-0.16774125360513542,-0.012632988646133079,-0.15510826495900235
2024-10-04,risk_aversion,-0.16817163814318706,-0.012535615746573563,-0.1556360223966135
2024-10-07,risk_aversion,-0.16326219832693745,-0.01289276225237193,-0.15036943607456552
2024-10-08,risk_aversion,-0.1617815080044176,-0.012361751093486263,-0.14941975691093135
2024-10-09,risk_aversion,-0.16109515798835214,-0.012387568970087848,-0.14870758901826428
2024-10-10,risk_aversion,-0.16165548669821744,-0.01247892772642436,-0.14917655897179308
2024-10-11,risk_aversion,-0.1640542786505787,-0.012417095435824645,-0.15163718321475406
2024-10-14,risk_aversion,-0.16506459956906283,-0.012209228318247375,-0.15285537125081544
2024-10-15,risk_aversion,-0.1669224203086822,-0.015675754754104928,-0.15124666555457728
2024-10-16,risk_aversion,-0.1634678799038256,-0.016502677448443172,-0.14696520245538244
2024-10-17,risk_aversion,-0.16320573451768827,-0.016616984829489596,-0.14658874968819868
2024-10-18,risk_aversion,-0.16372740439639685,-0.01777872906282119,-0.14594867533357567
2024-10-21,risk_aversion,-0.16658454530233832,-0.018868784229119386,-0.14771576107321893
2024-10-22,risk_aversion,-0.16683899528343898,-0.01895133826791669,-0.14788765701552228
2024-10-23,risk_aversion,-0.16500714852681272,-0.01977430472990854,-0.14523284379690418
2024-10-24,risk_aversion,-0.16181209176359454,-0.01996842349124619,-0.14184366827234834
2024-10-25,risk_aversion,-0.16419694153804054,-0.02006958804431375,-0.1441273534937268
2024-10-28,risk_aversion,-0.16453295432913673,-0.020048233798100317,-0.14448472053103642
2024-10-29,risk_aversion,-0.16496305072387116,-0.02045320356878447,-0.1445098471550867
2024-10-30,risk_aversion,-0.164774074420291,-0.020732792029716264,-0.14404128239057473
2024-10-31,risk_aversion,-0.1662917206559916,-0.02271939151828965,-0.14357232913770196
2024-11-01,risk_aversion,-0.16603280410151308,-0.02276694881472753,-0.14326585528678554
2024-11-04,risk_aversion,-0.1662604478094181,-0.022746585591699443,-0.14351386221771864
2024-11-05,risk_aversion,-0.16811872689465,-0.022663305097191094,-0.1454554217974589
2024-11-06,risk_aversion,-0.17668946799402313,-0.016229735644528263,-0.16045973234949487
2024-11-07,risk_aversion,-0.17608753718512501,-0.016945343708459723,-0.1591421934766653
2024-11-08,risk_aversion,-0.17617258069068586,-0.01705263344085137,-0.1591199472498345
2024-11-11,risk_aversion,-0.17736504599337183,-0.017247060240218312,-0.1601179857531535
2024-11-12,risk_aversion,-0.1775751781483751,-0.017879802479923847,-0.15969537566845124
2024-11-13,risk_aversion,-0.1769761394630174,-0.017602087481978564,-0.15937405198103885
2024-11-14,risk_aversion,-0.17896692692861615,-0.01743333382826925,-0.1615335931003469
2024-11-15,risk_aversion,-0.1736058725024776,-0.01749503808710154,-0.15611083441537607
2024-11-18,risk_aversion,-0.1730404531363689,-0.018021120579548792,-0.1550193325568201
2024-11-19,risk_aversion,-0.17237863380099172,-0.017766448543796165,-0.15461218525719556
2024-11-20,risk_aversion,-0.17109964642081799,-0.01765074967328227,-0.1534488967475357
2024-11-21,risk_aversion,-0.17162585051362506,-0.01770367717217756,-0.1539221733414475
2024-11-22,risk_aversion,-0.17059017942956717,-0.018618716716638232,-0.15197146271292894
2024-11-25,risk_aversion,-0.1689134838344652,-0.01752023975392717,-0.15139324408053803
2024-11-26,risk_aversion,-0.1671956371135455,-0.017604948913662554,-0.14959068819988294
2024-11-27,risk_aversion,-0.1672020223206373,-0.017601567481411163,-0.14960045483922613
2024-11-29,risk_aversion,-0.16678994262208402,-0.017830569330185394,-0.14895937329189862
2024-12-02,risk_aversion,-0.16661856273184622,-0.01775482496183486,-0.14886373777001136
2024-12-03,risk_aversion,-0.1662858621895625,-0.017493232740219335,-0.14879262944934318
2024-12-04,risk_aversion,-0.16801237152087395,-0.016906483219244914,-0.15110588830162902
2024-12-05,risk_aversion,-0.1674714808350448,-0.01701380194061883,-0.15045767889442596
2024-12-06,risk_aversion,-0.16787309495716315,-0.01696177148049141,-0.15091132347667174
2024-12-09,risk_aversion,-0.17065515779322346,-0.016153213551073645,-0.1545019442421498
2024-12-10,risk_aversion,-0.17012014139967965,-0.016796571577410616,-0.15332356982226902
2024-12-11,risk_aversion,-0.17002116388003194,-0.01684548357254661,-0.15317568030748532
2024-12-12,risk_aversion,-0.17030588716334286,-0.017205255294092968,-0.15310063186924988
2024-12-13,risk_aversion,-0.17063042251354874,-0.017268084475419113,-0.15336233803812963
2024-12-16,risk_aversion,-0.16857766546592634,-0.01724678218256654,-0.1513308832833598
2024-12-17,risk_aversion,-0.16786711538821664,-0.01757384225337894,-0.1502932731348377
2024-12-18,risk_aversion,-0.15720324031832356,-0.021115352802495612,-0.13608788751582795
2024-12-19,risk_aversion,-0.1514440649854574,-0.020895054941717797,-0.1305490100437396
2024-12-20,risk_aversion,-0.14645456712296126,-0.02124141261729454,-0.12521315450566672
2024-12-23,risk_aversion,-0.14385214431322182,-0.02084354861648108,-0.12300859569674075
2024-12-24,risk_aversion,-0.14707739087648772,-0.020567052399552827,-0.12651033847693488
2024-12-26,risk_aversion,-0.14770104499743042,-0.020442975144075566,-0.12725806985335486
2024-12-27,risk_aversion,-0.147275449492334,-0.02064624420960817,-0.12662920528272584
2024-12-30,risk_aversion,-0.14692281568645366,-0.020748365555949604,-0.12617445013050405
2024-12-31,risk_aversion,-0.1469190755877558,-0.02076447794699857,-0.12615459764075723
2025-01-02,risk_aversion,-0.1483811667562729,-0.020467690119279413,-0.12791347663699348
2025-01-03,risk_aversion,-0.1464888611140695,-0.019548809723575148,-0.12694005139049436
2025-01-06,risk_aversion,-0.14669767569120704,-0.01954130882177232,-0.1271563668694347
2025-01-07,risk_aversion,-0.14969955598032594,-0.019224092856263236,-0.13047546312406272
2025-01-08,risk_aversion,-0.14890531629161102,-0.01935163082688038,-0.12955368546473064
2025-01-10,risk_aversion,-0.14803426992709995,-0.01882364412692265,-0.1292106258001773
2025-01-13,risk_aversion,-0.1479065517224789,-0.01871440676954126,-0.12919214495293765
2025-01-14,risk_aversion,-0.14829945607342357,-0.018762168736816503,-0.12953728733660708
2025-01-15,risk_aversion,-0.14816810286080803,-0.019143320626417114,-0.12902478223439093
2025-01-16,risk_aversion,-0.14798253095846328,-0.018632960095126536,-0.12934957086333676
2025-01-17,risk_aversion,-0.14851320568440723,-0.01808958199724151,-0.13042362368716573
2025-01-21,risk_aversion,-0.14993216822644642,-0.018353265328391235,-0.13157890289805518
2025-01-22,risk_aversion,-0.14975436759702235,-0.0183264059852634,-0.13142796161175896
2025-01-23,risk_aversion,-0.1498999648190639,-0.018342359075671694,-0.1315576057433922
2025-01-24,risk_aversion,-0.15096132987399882,-0.01832551510471947,-0.13263581476927935
2025-01-27,risk_aversion,-0.15219007593195857,-0.01893497451804804,-0.13325510141391053
2025-01-28,risk_aversion,-0.15142172533748707,-0.019239188197513128,-0.13218253713997394
2025-01-29,risk_aversion,-0.15093769854919642,-0.019278302940044213,-0.1316593956091522
2025-01-30,risk_aversion,-0.15121181576945744,-0.01966896189755159,-0.13154285387190584
2025-01-31,risk_aversion,-0.15173461946437172,-0.019645523760146295,-0.13208909570422542
2025-02-03,risk_aversion,-0.15049301046692376,-0.019199533210459484,-0.13129347725646429
2025-02-04,risk_aversion,-0.14878924285023348,-0.019340817904441164,-0.1294484249457923
2025-02-05,risk_aversion,-0.14741929898698422,-0.01950339875432402,-0.1279159002326602
2025-02-06,risk_aversion,-0.14745169243883952,-0.019513732650425816,-0.1279379597884137
2025-02-07,risk_aversion,-0.14751117741292313,-0.019385149711679792,-0.12812602770124334
2025-02-10,risk_aversion,-0.14748870762112798,-0.019753416327306407,-0.12773529129382158
2025-02-11,risk_aversion,-0.14757614763978685,-0.019789297188872564,-0.12778685045091429
2025-02-12,risk_aversion,-0.14785976387312458,-0.01976019616178092,-0.12809956771134365
2025-02-13,risk_aversion,-0.1497831451199753,-0.019858417604892566,-0.12992472751508272
2025-02-14,risk_aversion,-0.14991869156636234,-0.018792928317019682,-0.13112576324934266
2025-02-18,risk_aversion,-0.14904355117303475,-0.018675307324654538,-0.13036824384838022
2025-02-19,risk_aversion,-0.14918366101467706,-0.01860666851702618,-0.13057699249765087
2025-02-20,risk_aversion,-0.14888433161042133,-0.018634135924144018,-0.13025019568627733
2025-02-21,risk_aversion,-0.15058265873913199,-0.018852945472198943,-0.13172971326693306
2025-02-24,risk_aversion,-0.1508123125263138,-0.018757307470514913,-0.1320550050557989
2025-02-25,risk_aversion,-0.15127976180855218,-0.01898438536732941,-0.13229537644122277
2025-02-26,risk_aversion,-0.15166479062095642,-0.01888802770565709,-0.13277676291529933
2025-02-27,risk_aversion,-0.15143807033672918,-0.01966527779105655,-0.13177279254567265
2025-02-28,risk_aversion,-0.1507317231669073,-0.019344635354746294,-0.13138708781216102
2025-03-03,risk_aversion,-0.14837993241023317,-0.01825306257324711,-0.13012686983698607
2025-03-04,risk_aversion,-0.1478729946234002,-0.018079065434727926,-0.12979392918867227
2025-03-05,risk_aversion,-0.14883747851013068,-0.01784834162788492,-0.13098913688224575
2025-03-06,risk_aversion,-0.1497572532442886,-0.018316810102790116,-0.13144044314149847
2025-03-07,risk_aversion,-0.14598665577610814,-0.018460821685752752,-0.1275258340903554
2025-03-10,risk_aversion,-0.15222362532503908,-0.019054623809576787,-0.1331690015154623
2025-03-11,risk_aversion,-0.15300363483218896,-0.019221353861215866,-0.13378228097097308
2025-03-12,risk_aversion,-0.1521807758291569,-0.019350132293732055,-0.13283064353542484
2025-03-13,risk_aversion,-0.1531054100092629,-0.01923774626745598,-0.13386766374180692
2025-03-14,risk_aversion,-0.15633651526739983,-0.01971255747041898,-0.13662395779698086
2025-03-17,risk_aversion,-0.15589421837118042,-0.019779009843245723,-0.13611520852793468
2025-03-18,risk_aversion,-0.1553038816632015,-0.019366589418366005,-0.1359372922448355
2025-03-19,risk_aversion,-0.1562977929244251,-0.019414195217847183,-0.13688359770657793
2025-03-20,risk_aversion,-0.1563534578737152,-0.01940517116228014,-0.13694828671143508
2025-03-21,risk_aversion,-0.15709159885611151,-0.019327160757473892,-0.13776443809863761
2025-03-24,risk_aversion,-0.15838149980397906,-0.018675377299755838,-0.1397061225042232
2025-03-25,risk_aversion,-0.15838425088725255,-0.018715632829640973,-0.13966861805761158
2025-03-26,risk_aversion,-0.1585634610692014,-0.018701271334495357,-0.13986218973470604
2025-03-27,risk_aversion,-0.15894111370197747,-0.018599867471346395,-0.14034124623063107
2025-03-28,risk_aversion,-0.16005017642141392,-0.01798235629474372,-0.14206782012667019
2025-03-31,risk_aversion,-0.1605532797741091,-0.01771441017754276,-0.14283886959656633
2025-04-01,risk_aversion,-0.16111385080226412,-0.01775768657791055,-0.14335616422435357
2025-04-02,risk_aversion,-0.161026239356522,-0.01797852928944302,-0.14304771006707898
2025-04-03,risk_aversion,-0.16048650389242936,-0.018632599768025865,-0.1418539041244035
2025-04-04,risk_aversion,-0.1449557566010012,-0.021590940510611015,-0.1233648160903902
2025-04-07,risk_aversion,-0.1491252621233182,-0.02167168729889389,-0.12745357482442432
2025-04-08,risk_aversion,-0.14940620355140294,-0.021211972387493932,-0.12819423116390902
2025-04-09,risk_aversion,-0.14846669630008805,-0.02571342473786488,-0.12275327156222317
2025-04-10,risk_aversion,-0.14918629246261536,-0.0236299682765232,-0.12555632418609217
2025-04-11,risk_aversion,-0.1508891832291975,-0.023963665296123177,-0.12692551793307433
2025-04-14,risk_aversion,-0.14960811922416734,-0.022671767819560207,-0.12693635140460713
2025-04-15,risk_aversion,-0.14763022052545308,-0.022066187005816567,-0.12556403351963652
2025-04-16,risk_aversion,-0.14556602609724778,-0.021860782101025947,-0.12370524399622183
2025-04-17,risk_aversion,-0.14551545557192602,-0.021580639855713013,-0.12393481571621301
2025-04-21,risk_aversion,-0.14329439603490357,-0.020026988209468286,-0.12326740782543529
2025-04-22,risk_aversion,-0.14423662330898054,-0.01931007957543747,-0.12492654373354307
2025-04-23,risk_aversion,-0.14477505597651064,-0.01857916968462057,-0.12619588629189007
2025-04-24,risk_aversion,-0.14376319489220588,-0.02001384391134894,-0.12374935098085693
2025-04-25,risk_aversion,-0.1443563764637878,-0.019835100432767958,-0.12452127603101984
2025-04-28,risk_aversion,-0.14414721006036893,-0.019764093520966624,-0.1243831165394023
2025-04-29,risk_aversion,-0.14404111896751998,-0.019513539225509767,-0.1245275797420102
2025-04-30,risk_aversion,-0.1443173056789322,-0.019565300114413944,-0.12475200556451825
2025-05-01,risk_aversion,-0.14454523233221175,-0.019551830125817057,-0.1249934022063947
2025-05-02,risk_aversion,-0.14294593392104482,-0.019023515353166535,-0.12392241856787828
2025-05-05,risk_aversion,-0.1436196428156299,-0.01852968806683271,-0.1250899547487972
2025-05-06,risk_aversion,-0.1428220242474384,-0.018172311675322458,-0.12464971257211593
2025-05-07,risk_aversion,-0.1418688631452941,-0.017948146621034427,-0.12392071652425966
2025-05-08,risk_aversion,-0.14266509366224306,-0.017524375550179997,-0.12514071811206307
2025-05-09,risk_aversion,-0.14286357009644707,-0.017635211635532385,-0.12522835846091468
2025-05-12,risk_aversion,-0.14030391312274826,-0.015445263308894832,-0.12485864981385343
2025-05-13,risk_aversion,-0.1404167107011545,-0.015320670964518472,-0.12509603973663602
2025-05-14,risk_aversion,-0.14067378376435108,-0.015459559473496046,-0.12521422429085505
2025-05-15,risk_aversion,-0.14197565542824592,-0.015357405495935226,-0.1266182499323107
2025-05-16,risk_aversion,-0.1421563653812825,-0.015134837074228922,-0.1270215283070536
2025-05-19,risk_aversion,-0.14014883230633784,-0.014596714032167639,-0.1255521182741702
2025-05-20,risk_aversion,-0.1401901520683896,-0.014632350608376905,-0.12555780146001272
2025-05-21,risk_aversion,-0.1381555226945531,-0.013990607887055508,-0.12416491480749761
2025-05-22,risk_aversion,-0.13853934074557953,-0.013879870404206535,-0.124659470341373
2025-05-23,risk_aversion,-0.13909902063606988,-0.013152993895499074,-0.12594602674057082
2025-05-27,risk_aversion,-0.13834174053678366,-0.011648581827415624,-0.12669315870936804
2025-05-28,risk_aversion,-0.13806250937609554,-0.01138084354050443,-0.12668166583559112
2025-05-29,risk_aversion,-0.13757863571393222,-0.011427453371468966,-0.12615118234246325
2025-05-30,risk_aversion,-0.13733518250738425,-0.011614733843518875,-0.12572044866386536
2025-06-02,risk_aversion,-0.13711499116845122,-0.011374595994196372,-0.12574039517425484
2025-06-03,risk_aversion,-0.1373569129196311,-0.011222847232202664,-0.12613406568742844
2025-06-04,risk_aversion,-0.13869927661372014,-0.011605910780396555,-0.1270933658333236
2025-06-05,risk_aversion,-0.13924151958524783,-0.011749999649109973,-0.12749151993613786
2025-06-06,risk_aversion,-0.13952256663970752,-0.01114405410810963,-0.1283785125315979
2025-06-09,risk_aversion,-0.1390995733832796,-0.0109560941284409,-0.1281434792548387
2025-06-10,risk_aversion,-0.13915298232893628,-0.010938343679831306,-0.12821463864910498
2025-06-11,risk_aversion,-0.13946430155526818,-0.011347838465532447,-0.12811646308973573
2025-06-12,risk_aversion,-0.13979640227248452,-0.0112925530271966,-0.12850384924528793
2025-06-13,risk_aversion,-0.1395880962406754,-0.010594961714719629,-0.12899313452595576
2025-06-16,risk_aversion,-0.14044767557657867,-0.010033044279955857,-0.1304146312966228
2025-06-17,risk_aversion,-0.14150594808943176,-0.010061038846249327,-0.13144490924318245
2025-06-18,risk_aversion,-0.14074295187680483,-0.010108473682213551,-0.13063447819459129
2025-06-20,risk_aversion,-0.14080408013135956,-0.01010899532518973,-0.13069508480616984
2025-06-23,risk_aversion,-0.14125710014895204,-0.010096688712671751,-0.1311604114362803
2025-06-24,risk_aversion,-0.14195652820097804,-0.009547767443784083,-0.13240876075719396
2025-06-25,risk_aversion,-0.14218491571825093,-0.009612163443131708,-0.13257275227511922
2025-06-26,risk_aversion,-0.14189477947437729,-0.009610024529312134,-0.13228475494506514
2025-06-27,risk_aversion,-0.14130458147580455,-0.009578243469657159,-0.1317263380061474
2025-06-30,risk_aversion,-0.14140675067009542,-0.009579940187157132,-0.1318268104829383
2025-07-01,risk_aversion,-0.14143425101824797,-0.009473487004258523,-0.13196076401398946
2025-07-02,risk_aversion,-0.1414785888172675,-0.00948528101237192,-0.13199330780489557
2025-07-03,risk_aversion,-0.14110772944256475,-0.009425434822458383,-0.13168229462010636
2025-07-07,risk_aversion,-0.14132819514121675,-0.00943236113213068,-0.13189583400908608
2025-07-08,risk_aversion,-0.14121175316904133,-0.009179037799378047,-0.1320327153696633
2025-07-09,risk_aversion,-0.140790409363683,-0.00937205882550861,-0.13141835053817438
2025-07-10,risk_aversion,-0.14084332788039375,-0.009425671462628883,-0.13141765641776487
2025-07-11,risk_aversion,-0.14032025093246175,-0.0093089966990628,-0.13101125423339896
2025-07-14,risk_aversion,-0.1399236217529195,-0.009411685247783946,-0.13051193650513557
2025-07-15,risk_aversion,-0.14002662517386108,-0.009455674672838648,-0.13057095050102244
2025-07-16,risk_aversion,-0.1401891565493013,-0.009505210189020317,-0.130683946360281
2025-07-17,risk_aversion,-0.14189914761783276,-0.009495401227616235,-0.13240374639021651
2025-07-18,risk_aversion,-0.141895391169516,-0.009529338630361877,-0.13236605253915412
2025-07-21,risk_aversion,-0.14198765807601074,-0.009285528962032368,-0.13270212911397838
2025-07-22,risk_aversion,-0.14187194970923736,-0.009072736537936372,-0.132799213171301
2025-07-23,risk_aversion,-0.1421315994009015,-0.008434258869604222,-0.13369734053129728
2025-07-24,risk_aversion,-0.14216505847180644,-0.008510305729174595,-0.13365475274263183
2025-07-25,risk_aversion,-0.14208722244275648,-0.008377254618802534,-0.13370996782395395
2025-07-28,risk_aversion,-0.14424665689565985,-0.008160597509261855,-0.136086059386398
2025-07-29,risk_aversion,-0.1440784780762006,-0.007964304931783055,-0.13611417314441757
2025-07-30,risk_aversion,-0.14256958220338203,-0.0073676217814350655,-0.13520196042194696
2025-07-31,risk_aversion,-0.14229342793820468,-0.007181597492377218,-0.13511183044582747
2025-08-01,risk_aversion,-0.1422702937007173,-0.005903084035503286,-0.136367209665214
2025-08-04,risk_aversion,-0.14233753169903238,-0.00563477552084186,-0.13670275617819053
2025-08-05,risk_aversion,-0.14180379577222132,-0.005446746383711324,-0.13635704938851
2025-08-06,risk_aversion,-0.14344041277724348,-0.005190522403388375,-0.1382498903738551
2025-08-07,risk_aversion,-0.12470498707556144,-0.0027914385314663603,-0.12191354854409507
2025-08-08,risk_aversion,-0.12154346460132598,-0.004207693699004558,-0.11733577090232142
2025-08-11,risk_aversion,-0.12052660895680734,-0.004693992999499663,-0.11583261595730768
2025-08-12,risk_aversion,-0.11600494856195374,-0.0036520720420132693,-0.11235287651994047
2025-08-13,risk_aversion,-0.11610845098760987,-0.0036207667914691377,-0.11248768419614073
2025-08-14,risk_aversion,-0.11631992957484351,-0.003829058476055991,-0.11249087109878751
2025-08-15,risk_aversion,-0.11570764603687472,-0.004025294191035337,-0.11168235184583938
2025-08-18,risk_aversion,-0.11810704331310568,-0.004515882199416048,-0.11359116111368962
2025-08-19,risk_aversion,-0.11970564901356326,-0.0045820596066850836,-0.11512358940687817
2025-08-20,risk_aversion,-0.11916799599621232,-0.004279881305933537,-0.11488811469027878
2025-08-21,risk_aversion,-0.11960524903180558,-0.004403659910525254,-0.11520158912128033
2025-08-22,risk_aversion,-0.12143140453119054,-0.0051205612882683875,-0.11631084324292215
2025-08-25,risk_aversion,-0.12270115465958788,-0.00515433856383001,-0.11754681609575787
2025-08-26,risk_aversion,-0.12223017874059208,-0.0047440858488064,-0.11748609289178569
2025-08-27,risk_aversion,-0.12039921148450823,-0.004291798826615025,-0.1161074126578932
2025-08-28,risk_aversion,-0.12026858163735572,-0.004386743399802869,-0.11588183823755285
2025-08-29,risk_aversion,-0.1216277639821174,-0.0041155661880904896,-0.11751219779402691
2025-09-02,risk_aversion,-0.11788812480099985,-0.0026164069856739426,-0.1152717178153259
2025-09-03,risk_aversion,-0.11826077205485076,-0.0026121018040251593,-0.1156486702508256
2025-09-04,risk_aversion,-0.11762907710931131,-0.0025986813270043553,-0.11503039578230695
2025-09-05,risk_aversion,-0.1213998974466533,-0.0018893803921653542,-0.11951051705448795
2025-09-08,risk_aversion,-0.12141930777624092,-0.0018936136546542773,-0.11952569412158665
2025-09-09,risk_aversion,-0.12287732497058815,-0.001672106372107316,-0.12120521859848084
2025-09-10,risk_aversion,-0.12072064023035127,-0.0011565761328465407,-0.11956406409750472
2025-09-11,risk_aversion,-0.11772231096241235,-0.0009250132011170452,-0.11679729776129531
2025-09-12,risk_aversion,-0.11759779731518971,-0.0008983765308611388,-0.11669942078432857
2025-09-15,risk_aversion,-0.11845105609603351,-0.0007452533832968578,-0.11770580271273666
2025-09-16,risk_aversion,-0.11802681504364282,-0.0004624291490056609,-0.11756438589463716
2025-09-17,risk_aversion,-0.11745379770594229,-0.00016382517288361772,-0.11728997253305867
2025-09-18,risk_aversion,-0.11697077625530532,-0.00013716938639951365,-0.1168336068689058
2025-09-19,risk_aversion,-0.11724812201518008,-0.00011436826603601307,-0.11713375374914406
2025-09-22,risk_aversion,-0.11778439887360745,0.0003571600646065121,-0.11814155893821396
2025-09-23,risk_aversion,-0.11588254422350945,0.0011423607491570615,-0.11702490497266652
2025-09-24,risk_aversion,-0.11607755851419865,0.001345670965561788,-0.11742322947976044
2025-09-25,risk_aversion,-0.11662011915611678,0.0013949184971325105,-0.11801503765324929
2025-09-26,risk_aversion,-0.11583856160928295,0.0013917735051524396,-0.1172303351144354
2025-09-29,risk_aversion,-0.11456785196688447,0.0017723507847296036,-0.11634020275161408
2025-09-30,risk_aversion,-0.11454081538700484,0.0018101344419627335,-0.11635094982896757
2025-10-01,risk_aversion,-0.1156546381224384,0.0022681292873713665,-0.11792276740980977
2025-10-02,risk_aversion,-0.11561543485241671,0.0021552722538147008,-0.11777070710623141
2025-10-03,risk_aversion,-0.11464141857290212,0.0015640990660341148,-0.11620551763893623
2025-10-06,risk_aversion,-0.1150551471752634,0.0014149562662921665,-0.11647010344155556
2025-10-07,risk_aversion,-0.11657474405429179,0.0015997675193628836,-0.11817451157365468
2025-10-08,risk_aversion,-0.11636970526471707,0.0010871971437449264,-0.117456902408462
2025-10-09,risk_aversion,-0.11915328113040902,0.0014246931999638416,-0.12057797433037286
2025-10-10,risk_aversion,-0.1206145425208379,0.0022537975821385853,-0.1228683401029765
2025-10-13,risk_aversion,-0.11935933368687365,0.0007765192015463123,-0.12013585288841996
2025-10-14,risk_aversion,-0.12015469563534086,0.0009905644210850587,-0.12114526005642591
2025-10-15,risk_aversion,-0.11956104638763386,0.0010284189836143394,-0.1205894653712482
2025-10-16,risk_aversion,-0.11943984787782716,0.002958489227692154,-0.12239833710551931
2025-10-17,risk_aversion,-0.11607007241337058,0.0047605498545305385,-0.12083062226790112
2025-10-20,risk_aversion,-0.11735495404953769,0.002791321601082806,-0.1201462756506205
2025-10-21,risk_aversion,-0.11759151821200306,0.0034467240515355414,-0.1210382422635386
2025-10-22,risk_aversion,-0.11773127610365079,0.003657488484093762,-0.12138876458774456
2025-10-23,risk_aversion,-0.11798959591519177,0.00358691234219247,-0.12157650825738424
2025-10-24,risk_aversion,-0.1179025574074755,0.0037426451703538163,-0.12164520257782932
2025-10-27,risk_aversion,-0.1181508450374278,0.004572794709066632,-0.12272363974649443
2025-10-28,risk_aversion,-0.11821740957373678,0.0044346584709096535,-0.12265206804464643
2025-10-29,risk_aversion,-0.11810668959244627,0.004350321378582429,-0.1224570109710287
2025-10-30,risk_aversion,-0.1176893062624934,0.004335666396101211,-0.1220249726585946
2025-10-31,risk_aversion,-0.1168460838836035,0.004333943308618287,-0.12118002719222179
2025-11-03,risk_aversion,-0.11649419216971589,0.004241407551440403,-0.1207355997211563
2025-11-04,risk_aversion,-0.11802154730978388,0.004376352132360558,-0.12239789944214444
2025-11-05,risk_aversion,-0.11906826569471332,0.003993517122041167,-0.12306178281675449
2025-11-06,risk_aversion,-0.11974827872660203,0.00388465683517049,-0.12363293556177252
2025-11-07,risk_aversion,-0.11932228523999698,0.003872079636874745,-0.12319436487687173
2025-11-10,risk_aversion,-0.11299268363755036,-0.0004792425414865386,-0.11251344109606382
2025-11-11,risk_aversion,-0.11284371733430638,-4.492942821490257e-05,-0.11279878790609148
2025-11-12,risk_aversion,-0.11292428342875155,-3.14033960565698e-05,-0.11289288003269497
2025-11-13,risk_aversion,-0.11419289715924823,-0.000622742806401077,-0.11357015435284715
2025-11-14,risk_aversion,-0.11378154458051803,-0.000623480815711233,-0.1131580637648068
2025-11-17,risk_aversion,-0.1145725234603295,-0.001622728441697405,-0.1129497950186321
2025-11-18,risk_aversion,-0.11349701000208484,-0.0013388683746037686,-0.11215814162748107
2025-11-19,risk_aversion,-0.11572718462200353,-0.0011461860074253774,-0.11458099861457816
2025-11-20,risk_aversion,-0.11688732034635113,-0.0009541786195788237,-0.11593314172677231
2025-11-21,risk_aversion,-0.11523143740939822,-0.000918808285552604,-0.11431262912384561
2025-11-24,risk_aversion,-0.11800398058819163,-0.0018418363314472073,-0.11616214425674443
2025-11-25,risk_aversion,-0.11629783542911155,-0.00168840477618175,-0.1146094306529298
2025-11-26,risk_aversion,-0.11701300815964746,-0.0013982420391902305,-0.11561476612045724
2025-11-28,risk_aversion,-0.11802778133050347,-0.002258984169746084,-0.11576879716075739
2025-12-01,risk_aversion,-0.11999428586990302,-0.0021869635896809873,-0.11780732228022203
2025-12-02,risk_aversion,-0.12099820696482029,-0.002038535819160215,-0.11895967114566007
2025-12-03,risk_aversion,-0.12125180818772976,-0.001867341747745948,-0.11938446643998382
2025-12-04,risk_aversion,-0.12127450741693867,-0.0019206724410645356,-0.11935383497587414
2025-12-05,risk_aversion,-0.12086221051600864,-0.0018801795078467324,-0.1189820310081619
2025-12-08,risk_aversion,-0.12010891186654508,-0.0020357949727263535,-0.11807311689381873
2025-12-09,risk_aversion,-0.11993334930913915,-0.001988956528889768,-0.11794439278024939
2025-12-10,risk_aversion,-0.11900765518413144,-0.0021043603797773008,-0.11690329480435413
2025-12-11,risk_aversion,-0.11678071661681566,-0.0027311562857703234,-0.11404956033104534
2025-12-12,risk_aversion,-0.1170497812551219,-0.0026249961286697364,-0.11442478512645217
2025-12-15,risk_aversion,-0.1171070647030819,-0.0024927623638697997,-0.11461430233921209
2025-12-16,risk_aversion,-0.11702862044992361,-0.0023125568080078623,-0.11471606364191575
2025-12-17,risk_aversion,-0.11729448826338029,-0.002166301299730627,-0.11512818696364967
2025-12-18,risk_aversion,-0.11821072259343535,-0.0021064128072665837,-0.11610430978616876
2025-12-19,risk_aversion,-0.12034566230574607,-0.001852702590952525,-0.11849295971479355
2025-12-22,risk_aversion,-0.12335639405564366,0.0034195549722266538,-0.12677594902787032
2025-12-23,risk_aversion,-0.12764081632788,0.0033820235330534057,-0.1310228398609334
2025-12-24,risk_aversion,-0.13240583229086025,0.004849354075587798,-0.13725518636644804
2025-12-26,risk_aversion,-0.1346081336241352,0.004591681943019382,-0.13919981556715458
2025-12-29,risk_aversion,-0.13124382429395687,0.003520973997929471,-0.13476479829188634
2025-12-30,risk_aversion,-0.13069262673765952,0.0034327961614167707,-0.1341254228990763
2025-12-31,risk_aversion,-0.13063975144687895,0.003634089612540499,-0.13427384105941945
2026-01-02,risk_aversion,-0.13140541599102729,0.003851597123871478,-0.13525701311489877
2026-01-05,risk_aversion,-0.1306295592540787,0.004217578121748714,-0.13484713737582743
2026-01-06,risk_aversion,-0.13134685595961007,0.0039606610978425785,-0.13530751705745264
2026-01-07,risk_aversion,-0.13178056907986546,0.0031171883028718577,-0.13489775738273732
2026-01-08,risk_aversion,-0.13166666223733559,0.0031162088914963504,-0.13478287112883194
2026-01-09,risk_aversion,-0.1286326973205524,0.0027354049847564325,-0.13136810230530885
2026-01-12,risk_aversion,-0.12826946748546492,0.003142930388835113,-0.13141239787430004
2026-01-13,risk_aversion,-0.12817664076496077,0.0026277711784920216,-0.1308044119434528
2026-01-14,risk_aversion,-0.12724167978441062,0.00272163172559792,-0.12996331151000853
2026-01-15,risk_aversion,-0.12586494057246203,0.003018937780748677,-0.12888387835321072
2026-01-16,risk_aversion,-0.12479330411053896,0.003503354686602859,-0.12829665879714183
2026-01-20,risk_aversion,-0.12929399058147842,0.007884280235092054,-0.13717827081657047
2026-01-21,risk_aversion,-0.12692453687321648,0.006448646419401649,-0.13337318329261813
2026-01-22,risk_aversion,-0.12593812963631668,0.006182590234440537,-0.13212071987075721
2026-01-23,risk_aversion,-0.1258362848988593,0.006349535768237077,-0.1321858206670964
2026-01-26,risk_aversion,-0.1259044496599052,0.006360932818438321,-0.13226538247834352
2026-01-27,risk_aversion,-0.1256697334977624,0.0065265985297131585,-0.13219633202747555
2026-01-28,risk_aversion,-0.12467351312114441,0.007998432228583123,-0.13267194534972754
2026-01-29,risk_aversion,-0.12614959449276977,0.008316129315828293,-0.13446572380859806
2026-01-30,risk_aversion,-0.12627908193358092,0.006344667421179759,-0.13262374935476068
2026-02-02,risk_aversion,-0.12332393832708283,0.008212556803912174,-0.131536495130995
2026-02-03,risk_aversion,-0.12317227082391005,0.011350029086064048,-0.1345222999099741
2026-02-04,risk_aversion,-0.12457186658998094,0.011168965078487861,-0.13574083166846881
2026-02-05,risk_aversion,-0.13634520894851299,0.008910853130118647,-0.14525606207863162
2026-02-06,risk_aversion,-0.14486958373576805,0.005830883728745646,-0.1507004674645137
2026-02-09,risk_aversion,-0.145026767172062,0.005496097248995604,-0.1505228644210576
2026-02-10,risk_aversion,-0.14528641420343755,0.005363660943002885,-0.15065007514644044
2026-02-11,risk_aversion,-0.1449367912425679,0.005688854430687331,-0.15062564567325523
2026-02-12,risk_aversion,-0.1454072787821964,0.0023505522512633813,-0.14775783103345977
2026-02-13,risk_aversion,-0.14562835568422086,0.002205295345734428,-0.1478336510299553
2026-02-17,risk_aversion,-0.14588212254578847,0.002717460646228008,-0.1485995831920165
2026-02-18,risk_aversion,-0.14530756028637212,0.0021296430485302663,-0.1474372033349024
2026-02-19,risk_aversion,-0.14451870962269617,0.001854451427198944,-0.14637316104989512
2026-02-20,risk_aversion,-0.14450327807211077,0.0012978958721696894,-0.14580117394428047
2026-02-23,risk_aversion,-0.14660035765233137,0.00254589887619009,-0.14914625652852145
2026-02-24,risk_aversion,-0.14532869559777442,0.0034583756804804264,-0.14878707127825486
2026-02-25,risk_aversion,-0.1479707781564386,0.0035953972532241146,-0.15156617540966272
2026-02-26,risk_aversion,-0.1475985331535151,0.0039194024269043415,-0.15151793558041943
2026-02-27,risk_aversion,-0.14858879170535405,0.004270884924222356,-0.15285967662957642
2026-03-02,risk_aversion,-0.1462575419666739,0.005665976777403405,-0.1519235187440773
2026-03-03,risk_aversion,-0.1462207621415833,0.0028959853618858635,-0.14911674750346918
2026-03-04,risk_aversion,-0.15282142455271516,0.0017271214546689497,-0.1545485460073841
2026-03-05,risk_aversion,-0.15345011429798489,0.0007207767147375038,-0.15417089101272238
2026-03-06,risk_aversion,-0.15350652253710437,0.0022210663830043802,-0.15572758892010874
2026-03-09,risk_aversion,-0.1531287404297925,0.0030197939368571303,-0.15614853436664963
2026-03-10,risk_aversion,-0.15431948122417138,0.002862064787547466,-0.15718154601171885
2026-03-11,risk_aversion,-0.1480823655299594,0.0040264143756879095,-0.1521087799056473
2026-03-12,risk_aversion,-0.1463147460603753,0.002782521987653948,-0.14909726804802925
2026-03-13,risk_aversion,-0.14729031632449613,0.002952448702774591,-0.1502427650272707
2026-03-16,risk_aversion,-0.1483277180210904,0.0030046232316434758,-0.15133234125273387
2026-03-17,risk_aversion,-0.14606344579853708,0.003037086742938597,-0.14910053254147568
2026-03-18,risk_aversion,-0.14814272052560915,0.0010871581510019212,-0.14922987867661106
2026-03-19,risk_aversion,-0.14726549210538162,0.0017786571063495538,-0.14904414921173118
2026-03-20,risk_aversion,-0.14528623247515854,7.33182683580302e-05,-0.14535955074351656
2026-03-23,risk_aversion,-0.14538987976961124,0.00038214442611009464,-0.14577202419572133
2026-03-24,risk_aversion,-0.14568317285354518,0.00022439113354855394,-0.14590756398709373
2026-03-25,risk_aversion,-0.1442445934715081,-0.0010235911269823818,-0.1432210023445257
2026-03-26,risk_aversion,-0.14516012734884615,-0.0026233660428526713,-0.14253676130599346
2026-03-27,risk_aversion,-0.1460770297881693,-0.0004426422868528684,-0.14563438750131644
2026-03-30,risk_aversion,-0.14621541141288338,-0.0005336520263720345,-0.14568175938651134
2026-03-31,risk_aversion,-0.1441901376191881,-0.004526145259096982,-0.13966399236009114
2026-04-01,risk_aversion,-0.1440520635648675,-0.004944485088188594,-0.1391075784766789
2026-04-02,risk_aversion,-0.14341534501413603,-0.0046833210383700405,-0.13873202397576598
2026-04-06,risk_aversion,-0.14300862789780217,-0.004715755338247855,-0.1382928725595543
2026-04-07,risk_aversion,-0.14130304612978062,-0.0033123702580718146,-0.1379906758717088
2026-04-08,risk_aversion,-0.1621372275124848,0.002056498179508174,-0.16419372569199298
2026-04-09,risk_aversion,-0.1605930627416649,0.0023412496758044815,-0.1629343124174694
2026-04-10,risk_aversion,-0.16078780378113422,0.002143167797316444,-0.16293097157845066
2026-04-13,risk_aversion,-0.16121842629000113,0.012561945742663385,-0.17378037203266453
2026-04-14,risk_aversion,-0.16119264638352948,0.009361347079633896,-0.17055399346316338
2026-04-15,risk_aversion,-0.15914079349154214,0.010384446927467176,-0.16952524041900932
2026-04-16,risk_aversion,-0.1615628884131703,0.009683322376494961,-0.17124621078966526
2026-04-17,risk_aversion,-0.162187815015947,0.00954719599466964,-0.17173501101061664
2026-04-20,risk_aversion,-0.16328266934795208,0.007213419159292085,-0.17049608850724415
2026-04-21,risk_aversion,-0.1641366196413786,0.006124046037830816,-0.17026066567920942
2026-04-22,risk_aversion,-0.1700562461983711,0.0031655137834316798,-0.17322175998180278
2026-04-23,risk_aversion,-0.16818545854195968,0.0018941949606041922,-0.17007965350256388
2026-04-24,risk_aversion,-0.16748427204061253,0.0005171016818251362,-0.16800137372243767
2026-04-27,risk_aversion,-0.1676272104292191,0.001427896031501889,-0.169055106460721
2026-04-28,risk_aversion,-0.16717710629840415,0.0010134570210508676,-0.16819056331945503
2026-04-29,risk_aversion,-0.1671582934921489,0.0004076045821263629,-0.16756589807427524
2026-04-30,risk_aversion,-0.16672273950238312,-0.0009467808227243658,-0.16577595867965875
2026-05-01,risk_aversion,-0.16645362517000506,-0.0008128204544510228,-0.16564080471555404
2026-05-04,risk_aversion,-0.164536938617346,-0.0020152385240158,-0.1625217000933302
2026-05-05,risk_aversion,-0.165439684934791,-0.002256655606177083,-0.16318302932861392
2026-05-06,risk_aversion,-0.16484825418654384,-0.003087787763885727,-0.16176046642265812
2026-05-07,risk_aversion,-0.16514281503660896,-0.004003815583972592,-0.16113899945263638
2026-05-08,risk_aversion,-0.16493953652922871,-0.004569032619580116,-0.1603705039096486
2026-05-11,risk_aversion,-0.1617870758851483,-0.005226902208757844,-0.15656017367639044
2026-05-12,risk_aversion,-0.16126397266552792,-0.005040761149614985,-0.15622321151591292
2026-05-13,risk_aversion,-0.16635745951991032,-0.00898519891787247,-0.15737226060203785
2026-05-14,risk_aversion,-0.16661167986414394,-0.00872642569429792,-0.157885254169846
2026-05-15,risk_aversion,-0.16725011596007205,-0.009542044959335293,-0.15770807100073675
2026-05-18,risk_aversion,-0.16668040980052956,-0.009119083558111463,-0.1575613262424181
2026-05-19,risk_aversion,-0.16656129628165722,-0.009638145195393927,-0.15692315108626329
2026-05-20,risk_aversion,-0.16762152037670613,-0.01041109520560841,-0.15721042517109773
2026-05-21,risk_aversion,-0.1674452075712358,-0.01030065744645148,-0.15714455012478432
2026-05-22,risk_aversion,-0.17169333104335183,-0.011097422380461875,-0.16059590866288995
2026-05-26,risk_aversion,-0.1711670741488362,-0.011323393242593963,-0.15984368090624224
2026-05-27,risk_aversion,-0.17023292864031236,-0.012395970332819197,-0.15783695830749317
2026-05-28,risk_aversion,-0.17143369948501286,-0.015119890626229732,-0.15631380885878313
2026-05-29,risk_aversion,-0.1710760653595709,-0.015250843882671365,-0.15582522147689953
2026-06-01,risk_aversion,-0.17173912906452496,-0.015761010015284616,-0.15597811904924033
2026-06-02,risk_aversion,-0.1712669371152473,-0.01596482278930811,-0.15530211432593918
2026-06-03,risk_aversion,-0.17161416058717022,-0.015914485888551454,-0.15569967469861876
2026-06-04,risk_aversion,-0.17018851129149107,-0.016418765839351125,-0.15376974545213995
2026-06-05,risk_aversion,-0.16899416326845818,-0.024129865373985024,-0.14486429789447314
2026-06-08,risk_aversion,-0.17105906167275378,-0.023832939836536563,-0.14722612183621722
2026-06-09,risk_aversion,-0.17087683789928187,-0.02553990646242765,-0.14533693143685422
2026-06-10,risk_aversion,-0.17016238864954972,-0.0287271805068941,-0.14143520814265562
2026-06-11,risk_aversion,-0.17062065632411952,-0.03115254106546728,-0.13946811525865224
2026-06-12,risk_aversion,-0.16966159502893188,-0.0309989715935655,-0.1386626234353664
2026-06-15,risk_aversion,-0.17140492001798388,-0.03267819376042749,-0.1387267262575564
2026-06-16,risk_aversion,-0.17259002559607847,-0.034343958169310775,-0.1382460674267677
2026-06-17,risk_aversion,-0.17130952951855052,-0.03700664733550608,-0.13430288218304445
2026-06-18,risk_aversion,-0.16697555981332016,-0.036640544064751784,-0.13033501574856837
2026-06-22,risk_aversion,-0.16656294070563468,-0.037259387546965554,-0.12930355315866912
2026-06-23,risk_aversion,-0.1674710495571105,-0.03852339461833361,-0.1289476549387769
2026-06-24,risk_aversion,-0.16624188559393857,-0.03748619485586395,-0.12875569073807464
2026-06-25,risk_aversion,-0.1658638781381589,-0.039247131700403365,-0.12661674643775553
2026-06-26,risk_aversion,-0.1655152161476414,-0.039399292877996435,-0.12611592326964496
2026-06-29,risk_aversion,-0.1657204737265508,-0.038946222035818,-0.1267742516907328
2026-06-30,risk_aversion,-0.16403493339808353,-0.038973684551537956,-0.12506124884654557
2026-07-01,risk_aversion,-0.16415408958718228,-0.03914765613456884,-0.12500643345261345
2026-07-02,risk_aversion,-0.1644752988521421,-0.03951855911534933,-0.12495673973679278
2026-07-06,risk_aversion,-0.16497379329821157,-0.039692248217545086,-0.1252815450806665
2026-07-07,risk_aversion,-0.1647909979701434,-0.04006441510299236,-0.12472658286715105
2026-07-08,risk_aversion,-0.16551340356499192,-0.040475874502321305,-0.12503752906267063
2026-07-09,risk_aversion,-0.16584403804067438,-0.04129178437639846,-0.12455225366427591
2026-07-10,risk_aversion,-0.16524639774576078,-0.04102033065271943,-0.12422606709304135
2026-07-13,risk_aversion,-0.16529466865473744,-0.04298550118698839,-0.12230916746774904
2026-07-14,risk_aversion,-0.1674585635974708,-0.043557563276200924,-0.12390100032126988
2026-07-15,risk_aversion,-0.16830001905301673,-0.0433964831862894,-0.12490353586672732
2026-07-16,risk_aversion,-0.1680016790590239,-0.04416237411265763,-0.12383930494636627
2026-07-17,risk_aversion,-0.16624977762905005,-0.04306577088250032,-0.12318400674654972
2026-07-20,risk_aversion,-0.16648653451602316,-0.04316831567336355,-0.12331821884265962
2026-07-21,risk_aversion,-0.1669736461126816,-0.044051801496098865,-0.12292184461658273
2026-07-22,risk_aversion,-0.1668104712442428,-0.04435442341872269,-0.12245604782552011
2026-07-23,risk_aversion,-0.1662644938128196,-0.04552123591464588,-0.12074325789817372
2026-07-24,risk_aversion,-0.16703176820619134,-0.04630193989748621,-0.12072982830870513
2026-07-27,risk_aversion,-0.16699416181221186,-0.046281122507725175,-0.12071303930448668
2026-07-28,risk_aversion,-0.16712906419520493,-0.04624366314432088,-0.12088540105088405
2026-07-29,risk_aversion,-0.16566803746852746,-0.04542188165312433,-0.12024615581540313
2026-07-30,risk_aversion,-0.16471055422147055,-0.046439598387526544,-0.11827095583394401
2026-07-31,risk_aversion,-0.16328043085376587,-0.04603293179298844,-0.11724749906077743
2026-08-03,risk_aversion,-0.16405157028054565,-0.046494168344840964,-0.11755740193570469
2026-08-04,risk_aversion,-0.16429961201848028,-0.050038020264062434,-0.11426159175441786
2026-08-05,risk_aversion,-0.16542122998182596,-0.05135792912714048,-0.11406330085468547
2026-08-06,risk_aversion,-0.16505536234918225,-0.05128534066949388,-0.11377002167968836
2026-08-07,risk_aversion,-0.16487047998990662,-0.05176657539069274,-0.11310390459921388
2026-08-10,risk_aversion,-0.16486199140586177,-0.051435886700477336,-0.11342610470538445
2026-08-11,risk_aversion,-0.16606918393210446,-0.05174377703150937,-0.11432540690059509
2026-08-12,risk_aversion,-0.16755809484988074,-0.05138649389853658,-0.11617160095134416
2026-08-13,risk_aversion,-0.16815066098593082,-0.051913193011836944,-0.11623746797409387
2026-08-14,risk_aversion,-0.16771241224650474,-0.05196995140650046,-0.11574246084000428
2026-08-17,risk_aversion,-0.16569892896630808,-0.05134396033865621,-0.11435496862765188
2026-08-18,risk_aversion,-0.16525018160691424,-0.051806751422891116,-0.11344343018402311
2026-08-19,risk_aversion,-0.16731728594726433,-0.05321594811512232,-0.11410133783214202
2026-08-20,risk_aversion,-0.1631801482182198,-0.05279932675200611,-0.1103808214662137
2026-08-21,risk_aversion,-0.1651641732435515,-0.05342118167176939,-0.11174299157178212
2026-08-24,risk_aversion,-0.16388986191358904,-0.053070906672531816,-0.11081895524105723
2026-08-25,risk_aversion,-0.16229013146544002,-0.052950007792177956,-0.10934012367326207
2017-08-17,credit_baa,,,
2017-08-18,credit_baa,,,
2017-08-21,credit_baa,,,
2017-08-22,credit_baa,,,
2017-08-23,credit_baa,,,
2017-08-24,credit_baa,,,
2017-08-25,credit_baa,,,
2017-08-28,credit_baa,,,
2017-08-29,credit_baa,,,
2017-08-30,credit_baa,,,
2017-08-31,credit_baa,,,
2017-09-01,credit_baa,,,
2017-09-05,credit_baa,,,
2017-09-07,credit_baa,,,
2017-09-08,credit_baa,,,
2017-09-11,credit_baa,,,
2017-09-12,credit_baa,,,
2017-09-13,credit_baa,,,
2017-09-14,credit_baa,,,
2017-09-15,credit_baa,,,
2017-09-18,credit_baa,,,
2017-09-19,credit_baa,,,
2017-09-20,credit_baa,,,
2017-09-21,credit_baa,,,
2017-09-22,credit_baa,,,
2017-09-25,credit_baa,,,
2017-09-26,credit_baa,,,
2017-09-27,credit_baa,,,
2017-09-28,credit_baa,,,
2017-09-29,credit_baa,,,
2017-10-02,credit_baa,,,
2017-10-03,credit_baa,,,
2017-10-04,credit_baa,,,
2017-10-05,credit_baa,,,
2017-10-06,credit_baa,,,
2017-10-09,credit_baa,,,
2017-10-10,credit_baa,,,
2017-10-11,credit_baa,,,
2017-10-12,credit_baa,,,
2017-10-13,credit_baa,,,
2017-10-16,credit_baa,,,
2017-10-17,credit_baa,,,
2017-10-18,credit_baa,,,
2017-10-19,credit_baa,,,
2017-10-20,credit_baa,,,
2017-10-23,credit_baa,,,
2017-10-24,credit_baa,,,
2017-10-25,credit_baa,,,
2017-10-26,credit_baa,,,
2017-10-27,credit_baa,,,
2017-10-30,credit_baa,,,
2017-10-31,credit_baa,,,
2017-11-01,credit_baa,,,
2017-11-02,credit_baa,,,
2017-11-03,credit_baa,,,
2017-11-06,credit_baa,,,
2017-11-07,credit_baa,,,
2017-11-08,credit_baa,,,
2017-11-09,credit_baa,,,
2017-11-10,credit_baa,,,
2017-11-13,credit_baa,,,
2017-11-14,credit_baa,,,
2017-11-15,credit_baa,,,
2017-11-16,credit_baa,,,
2017-11-17,credit_baa,,,
2017-11-20,credit_baa,,,
2017-11-21,credit_baa,,,
2017-11-22,credit_baa,,,
2017-11-24,credit_baa,,,
2017-11-27,credit_baa,,,
2017-11-28,credit_baa,,,
2017-11-29,credit_baa,,,
2017-11-30,credit_baa,,,
2017-12-01,credit_baa,,,
2017-12-04,credit_baa,,,
2017-12-05,credit_baa,,,
2017-12-06,credit_baa,,,
2017-12-07,credit_baa,,,
2017-12-08,credit_baa,,,
2017-12-11,credit_baa,,,
2017-12-12,credit_baa,,,
2017-12-13,credit_baa,,,
2017-12-14,credit_baa,,,
2017-12-15,credit_baa,,,
2017-12-18,credit_baa,,,
2017-12-19,credit_baa,,,
2017-12-20,credit_baa,,,
2017-12-21,credit_baa,,,
2017-12-22,credit_baa,,,
2017-12-26,credit_baa,,,
2017-12-27,credit_baa,,,
2017-12-28,credit_baa,,,
2017-12-29,credit_baa,,,
2018-01-02,credit_baa,,,
2018-01-03,credit_baa,,,
2018-01-04,credit_baa,,,
2018-01-05,credit_baa,,,
2018-01-08,credit_baa,,,
2018-01-09,credit_baa,,,
2018-01-10,credit_baa,,,
2018-01-11,credit_baa,,,
2018-01-12,credit_baa,,,
2018-01-16,credit_baa,,,
2018-01-17,credit_baa,,,
2018-01-18,credit_baa,,,
2018-01-19,credit_baa,,,
2018-01-22,credit_baa,,,
2018-01-23,credit_baa,,,
2018-01-24,credit_baa,,,
2018-01-25,credit_baa,,,
2018-01-26,credit_baa,,,
2018-01-29,credit_baa,,,
2018-01-30,credit_baa,,,
2018-01-31,credit_baa,,,
2018-02-01,credit_baa,,,
2018-02-02,credit_baa,,,
2018-02-05,credit_baa,,,
2018-02-06,credit_baa,,,
2018-02-07,credit_baa,,,
2018-02-09,credit_baa,,,
2018-02-12,credit_baa,,,
2018-02-13,credit_baa,,,
2018-02-14,credit_baa,,,
2018-02-15,credit_baa,,,
2018-02-16,credit_baa,,,
2018-02-20,credit_baa,,,
2018-02-21,credit_baa,,,
2018-02-22,credit_baa,,,
2018-02-23,credit_baa,,,
2018-02-26,credit_baa,,,
2018-02-27,credit_baa,,,
2018-02-28,credit_baa,,,
2018-03-01,credit_baa,,,
2018-03-02,credit_baa,,,
2018-03-05,credit_baa,,,
2018-03-06,credit_baa,,,
2018-03-07,credit_baa,,,
2018-03-08,credit_baa,,,
2018-03-09,credit_baa,,,
2018-03-12,credit_baa,,,
2018-03-13,credit_baa,,,
2018-03-14,credit_baa,,,
2018-03-15,credit_baa,,,
2018-03-16,credit_baa,,,
2018-03-19,credit_baa,,,
2018-03-20,credit_baa,,,
2018-03-21,credit_baa,,,
2018-03-22,credit_baa,,,
2018-03-23,credit_baa,,,
2018-03-26,credit_baa,,,
2018-03-27,credit_baa,,,
2018-03-28,credit_baa,,,
2018-03-29,credit_baa,,,
2018-04-02,credit_baa,,,
2018-04-03,credit_baa,,,
2018-04-04,credit_baa,,,
2018-04-05,credit_baa,,,
2018-04-06,credit_baa,,,
2018-04-09,credit_baa,,,
2018-04-10,credit_baa,,,
2018-04-11,credit_baa,,,
2018-04-12,credit_baa,,,
2018-04-13,credit_baa,,,
2018-04-16,credit_baa,,,
2018-04-17,credit_baa,,,
2018-04-18,credit_baa,,,
2018-04-19,credit_baa,,,
2018-04-20,credit_baa,,,
2018-04-23,credit_baa,,,
2018-04-24,credit_baa,,,
2018-04-25,credit_baa,,,
2018-04-26,credit_baa,,,
2018-04-27,credit_baa,,,
2018-04-30,credit_baa,,,
2018-05-01,credit_baa,,,
2018-05-02,credit_baa,,,
2018-05-03,credit_baa,,,
2018-05-04,credit_baa,,,
2018-05-07,credit_baa,,,
2018-05-08,credit_baa,,,
2018-05-09,credit_baa,,0.06505039258237098,
2018-05-10,credit_baa,,0.0624826912401753,
2018-05-11,credit_baa,0.011802375806309806,0.06261804702501401,-0.05081567121870421
2018-05-14,credit_baa,0.009791495679468049,0.06315496354595551,-0.05336346786648746
2018-05-15,credit_baa,0.00890177891385222,0.06268749268790655,-0.053785713774054326
2018-05-16,credit_baa,0.01480777359867865,0.06283884208003859,-0.04803106848135994
2018-05-17,credit_baa,0.011000575962502085,0.06254156742807898,-0.0515409914655769
2018-05-18,credit_baa,0.011863441223453095,0.06247675913920674,-0.050613317915753644
2018-05-21,credit_baa,0.012294444832695806,0.06248859620530047,-0.05019415137260466
2018-05-22,credit_baa,0.011446075609118563,0.06247119532959383,-0.05102511972047527
2018-05-23,credit_baa,-0.00416394835923004,0.06253555286058926,-0.0666995012198193
2018-05-24,credit_baa,-0.0042821057040843095,0.06273970297887918,-0.0670218086829635
2018-05-25,credit_baa,-0.009139397282631868,0.061989642057944265,-0.07112903934057613
2018-05-29,credit_baa,0.0007569657231485239,0.05085557637110219,-0.050098610647953665
2018-05-30,credit_baa,0.016636540010047062,0.048236169524519965,-0.0315996295144729
2018-05-31,credit_baa,0.009226581674139528,0.04857777480125056,-0.03935119312711104
2018-06-01,credit_baa,0.00666118047517063,0.04774343621291572,-0.04108225573774509
2018-06-04,credit_baa,0.00534227838949103,0.04776753153053769,-0.042425253141046664
2018-06-05,credit_baa,0.009446182695478094,0.04858488931515807,-0.039138706619679976
2018-06-06,credit_baa,0.007107721330897618,0.04858478574804787,-0.04147706441715025
2018-06-07,credit_baa,0.0019792570698906908,0.04848418425499569,-0.046504927185105
2018-06-08,credit_baa,0.0005358629259423825,0.0485796496216126,-0.048043786695670214
2018-06-11,credit_baa,0.015175613838367819,0.04832083874974502,-0.033145224911377204
2018-06-12,credit_baa,0.01974474704078863,0.04866846249690215,-0.028923715456113518
2018-06-13,credit_baa,0.02384015167398497,0.048269138373469515,-0.024428986699484546
2018-06-14,credit_baa,0.032338219446636875,0.04841008834034016,-0.016071868893703288
2018-06-15,credit_baa,0.03428175559705291,0.050316466830461426,-0.016034711233408515
2018-06-18,credit_baa,0.042944017911118286,0.048922798080491964,-0.005978780169373678
2018-06-19,credit_baa,0.04368180155676957,0.04848432451100345,-0.004802522954233883
2018-06-20,credit_baa,0.043520138076258354,0.04777880379680727,-0.004258665720548914
2018-06-21,credit_baa,0.040259651390671815,0.04652984010052783,-0.006270188709856017
2018-06-22,credit_baa,0.017724223561566353,0.046933378398620246,-0.029209154837053893
2018-06-25,credit_baa,0.019977869911206335,0.04571581853314342,-0.025737948621937082
2018-06-26,credit_baa,0.019802866479425456,0.045678440834097216,-0.02587557435467176
2018-06-27,credit_baa,0.02029956899413514,0.04629709400942127,-0.025997525015286134
2018-06-28,credit_baa,0.017563024663061172,0.04529548652333108,-0.02773246186026991
2018-06-29,credit_baa,0.021727937070974083,0.04479317260072624,-0.023065235529752155
2018-07-02,credit_baa,-0.007024301179998077,0.04700309014751842,-0.054027391327516494
2018-07-03,credit_baa,-0.00903308527129482,0.04939057162305718,-0.058423656894352
2018-07-05,credit_baa,-0.002432277681333303,0.04676708597281589,-0.049199363654149196
2018-07-06,credit_baa,-0.0013712899444676583,0.04650717693147181,-0.04787846687593947
2018-07-09,credit_baa,-0.008291323328391886,0.045119353979282614,-0.0534106773076745
2018-07-10,credit_baa,0.0037868065846806713,0.045320825502142906,-0.04153401891746224
2018-07-11,credit_baa,0.003698690126226427,0.045203546514057516,-0.041504856387831086
2018-07-12,credit_baa,0.006755373699475694,0.044686146667828976,-0.03793077296835328
2018-07-13,credit_baa,0.0067477513658108215,0.04463765010039341,-0.03788989873458259
2018-07-16,credit_baa,0.017223064392778095,0.04452836142141108,-0.027305297028632988
2018-07-17,credit_baa,0.008063100673102331,0.04565206328369824,-0.03758896261059591
2018-07-18,credit_baa,0.00670058748279751,0.04555587528900322,-0.03885528780620571
2018-07-19,credit_baa,0.007402669567850385,0.044953549018637455,-0.03755087945078707
2018-07-20,credit_baa,0.005372963606661732,0.04576052307920723,-0.0403875594725455
2018-07-23,credit_baa,0.0060807090404452055,0.045712207395471924,-0.03963149835502672
2018-07-24,credit_baa,-0.01513458533260113,0.04505931867233048,-0.0601939040049316
2018-07-25,credit_baa,-0.013617026581817581,0.0444081235914235,-0.058025150173241086
2018-07-26,credit_baa,-0.01559075341917287,0.045923082803140926,-0.061513836222313795
2018-07-27,credit_baa,-0.014830485795581735,0.045802810195845194,-0.06063329599142693
2018-07-30,credit_baa,-0.015071593535640408,0.04578411969061456,-0.060855713226254965
2018-07-31,credit_baa,-0.010060817444016877,0.045413243643340234,-0.05547406108735711
2018-08-01,credit_baa,-0.010506885094605027,0.04531352186701913,-0.05582040696162416
2018-08-02,credit_baa,-0.011277544126578384,0.04457225855336627,-0.05584980267994466
2018-08-03,credit_baa,-0.011657358189052908,0.044621269598266365,-0.05627862778731928
2018-08-06,credit_baa,0.0021616020840399836,0.04551410238772853,-0.04335250030368855
2018-08-07,credit_baa,0.0023026918683320776,0.045549032157897726,-0.04324634028956565
2018-08-08,credit_baa,-0.02353009899169986,0.04606175748180468,-0.06959185647350455
2018-08-09,credit_baa,-0.020885808443957536,0.04583712328020623,-0.06672293172416377
2018-08-10,credit_baa,-0.023696474803748372,0.04555819146211691,-0.06925466626586528
2018-08-13,credit_baa,-0.03595751055466315,0.037764294848746,-0.07372180540340914
2018-08-14,credit_baa,-0.03313188264578821,0.03759453842266369,-0.0707264210684519
2018-08-15,credit_baa,-0.03255645908499396,0.03743609267382487,-0.06999255175881883
2018-08-16,credit_baa,-0.03312987078441724,0.037445532149088384,-0.07057540293350562
2018-08-17,credit_baa,-0.03297369321136309,0.03754103475684287,-0.07051472796820596
2018-08-20,credit_baa,-0.03308007443139518,0.037593579385710015,-0.07067365381710519
2018-08-21,credit_baa,-0.032785970407792756,0.0372245955432489,-0.07001056595104166
2018-08-22,credit_baa,-0.0276078648069984,0.037897426996869654,-0.06550529180386805
2018-08-23,credit_baa,-0.026764065645234734,0.03876400513049007,-0.0655280707757248
2018-08-24,credit_baa,-0.029112195224527362,0.038185083901453205,-0.06729727912598057
2018-08-27,credit_baa,-0.03953945958218262,0.03697584560537796,-0.07651530518756058
2018-08-28,credit_baa,-0.033583052376554734,0.036007774797930256,-0.06959082717448499
2018-08-29,credit_baa,-0.030733107711249905,0.03478238027484638,-0.06551548798609629
2018-08-30,credit_baa,-0.03723856875087109,0.03161097095737108,-0.06884953970824217
2018-08-31,credit_baa,-0.04088495392203451,0.03185060562686597,-0.07273555954890049
2018-09-04,credit_baa,-0.031044922807065677,0.030605084212496397,-0.061650007019562074
2018-09-05,credit_baa,-0.039218736247478896,0.030921757297577793,-0.07014049354505669
2018-09-06,credit_baa,-0.027916336083806663,0.03005945463838567,-0.05797579072219233
2018-09-07,credit_baa,-0.018046312122941964,0.028685692377793483,-0.04673200450073545
2018-09-10,credit_baa,-0.015955316458945924,0.027400474066917195,-0.04335579052586312
2018-09-11,credit_baa,-0.013176515199300248,0.027065865036906923,-0.04024238023620717
2018-09-12,credit_baa,-0.014461931082179394,0.023416912631521868,-0.03787884371370126
2018-09-13,credit_baa,-0.01747015256137358,0.02361182794464822,-0.0410819805060218
2018-09-14,credit_baa,-0.03914586207643961,0.020746957096344575,-0.05989281917278418
2018-09-17,credit_baa,-0.07030151131668501,0.021916088235664936,-0.09221759955234994
2018-09-18,credit_baa,-0.061057106205389546,0.02145567605510263,-0.08251278226049218
2018-09-19,credit_baa,-0.06169223519469546,0.021585492022938732,-0.08327772721763418
2018-09-20,credit_baa,-0.06328014168778454,0.02042699681702789,-0.08370713850481243
2018-09-21,credit_baa,-0.06834329756063479,0.019415902811608883,-0.08775920037224366
2018-09-24,credit_baa,-0.08068434013703993,0.018680945002613886,-0.09936528513965381
2018-09-25,credit_baa,-0.0763413036106534,0.01842202563847391,-0.09476332924912731
2018-09-26,credit_baa,-0.0852756158190512,0.01651195925090936,-0.10178757506996056
2018-09-27,credit_baa,-0.08978128381227435,0.015108036564986336,-0.10488932037726069
2018-09-28,credit_baa,-0.10596722290742522,0.018117028740967097,-0.12408425164839232
2018-10-01,credit_baa,-0.10561752671190022,0.01848394409429492,-0.12410147080619514
2018-10-02,credit_baa,-0.10954095153137848,0.01766994135535911,-0.1272108928867376
2018-10-03,credit_baa,-0.1015724099966671,0.01737492290755827,-0.11894733290422536
2018-10-04,credit_baa,-0.09384924358644223,0.01737887958601898,-0.11122812317246121
2018-10-05,credit_baa,-0.09222139574682693,0.01737961974679067,-0.1096010154936176
2018-10-08,credit_baa,-0.0879705083333985,0.01676466044607934,-0.10473516877947785
2018-10-09,credit_baa,-0.08856757679761929,0.017859934667956934,-0.10642751146557622
2018-10-10,credit_baa,-0.09001232295291406,0.018384002718592855,-0.10839632567150692
2018-10-11,credit_baa,-0.09997466029485813,0.024659825834171024,-0.12463448612902915
2018-10-12,credit_baa,-0.09987685317242659,0.024627170026774402,-0.124504023199201
2018-10-15,credit_baa,-0.09255412421628634,0.025413713885347394,-0.11796783810163373
2018-10-16,credit_baa,-0.09245464242769826,0.025519690486392962,-0.11797433291409122
2018-10-17,credit_baa,-0.09267787020401391,0.025547591895612388,-0.1182254620996263
2018-10-18,credit_baa,-0.10085490452949135,0.024324935178093487,-0.12517983970758484
2018-10-19,credit_baa,-0.1007433912684414,0.024331069428830208,-0.1250744606972716
2018-10-22,credit_baa,-0.09636775136190871,0.025041557321350966,-0.12140930868325968
2018-10-23,credit_baa,-0.0939920365223679,0.027296540142676844,-0.12128857666504475
2018-10-24,credit_baa,-0.09308575845743844,0.02785259601594751,-0.12093835447338595
2018-10-25,credit_baa,-0.10252146748197337,0.027353028900995818,-0.1298744963829692
2018-10-26,credit_baa,-0.10048006443116142,0.028319636670008128,-0.12879970110116956
2018-10-29,credit_baa,-0.09103852837405799,0.026615695703036405,-0.11765422407709439
2018-10-30,credit_baa,-0.08965274317546605,0.02520623690363756,-0.11485898007910361
2018-10-31,credit_baa,-0.0836552152198738,0.025500503807794343,-0.10915571902766814
2018-11-01,credit_baa,-0.079527085531463,0.026442299378080684,-0.10596938490954368
2018-11-02,credit_baa,-0.08594879439874159,0.025880320750977237,-0.11182911514971883
2018-11-05,credit_baa,-0.0800944759953621,0.026015044628572157,-0.10610952062393425
2018-11-06,credit_baa,-0.08104182282646655,0.026704332609528664,-0.10774615543599521
2018-11-07,credit_baa,-0.08096093368066226,0.025683955799781714,-0.10664488948044398
2018-11-08,credit_baa,-0.08315947561498577,0.02505382306549221,-0.10821329868047798
2018-11-09,credit_baa,-0.08445828947413098,0.021912150672812505,-0.10637044014694348
2018-11-12,credit_baa,-0.08706201396509002,0.021489746765446346,-0.10855176073053636
2018-11-13,credit_baa,-0.08060352893536735,0.021056474902117928,-0.10166000383748527
2018-11-14,credit_baa,-0.1377843850503375,0.024792440488686382,-0.16257682553902386
2018-11-15,credit_baa,-0.1442729967328231,0.02496237103100643,-0.16923536776382953
2018-11-16,credit_baa,-0.16408412455345137,0.02519357332042635,-0.18927769787387771
2018-11-19,credit_baa,-0.17652237642801336,0.02543937223859951,-0.20196174866661287
2018-11-20,credit_baa,-0.18608854520721957,0.02435528680200482,-0.2104438320092244
2018-11-21,credit_baa,-0.17221966723092974,0.021807232563690455,-0.1940268997946202
2018-11-23,credit_baa,-0.17925792463738524,0.02253310947104263,-0.20179103410842786
2018-11-26,credit_baa,-0.15172725135723097,0.020048090961705865,-0.17177534231893685
2018-11-27,credit_baa,-0.14261966285183864,0.017267349495466537,-0.15988701234730518
2018-11-28,credit_baa,-0.1672068409369779,0.016823235875513022,-0.18403007681249092
2018-11-29,credit_baa,-0.16771932041682452,0.017967437154461634,-0.18568675757128617
2018-11-30,credit_baa,-0.1664117728840448,0.01836005609185313,-0.18477182897589792
2018-12-03,credit_baa,-0.1570799808254998,0.014586241519477508,-0.1716662223449773
2018-12-04,credit_baa,-0.14230991363201545,0.014347430932658639,-0.1566573445646741
2018-12-06,credit_baa,-0.16131000192623007,0.01420696799266492,-0.17551696991889498
2018-12-07,credit_baa,-0.16774839323418061,0.013563696253602247,-0.18131208948778285
2018-12-10,credit_baa,-0.1898859246909908,0.014038183512019816,-0.20392410820301063
2018-12-11,credit_baa,-0.21263763168586342,0.016681170073392797,-0.2293188017592562
2018-12-12,credit_baa,-0.21833073273108816,0.016164600717944257,-0.23449533344903242
2018-12-13,credit_baa,-0.19276024447566975,0.015203912632928657,-0.20796415710859842
2018-12-14,credit_baa,-0.19741403554983497,0.015426967200265762,-0.21284100275010073
2018-12-17,credit_baa,-0.20531024223280742,0.016331554826165575,-0.221641797058973
2018-12-18,credit_baa,-0.19955412585026838,0.016311824917481475,-0.21586595076774986
2018-12-19,credit_baa,-0.1746941367079758,0.016349798382368157,-0.19104393509034395
2018-12-20,credit_baa,-0.17549399779578584,0.017215881119958032,-0.19270987891574387
2018-12-21,credit_baa,-0.17930236809058625,0.01589396512040724,-0.1951963332109935
2018-12-24,credit_baa,-0.1473383241055665,0.019510892629957442,-0.16684921673552394
2018-12-26,credit_baa,-0.16946785885650303,0.020712838034041184,-0.19018069689054423
2018-12-27,credit_baa,-0.18098686838597383,0.02272508985038994,-0.20371195823636376
2018-12-28,credit_baa,-0.09816850981395488,0.0251967527090976,-0.12336526252305248
2018-12-31,credit_baa,-0.11345658625320228,0.026209679102303395,-0.13966626535550566
2019-01-02,credit_baa,-0.11631262126392365,0.026321012694146894,-0.14263363395807055
2019-01-03,credit_baa,-0.1221494644868498,0.027989397116056882,-0.15013886160290668
2019-01-04,credit_baa,-0.12361024681694165,0.029320386796008884,-0.15293063361295053
2019-01-07,credit_baa,-0.13795526632855717,0.027743720673214886,-0.16569898700177205
2019-01-08,credit_baa,-0.13933539144053125,0.02942460386654897,-0.16875999530708022
2019-01-09,credit_baa,-0.14816505219281947,0.02935200015325129,-0.17751705234607076
2019-01-10,credit_baa,-0.1930065868968343,0.027857629908419897,-0.2208642168052542
2019-01-11,credit_baa,-0.19339249058487087,0.02770368273069385,-0.22109617331556472
2019-01-14,credit_baa,-0.1892005534606435,0.028505460600391712,-0.2177060140610352
2019-01-15,credit_baa,-0.2195091338626811,0.03033185211742345,-0.24984098598010454
2019-01-16,credit_baa,-0.21687822235266513,0.03137323234752774,-0.24825145470019286
2019-01-17,credit_baa,-0.27272978876737486,0.03198877487837214,-0.304718563645747
2019-01-18,credit_baa,-0.2659701169600445,0.035091570462885,-0.3010616874229295
2019-01-22,credit_baa,-0.2551377282942145,0.03473941969101836,-0.28987714798523284
2019-01-23,credit_baa,-0.25409434101336126,0.03495063853837703,-0.2890449795517383
2019-01-24,credit_baa,-0.2564132607678023,0.03503713497684099,-0.29145039574464326
2019-01-25,credit_baa,-0.2526917895229544,0.030625870146237272,-0.28331765966919165
2019-01-28,credit_baa,-0.2578404598355074,0.03033887119910463,-0.288179331034612
2019-01-29,credit_baa,-0.2580981617516805,0.02819772487927414,-0.2862958866309546
2019-01-30,credit_baa,-0.25903033223420924,0.028693439635810777,-0.28772377187002
2019-01-31,credit_baa,-0.25575741604484326,0.02811670068789002,-0.2838741167327333
2019-02-01,credit_baa,-0.2547248560359851,0.027930754995948034,-0.28265561103193315
2019-02-04,credit_baa,-0.2551898592358489,0.03052364951527675,-0.28571350875112567
2019-02-05,credit_baa,-0.2557924450487597,0.02957727310520065,-0.28536971815396034
2019-02-06,credit_baa,-0.2456511201996246,0.031141899153326668,-0.27679301935295125
2019-02-07,credit_baa,-0.17369744127635037,0.03106526657821455,-0.2047627078545649
2019-02-08,credit_baa,-0.17452567365957275,0.02868435302399644,-0.2032100266835692
2019-02-11,credit_baa,-0.18016250654756305,0.02910345491651702,-0.20926596146408008
2019-02-12,credit_baa,-0.18307783793084614,0.030313567577437424,-0.21339140550828356
2019-02-13,credit_baa,-0.1684797243710174,0.03281734060268519,-0.2012970649737026
2019-02-14,credit_baa,-0.16343083874462785,0.032221454789048594,-0.19565229353367644
2019-02-15,credit_baa,-0.14544432679340188,0.03610430293266782,-0.18154862972606972
2019-02-19,credit_baa,-0.12326051106016331,0.03646858046726897,-0.15972909152743228
2019-02-20,credit_baa,-0.12348588618291656,0.03740155940327122,-0.16088744558618778
2019-02-21,credit_baa,-0.13458960697639558,0.038575423058003565,-0.17316503003439915
2019-02-22,credit_baa,-0.13476627484978335,0.03894566156938647,-0.17371193641916982
2019-02-25,credit_baa,-0.12730200415528795,0.03864734428089954,-0.16594934843618747
2019-02-26,credit_baa,-0.1277255822366432,0.038720838702676064,-0.16644642093931927
2019-02-27,credit_baa,-0.1348970669863486,0.037928614619452426,-0.17282568160580103
2019-02-28,credit_baa,-0.13669717271503382,0.03809547298687273,-0.17479264570190656
2019-03-01,credit_baa,-0.13665998355461922,0.03835854147529506,-0.17501852502991427
2019-03-04,credit_baa,-0.1504516453857055,0.039617315663288605,-0.1900689610489941
2019-03-05,credit_baa,-0.15102413441136425,0.03968866600474672,-0.19071280041611097
2019-03-06,credit_baa,-0.14764204917053425,0.039193333254495366,-0.18683538242502962
2019-03-07,credit_baa,-0.12829622629933682,0.036774797973092584,-0.1650710242724294
2019-03-08,credit_baa,-0.11305889982310849,0.03954883611964349,-0.15260773594275198
2019-03-11,credit_baa,-0.11016693307528208,0.03981807311328794,-0.14998500618857002
2019-03-12,credit_baa,-0.11625445633614827,0.03861723396955468,-0.15487169030570294
2019-03-13,credit_baa,-0.11701548584389616,0.0392043083433127,-0.15621979418720885
2019-03-14,credit_baa,-0.11805801244023473,0.03822570293776359,-0.15628371537799832
2019-03-15,credit_baa,-0.11813285444989637,0.038531818970558254,-0.15666467342045462
2019-03-18,credit_baa,-0.11915938140425894,0.0388946929724184,-0.15805407437667734
2019-03-19,credit_baa,-0.11165727585683988,0.0385531402589497,-0.15021041611578959
2019-03-20,credit_baa,-0.10929993802418313,0.03935037051901645,-0.14865030854319958
2019-03-21,credit_baa,-0.10130375698374533,0.039301437925495314,-0.14060519490924064
2019-03-22,credit_baa,-0.09879578426146586,0.03549492330918038,-0.13429070757064623
2019-03-25,credit_baa,-0.0913788756917741,0.03458386222076684,-0.12596273791254092
2019-03-26,credit_baa,-0.0919768820302341,0.0306490905978502,-0.1226259726280843
2019-03-27,credit_baa,-0.12110207797344252,0.03333014684471144,-0.15443222481815397
2019-03-28,credit_baa,-0.12166954277180808,0.03586981676302545,-0.15753935953483353
2019-03-29,credit_baa,-0.12330476514905946,0.03551803080561896,-0.1588227959546784
2019-04-01,credit_baa,-0.13317716287069734,0.036214250799542,-0.16939141367023933
2019-04-02,credit_baa,-0.13152478638671466,0.03528740936126563,-0.16681219574798029
2019-04-03,credit_baa,-0.1269631634151019,0.03409022000214944,-0.16105338341725134
2019-04-04,credit_baa,-0.1145392481122245,0.033691748972316894,-0.1482309970845414
2019-04-05,credit_baa,-0.1164852576703176,0.033223062751160326,-0.14970832042147791
2019-04-08,credit_baa,-0.12031805447049305,0.032786982764487466,-0.15310503723498053
2019-04-09,credit_baa,-0.11954998698713663,0.03202444167643208,-0.1515744286635687
2019-04-10,credit_baa,-0.1064808643371766,0.033453171180991996,-0.1399340355181686
2019-04-11,credit_baa,-0.09987974129437815,0.0348608260247794,-0.13474056731915757
2019-04-12,credit_baa,-0.08616592636887604,0.03328282837664215,-0.11944875474551819
2019-04-15,credit_baa,-0.08547420877317126,0.033389049038458636,-0.1188632578116299
2019-04-16,credit_baa,-0.09596325718263138,0.035966227919213355,-0.13192948510184474
2019-04-17,credit_baa,-0.09633099705844342,0.03597580724639541,-0.13230680430483882
2019-04-18,credit_baa,-0.0969873398271163,0.0358488240017966,-0.1328361638289129
2019-04-22,credit_baa,-0.09501769132746692,0.03593095348798303,-0.13094864481544993
2019-04-23,credit_baa,-0.0981197511318521,0.036532393148381616,-0.13465214428023373
2019-04-24,credit_baa,-0.0906299758304804,0.03516234800757537,-0.12579232383805578
2019-04-25,credit_baa,-0.0959894160093981,0.03479478853585808,-0.1307842045452562
2019-04-26,credit_baa,-0.0801316668156268,0.0359366429511003,-0.1160683097667271
2019-04-29,credit_baa,-0.08020262610246945,0.03594760082073153,-0.11615022692320098
2019-04-30,credit_baa,-0.07892144981546885,0.03622081350403015,-0.115142263319499
2019-05-01,credit_baa,-0.07982420981479345,0.03702426878615545,-0.11684847860094891
2019-05-02,credit_baa,-0.06898288595072724,0.038754306829072036,-0.10773719277979928
2019-05-03,credit_baa,-0.07498855657133789,0.03817504782374899,-0.11316360439508688
2019-05-06,credit_baa,-0.08812001639048456,0.037215354617350725,-0.1253353710078353
2019-05-07,credit_baa,-0.08120140128230724,0.037831247637844186,-0.11903264892015142
2019-05-08,credit_baa,-0.07954410983515692,0.03785426367286215,-0.11739837350801907
2019-05-09,credit_baa,-0.06782273331097315,0.03820815905292391,-0.10603089236389705
2019-05-10,credit_baa,-0.07175111594139902,0.03781605780071666,-0.10956717374211568
2019-05-13,credit_baa,0.009548897496779138,0.04271088779614197,-0.03316199029936283
2019-05-14,credit_baa,0.0007613394773082003,0.04274369772366817,-0.04198235824635997
2019-05-15,credit_baa,0.011006488645030515,0.042192435028344355,-0.031185946383313838
2019-05-16,credit_baa,0.017743762633697563,0.04310839117457653,-0.025364628540878967
2019-05-17,credit_baa,0.015315745600533313,0.04311078074000409,-0.027795035139470774
2019-05-20,credit_baa,0.015045414464356135,0.043135352287664484,-0.028089937823308347
2019-05-21,credit_baa,0.01242665634548281,0.0433022688400625,-0.030875612494579686
2019-05-22,credit_baa,0.010641885423996323,0.04279423344550204,-0.03215234802150572
2019-05-23,credit_baa,0.007497684957705087,0.04386486724115884,-0.03636718228345375
2019-05-24,credit_baa,0.020450962173166443,0.04378466946650699,-0.02333370729334055
2019-05-28,credit_baa,0.025816503598917084,0.04363771476851206,-0.017821211169594977
2019-05-29,credit_baa,0.027195108263695908,0.043869547317397464,-0.016674439053701556
2019-05-30,credit_baa,0.023293543618060117,0.04865604935058205,-0.025362505732521932
2019-05-31,credit_baa,0.005246631105393987,0.05477224003969588,-0.04952560893430189
2019-06-03,credit_baa,0.017700722257339357,0.05975484424336917,-0.04205412198602981
2019-06-04,credit_baa,0.021029913683925122,0.0601522843519414,-0.03912237066801628
2019-06-05,credit_baa,0.02781833007791802,0.060408127932090966,-0.032589797854172944
2019-06-06,credit_baa,0.027948243129903908,0.05951585570725939,-0.03156761257735548
2019-06-07,credit_baa,0.019759659866734152,0.05812550160373575,-0.038365841737001596
2019-06-10,credit_baa,0.023874249133329785,0.06068482034081186,-0.03681057120748207
2019-06-11,credit_baa,0.025493627961238913,0.06069617863631228,-0.035202550675073364
2019-06-12,credit_baa,0.019589841075577593,0.06183121118364625,-0.04224137010806865
2019-06-13,credit_baa,0.016176645286198853,0.06193163037222326,-0.04575498508602441
2019-06-14,credit_baa,0.01188277201801178,0.06234262961653979,-0.05045985759852801
2019-06-17,credit_baa,-0.003199733962009295,0.0622721903926751,-0.0654719243546844
2019-06-18,credit_baa,-0.0024548199491456,0.05987333857337474,-0.06232815852252034
2019-06-19,credit_baa,-0.007769843308379918,0.0612318313414228,-0.06900167464980272
2019-06-20,credit_baa,-0.019088689874591006,0.0537527606597755,-0.07284145053436651
2019-06-21,credit_baa,-0.030110648456746898,0.05185489275139836,-0.08196554120814525
2019-06-24,credit_baa,-0.04793436394549057,0.04976102234777003,-0.0976953862932606
2019-06-25,credit_baa,-0.031055304770637983,0.049666844513240105,-0.08072214928387808
2019-06-26,credit_baa,-0.07079673150458338,0.052188133812681524,-0.12298486531726491
2019-06-27,credit_baa,-0.04654010290210491,0.05220514314841934,-0.09874524605052426
2019-06-28,credit_baa,-0.04849617022792862,0.05160727313577594,-0.10010344336370455
2019-07-01,credit_baa,-0.010147002042232447,0.055996160414638826,-0.06614316245687127
2019-07-02,credit_baa,-0.01440978194099515,0.05616325659362753,-0.07057303853462268
2019-07-03,credit_baa,-0.0013211917094708174,0.05355168259165545,-0.054872874301126265
2019-07-05,credit_baa,0.00018280960916438588,0.052197536313383405,-0.05201472670421902
2019-07-08,credit_baa,-0.030644941907042214,0.055593872396233916,-0.08623881430327612
2019-07-09,credit_baa,-0.03344795763640664,0.0554218552452402,-0.08886981288164685
2019-07-10,credit_baa,-0.037924393344185243,0.060069697988513464,-0.09799409133269871
2019-07-11,credit_baa,-0.047951779648531964,0.05997750190769116,-0.10792928155622313
2019-07-12,credit_baa,-0.04804078288337384,0.05976560179908193,-0.10780638468245576
2019-07-15,credit_baa,-0.05032836098351275,0.060223563445037084,-0.11055192442854983
2019-07-16,credit_baa,-0.02787765901260687,0.06166425214827378,-0.08954191116088064
2019-07-17,credit_baa,-0.03380326409989309,0.06300127192674992,-0.09680453602664302
2019-07-18,credit_baa,-0.005570316618919871,0.0649125481082118,-0.07048286472713167
2019-07-19,credit_baa,-0.0030478231562961504,0.06648405260908856,-0.0695318757653847
2019-07-22,credit_baa,0.0010569139938151743,0.06677491131260718,-0.065717997318792
2019-07-23,credit_baa,0.0024710400944992408,0.06691846706329592,-0.06444742696879668
2019-07-24,credit_baa,0.03831338977072627,0.05998896482208425,-0.021675575051357976
2019-07-25,credit_baa,0.05339693090595459,0.061086472808606955,-0.007689541902652364
2019-07-26,credit_baa,0.05242675691186665,0.06145181518878232,-0.009025058276915673
2019-07-29,credit_baa,0.05493357581581227,0.06010375106032364,-0.0051701752445113686
2019-07-30,credit_baa,0.05524993335574764,0.06032874952010607,-0.0050788161643584295
2019-07-31,credit_baa,0.05135648126013561,0.06157069419712749,-0.01021421293699188
2019-08-01,credit_baa,0.05566246117580615,0.06871319084587549,-0.013050729670069337
2019-08-02,credit_baa,0.056382171014166725,0.06824877165767079,-0.011866600643504067
2019-08-05,credit_baa,0.11161169899128838,0.0731748035946602,0.03843689539662817
2019-08-06,credit_baa,0.11086991387413196,0.07368088209705467,0.03718903177707729
2019-08-07,credit_baa,0.09867942126690515,0.07006137478967793,0.028618046477227224
2019-08-08,credit_baa,0.09590583901623619,0.07052142087108033,0.02538441814515585
2019-08-09,credit_baa,0.10849322584489846,0.07088974809472846,0.03760347775016999
2019-08-12,credit_baa,0.10772184852111938,0.07098159448031399,0.03674025404080539
2019-08-13,credit_baa,0.11438318651876074,0.07195020503886351,0.04243298147989723
2019-08-14,credit_baa,0.11913400692202024,0.07843564781261515,0.040698359109405086
2019-08-15,credit_baa,0.1134244839560881,0.07937304518269295,0.03405143877339516
2019-08-16,credit_baa,0.11085249747521247,0.07977546418474563,0.03107703329046685
2019-08-19,credit_baa,0.11542716162928174,0.07618202822904732,0.03924513340023442
2019-08-20,credit_baa,0.11568277340290521,0.07671861502507418,0.03896415837783103
2019-08-21,credit_baa,0.13879605633113695,0.0768290780941488,0.06196697823698816
2019-08-22,credit_baa,0.13859868854934626,0.07713520374323744,0.06146348480610882
2019-08-23,credit_baa,0.14272056901612615,0.0798989347566937,0.06282163425943245
2019-08-26,credit_baa,0.14249639718745025,0.07902366354372085,0.06347273364372939
2019-08-27,credit_baa,0.14431293224843791,0.07834273811941506,0.06597019412902286
2019-08-28,credit_baa,0.14658557630138258,0.07872829132326116,0.06785728497812142
2019-08-29,credit_baa,0.1418830163608007,0.07878224806866073,0.06310076829213997
2019-08-30,credit_baa,0.13935904809241859,0.07995139203632495,0.05940765605609363
2019-09-03,credit_baa,0.15941649206786168,0.08275798510840375,0.07665850695945793
2019-09-04,credit_baa,0.15513126205026423,0.08362317618971661,0.07150808586054762
2019-09-05,credit_baa,0.15071256175457698,0.0870376678102668,0.06367489394431018
2019-09-06,credit_baa,0.15763175307786265,0.08822859339161512,0.06940315968624752
2019-09-09,credit_baa,0.14731399711158832,0.08920142846036413,0.05811256865122419
2019-09-10,credit_baa,0.14977075527694206,0.089930567193711,0.05984018808323106
2019-09-11,credit_baa,0.14796270872830436,0.08982979353576002,0.058132915192544335
2019-09-12,credit_baa,0.14727197265975392,0.09010061091514368,0.05717136174461024
2019-09-13,credit_baa,0.14873005560176547,0.09162306310934343,0.05710699249242204
2019-09-16,credit_baa,0.15346710202341157,0.09041258137217839,0.06305452065123318
2019-09-17,credit_baa,0.15353137896691724,0.09101320495158052,0.06251817401533671
2019-09-18,credit_baa,0.15447776327648718,0.09214958081086226,0.06232818246562492
2019-09-19,credit_baa,0.15528626118682734,0.09174943086166272,0.06353683032516462
2019-09-20,credit_baa,0.15583417589632662,0.09315950666896385,0.06267466922736277
2019-09-23,credit_baa,0.16283670355175714,0.09338605017413582,0.06945065337762132
2019-09-24,credit_baa,0.13371313456222306,0.09277457084330928,0.04093856371891377
2019-09-25,credit_baa,0.13520817892159995,0.09313206269395863,0.04207611622764132
2019-09-26,credit_baa,0.13584602400147688,0.09315112792501253,0.04269489607646436
2019-09-27,credit_baa,0.1332718662690324,0.09316022248926886,0.040111643779763534
2019-09-30,credit_baa,0.13804403178627042,0.09117207667677277,0.046871955109497654
2019-10-01,credit_baa,0.13812239523013717,0.09128530690631352,0.04683708832382365
2019-10-02,credit_baa,0.13330197868082386,0.09334631926860641,0.039955659412217445
2019-10-03,credit_baa,0.12960440178470534,0.09292902156248159,0.03667538022222375
2019-10-04,credit_baa,0.12835530691886757,0.09259051169272874,0.03576479522613883
2019-10-07,credit_baa,0.12676234118623117,0.09343721801196277,0.0333251231742684
2019-10-08,credit_baa,0.12581627546281884,0.09424099457559905,0.031575280887219795
2019-10-09,credit_baa,0.1213991142212989,0.09397231414759837,0.027426800073700533
2019-10-10,credit_baa,0.12114063078332125,0.09533912181683453,0.025801508966486725
2019-10-11,credit_baa,0.12987235877749853,0.09595904484093265,0.03391331393656588
2019-10-14,credit_baa,0.13785326971017514,0.09265250898244745,0.04520076072772769
2019-10-15,credit_baa,0.13942631000185457,0.0931834855401585,0.04624282446169607
2019-10-16,credit_baa,0.13328567421928122,0.09312007584304217,0.04016559837623905
2019-10-17,credit_baa,0.13203168571999488,0.09284542576347155,0.039186259956523334
2019-10-18,credit_baa,0.1321619799919131,0.09285533222133571,0.03930664777057738
2019-10-21,credit_baa,0.1321709790641014,0.09441991195460525,0.03775106710949616
2019-10-22,credit_baa,0.13206147300165652,0.09374178334192895,0.03831968965972757
2019-10-23,credit_baa,0.12583770556441445,0.09376827110466848,0.03206943445974597
2019-10-24,credit_baa,0.12690704381621873,0.0927046640722562,0.034202379743962535
2019-10-25,credit_baa,0.11562145507898657,0.09275823256996935,0.02286322250901722
2019-10-28,credit_baa,0.11485460879213408,0.09264052942245767,0.022214079369676412
2019-10-29,credit_baa,0.1186587274587025,0.0932359925313572,0.0254227349273453
2019-10-30,credit_baa,0.11748719881045878,0.09366625696290828,0.0238209418475505
2019-10-31,credit_baa,0.11762737457365098,0.09473846346309477,0.022888911110556215
2019-11-01,credit_baa,0.1182194449261309,0.09438043768936911,0.023839007236761786
2019-11-04,credit_baa,0.11820727326960481,0.09356167730348738,0.02464559596611743
2019-11-05,credit_baa,0.12055124557279423,0.09512089891221054,0.02543034666058369
2019-11-06,credit_baa,0.12108888241483909,0.0947298381060298,0.026359044308809282
2019-11-07,credit_baa,0.12474100188708316,0.09612207838761917,0.02861892349946399
2019-11-08,credit_baa,0.13402256239497456,0.09716475239261999,0.03685781000235458
2019-11-11,credit_baa,0.1340097138450185,0.09716593838571637,0.03684377545930213
2019-11-12,credit_baa,0.1355054617358504,0.09908571794832584,0.036419743787524564
2019-11-13,credit_baa,0.13506779008735292,0.0992305727576311,0.035837217329721824
2019-11-14,credit_baa,0.13468030295550443,0.10258623938897375,0.032094063566530676
2019-11-15,credit_baa,0.1874061420840768,0.10160045123711414,0.08580569084696266
2019-11-18,credit_baa,0.19531634703270778,0.10295203648401931,0.09236431054868847
2019-11-19,credit_baa,0.19634733745646452,0.10288469197556792,0.0934626454808966
2019-11-20,credit_baa,0.2255663860943238,0.10290317836841198,0.12266320772591183
2019-11-21,credit_baa,0.24064768000815856,0.10349271904844658,0.13715496095971197
2019-11-22,credit_baa,0.2438407738495812,0.10362314580540394,0.14021762804417726
2019-11-25,credit_baa,0.2500081944529323,0.10421476663076534,0.14579342782216698
2019-11-26,credit_baa,0.22757347928729932,0.1032141864692756,0.12435929281802371
2019-11-27,credit_baa,0.21546438667500567,0.10765520522666842,0.10780918144833725
2019-11-29,credit_baa,0.1921335701342115,0.106974594371997,0.08515897576221451
2019-12-02,credit_baa,0.18671902071981178,0.10646308705874669,0.0802559336610651
2019-12-03,credit_baa,0.19195055204678085,0.10684013632590947,0.08511041572087139
2019-12-04,credit_baa,0.18915510213695474,0.10746499640836377,0.08169010572859098
2019-12-05,credit_baa,0.18528323809450836,0.10765521647799532,0.07762802161651304
2019-12-06,credit_baa,0.20960096018706614,0.11084982417377351,0.09875113601329263
2019-12-09,credit_baa,0.23090324266549972,0.10970376250396303,0.12119948016153669
2019-12-10,credit_baa,0.23315439428548146,0.10755833765458207,0.1255960566308994
2019-12-11,credit_baa,0.22849237827713764,0.10981836912445785,0.1186740091526798
2019-12-12,credit_baa,0.23000052738915633,0.11076930077171822,0.11923122661743811
2019-12-13,credit_baa,0.23511736617398546,0.11118847104400476,0.1239288951299807
2019-12-16,credit_baa,0.24450624915392682,0.11099950792845066,0.13350674122547618
2019-12-17,credit_baa,0.2469020658484629,0.11093638223081861,0.13596568361764427
2019-12-18,credit_baa,0.24252266373479414,0.11085612640194285,0.13166653733285127
2019-12-19,credit_baa,0.23614401027706294,0.11097856314549225,0.12516544713157068
2019-12-20,credit_baa,0.2328832217894068,0.10966120072081623,0.12322202106859056
2019-12-23,credit_baa,0.24166938744485442,0.11202485470744802,0.1296445327374064
2019-12-24,credit_baa,0.21817916579557745,0.11071107599900698,0.10746808979657047
2019-12-26,credit_baa,0.2049032813607195,0.11053349617710725,0.09436978518361225
2019-12-27,credit_baa,0.22199473072430234,0.1095640108787784,0.11243071984552394
2019-12-30,credit_baa,0.17736547587036158,0.11395392635513424,0.06341154951522734
2019-12-31,credit_baa,0.18126514776654196,0.1139908259657177,0.06727432180082425
2020-01-02,credit_baa,0.17983731201221712,0.11411049039437868,0.06572682161783844
2020-01-03,credit_baa,0.19346030590330632,0.11394228981090068,0.07951801609240564
2020-01-06,credit_baa,0.1999271676170147,0.11427652017951173,0.08565064743750297
2020-01-07,credit_baa,0.22382927882586406,0.11612431048775623,0.10770496833810783
2020-01-08,credit_baa,0.21989503477283476,0.11381648042915006,0.1060785543436847
2020-01-09,credit_baa,0.22487126708946362,0.11451842539281688,0.11035284169664673
2020-01-10,credit_baa,0.24493584779855493,0.11404573862682545,0.1308901091717295
2020-01-13,credit_baa,0.24498110761671413,0.11389372725334172,0.13108738036337242
2020-01-14,credit_baa,0.24959115495012735,0.11513700917478367,0.13445414577534368
2020-01-15,credit_baa,0.2513244475201026,0.11573998711455649,0.1355844604055461
2020-01-16,credit_baa,0.25297719559626214,0.1161249086794817,0.13685228691678042
2020-01-17,credit_baa,0.25159959553488953,0.11556016913135403,0.1360394264035355
2020-01-21,credit_baa,0.25577399308956406,0.11344524265530752,0.14232875043425652
2020-01-22,credit_baa,0.255716765792047,0.11339278015424988,0.14232398563779713
2020-01-23,credit_baa,0.24963706680043798,0.11331089444805316,0.1363261723523848
2020-01-24,credit_baa,0.2496968625044636,0.11342594227546442,0.13627092022899917
2020-01-27,credit_baa,0.2728103635223985,0.1176084653955925,0.15520189812680601
2020-01-28,credit_baa,0.2825801639402214,0.11743625308064573,0.16514391085957567
2020-01-29,credit_baa,0.2857836055060336,0.11774938546881236,0.16803422003722124
2020-01-30,credit_baa,0.28736452746646596,0.11604313594420267,0.17132139152226328
2020-01-31,credit_baa,0.2662415631279427,0.1157877655554305,0.15045379757251223
2020-02-03,credit_baa,0.28078489574109555,0.12049079986647493,0.16029409587462062
2020-02-04,credit_baa,0.2815187112448122,0.12128061104578133,0.16023810019903087
2020-02-05,credit_baa,0.27301657035976484,0.12230750521936407,0.15070906514040078
2020-02-06,credit_baa,0.2733072275887167,0.12191925767206693,0.15138796991664974
2020-02-07,credit_baa,0.27714423848942576,0.12257068858354864,0.15457354990587713
2020-02-10,credit_baa,0.28405224948979785,0.12300373682592712,0.1610485126638707
2020-02-11,credit_baa,0.2809560455866423,0.1233325834716054,0.15762346211503686
2020-02-12,credit_baa,0.28184070207821743,0.1230074827025688,0.15883321937564865
2020-02-13,credit_baa,0.2807574460961957,0.1221333756135444,0.15862407048265129
2020-02-14,credit_baa,0.284153991195305,0.12138379982141548,0.1627701913738895
2020-02-18,credit_baa,0.2816911581216889,0.12401873187417305,0.15767242624751582
2020-02-19,credit_baa,0.28083567951960553,0.12393276778148908,0.15690291173811644
2020-02-20,credit_baa,0.2874308390284054,0.12581455658729984,0.16161628244110554
2020-02-21,credit_baa,0.2860627434606489,0.12963233133593627,0.15643041212471265
2020-02-24,credit_baa,0.2760073990176807,0.13077600426030914,0.14523139475737154
2020-02-25,credit_baa,0.24222281175997346,0.1151504814825021,0.12707233027747133
2020-02-26,credit_baa,0.23733660136676765,0.11541709991411608,0.12191950145265157
2020-02-27,credit_baa,0.2322681813389896,0.11057655837559428,0.12169162296339532
2020-02-28,credit_baa,0.18345126919646457,0.06338306160729258,0.12006820758917199
2020-03-02,credit_baa,0.1914914034257544,0.06375798676215663,0.12773341666359778
2020-03-03,credit_baa,0.18138794901203276,0.07246711428050706,0.1089208347315257
2020-03-04,credit_baa,0.1817920211116052,0.07232682488811487,0.10946519622349032
2020-03-05,credit_baa,0.19665548053879603,0.07984870661392096,0.11680677392487507
2020-03-06,credit_baa,0.19431536707315467,0.07915553627999015,0.11515983079316451
2020-03-09,credit_baa,-0.12273019356688754,0.037334088564108615,-0.16006428213099616
2020-03-10,credit_baa,-0.12304667681070972,0.03749437762039746,-0.16054105443110717
2020-03-11,credit_baa,-0.12611081918151174,0.036599464270760634,-0.16271028345227237
2020-03-12,credit_baa,-0.28150895803108683,0.004168851540826622,-0.28567780957191347
2020-03-13,credit_baa,-0.3072265868277571,-0.005132869419228542,-0.3020937174085286
2020-03-16,credit_baa,-0.32267721949782063,-0.007903160703541552,-0.31477405879427905
2020-03-17,credit_baa,-0.2861456106340105,-0.0036547857350820562,-0.28249082489892846
2020-03-18,credit_baa,-0.22854959801105898,-0.017640502577797455,-0.21090909543326153
2020-03-19,credit_baa,-0.14869689364412642,-0.02438306379957282,-0.1243138298445536
2020-03-20,credit_baa,-0.13908028981282283,-0.01653515111179806,-0.12254513870102478
2020-03-23,credit_baa,-0.13625073722346684,-0.010565096273999808,-0.12568564094946702
2020-03-24,credit_baa,-0.14865654733139583,-0.020918026000340352,-0.12773852133105548
2020-03-25,credit_baa,-0.14582478041721664,-0.01881564398476156,-0.12700913643245507
2020-03-26,credit_baa,-0.1431652406773835,-0.0209055683523143,-0.12225967232506921
2020-03-27,credit_baa,-0.14185138638078942,-0.02032611651293086,-0.12152526986785857
2020-03-30,credit_baa,-0.1313045684222258,-0.020597354897961103,-0.11070721352426469
2020-03-31,credit_baa,-0.1298830604812053,-0.022758951350093145,-0.10712410913111214
2020-04-01,credit_baa,-0.1306006448769822,-0.02217928411998018,-0.10842136075700201
2020-04-02,credit_baa,-0.13677812937362913,-0.023663529850605148,-0.11311459952302398
2020-04-03,credit_baa,-0.13851927832658137,-0.023672224503677952,-0.11484705382290342
2020-04-06,credit_baa,-0.14011369928819223,-0.02445762038995814,-0.1156560788982341
2020-04-07,credit_baa,-0.13576917872400976,-0.02234336807361144,-0.11342581065039832
2020-04-08,credit_baa,-0.13550984385382128,-0.02132299176938542,-0.11418685208443587
2020-04-09,credit_baa,-0.12989045553986203,-0.02657186298118594,-0.10331859255867609
2020-04-13,credit_baa,-0.10065723842811854,-0.030204927707374433,-0.07045231072074411
2020-04-14,credit_baa,-0.10264348979845915,-0.030946079895768096,-0.07169740990269105
2020-04-15,credit_baa,-0.10097146066538225,-0.03057937358966889,-0.07039208707571336
2020-04-16,credit_baa,-0.10321862876978538,-0.030864791398299247,-0.07235383737148614
2020-04-17,credit_baa,-0.1032393324390732,-0.030370126650532892,-0.07286920578854031
2020-04-20,credit_baa,-0.1034428418352793,-0.030336907542278083,-0.07310593429300122
2020-04-21,credit_baa,-0.10375303210459214,-0.030386268118433625,-0.07336676398615852
2020-04-22,credit_baa,-0.10322983248895141,-0.0302567154263576,-0.07297311706259382
2020-04-23,credit_baa,-0.10711459815192251,-0.030744897841069176,-0.07636970031085333
2020-04-24,credit_baa,-0.10697774836325243,-0.03061800527648927,-0.07635974308676316
2020-04-27,credit_baa,-0.10833991994582455,-0.030327024862300447,-0.0780128950835241
2020-04-28,credit_baa,-0.10836766259578386,-0.030411674898530486,-0.07795598769725337
2020-04-29,credit_baa,-0.1110511762946152,-0.03051578070562881,-0.08053539558898638
2020-04-30,credit_baa,-0.11084123748099016,-0.030541237140628716,-0.08030000034036144
2020-05-01,credit_baa,-0.11134291389623821,-0.03037063532729383,-0.08097227856894437
2020-05-04,credit_baa,-0.10993731118197081,-0.030153268070497386,-0.07978404311147343
2020-05-05,credit_baa,-0.11023746264313905,-0.030210996526109663,-0.08002646611702939
2020-05-06,credit_baa,-0.10969580229333585,-0.030841435455056233,-0.07885436683827962
2020-05-07,credit_baa,-0.1071074008135762,-0.030290815364487265,-0.07681658544908893
2020-05-08,credit_baa,-0.10850906670898249,-0.03066378731110201,-0.07784527939788047
2020-05-11,credit_baa,-0.11439053641473199,-0.030992442451958344,-0.08339809396277365
2020-05-12,credit_baa,-0.12871855749031388,-0.03177077114527068,-0.0969477863450432
2020-05-13,credit_baa,-0.1274297052662204,-0.03148382881294448,-0.09594587645327593
2020-05-14,credit_baa,-0.13060412632072876,-0.03171523844004725,-0.09888888788068151
2020-05-15,credit_baa,-0.1319568290266604,-0.03208913429927001,-0.09986769472739038
2020-05-18,credit_baa,-0.13436075844508164,-0.03162743403939822,-0.10273332440568342
2020-05-19,credit_baa,-0.13146819512246327,-0.032364703786967035,-0.09910349133549623
2020-05-20,credit_baa,-0.1290700408647182,-0.03235951707974716,-0.09671052378497105
2020-05-21,credit_baa,-0.12324694701362564,-0.030598396812457778,-0.09264855020116786
2020-05-22,credit_baa,-0.12289655232003598,-0.030794595409219742,-0.09210195691081624
2020-05-26,credit_baa,-0.12126615134538357,-0.02973820719288483,-0.09152794415249874
2020-05-27,credit_baa,-0.12383934654671162,-0.029673977730482023,-0.0941653688162296
2020-05-28,credit_baa,-0.1244046980007191,-0.029702816308636006,-0.0947018816920831
2020-05-29,credit_baa,-0.12415697220369978,-0.0298656411885753,-0.09429133101512449
2020-06-01,credit_baa,-0.12276379192735556,-0.03050059530843869,-0.09226319661891688
2020-06-02,credit_baa,-0.12384322096057643,-0.03125388229965635,-0.09258933866092008
2020-06-03,credit_baa,-0.12417810464026183,-0.02925920962218864,-0.09491889501807318
2020-06-04,credit_baa,-0.12609287023127871,-0.029765362554497708,-0.096327507676781
2020-06-05,credit_baa,-0.12140589897403391,-0.024902788935275047,-0.09650311003875886
2020-06-08,credit_baa,-0.11937094084664204,-0.025409202878977365,-0.09396173796766467
2020-06-09,credit_baa,-0.11954820875514267,-0.02608399866875039,-0.09346421008639229
2020-06-10,credit_baa,-0.11821192943263373,-0.02489816231423452,-0.09331376711839921
2020-06-11,credit_baa,-0.12333726394180605,-0.02557942502672548,-0.09775783891508058
2020-06-12,credit_baa,-0.12353611315201839,-0.025641432752359788,-0.0978946803996586
2020-06-15,credit_baa,-0.12347333793610121,-0.025704909449753417,-0.0977684284863478
2020-06-16,credit_baa,-0.12201510813911558,-0.02558452762376552,-0.09643058051535006
2020-06-17,credit_baa,-0.12165340651936447,-0.025532212777804566,-0.0961211937415599
2020-06-18,credit_baa,-0.12189093195661278,-0.025539347245362755,-0.09635158471125002
2020-06-19,credit_baa,-0.1203952014747226,-0.024367135618613114,-0.09602806585610948
2020-06-22,credit_baa,-0.11915543872377872,-0.024231080780211422,-0.0949243579435673
2020-06-23,credit_baa,-0.11592184215794511,-0.023722593741400535,-0.09219924841654457
2020-06-24,credit_baa,-0.11725697228001576,-0.023836858490762145,-0.09342011378925362
2020-06-25,credit_baa,-0.11075519859829203,-0.02420622202004599,-0.08654897657824603
2020-06-26,credit_baa,-0.11489633942106152,-0.024256661445452896,-0.09063967797560862
2020-06-29,credit_baa,-0.11444076958779802,-0.024248665150309268,-0.09019210443748875
2020-06-30,credit_baa,-0.12045806371566344,-0.02498354631906271,-0.09547451739660073
2020-07-01,credit_baa,-0.12070146414102877,-0.024520042091095824,-0.09618142204993294
2020-07-02,credit_baa,-0.11849853336513848,-0.024544639703379036,-0.09395389366175944
2020-07-06,credit_baa,-0.11980157805152084,-0.024827275044415207,-0.09497430300710563
2020-07-07,credit_baa,-0.1154571700717486,-0.0253571736838718,-0.0900999963878768
2020-07-08,credit_baa,-0.11603261534687666,-0.025566282096311097,-0.09046633325056556
2020-07-09,credit_baa,-0.11325397397052017,-0.02589348741920583,-0.08736048655131434
2020-07-10,credit_baa,-0.11332594864185981,-0.025957694759916484,-0.08736825388194333
2020-07-13,credit_baa,-0.11331915290900746,-0.02594390579314906,-0.0873752471158584
2020-07-14,credit_baa,-0.11353425197144788,-0.026076413231750556,-0.08745783873969733
2020-07-15,credit_baa,-0.11705280360555867,-0.02638776314067255,-0.09066504046488612
2020-07-16,credit_baa,-0.11683773645406006,-0.026226730468363338,-0.09061100598569673
2020-07-17,credit_baa,-0.12006359403085676,-0.026900363830839387,-0.09316323020001738
2020-07-20,credit_baa,-0.12015257386799677,-0.027266405322596676,-0.09288616854540009
2020-07-21,credit_baa,-0.12169286553706177,-0.027772577733803972,-0.0939202878032578
2020-07-22,credit_baa,-0.12172987551224357,-0.028297579928526197,-0.09343229558371738
2020-07-23,credit_baa,-0.12960720366580136,-0.02840952519235812,-0.10119767847344324
2020-07-24,credit_baa,-0.1292733724386273,-0.02857101973151625,-0.10070235270711105
2020-07-27,credit_baa,-0.13293058136488053,-0.029119535375509206,-0.10381104598937133
2020-07-28,credit_baa,-0.13279495648644626,-0.029019951606159413,-0.10377500488028685
2020-07-29,credit_baa,-0.1316562147333267,-0.028647443717640723,-0.10300877101568598
2020-07-30,credit_baa,-0.13086031842718462,-0.028745024366408533,-0.10211529406077609
2020-07-31,credit_baa,-0.13277740088617443,-0.030051885018563675,-0.10272551586761075
2020-08-03,credit_baa,-0.13253818585467225,-0.029965041693815694,-0.10257314416085656
2020-08-04,credit_baa,-0.1427515267969228,-0.03149231034331259,-0.1112592164536102
2020-08-05,credit_baa,-0.1441935530170549,-0.031893408002484365,-0.11230014501457053
2020-08-06,credit_baa,-0.14454756181833445,-0.031835699626962,-0.11271186219137244
2020-08-07,credit_baa,-0.1441533072751111,-0.0319209349877733,-0.11223237228733782
2020-08-10,credit_baa,-0.14415952835974888,-0.03199799904720442,-0.11216152931254446
2020-08-11,credit_baa,-0.14573387178333044,-0.03424768527428963,-0.11148618650904081
2020-08-12,credit_baa,-0.14707601181473576,-0.03395139821778946,-0.1131246135969463
2020-08-13,credit_baa,-0.1461652593165826,-0.03272289444074565,-0.11344236487583696
2020-08-14,credit_baa,-0.1455285989906657,-0.03322879394471995,-0.11229980504594575
2020-08-17,credit_baa,-0.1430974528847903,-0.032484036897717866,-0.11061341598707244
2020-08-18,credit_baa,-0.14408253351319025,-0.03201366411261948,-0.11206886940057077
2020-08-19,credit_baa,-0.14448366498940649,-0.032503324218839676,-0.11198034077056682
2020-08-20,credit_baa,-0.14954021944846244,-0.032947106901947874,-0.11659311254651455
2020-08-21,credit_baa,-0.14924815541842879,-0.03279882790619579,-0.116449327512233
2020-08-24,credit_baa,-0.14999160365247768,-0.03318898490022526,-0.11680261875225242
2020-08-25,credit_baa,-0.14992607341904418,-0.03319118745720725,-0.11673488596183693
2020-08-26,credit_baa,-0.14946774918309078,-0.0325753625874124,-0.11689238659567838
2020-08-27,credit_baa,-0.15043610424571888,-0.03333950168168735,-0.11709660256403152
2020-08-28,credit_baa,-0.1502821257731496,-0.03328825444728652,-0.11699387132586307
2020-08-31,credit_baa,-0.15095814948452715,-0.0333544066578909,-0.11760374282663626
2020-09-01,credit_baa,-0.15384605875289584,-0.033707741320010864,-0.12013831743288497
2020-09-02,credit_baa,-0.15150561112804747,-0.033095889875500696,-0.11840972125254678
2020-09-03,credit_baa,-0.15166066372402112,-0.033492772726208334,-0.11816789099781279
2020-09-04,credit_baa,-0.15249127219181804,-0.03363751111806022,-0.11885376107375782
2020-09-08,credit_baa,-0.15201450527048957,-0.03384363540405662,-0.11817086986643295
2020-09-09,credit_baa,-0.15171610847609143,-0.033772354948947834,-0.11794375352714359
2020-09-10,credit_baa,-0.15170155934564286,-0.03374775933153212,-0.11795380001411074
2020-09-11,credit_baa,-0.15165612519691327,-0.033742165577098145,-0.11791395961981513
2020-09-14,credit_baa,-0.1530868370371441,-0.03416559858199572,-0.11892123845514838
2020-09-15,credit_baa,-0.1529178232099329,-0.03412335225146831,-0.1187944709584646
2020-09-16,credit_baa,-0.15335679116956533,-0.034160832760234704,-0.11919595840933062
2020-09-17,credit_baa,-0.1536717302572655,-0.03431608847799482,-0.11935564177927067
2020-09-18,credit_baa,-0.15389266547910416,-0.034265795413026955,-0.1196268700660772
2020-09-21,credit_baa,-0.1540545935686377,-0.034501406723147436,-0.11955318684549027
2020-09-22,credit_baa,-0.15527155729718595,-0.03436283940392137,-0.12090871789326457
2020-09-23,credit_baa,-0.14949163993644843,-0.03514668440936053,-0.1143449555270879
2020-09-24,credit_baa,-0.14856735026549678,-0.03510974940833606,-0.11345760085716072
2020-09-25,credit_baa,-0.14896040476986694,-0.035296538106357744,-0.1136638666635092
2020-09-28,credit_baa,-0.14838001496751857,-0.0349866358662952,-0.11339337910122338
2020-09-29,credit_baa,-0.14824079442657698,-0.03501652650480884,-0.11322426792176814
2020-09-30,credit_baa,-0.14841628927321707,-0.03522153802646012,-0.11319475124675694
2020-10-01,credit_baa,-0.14834163190901944,-0.03589296454367274,-0.1124486673653467
2020-10-02,credit_baa,-0.1480312508305615,-0.03609493652897354,-0.11193631430158797
2020-10-05,credit_baa,-0.1485204531175493,-0.036195434245668776,-0.11232501887188052
2020-10-06,credit_baa,-0.1471958045408797,-0.03551514410147172,-0.11168066043940797
2020-10-07,credit_baa,-0.14717646013315616,-0.03570708269072348,-0.11146937744243268
2020-10-08,credit_baa,-0.1467141601141544,-0.03575027784741945,-0.11096388226673494
2020-10-09,credit_baa,-0.14711911330580038,-0.03634523125197577,-0.1107738820538246
2020-10-12,credit_baa,-0.14972101887780517,-0.036957905689223844,-0.11276311318858133
2020-10-13,credit_baa,-0.14915893035344105,-0.03640401732161205,-0.112754913031829
2020-10-14,credit_baa,-0.1493971146707265,-0.03657234375257147,-0.11282477091815503
2020-10-15,credit_baa,-0.1488913545789119,-0.03659687381752482,-0.11229448076138707
2020-10-16,credit_baa,-0.14836950118697032,-0.03651517928090129,-0.11185432190606903
2020-10-19,credit_baa,-0.14962752321448358,-0.03644810713751429,-0.1131794160769693
2020-10-20,credit_baa,-0.1479786267628751,-0.03645355954248696,-0.11152506722038813
2020-10-21,credit_baa,-0.14918247369489482,-0.03652037318171505,-0.11266210051317976
2020-10-22,credit_baa,-0.14892777817080655,-0.036179921385697957,-0.1127478567851086
2020-10-23,credit_baa,-0.14875693115920308,-0.03604409990037249,-0.11271283125883058
2020-10-26,credit_baa,-0.14641308562724573,-0.03602396619017816,-0.11038911943706756
2020-10-27,credit_baa,-0.14632434840995184,-0.036051962304833755,-0.11027238610511808
2020-10-28,credit_baa,-0.1476017894461546,-0.036549829029067525,-0.11105196041708706
2020-10-29,credit_baa,-0.1479172454403539,-0.03659401414491403,-0.11132323129543986
2020-10-30,credit_baa,-0.14792993619457906,-0.03671359837998302,-0.11121633781459604
2020-11-02,credit_baa,-0.14831627238175998,-0.03687640724071865,-0.11143986514104133
2020-11-03,credit_baa,-0.14825509057874062,-0.03700819314361031,-0.1112468974351303
2020-11-04,credit_baa,-0.14853103769860157,-0.03729867434888029,-0.11123236334972128
2020-11-05,credit_baa,-0.15391961136909865,-0.0389456159037178,-0.11497399546538085
2020-11-06,credit_baa,-0.15453393652044686,-0.03922366581121104,-0.11531027070923583
2020-11-09,credit_baa,-0.1550823757599984,-0.036664173705081744,-0.11841820205491665
2020-11-10,credit_baa,-0.1545235524955035,-0.03672321725250902,-0.11780033524299449
2020-11-11,credit_baa,-0.1545099787722288,-0.036692227963852374,-0.11781775080837642
2020-11-12,credit_baa,-0.15413690844838496,-0.036667212412830566,-0.11746969603555439
2020-11-13,credit_baa,-0.15384358993285271,-0.0368568376857509,-0.11698675224710181
2020-11-16,credit_baa,-0.15483891838216415,-0.03680844930231611,-0.11803046907984804
2020-11-17,credit_baa,-0.15449846916728638,-0.036829964008222936,-0.11766850515906344
2020-11-18,credit_baa,-0.15433836993076464,-0.03650025901486794,-0.11783811091589669
2020-11-19,credit_baa,-0.15498980724183048,-0.0362785646356074,-0.11871124260622308
2020-11-20,credit_baa,-0.15605856829483064,-0.03638434877140127,-0.11967421952342937
2020-11-23,credit_baa,-0.15612420598463106,-0.035802128901723865,-0.1203220770829072
2020-11-24,credit_baa,-0.15739040286538303,-0.035395970123574795,-0.12199443274180824
2020-11-25,credit_baa,-0.15796660793668374,-0.03531411576842517,-0.12265249216825858
2020-11-27,credit_baa,-0.15620600673823287,-0.03550238800616902,-0.12070361873206385
2020-11-30,credit_baa,-0.1620658747991149,-0.03505322734265826,-0.12701264745645666
2020-12-01,credit_baa,-0.1592092062964317,-0.03533967996819483,-0.12386952632823688
2020-12-02,credit_baa,-0.15880354111523345,-0.035630481842367126,-0.12317305927286633
2020-12-03,credit_baa,-0.15895353880270194,-0.03572967298101961,-0.12322386582168232
2020-12-04,credit_baa,-0.1584364609333192,-0.03575630285463664,-0.12268015807868256
2020-12-07,credit_baa,-0.15843628653212793,-0.03629358007894104,-0.1221427064531869
2020-12-08,credit_baa,-0.15911319850484604,-0.03635383716081483,-0.1227593613440312
2020-12-09,credit_baa,-0.16105478526462683,-0.03680264538515642,-0.1242521398794704
2020-12-10,credit_baa,-0.1607222675229428,-0.036989394328644495,-0.1237328731942983
2020-12-11,credit_baa,-0.16091180938349714,-0.037123408205584005,-0.12378840117791313
2020-12-14,credit_baa,-0.1600940956533976,-0.037197011551296434,-0.12289708410210118
2020-12-15,credit_baa,-0.16160373142650614,-0.036878231202150176,-0.12472550022435597
2020-12-16,credit_baa,-0.16325706928263836,-0.03696728618904302,-0.12628978309359534
2020-12-17,credit_baa,-0.16462911423830226,-0.03724653617425034,-0.12738257806405193
2020-12-18,credit_baa,-0.16476476483818597,-0.037250214520107384,-0.1275145503180786
2020-12-21,credit_baa,-0.16471166935581594,-0.037179420998225084,-0.12753224835759086
2020-12-22,credit_baa,-0.16497936548503184,-0.03703212057224635,-0.12794724491278547
2020-12-23,credit_baa,-0.16459330122806132,-0.03697122388763056,-0.12762207734043077
2020-12-24,credit_baa,-0.1644110739457314,-0.03700321184310168,-0.12740786210262972
2020-12-28,credit_baa,-0.16664435888256893,-0.03695211606172922,-0.12969224282083971
2020-12-29,credit_baa,-0.1666691812940678,-0.03697631826211157,-0.12969286303195623
2020-12-30,credit_baa,-0.16810240956843195,-0.03717086485940603,-0.1309315447090259
2020-12-31,credit_baa,-0.1682256516115507,-0.03722421787222827,-0.13100143373932244
2021-01-04,credit_baa,-0.1679860010800451,-0.03710965758695781,-0.1308763434930873
2021-01-05,credit_baa,-0.164591670224936,-0.03735174302329039,-0.12723992720164562
2021-01-06,credit_baa,-0.16228951086833646,-0.038259877415105246,-0.1240296334532312
2021-01-07,credit_baa,-0.16581833460931575,-0.03778791012439575,-0.12803042448492
2021-01-08,credit_baa,-0.16611186856556062,-0.035884777943344215,-0.1302270906222164
2021-01-11,credit_baa,-0.15540496943742568,-0.03543142454662074,-0.11997354489080495
2021-01-12,credit_baa,-0.155117213609586,-0.03535901052759367,-0.11975820308199232
2021-01-13,credit_baa,-0.15696943209751862,-0.035099554345297664,-0.12186987775222097
2021-01-14,credit_baa,-0.15838617127320573,-0.03523540125384503,-0.1231507700193607
2021-01-15,credit_baa,-0.15999367758343683,-0.03544358928532652,-0.12455008829811032
2021-01-19,credit_baa,-0.1602097536899861,-0.03563272281934281,-0.1245770308706433
2021-01-20,credit_baa,-0.1605486854430983,-0.035643744319126855,-0.12490494112397145
2021-01-21,credit_baa,-0.16182229088311215,-0.03565719594534293,-0.12616509493776923
2021-01-22,credit_baa,-0.1600361589932428,-0.035896019798270506,-0.1241401391949723
2021-01-25,credit_baa,-0.1600955852407192,-0.03588420276796157,-0.12421138247275763
2021-01-26,credit_baa,-0.16587381186282515,-0.036614086495097044,-0.12925972536772812
2021-01-27,credit_baa,-0.16585842020143082,-0.03661583245948432,-0.1292425877419465
2021-01-28,credit_baa,-0.16588795984934884,-0.03667569627430474,-0.12921226357504412
2021-01-29,credit_baa,-0.166744118278602,-0.03669812236312124,-0.13004599591548077
2021-02-01,credit_baa,-0.165735441933801,-0.03692553806072336,-0.12880990387307764
2021-02-02,credit_baa,-0.16690214546416518,-0.037085699926482765,-0.1298164455376824
2021-02-03,credit_baa,-0.16758067158742868,-0.03725439930783276,-0.13032627227959592
2021-02-04,credit_baa,-0.16604049781023567,-0.03785634418789068,-0.12818415362234498
2021-02-05,credit_baa,-0.16591309011317906,-0.037870787727834664,-0.1280423023853444
2021-02-08,credit_baa,-0.17415285836312663,-0.038320355820225395,-0.13583250254290125
2021-02-09,credit_baa,-0.17343352642888152,-0.03831095787195177,-0.13512256855692975
2021-02-10,credit_baa,-0.17381417736724153,-0.038330003693108565,-0.13548417367413296
2021-02-11,credit_baa,-0.17254185707843642,-0.038552038475368394,-0.13398981860306802
2021-02-12,credit_baa,-0.17277787598568325,-0.0385258467170279,-0.13425202926865537
2021-02-16,credit_baa,-0.17337347409851472,-0.03753668838177881,-0.1358367857167359
2021-02-17,credit_baa,-0.17473565257638699,-0.03734671485426087,-0.13738893772212613
2021-02-18,credit_baa,-0.1747346910685603,-0.03734409480968883,-0.13739059625887146
2021-02-19,credit_baa,-0.17401659002346062,-0.03728617415176194,-0.13673041587169868
2021-02-22,credit_baa,-0.1755628792208711,-0.03775947812096412,-0.137803401099907
2021-02-23,credit_baa,-0.18155258588141915,-0.03838818732994735,-0.14316439855147178
2021-02-24,credit_baa,-0.17888956721268084,-0.037036390646010296,-0.14185317656667054
2021-02-25,credit_baa,-0.1747240530233159,-0.03389024018312621,-0.1408338128401897
2021-02-26,credit_baa,-0.17621143311312248,-0.03413722708569512,-0.14207420602742737
2021-03-01,credit_baa,-0.17271077956095537,-0.028836604621015546,-0.14387417493993981
2021-03-02,credit_baa,-0.176441718630098,-0.029271865460194602,-0.1471698531699034
2021-03-03,credit_baa,-0.1759354231704726,-0.03101868230815611,-0.14491674086231648
2021-03-04,credit_baa,-0.1753583753163052,-0.030873885773843878,-0.14448448954246132
2021-03-05,credit_baa,-0.17890431801863346,-0.03257177508459462,-0.14633254293403886
2021-03-08,credit_baa,-0.1780097900702205,-0.032803803280070175,-0.14520598679015032
2021-03-09,credit_baa,-0.11469936984742882,-0.04182321295099636,-0.07287615689643245
2021-03-10,credit_baa,-0.11406585414067448,-0.04157339623478858,-0.0724924579058859
2021-03-11,credit_baa,-0.11142047242976269,-0.0414543637333587,-0.06996610869640399
2021-03-12,credit_baa,-0.006878222768593188,-0.027646855802482925,0.020768633033889736
2021-03-15,credit_baa,0.01904524292905047,-0.02157594450404884,0.04062118743309931
2021-03-16,credit_baa,0.03577987459328247,-0.019753166761295647,0.055533041354578115
2021-03-17,credit_baa,0.021067492610254538,-0.022767420281633217,0.043834912891887755
2021-03-18,credit_baa,0.045995757834951974,-0.009807892181268771,0.05580365001622074
2021-03-19,credit_baa,-0.043773392071576114,0.0008495153617067191,-0.04462290743328284
2021-03-22,credit_baa,-0.037589561730798145,-0.010753063900211864,-0.02683649783058628
2021-03-23,credit_baa,-0.04255887634955613,-0.026280421202495987,-0.016278455147060143
2021-03-24,credit_baa,-0.019204598886930317,-0.007024807498207855,-0.012179791388722463
2021-03-25,credit_baa,-0.027398167789924485,-0.010244055576196556,-0.01715411221372793
2021-03-26,credit_baa,-0.03013597518452986,-0.006481745657201016,-0.023654229527328843
2021-03-29,credit_baa,-0.032927400248987014,-0.007875546697335466,-0.02505185355165155
2021-03-30,credit_baa,-0.054261182372483126,-0.004217112139071367,-0.05004407023341176
2021-03-31,credit_baa,-0.05591952617783065,0.0021393463530790142,-0.05805887253090966
2021-04-01,credit_baa,-0.04527466656494041,-0.0019020126318791465,-0.043372653933061264
2021-04-05,credit_baa,-0.028965718751381743,0.0010752849029661566,-0.0300410036543479
2021-04-06,credit_baa,-0.031011994396739226,0.0018302851237082082,-0.03284227952044744
2021-04-07,credit_baa,-0.03373464540297965,0.0018551805564608014,-0.03558982595944045
2021-04-08,credit_baa,-0.03572688138735275,0.0004582108883299803,-0.03618509227568273
2021-04-09,credit_baa,-0.03683979316194376,-0.000439589404996685,-0.036400203756947073
2021-04-12,credit_baa,-0.04969243300712194,0.016215909484207053,-0.065908342491329
2021-04-13,credit_baa,-0.14472079801333745,0.040285277101652646,-0.1850060751149901
2021-04-14,credit_baa,-0.14498728920807857,0.04237001989488864,-0.18735730910296722
2021-04-15,credit_baa,-0.1518741381551032,0.03926516925688053,-0.19113930741198373
2021-04-16,credit_baa,-0.1475210537068817,0.04023287747727064,-0.18775393118415235
2021-04-19,credit_baa,-0.16336755513796722,0.039067642175369524,-0.20243519731333676
2021-04-20,credit_baa,-0.15836860114155663,0.03874568498062981,-0.19711428612218643
2021-04-21,credit_baa,-0.16140276100555453,0.040260983915033674,-0.2016637449205882
2021-04-22,credit_baa,-0.15862209521488574,0.039103275577564094,-0.19772537079244984
2021-04-23,credit_baa,-0.15024594254171136,0.041334546805184655,-0.19158048934689603
2021-04-26,credit_baa,-0.15205860088168832,0.041126174345611145,-0.19318477522729946
2021-04-27,credit_baa,-0.15175901336857436,0.041001729113106296,-0.19276074248168065
2021-04-28,credit_baa,-0.1509057154979172,0.041676428637291534,-0.19258214413520874
2021-04-29,credit_baa,-0.14581579334738157,0.04196667970976177,-0.18778247305714335
2021-04-30,credit_baa,-0.14769228098664466,0.04151877844611547,-0.18921105943276012
2021-05-03,credit_baa,-0.1451528590301135,0.041153233755485956,-0.18630609278559945
2021-05-04,credit_baa,-0.1526253211438024,0.039993214335376705,-0.1926185354791791
2021-05-05,credit_baa,-0.14884067769372936,0.04018364140999566,-0.18902431910372502
2021-05-06,credit_baa,-0.15388373075451348,0.041806811236672785,-0.19569054199118627
2021-05-07,credit_baa,-0.16589779553518125,0.039618447857141616,-0.20551624339232286
2021-05-10,credit_baa,-0.17106508542090032,0.04152522739123807,-0.2125903128121384
2021-05-11,credit_baa,-0.13136565399742411,0.04357449613066541,-0.17494015012808953
2021-05-12,credit_baa,-0.13574258330468697,0.042620666628066205,-0.17836324993275318
2021-05-13,credit_baa,-0.16297547936861081,0.04132203808485346,-0.20429751745346428
2021-05-14,credit_baa,-0.15956928521812383,0.04190288241919003,-0.20147216763731385
2021-05-17,credit_baa,-0.15444584566290143,0.04139903574822025,-0.19584488141112166
2021-05-18,credit_baa,-0.1524918492033826,0.0404407658488503,-0.19293261505223291
2021-05-19,credit_baa,-0.16055662064506818,0.04644910575955301,-0.20700572640462117
2021-05-20,credit_baa,-0.1696847589653094,0.04829309041027699,-0.2179778493755864
2021-05-21,credit_baa,-0.1900806067273088,0.043659803271929316,-0.23374040999923812
2021-05-24,credit_baa,-0.19346063993339233,0.043428686061332274,-0.2368893259947246
2021-05-25,credit_baa,-0.21288592689368174,0.04105041233040591,-0.25393633922408765
2021-05-26,credit_baa,-0.2113440140007186,0.04166886317965933,-0.2530128771803779
2021-05-27,credit_baa,-0.2103262321756667,0.04178458389218739,-0.25211081606785407
2021-05-28,credit_baa,-0.21990121011412622,0.04287322319170867,-0.2627744333058349
2021-06-01,credit_baa,-0.2224891479763412,0.04259108865111197,-0.26508023662745317
2021-06-02,credit_baa,-0.21925240064190196,0.042316905972297425,-0.2615693066141994
2021-06-03,credit_baa,-0.2243850445569719,0.03797328674409231,-0.26235833130106423
2021-06-04,credit_baa,-0.22995557252327176,0.0415747597725274,-0.27153033229579915
2021-06-07,credit_baa,-0.2745153641207611,0.02610326093963523,-0.3006186250603963
2021-06-08,credit_baa,-0.2846411279001533,0.03031479941877928,-0.31495592731893257
2021-06-09,credit_baa,-0.29663339269904354,0.031058981093559465,-0.327692373792603
2021-06-10,credit_baa,-0.30329948609543095,0.02583204560041164,-0.3291315316958426
2021-06-11,credit_baa,-0.2820749512083634,0.03220156305974361,-0.314276514268107
2021-06-14,credit_baa,-0.28537383590113047,0.03248003261833876,-0.31785386851946923
2021-06-15,credit_baa,-0.2852776562272146,0.0329096976457117,-0.31818735387292635
2021-06-16,credit_baa,-0.2676620699407825,0.039054411048437196,-0.3067164809892197
2021-06-17,credit_baa,-0.24595555165205724,0.054553117738121965,-0.3005086693901792
2021-06-18,credit_baa,-0.25332290533568885,0.053753518643281324,-0.30707642397897017
2021-06-21,credit_baa,-0.2730303303012477,0.05539639406421597,-0.32842672436546366
2021-06-22,credit_baa,-0.27265860299654326,0.054672537731512635,-0.3273311407280559
2021-06-23,credit_baa,-0.27380697286801237,0.05385547045798487,-0.32766244332599725
2021-06-24,credit_baa,-0.26972347800136814,0.054776260621381495,-0.3244997386227496
2021-06-25,credit_baa,-0.28523213492797334,0.05582739137970794,-0.34105952630768127
2021-06-28,credit_baa,-0.291893083050645,0.055586735080369536,-0.34747981813101453
2021-06-29,credit_baa,-0.2942554128130103,0.05621262518489144,-0.35046803799790177
2021-06-30,credit_baa,-0.29639898721054847,0.05659091183785036,-0.35298989904839884
2021-07-01,credit_baa,-0.29501527403635863,0.055706641353159156,-0.3507219153895178
2021-07-02,credit_baa,-0.2981948266971914,0.05675209593250866,-0.35494692262970007
2021-07-06,credit_baa,-0.28840997490504705,0.05992451390039106,-0.3483344888054381
2021-07-07,credit_baa,-0.2909996982971661,0.060671949560705,-0.3516716478578711
2021-07-08,credit_baa,-0.29846721076915944,0.06278162446964859,-0.361248835238808
2021-07-09,credit_baa,-0.3099078676953017,0.0627514170800305,-0.3726592847753322
2021-07-12,credit_baa,-0.31062625874595895,0.0630875034680127,-0.3737137622139717
2021-07-13,credit_baa,-0.31105159736594634,0.06308914933290123,-0.37414074669884756
2021-07-14,credit_baa,-0.31294546081210894,0.06477797858478387,-0.3777234393968928
2021-07-15,credit_baa,-0.3167382147304004,0.06468496467147213,-0.38142317940187254
2021-07-16,credit_baa,-0.3179057455932763,0.062351094047326104,-0.38025683964060236
2021-07-19,credit_baa,-0.32806900899023,0.062326035670075976,-0.390395044660306
2021-07-20,credit_baa,-0.333015290589227,0.0629436933134125,-0.3959589839026395
2021-07-21,credit_baa,-0.3384431349598885,0.06639918876064128,-0.40484232372052975
2021-07-22,credit_baa,-0.3406543398898736,0.06858261462475315,-0.4092369545146267
2021-07-23,credit_baa,-0.33645196072789996,0.0712916365629492,-0.4077435972908492
2021-07-26,credit_baa,-0.3157733759852127,0.07079412089999708,-0.3865674968852098
2021-07-27,credit_baa,-0.30443309741726027,0.07395448535280567,-0.37838758277006596
2021-07-28,credit_baa,-0.29953938849686995,0.0736185800942968,-0.37315796859116673
2021-07-29,credit_baa,-0.3048608333033889,0.07010922171407155,-0.3749700550174605
2021-07-30,credit_baa,-0.30539120664329955,0.06880641590983627,-0.3741976225531358
2021-08-02,credit_baa,-0.30614813779927375,0.06858466211995637,-0.37473279991923014
2021-08-03,credit_baa,-0.3149025777499712,0.06842836409744549,-0.3833309418474167
2021-08-04,credit_baa,-0.3186585192538326,0.06971885800475645,-0.38837737725858906
2021-08-05,credit_baa,-0.314259211085549,0.0725973863330416,-0.3868565974185906
2021-08-06,credit_baa,-0.31594162344913956,0.07635328446681064,-0.39229490791595023
2021-08-09,credit_baa,-0.3080012718703282,0.07475943540450153,-0.38276070727482975
2021-08-10,credit_baa,-0.30676310891809705,0.07463151753826519,-0.38139462645636224
2021-08-11,credit_baa,-0.2867585449896525,0.09411447158898646,-0.3808730165786389
2021-08-12,credit_baa,-0.28788129031473997,0.093874177591143,-0.381755467905883
2021-08-13,credit_baa,-0.29089936998401844,0.0856471788258716,-0.37654654880989
2021-08-16,credit_baa,-0.29503638449068387,0.08640222977898397,-0.38143861426966785
2021-08-17,credit_baa,-0.3103706757871001,0.08074257171434149,-0.3911132475014416
2021-08-18,credit_baa,-0.308328475384237,0.08041285413237352,-0.38874132951661056
2021-08-19,credit_baa,-0.3008547078170158,0.08363369067296603,-0.38448839848998184
2021-08-20,credit_baa,-0.3057457400434474,0.08311343894644961,-0.388859178989897
2021-08-23,credit_baa,-0.30611996002724057,0.08392117457233929,-0.39004113459957984
2021-08-24,credit_baa,-0.3014768088640286,0.08342693915248145,-0.38490374801651006
2021-08-25,credit_baa,-0.3000574192031342,0.08417768454844482,-0.38423510375157904
2021-08-26,credit_baa,-0.3027105499925171,0.08137585194878595,-0.38408640194130306
2021-08-27,credit_baa,-0.29794993956754867,0.08921543821647866,-0.3871653777840273
2021-08-30,credit_baa,-0.29838796097797704,0.08859255158222273,-0.3869805125601998
2021-08-31,credit_baa,-0.30288518242902895,0.0906583724375556,-0.39354355486658454
2021-09-01,credit_baa,-0.30436515927222135,0.09032577886471838,-0.39469093813693973
2021-09-02,credit_baa,-0.3192098913604047,0.08769232989197824,-0.4069022212523829
2021-09-03,credit_baa,-0.3184110102108523,0.0871603029770064,-0.40557131318785866
2021-09-07,credit_baa,-0.3195520451811642,0.08690240155388797,-0.40645444673505216
2021-09-08,credit_baa,-0.323988841882224,0.08676920412656752,-0.4107580460087915
2021-09-09,credit_baa,-0.3299565569541787,0.0847201746267797,-0.4146767315809584
2021-09-10,credit_baa,-0.3249148725260433,0.08532573997554643,-0.4102406125015897
2021-09-13,credit_baa,-0.32316616008896665,0.08505928598005766,-0.40822544606902433
2021-09-14,credit_baa,-0.31767714469876346,0.08786146259994786,-0.40553860729871133
2021-09-15,credit_baa,-0.3239247146962018,0.08938039661412472,-0.41330511131032655
2021-09-16,credit_baa,-0.32193909874996957,0.09098772870065615,-0.4129268274506257
2021-09-17,credit_baa,-0.3242169258474115,0.09046877516239366,-0.4146857010098052
2021-09-20,credit_baa,-0.33354346740381474,0.09118730922004811,-0.4247307766238628
2021-09-21,credit_baa,-0.32917883905407214,0.0913267466763485,-0.42050558573042063
2021-09-22,credit_baa,-0.3281704195494433,0.0913610795409222,-0.4195314990903655
2021-09-23,credit_baa,-0.32754660855013035,0.09806752666520252,-0.42561413521533287
2021-09-24,credit_baa,-0.33178495631779786,0.09771888189455036,-0.4295038382123482
2021-09-27,credit_baa,-0.3386963084405022,0.09996080192260694,-0.4386571103631091
2021-09-28,credit_baa,-0.3494363281298244,0.0954658412436149,-0.4449021693734393
2021-09-29,credit_baa,-0.3543277794353365,0.09635057893538695,-0.45067835837072345
2021-09-30,credit_baa,-0.3272500338527721,0.10297154069720432,-0.43022157454997645
2021-10-01,credit_baa,-0.32366990308703697,0.1027489526549314,-0.42641885574196836
2021-10-04,credit_baa,-0.32144164573515893,0.10315791992782776,-0.4245995656629867
2021-10-05,credit_baa,-0.3217482833446294,0.1044453252792574,-0.4261936086238868
2021-10-06,credit_baa,-0.33103977965926734,0.10184546108963557,-0.4328852407489029
2021-10-07,credit_baa,-0.3339241852115116,0.10106746559290859,-0.4349916508044202
2021-10-08,credit_baa,-0.33342476630318213,0.10126608856757696,-0.4346908548707591
2021-10-11,credit_baa,-0.3316646630883701,0.10242159386902261,-0.4340862569573927
2021-10-12,credit_baa,-0.3249754283762746,0.10146564296824616,-0.42644107134452075
2021-10-13,credit_baa,-0.3338800156132888,0.09407535132297892,-0.4279553669362677
2021-10-14,credit_baa,-0.33217898726498596,0.09442902290931593,-0.4266080101743019
2021-10-15,credit_baa,-0.35050625814609837,0.09899668058552755,-0.44950293873162595
2021-10-18,credit_baa,-0.3455802785973234,0.09837097770659196,-0.44395125630391535
2021-10-19,credit_baa,-0.3401027513773547,0.09930423981431345,-0.43940699119166815
2021-10-20,credit_baa,-0.3353871086838314,0.100513982627363,-0.4359010913111944
2021-10-21,credit_baa,-0.3283452479621291,0.1010146262268178,-0.4293598741889469
2021-10-22,credit_baa,-0.3193957050746934,0.0985953822086799,-0.4179910872833733
2021-10-25,credit_baa,-0.31750977471300135,0.09930401800709288,-0.4168137927200942
2021-10-26,credit_baa,-0.31414646828026155,0.10016494422115838,-0.4143114125014199
2021-10-27,credit_baa,-0.3066060936839693,0.09940328324956009,-0.4060093769335294
2021-10-28,credit_baa,-0.2978285884635912,0.10339692188809448,-0.4012255103516857
2021-10-29,credit_baa,-0.2963468062492333,0.10290946064557872,-0.39925626689481203
2021-11-01,credit_baa,-0.2970573281102519,0.10293151682212935,-0.39998884493238124
2021-11-02,credit_baa,-0.289369168645208,0.10260906537365003,-0.391978234018858
2021-11-03,credit_baa,-0.2890512988919073,0.10420501197554173,-0.393256310867449
2021-11-04,credit_baa,-0.2960438027620903,0.10667771937442301,-0.4027215221365133
2021-11-05,credit_baa,-0.270570561713842,0.12250400035331875,-0.39307456206716074
2021-11-08,credit_baa,-0.29867802297175083,0.11707156761771738,-0.4157495905894682
2021-11-09,credit_baa,-0.3063317540782536,0.10341801999053829,-0.40974977406879187
2021-11-10,credit_baa,-0.309396503678968,0.1042136084185916,-0.4136101120975596
2021-11-11,credit_baa,-0.3106546790454877,0.10449801918341181,-0.41515269822889955
2021-11-12,credit_baa,-0.3154859042275384,0.10346826571991974,-0.41895416994745815
2021-11-15,credit_baa,-0.31632098356222565,0.10361809935384465,-0.4199390829160703
2021-11-16,credit_baa,-0.32581208927024047,0.10190345200533919,-0.42771554127557965
2021-11-17,credit_baa,-0.3241067487591373,0.10341916877261247,-0.4275259175317498
2021-11-18,credit_baa,-0.32477565194105085,0.10286203465293237,-0.4276376865939832
2021-11-19,credit_baa,-0.32337027204141633,0.10337789928363182,-0.42674817132504816
2021-11-22,credit_baa,-0.3169271091223778,0.10667564913327615,-0.42360275825565397
2021-11-23,credit_baa,-0.31295423564061947,0.10150302580938506,-0.4144572614500045
2021-11-24,credit_baa,-0.30757622302449295,0.09929181467523063,-0.4068680376997236
2021-11-26,credit_baa,-0.3324206942511174,0.08934629006104987,-0.4217669843121673
2021-11-29,credit_baa,-0.33440115801124465,0.0895632731019524,-0.42396443111319704
2021-11-30,credit_baa,-0.3021431887322738,0.0884556801550748,-0.3905988688873486
2021-12-01,credit_baa,-0.3043344212099667,0.09001203279218471,-0.3943464540021514
2021-12-02,credit_baa,-0.30837760747160686,0.09398156779032156,-0.40235917526192844
2021-12-03,credit_baa,-0.31438206896076654,0.09535627179416326,-0.40973834075492976
2021-12-06,credit_baa,-0.29830515126707813,0.09548857141582771,-0.39379372268290586
2021-12-07,credit_baa,-0.30398676631371296,0.09419961009200699,-0.39818637640571997
2021-12-08,credit_baa,-0.29890897862603744,0.09302775461133977,-0.3919367332373772
2021-12-09,credit_baa,-0.3060726028718014,0.09504499529986717,-0.40111759817166853
2021-12-10,credit_baa,-0.3040000942886711,0.09545640140200284,-0.39945649569067393
2021-12-13,credit_baa,-0.29886678740047967,0.09512844953559617,-0.39399523693607585
2021-12-14,credit_baa,-0.3049816458862123,0.09563182894752217,-0.40061347483373444
2021-12-15,credit_baa,-0.305315792495179,0.09377745623276626,-0.39909324872794527
2021-12-16,credit_baa,-0.30713541495107216,0.09708156067684584,-0.40421697562791803
2021-12-17,credit_baa,-0.29492047708177116,0.09897013271254261,-0.3938906097943138
2021-12-20,credit_baa,-0.2910200963592768,0.09812779919456034,-0.3891478955538371
2021-12-21,credit_baa,-0.2931543082462823,0.09793108210150725,-0.39108539034778955
2021-12-22,credit_baa,-0.2915789578788984,0.09569764080214281,-0.38727659868104125
2021-12-23,credit_baa,-0.2923076228336581,0.09488567917887611,-0.3871933020125342
2021-12-27,credit_baa,-0.29303842566771643,0.09526399478070091,-0.38830242044841734
2021-12-28,credit_baa,-0.2843910940936087,0.09502359518650563,-0.37941468928011435
2021-12-29,credit_baa,-0.2834431533960861,0.09493079660973991,-0.378373950005826
2021-12-30,credit_baa,-0.2746917467945402,0.09649451601395026,-0.3711862628084905
2021-12-31,credit_baa,-0.27428472615700855,0.09745562092336611,-0.3717403470803747
2022-01-03,credit_baa,-0.27897942398982783,0.09841789768284406,-0.3773973216726719
2022-01-04,credit_baa,-0.3094353587526874,0.09970024603603454,-0.40913560478872196
2022-01-05,credit_baa,-0.31357585782318914,0.10645213803014991,-0.42002799585333905
2022-01-06,credit_baa,-0.2873334089793952,0.10865726556301857,-0.39599067454241377
2022-01-07,credit_baa,-0.291916357191567,0.09871280811177813,-0.3906291653033451
2022-01-10,credit_baa,-0.34618224474015796,0.0985677852726067,-0.4447500300127647
2022-01-11,credit_baa,-0.34875558880962054,0.09818664603141715,-0.4469422348410377
2022-01-12,credit_baa,-0.33508305230610586,0.09798629744134743,-0.43306934974745326
2022-01-13,credit_baa,-0.33289794696865,0.09627497191253766,-0.42917291888118764
2022-01-14,credit_baa,-0.3237553015639157,0.0977509916368599,-0.4215062932007756
2022-01-18,credit_baa,-0.31850315341295465,0.09948143424470894,-0.4179845876576636
2022-01-19,credit_baa,-0.31748693275288564,0.0980385584453569,-0.41552549119824256
2022-01-20,credit_baa,-0.3028378358009898,0.09736751921837254,-0.40020535501936233
2022-01-21,credit_baa,-0.3534529849250615,0.095590395631742,-0.4490433805568035
2022-01-24,credit_baa,-0.3589332424185137,0.09587983627896988,-0.4548130786974836
2022-01-25,credit_baa,-0.35558395033933193,0.09641081013952647,-0.4519947604788584
2022-01-26,credit_baa,-0.34396005834162574,0.10175818320668055,-0.4457182415483063
2022-01-27,credit_baa,-0.35274475041579895,0.09922102720344815,-0.4519657776192471
2022-01-28,credit_baa,-0.32254271474857665,0.09605708571224678,-0.41859980046082346
2022-01-31,credit_baa,-0.3159928848475531,0.0954933469627838,-0.41148623181033694
2022-02-01,credit_baa,-0.31217058841808754,0.0945781980792338,-0.4067487864973213
2022-02-02,credit_baa,-0.30802234829816955,0.09421905244084652,-0.40224140073901604
2022-02-03,credit_baa,-0.3141333148255222,0.09791538547651507,-0.4120487003020373
2022-02-04,credit_baa,-0.3131933475654436,0.09867727774516691,-0.41187062531061047
2022-02-07,credit_baa,-0.2609744428215918,0.10352403464720816,-0.3644984774688
2022-02-08,credit_baa,-0.2665092509873161,0.1025733337686878,-0.36908258475600386
2022-02-09,credit_baa,-0.260774086723559,0.10255074770345346,-0.36332483442701247
2022-02-10,credit_baa,-0.26947437487085296,0.1045610508875148,-0.3740354257583678
2022-02-11,credit_baa,-0.28148377879520436,0.1112238961720011,-0.3927076749672055
2022-02-14,credit_baa,-0.2772972596232142,0.10823138729397738,-0.3855286469171916
2022-02-15,credit_baa,-0.27100771129232726,0.10746062446196572,-0.37846833575429295
2022-02-16,credit_baa,-0.26391194490648634,0.10904104046170937,-0.3729529853681957
2022-02-17,credit_baa,-0.2965318737611443,0.11167737945347889,-0.4082092532146232
2022-02-18,credit_baa,-0.29466633709568824,0.10975642198335568,-0.4044227590790439
2022-02-22,credit_baa,-0.26447940660922525,0.11175295224107427,-0.37623235885029954
2022-02-23,credit_baa,-0.26654168319153515,0.11060407900810904,-0.3771457621996442
2022-02-24,credit_baa,-0.2287131407612521,0.08429204523579796,-0.3130051859970501
2022-02-25,credit_baa,-0.23136393720068396,0.08428989684239427,-0.31565383404307823
2022-02-28,credit_baa,-0.1505432557030789,0.082967012282723,-0.23351026798580188
2022-03-01,credit_baa,-0.1677374669354933,0.06981548982787698,-0.2375529567633703
2022-03-02,credit_baa,-0.16379415532539804,0.06977915919295286,-0.2335733145183509
2022-03-03,credit_baa,-0.16649827700150824,0.06920191746956258,-0.23570019447107082
2022-03-04,credit_baa,-0.18566483737179257,0.0731777853465618,-0.25884262271835434
2022-03-07,credit_baa,-0.19075299507757168,0.07445754421939997,-0.26521053929697164
2022-03-08,credit_baa,-0.19138583258822944,0.07632193132709889,-0.26770776391532836
2022-03-09,credit_baa,-0.20637278622641114,0.0808732885371683,-0.28724607476357944
2022-03-10,credit_baa,-0.2206072439146467,0.08027261566586126,-0.30087985958050795
2022-03-11,credit_baa,-0.21404893382798942,0.08118464574637872,-0.29523357957436813
2022-03-14,credit_baa,-0.21517341685106067,0.08298384750427444,-0.2981572643553351
2022-03-15,credit_baa,-0.20976632466688902,0.07962608025194505,-0.28939240491883406
2022-03-16,credit_baa,-0.22046222484538908,0.06860013549343107,-0.28906236033882016
2022-03-17,credit_baa,-0.223319617486333,0.06546428543515587,-0.28878390292148887
2022-03-18,credit_baa,-0.22252786941037606,0.06947062073077107,-0.2919984901411471
2022-03-21,credit_baa,-0.2165233294903128,0.065299634746831,-0.2818229642371438
2022-03-22,credit_baa,-0.2185288467199433,0.06734741327561183,-0.2858762599955551
2022-03-23,credit_baa,-0.21834661763259963,0.06612956396654635,-0.284476181599146
2022-03-24,credit_baa,-0.21954296442594298,0.06559877552140377,-0.28514173994734676
2022-03-25,credit_baa,-0.2175484175238132,0.066260167245779,-0.2838085847695922
2022-03-28,credit_baa,-0.22121382565113137,0.06736584838672746,-0.28857967403785884
2022-03-29,credit_baa,-0.21663529879078136,0.06421748553987984,-0.2808527843306612
2022-03-30,credit_baa,-0.21787258066808374,0.0655271459277016,-0.28339972659578533
2022-03-31,credit_baa,-0.21880514266853524,0.06925035218852185,-0.28805549485705706
2022-04-01,credit_baa,-0.21618749401209889,0.06904020053119833,-0.2852276945432972
2022-04-04,credit_baa,-0.21545577692538775,0.06846481974080294,-0.2839205966661907
2022-04-05,credit_baa,-0.21288221218203537,0.06937686409684127,-0.28225907627887664
2022-04-06,credit_baa,-0.21623017937162195,0.06853367234922059,-0.2847638517208425
2022-04-07,credit_baa,-0.21576839225749794,0.06807967554658413,-0.28384806780408206
2022-04-08,credit_baa,-0.2145993124696856,0.0678465381153758,-0.28244585058506144
2022-04-11,credit_baa,-0.23008287564158125,0.06767876741428296,-0.2977616430558642
2022-04-12,credit_baa,-0.22626597466473614,0.06810333966393516,-0.2943693143286713
2022-04-13,credit_baa,-0.2199586091064517,0.0706728201113923,-0.290631429217844
2022-04-14,credit_baa,-0.21676832236812488,0.0704343865246644,-0.28720270889278926
2022-04-18,credit_baa,-0.20737396124171104,0.07093137744127435,-0.2783053386829854
2022-04-19,credit_baa,-0.20974051106421487,0.07258339492623561,-0.2823239059904505
2022-04-20,credit_baa,-0.20901211452710902,0.07219133250460259,-0.28120344703171163
2022-04-21,credit_baa,-0.21281825508150023,0.07124439980119474,-0.284062654882695
2022-04-22,credit_baa,-0.21742000615122747,0.0696312152234852,-0.2870512213747127
2022-04-25,credit_baa,-0.2045565940435367,0.06278672801891286,-0.2673433220624496
2022-04-26,credit_baa,-0.2093966832361815,0.06261941345228592,-0.2720160966884674
2022-04-27,credit_baa,-0.21066206809472673,0.06284828553313274,-0.27351035362785947
2022-04-28,credit_baa,-0.21145853542843335,0.06287222706078432,-0.27433076248921767
2022-04-29,credit_baa,-0.2062534454602242,0.06272802423054621,-0.2689814696907704
2022-05-02,credit_baa,-0.20450817793601803,0.06013771597346995,-0.264645893909488
2022-05-03,credit_baa,-0.198992250942239,0.059910620301362884,-0.2589028712436019
2022-05-04,credit_baa,-0.19318892503892127,0.06075151927444305,-0.2539404443133643
2022-05-05,credit_baa,-0.20217047082828354,0.06185070835354999,-0.26402117918183354
2022-05-06,credit_baa,-0.20294366344063244,0.061421641576108583,-0.26436530501674105
2022-05-09,credit_baa,-0.2453840694611196,0.054952967733705504,-0.3003370371948251
2022-05-10,credit_baa,-0.24896414282113463,0.05547498974480323,-0.30443913256593785
2022-05-11,credit_baa,-0.24995056779970753,0.05617846904118708,-0.3061290368408946
2022-05-12,credit_baa,-0.24330264421875628,0.053866560295766835,-0.2971692045145231
2022-05-13,credit_baa,-0.2321463354787058,0.052652669984922275,-0.2847990054636281
2022-05-16,credit_baa,-0.23854591836299063,0.05459131197109858,-0.2931372303340892
2022-05-17,credit_baa,-0.2390879637456936,0.05496303724755381,-0.29405100099324744
2022-05-18,credit_baa,-0.24605497466567985,0.05479460371226165,-0.3008495783779415
2022-05-19,credit_baa,-0.23686287969557976,0.057499158422710875,-0.29436203811829065
2022-05-20,credit_baa,-0.24065241492148257,0.05748814591220695,-0.2981405608336895
2022-05-23,credit_baa,-0.23484795772359118,0.05678989388677579,-0.291637851610367
2022-05-24,credit_baa,-0.23242105129265833,0.056736946080791384,-0.2891579973734497
2022-05-25,credit_baa,-0.22856238154989175,0.057366642483383856,-0.2859290240332756
2022-05-26,credit_baa,-0.22598749795067824,0.05726982695142828,-0.28325732490210653
2022-05-27,credit_baa,-0.223795638850378,0.05715666423865366,-0.2809523030890317
2022-05-31,credit_baa,-0.2463858435991218,0.058647776764361066,-0.30503362036348286
2022-06-01,credit_baa,-0.22140263231892804,0.05390549813602939,-0.27530813045495744
2022-06-02,credit_baa,-0.219498634231946,0.05331496282168387,-0.27281359705362984
2022-06-03,credit_baa,-0.21546746106492606,0.052985288991483304,-0.26845275005640934
2022-06-06,credit_baa,-0.2178406027772721,0.05313502955689805,-0.27097563233417016
2022-06-07,credit_baa,-0.2173780671586986,0.05285737072434216,-0.2702354378830408
2022-06-08,credit_baa,-0.21024234166633282,0.05280265145038914,-0.26304499311672197
2022-06-09,credit_baa,-0.21324458864296458,0.0524685554234423,-0.2657131440664069
2022-06-10,credit_baa,-0.20756467591123873,0.049704282000035856,-0.2572689579112746
2022-06-13,credit_baa,-0.15397626851070276,0.054725180566944774,-0.20870144907764754
2022-06-14,credit_baa,-0.1554719779709275,0.054417640317511784,-0.20988961828843927
2022-06-15,credit_baa,-0.1646318838435273,0.05462049409566204,-0.21925237793918934
2022-06-16,credit_baa,-0.17649709044379644,0.04863229950749486,-0.2251293899512913
2022-06-17,credit_baa,-0.1744821723106721,0.048861901258255916,-0.223344073568928
2022-06-21,credit_baa,-0.16681201074201882,0.04776770873104339,-0.2145797194730622
2022-06-22,credit_baa,-0.1709084205857762,0.04840309889952683,-0.21931151948530303
2022-06-23,credit_baa,-0.16564183432805532,0.04760465821400082,-0.21324649254205613
2022-06-24,credit_baa,-0.1618699490813341,0.047465418740022775,-0.20933536782135687
2022-06-27,credit_baa,-0.15448375094888953,0.04727864796592709,-0.20176239891481662
2022-06-28,credit_baa,-0.15188867068004339,0.047028880226513976,-0.19891755090655736
2022-06-29,credit_baa,-0.14941380766194395,0.046503868482270845,-0.1959176761442148
2022-06-30,credit_baa,-0.16249953829108274,0.04429017450700424,-0.20678971279808697
2022-07-01,credit_baa,-0.1484751240654968,0.04238647133219406,-0.19086159539769085
2022-07-05,credit_baa,-0.15083107538647897,0.043079915812851415,-0.1939109911993304
2022-07-06,credit_baa,-0.15299743810763147,0.04382459479941392,-0.1968220329070454
2022-07-07,credit_baa,-0.16523168982280148,0.04329841443947555,-0.20853010426227703
2022-07-08,credit_baa,-0.1624576317867271,0.0432673643999624,-0.2057249961866895
2022-07-11,credit_baa,-0.16400687451904358,0.04313108756756677,-0.20713796208661034
2022-07-12,credit_baa,-0.1619561340403368,0.0432426826250657,-0.2051988166654025
2022-07-13,credit_baa,-0.16157472720773627,0.043379255768949965,-0.20495398297668624
2022-07-14,credit_baa,-0.16332804050026567,0.0439544432081649,-0.20728248370843055
2022-07-15,credit_baa,-0.16339119308238145,0.04399855612581424,-0.2073897492081957
2022-07-18,credit_baa,-0.16517167268404184,0.04412470108976229,-0.20929637377380414
2022-07-19,credit_baa,-0.16681535171507061,0.04390889517401655,-0.21072424688908717
2022-07-20,credit_baa,-0.1663517659120562,0.045255707279055736,-0.21160747319111192
2022-07-21,credit_baa,-0.1637224731534475,0.04631327558001004,-0.21003574873345754
2022-07-22,credit_baa,-0.16565278369826997,0.04648006520110858,-0.21213284889937856
2022-07-25,credit_baa,-0.1683813524627359,0.04598494838911922,-0.2143663008518551
2022-07-26,credit_baa,-0.1707092409506698,0.04605645724242282,-0.21676569819309263
2022-07-27,credit_baa,-0.16719099231836224,0.046293399775707095,-0.21348439209406933
2022-07-28,credit_baa,-0.1448707700159978,0.04866294186471921,-0.193533711880717
2022-07-29,credit_baa,-0.14567418890284095,0.04835003220998377,-0.19402422111282472
2022-08-01,credit_baa,-0.1478778304644533,0.048835182088911515,-0.19671301255336482
2022-08-02,credit_baa,-0.14477771471308934,0.04920430723285589,-0.19398202194594522
2022-08-03,credit_baa,-0.14343764566209524,0.049278161397607594,-0.19271580705970284
2022-08-04,credit_baa,-0.14513758042140124,0.050601444454855725,-0.19573902487625697
2022-08-05,credit_baa,-0.14609000527423396,0.051393242252201946,-0.19748324752643592
2022-08-08,credit_baa,-0.1480383799971716,0.049622903989212916,-0.1976612839863845
2022-08-09,credit_baa,-0.14981535170778662,0.05009171766679056,-0.1999070693745772
2022-08-10,credit_baa,-0.1471136717522319,0.04974460898778069,-0.19685828074001258
2022-08-11,credit_baa,-0.15056800206560197,0.04840504779386457,-0.19897304985946654
2022-08-12,credit_baa,-0.1505558612947506,0.04776869972044299,-0.19832456101519358
2022-08-15,credit_baa,-0.14898244553713025,0.04830082131553191,-0.19728326685266215
2022-08-16,credit_baa,-0.1492157614168566,0.048491403469058704,-0.1977071648859153
2022-08-17,credit_baa,-0.14620912175436032,0.048997075094596027,-0.19520619684895635
2022-08-18,credit_baa,-0.14660324965164637,0.04905059060609578,-0.19565384025774216
2022-08-19,credit_baa,-0.15005167612230932,0.04893338461683699,-0.19898506073914632
2022-08-22,credit_baa,-0.14707133807605763,0.04923747002493643,-0.19630880810099405
2022-08-23,credit_baa,-0.14757669636770845,0.04890103941505116,-0.19647773578275962
2022-08-24,credit_baa,-0.14919527524882192,0.04882479192170548,-0.1980200671705274
2022-08-25,credit_baa,-0.14836708155098158,0.0481939110737723,-0.19656099262475388
2022-08-26,credit_baa,-0.14664039814973576,0.04895012342340643,-0.1955905215731422
2022-08-29,credit_baa,-0.146463925287906,0.04899577477370913,-0.19545970006161512
2022-08-30,credit_baa,-0.14598627108842144,0.049428173423708824,-0.19541444451213025
2022-08-31,credit_baa,-0.1442747051621297,0.0491403887201964,-0.1934150938823261
2022-09-01,credit_baa,-0.14414940032007492,0.04801534214090733,-0.19216474246098225
2022-09-02,credit_baa,-0.143594117678344,0.0484593349439265,-0.19205345262227053
2022-09-06,credit_baa,-0.1468105733621544,0.04825322984158772,-0.19506380320374211
2022-09-07,credit_baa,-0.1478624473630574,0.04707499752837301,-0.19493744489143042
2022-09-08,credit_baa,-0.14726765610759357,0.046906715545082495,-0.19417437165267606
2022-09-09,credit_baa,-0.16082080611580693,0.04589394645125321,-0.20671475256706015
2022-09-12,credit_baa,-0.16228532980132337,0.045630898019872836,-0.2079162278211962
2022-09-13,credit_baa,-0.15662683486895396,0.04650745443024132,-0.20313428929919528
2022-09-14,credit_baa,-0.15482986620444847,0.04672723029911454,-0.20155709650356302
2022-09-15,credit_baa,-0.15183013313988192,0.0479959040298893,-0.1998260371697712
2022-09-16,credit_baa,-0.15150497697774415,0.047784750630386924,-0.19928972760813107
2022-09-19,credit_baa,-0.15081341210978644,0.04753476209190766,-0.1983481742016941
2022-09-20,credit_baa,-0.1472696995854589,0.04763413784662289,-0.19490383743208178
2022-09-21,credit_baa,-0.14866127813395436,0.04769881064753875,-0.1963600887814931
2022-09-22,credit_baa,-0.1500927364273793,0.04749670579263995,-0.19758944222001926
2022-09-23,credit_baa,-0.14874459483020824,0.04641942953478432,-0.19516402436499256
2022-09-26,credit_baa,-0.15313139776500065,0.04815049737319861,-0.20128189513819927
2022-09-27,credit_baa,-0.15086708791244313,0.04816300212955078,-0.1990300900419939
2022-09-28,credit_baa,-0.12658343052663473,0.05418419596856462,-0.18076762649519934
2022-09-29,credit_baa,-0.12656620171674873,0.05423816947035399,-0.1808043711871027
2022-09-30,credit_baa,-0.13300324765836422,0.05249868804280857,-0.1855019357011728
2022-10-03,credit_baa,-0.13091277072186794,0.055199259187398514,-0.18611202990926645
2022-10-04,credit_baa,-0.13271096705746566,0.05435502630202411,-0.18706599335948976
2022-10-05,credit_baa,-0.13049406705503092,0.0545854068090775,-0.18507947386410842
2022-10-06,credit_baa,-0.12876026245035635,0.05423175487268712,-0.18299201732304346
2022-10-07,credit_baa,-0.12893621875816252,0.054105387935417186,-0.18304160669357972
2022-10-10,credit_baa,-0.12845244237509526,0.054189256690114464,-0.18264169906520972
2022-10-11,credit_baa,-0.12817157336196866,0.053448434030068465,-0.18162000739203712
2022-10-12,credit_baa,-0.12857613329976783,0.05410137936960444,-0.18267751266937227
2022-10-13,credit_baa,-0.1254764408564242,0.055520776296893504,-0.1809972171533177
2022-10-14,credit_baa,-0.12619699145445934,0.055497754321381265,-0.1816947457758406
2022-10-17,credit_baa,-0.11864602082890978,0.053804446689592424,-0.1724504675185022
2022-10-18,credit_baa,-0.11864780156928968,0.05379828366735043,-0.17244608523664012
2022-10-19,credit_baa,-0.11851558599339501,0.054747906960875815,-0.17326349295427082
2022-10-20,credit_baa,-0.12134567343843132,0.05423003022091403,-0.17557570365934536
2022-10-21,credit_baa,-0.11550037642513973,0.05758264233659739,-0.17308301876173712
2022-10-24,credit_baa,-0.11750997045693419,0.058095852116209656,-0.17560582257314383
2022-10-25,credit_baa,-0.11441949921805752,0.05804067066642438,-0.1724601698844819
2022-10-26,credit_baa,-0.117336342688624,0.0567782360788583,-0.1741145787674823
2022-10-27,credit_baa,-0.11993515005599735,0.05697955491230869,-0.17691470496830602
2022-10-28,credit_baa,-0.1194976756232445,0.05775319553476463,-0.17725087115800914
2022-10-31,credit_baa,-0.11882083040844126,0.05806100565086954,-0.1768818360593108
2022-11-01,credit_baa,-0.11901823172966834,0.05598306502296276,-0.1750012967526311
2022-11-02,credit_baa,-0.11974302605722256,0.05653435299175449,-0.17627737904897706
2022-11-03,credit_baa,-0.1198872670078341,0.05625022628632043,-0.17613749329415454
2022-11-04,credit_baa,-0.11546528662519968,0.05752217546269205,-0.17298746208789173
2022-11-07,credit_baa,-0.11540947577681933,0.05760098897233066,-0.17301046474915
2022-11-08,credit_baa,-0.10660279538275197,0.05915273925789745,-0.1657555346406494
2022-11-09,credit_baa,-0.1285800005873301,0.056762019539847004,-0.1853420201271771
2022-11-10,credit_baa,-0.1215717217562337,0.05896110352154621,-0.18053282527777992
2022-11-11,credit_baa,-0.12111882351236089,0.058954571330606324,-0.18007339484296722
2022-11-14,credit_baa,-0.11521179120654144,0.057239311871791244,-0.1724511030783327
2022-11-15,credit_baa,-0.11862125260771927,0.05667433563541695,-0.17529558824313624
2022-11-16,credit_baa,-0.11629652542286745,0.05696159062077541,-0.17325811604364286
2022-11-17,credit_baa,-0.1177150996552866,0.05712180520369172,-0.17483690485897832
2022-11-18,credit_baa,-0.11819426477352124,0.057496945831385274,-0.1756912106049065
2022-11-21,credit_baa,-0.1119384606149691,0.057750019872843755,-0.16968848048781288
2022-11-22,credit_baa,-0.11410739543700986,0.0566692038964339,-0.17077659933344375
2022-11-23,credit_baa,-0.11916921615395398,0.056006655614782394,-0.1751758717687364
2022-11-25,credit_baa,-0.11900740889127456,0.05589524955280368,-0.17490265844407824
2022-11-28,credit_baa,-0.1095661566245342,0.05767458016956766,-0.16724073679410187
2022-11-29,credit_baa,-0.10733748344227195,0.0577520996522807,-0.16508958309455266
2022-11-30,credit_baa,-0.09728629435936915,0.05926054479138919,-0.15654683915075834
2022-12-01,credit_baa,-0.09568730600771626,0.05628532900621135,-0.1519726350139276
2022-12-02,credit_baa,-0.09624931192889974,0.05617358668552849,-0.15242289861442823
2022-12-05,credit_baa,-0.09463373889947806,0.05736701796904404,-0.1520007568685221
2022-12-06,credit_baa,-0.09890405672366613,0.057129297289731706,-0.15603335401339785
2022-12-07,credit_baa,-0.09560724011964462,0.05719210940478956,-0.1527993495244342
2022-12-08,credit_baa,-0.0987573054932203,0.05705464836731952,-0.1558119538605398
2022-12-09,credit_baa,-0.09631664305494787,0.057274273527890024,-0.1535909165828379
2022-12-12,credit_baa,-0.09741242765856994,0.05746034653813725,-0.1548727741967072
2022-12-13,credit_baa,-0.09538425309244807,0.05853118749529498,-0.15391544058774304
2022-12-14,credit_baa,-0.09460360754339159,0.05810358725088965,-0.15270719479428124
2022-12-15,credit_baa,-0.0959163321496077,0.05726985956564704,-0.15318619171525474
2022-12-16,credit_baa,-0.09486400024401676,0.05658677659010057,-0.15145077683411734
2022-12-19,credit_baa,-0.09488400701562016,0.05658743107580703,-0.15147143809142719
2022-12-20,credit_baa,-0.09548448355872903,0.057156285772220816,-0.15264076933094983
2022-12-21,credit_baa,-0.09458364551228814,0.05703766874784763,-0.15162131426013575
2022-12-22,credit_baa,-0.0942409148271647,0.05801285416360232,-0.15225376899076704
2022-12-23,credit_baa,-0.09404063111948706,0.058067588193052494,-0.15210821931253954
2022-12-27,credit_baa,-0.09413255163705123,0.058383253915160076,-0.1525158055522113
2022-12-28,credit_baa,-0.09420054995216066,0.058468327017776656,-0.1526688769699373
2022-12-29,credit_baa,-0.09434581332201418,0.05846841507233048,-0.15281422839434466
2022-12-30,credit_baa,-0.09436381649478211,0.058211244824464554,-0.15257506131924667
2023-01-03,credit_baa,-0.09324374867249495,0.058743710786587355,-0.15198745945908232
2023-01-04,credit_baa,-0.09171254089135938,0.05841599655781695,-0.15012853744917634
2023-01-05,credit_baa,-0.09256607244805481,0.05907080165169799,-0.1516368740997528
2023-01-06,credit_baa,-0.09627787470832105,0.06039446891490079,-0.15667234362322185
2023-01-09,credit_baa,-0.09895746138351082,0.059305821649920765,-0.15826328303343157
2023-01-10,credit_baa,-0.09905149452800106,0.059307630058158214,-0.15835912458615928
2023-01-11,credit_baa,-0.09951771444306323,0.05942859125191058,-0.1589463056949738
2023-01-12,credit_baa,-0.10323766983926443,0.05887953400626674,-0.16211720384553116
2023-01-13,credit_baa,-0.10484028763254691,0.05825452514185533,-0.16309481277440224
2023-01-17,credit_baa,-0.11187095695263223,0.058977670327592595,-0.17084862728022482
2023-01-18,credit_baa,-0.1141261810006403,0.05828617626525278,-0.17241235726589307
2023-01-19,credit_baa,-0.11330283730030853,0.0591294988196367,-0.17243233611994524
2023-01-20,credit_baa,-0.11466671877723371,0.05957524350649157,-0.1742419622837253
2023-01-23,credit_baa,-0.11738427044980662,0.05960131744467204,-0.17698558789447866
2023-01-24,credit_baa,-0.1066589691636148,0.0600810951585988,-0.1667400643222136
2023-01-25,credit_baa,-0.10417202938306505,0.059970981851657654,-0.1641430112347227
2023-01-26,credit_baa,-0.10438869974870799,0.06057281567258202,-0.16496151542129
2023-01-27,credit_baa,-0.10449001054190231,0.0586850009935058,-0.16317501153540812
2023-01-30,credit_baa,-0.10256679747507456,0.05935899196042806,-0.16192578943550262
2023-01-31,credit_baa,-0.1083662421954245,0.06014494327577849,-0.16851118547120297
2023-02-01,credit_baa,-0.10882979402416464,0.060207444974805145,-0.16903723899896977
2023-02-02,credit_baa,-0.10951953546609514,0.06150400399160221,-0.17102353945769735
2023-02-03,credit_baa,-0.10718902830125995,0.06401542278171071,-0.17120445108297067
2023-02-06,credit_baa,-0.10409028940565736,0.06332249470154462,-0.16741278410720198
2023-02-07,credit_baa,-0.10397036850947668,0.06332375713275162,-0.1672941256422283
2023-02-08,credit_baa,-0.10682156425785239,0.06308426175856385,-0.16990582601641624
2023-02-09,credit_baa,-0.10740705966402526,0.06306969356868185,-0.1704767532327071
2023-02-10,credit_baa,-0.10792389165472657,0.06303679542603469,-0.17096068708076126
2023-02-13,credit_baa,-0.10817624969709076,0.06306367564084475,-0.17123992533793553
2023-02-14,credit_baa,-0.10426092962968121,0.06029270787116195,-0.16455363750084318
2023-02-15,credit_baa,-0.10225866737671803,0.060035424739336894,-0.16229409211605492
2023-02-16,credit_baa,-0.100332019982288,0.05976388724655124,-0.16009590722883923
2023-02-17,credit_baa,-0.09933840387101803,0.05888086364630008,-0.1582192675173181
2023-02-21,credit_baa,-0.0883205695993623,0.057495725696004696,-0.145816295295367
2023-02-22,credit_baa,-0.08673937177945112,0.05770914825210344,-0.14444852003155456
2023-02-23,credit_baa,-0.08639266787244278,0.05767946890365569,-0.14407213677609848
2023-02-24,credit_baa,-0.08689038815283381,0.05807258164190712,-0.14496296979474094
2023-02-27,credit_baa,-0.09773681955066173,0.06289114737045846,-0.1606279669211202
2023-02-28,credit_baa,-0.09609191366344924,0.06302481998162617,-0.1591167336450754
2023-03-01,credit_baa,-0.12550178291000502,0.061142810577712155,-0.18664459348771717
2023-03-02,credit_baa,-0.11651233613137285,0.066217286823166,-0.18272962295453885
2023-03-03,credit_baa,-0.11304886799073094,0.06513873976549696,-0.17818760775622788
2023-03-06,credit_baa,-0.11285923575260173,0.06509064032497601,-0.17794987607757773
2023-03-07,credit_baa,-0.10356722835209073,0.0629730228049106,-0.16654025115700133
2023-03-08,credit_baa,-0.10218453525905481,0.06254094206097931,-0.16472547732003412
2023-03-09,credit_baa,-0.11757428149325592,0.06150468242737591,-0.17907896392063183
2023-03-10,credit_baa,-0.10974799391483235,0.06357214260946906,-0.1733201365243014
2023-03-13,credit_baa,-0.01514132915162337,0.06827285816328196,-0.08341418731490534
2023-03-14,credit_baa,-0.019258087731579696,0.06819185293528925,-0.08744994066686894
2023-03-15,credit_baa,-0.02439904668956917,0.06770035520533746,-0.09209940189490663
2023-03-16,credit_baa,-0.02922910825119915,0.06830486566065702,-0.09753397391185617
2023-03-17,credit_baa,-0.013004595078685833,0.07552051842192195,-0.08852511350060778
2023-03-20,credit_baa,-0.014550261328463494,0.07670168918885265,-0.09125195051731613
2023-03-21,credit_baa,-0.01484134239344009,0.07857264575757351,-0.09341398815101361
2023-03-22,credit_baa,-0.023677253767201333,0.08206980416746218,-0.10574705793466352
2023-03-23,credit_baa,-0.008074836640309379,0.08272920960653707,-0.09080404624684645
2023-03-24,credit_baa,-0.007256292307880082,0.08386624541593632,-0.0911225377238164
2023-03-27,credit_baa,-0.0021080085414814835,0.08483262345345126,-0.08694063199493274
2023-03-28,credit_baa,-0.0005835110096066753,0.08484114810841134,-0.08542465911801801
2023-03-29,credit_baa,-0.0003787631963741622,0.0842193664712276,-0.08459812966760176
2023-03-30,credit_baa,0.0005882506790871593,0.08331672035529561,-0.08272846967620845
2023-03-31,credit_baa,0.0010282055496217922,0.08305930302135035,-0.08203109747172856
2023-04-03,credit_baa,0.0009993332150548108,0.08304869032916226,-0.08204935711410745
2023-04-04,credit_baa,0.006055953603608675,0.08353605631020806,-0.07748010270659939
2023-04-05,credit_baa,0.006344150288387092,0.08318179400069543,-0.07683764371230833
2023-04-06,credit_baa,0.0071748042030269875,0.08323461826088821,-0.07605981405786122
2023-04-10,credit_baa,0.004996911176792256,0.08351953650244184,-0.07852262532564959
2023-04-11,credit_baa,0.001990175578308712,0.08257291765189138,-0.08058274207358267
2023-04-12,credit_baa,0.0013288842689276493,0.08274157391705116,-0.08141268964812351
2023-04-13,credit_baa,0.006554467173401661,0.08224857872720968,-0.07569411155380802
2023-04-14,credit_baa,0.010343222642238631,0.08316563948623701,-0.07282241684399837
2023-04-17,credit_baa,0.010232020418790282,0.08316341751527219,-0.07293139709648191
2023-04-18,credit_baa,0.00888230025283794,0.08299344664160455,-0.0741111463887666
2023-04-19,credit_baa,0.00837879917587548,0.08294651751117604,-0.07456771833530057
2023-04-20,credit_baa,0.006293524317605987,0.08211123112571664,-0.07581770680811065
2023-04-21,credit_baa,0.006967406280735987,0.08233760941796447,-0.07537020313722849
2023-04-24,credit_baa,0.006867596285802109,0.08256782348045379,-0.07570022719465168
2023-04-25,credit_baa,0.010717886797916297,0.0834982660027613,-0.07278037920484501
2023-04-26,credit_baa,0.00819429667552917,0.0870391345014323,-0.07884483782590314
2023-04-27,credit_baa,0.005648469807788318,0.08681081290082968,-0.08116234309304136
2023-04-28,credit_baa,0.0057840582214528655,0.08663327515624006,-0.0808492169347872
2023-05-01,credit_baa,0.00743818797767245,0.08666944876722761,-0.07923126078955516
2023-05-02,credit_baa,0.013320433515195356,0.0889898934826895,-0.07566945996749415
2023-05-03,credit_baa,0.011793748365930275,0.0908383209325217,-0.07904457256659142
2023-05-04,credit_baa,0.012201226281195974,0.09145985693761333,-0.07925863065641735
2023-05-05,credit_baa,0.0062931818655661085,0.0921383271581573,-0.08584514529259119
2023-05-08,credit_baa,0.010407097515616796,0.09239554701446007,-0.08198844949884326
2023-05-09,credit_baa,0.01054498019258861,0.09257650823689619,-0.08203152804430758
2023-05-10,credit_baa,0.037761235758318,0.09587527624950022,-0.05811404049118222
2023-05-11,credit_baa,0.038783957195220674,0.09587852662548482,-0.05709456943026415
2023-05-12,credit_baa,0.041315448066732055,0.09556245427479974,-0.05424700620806769
2023-05-15,credit_baa,0.047538352630379296,0.09628173035219312,-0.04874337772181382
2023-05-16,credit_baa,0.04288428372532264,0.09708019121971358,-0.05419590749439094
2023-05-17,credit_baa,0.04419629342869094,0.09667817025489832,-0.05248187682620738
2023-05-18,credit_baa,0.04784770360977757,0.0974859191405355,-0.04963821553075794
2023-05-19,credit_baa,0.05027294508625506,0.0973175704052532,-0.04704462531899814
2023-05-22,credit_baa,0.04745450821746784,0.0960743103585315,-0.048619802141063664
2023-05-23,credit_baa,0.04700928662430328,0.09610393331628783,-0.04909464669198455
2023-05-24,credit_baa,0.04738693891913636,0.09674445766902988,-0.04935751874989352
2023-05-25,credit_baa,0.04494431449537746,0.0969779818686076,-0.05203366737323013
2023-05-26,credit_baa,0.04603491700971741,0.09682600011285891,-0.0507910831031415
2023-05-30,credit_baa,0.04904601286375308,0.09717066888397984,-0.04812465602022675
2023-05-31,credit_baa,0.048013026348662856,0.09715693561729241,-0.049143909268629556
2023-06-01,credit_baa,0.06542577169895186,0.09652198706719028,-0.031096215368238422
2023-06-02,credit_baa,0.054182167880467695,0.1012358818780826,-0.04705371399761491
2023-06-05,credit_baa,0.05535321790336935,0.10061000922508585,-0.045256791321716505
2023-06-06,credit_baa,0.05218468864499551,0.10025639519950125,-0.04807170655450574
2023-06-07,credit_baa,0.05460956308649535,0.10064976250745299,-0.046040199420957634
2023-06-08,credit_baa,0.054385868531453184,0.10109697859693546,-0.04671111006548228
2023-06-09,credit_baa,0.05454408711756072,0.10113793534466002,-0.0465938482270993
2023-06-12,credit_baa,0.0517167890221271,0.10042820397753115,-0.04871141495540405
2023-06-13,credit_baa,0.047497409232375644,0.10096534869483838,-0.053467939462462734
2023-06-14,credit_baa,0.01762029752129876,0.09726635596238263,-0.07964605844108387
2023-06-15,credit_baa,0.015390958965946862,0.09728646796886915,-0.08189550900292229
2023-06-16,credit_baa,0.017479839657608215,0.09624849748151583,-0.07876865782390761
2023-06-20,credit_baa,0.01883095107522982,0.09589506691442251,-0.07706411583919269
2023-06-21,credit_baa,0.020609567015037532,0.09584405720111572,-0.07523449018607818
2023-06-22,credit_baa,0.020483725869068922,0.09621450598781466,-0.07573078011874573
2023-06-23,credit_baa,0.025154156497936488,0.09625261594498932,-0.07109845944705284
2023-06-26,credit_baa,0.021502080121338786,0.09688657078507469,-0.0753844906637359
2023-06-27,credit_baa,0.01968826738591916,0.09712973773813706,-0.0774414703522179
2023-06-28,credit_baa,0.017423693488326848,0.09701392962802119,-0.07959023613969435
2023-06-29,credit_baa,0.01829645204161578,0.09713070497779724,-0.07883425293618146
2023-06-30,credit_baa,0.019163359830921226,0.09637877032883264,-0.07721541049791142
2023-07-03,credit_baa,0.029237082075747125,0.098314542437969,-0.06907746036222187
2023-07-05,credit_baa,0.025102267868050386,0.10159613143570231,-0.07649386356765192
2023-07-06,credit_baa,0.026312248370869498,0.10124849780742559,-0.0749362494365561
2023-07-07,credit_baa,0.026006981759403823,0.10081578485568887,-0.07480880309628504
2023-07-10,credit_baa,0.037686661445353195,0.10104090619144726,-0.06335424474609407
2023-07-11,credit_baa,0.0380419253151129,0.10089910986169823,-0.06285718454658533
2023-07-12,credit_baa,0.038554576247143056,0.10195930279465094,-0.0634047265475079
2023-07-13,credit_baa,0.04038596932397403,0.10167075586573406,-0.06128478654176003
2023-07-14,credit_baa,0.04445190293190776,0.1015650778742982,-0.057113174942390446
2023-07-17,credit_baa,0.044557318834208846,0.10107613293607065,-0.056518814101861804
2023-07-18,credit_baa,0.04519001723238098,0.10081397544267223,-0.05562395821029125
2023-07-19,credit_baa,0.04562549386129879,0.10084743951658946,-0.05522194565529067
2023-07-20,credit_baa,0.04943935232542636,0.10116769239894714,-0.051728340073520784
2023-07-21,credit_baa,0.05126072473766249,0.10059219963882073,-0.04933147490115824
2023-07-24,credit_baa,0.053461783037258806,0.09990557569918493,-0.04644379266192612
2023-07-25,credit_baa,0.05697064012969492,0.09976557076949613,-0.042794930639801214
2023-07-26,credit_baa,0.05977875471221397,0.10036561060422017,-0.040586855892006196
2023-07-27,credit_baa,0.05855615247837349,0.1016780912041147,-0.04312193872574121
2023-07-28,credit_baa,0.05633484374083497,0.10171112057867258,-0.04537627683783761
2023-07-31,credit_baa,0.045918059014567206,0.10159961318823772,-0.05568155417367052
2023-08-01,credit_baa,0.04680910924568552,0.10270138452972835,-0.05589227528404283
2023-08-02,credit_baa,0.048139166406378005,0.1011926628571859,-0.05305349645080789
2023-08-03,credit_baa,0.04895170005359857,0.10160392407021679,-0.05265222401661822
2023-08-04,credit_baa,0.04696558136073592,0.10113733349943684,-0.054171752138700915
2023-08-07,credit_baa,0.050609098355480726,0.10011821762496055,-0.049509119269479825
2023-08-08,credit_baa,0.05384915978130692,0.09873492065701774,-0.04488576087571081
2023-08-09,credit_baa,0.05725400055548013,0.09960329092837493,-0.042349290372894796
2023-08-10,credit_baa,0.057266440995902605,0.09948568974729553,-0.04221924875139293
2023-08-11,credit_baa,0.05558667697100394,0.09987467331399583,-0.04428799634299189
2023-08-14,credit_baa,0.05551964944669191,0.09992062015243061,-0.0444009707057387
2023-08-15,credit_baa,0.05501397248989942,0.10013619331878723,-0.04512222082888781
2023-08-16,credit_baa,0.05514812637408176,0.10038006124227922,-0.04523193486819746
2023-08-17,credit_baa,0.05163799772263069,0.10000305588840204,-0.04836505816577135
2023-08-18,credit_baa,0.046076191632480196,0.09961235025158095,-0.05353615861910076
2023-08-21,credit_baa,0.04604230666377342,0.09955247289799278,-0.05351016623421936
2023-08-22,credit_baa,0.050080855573865504,0.09877647353891084,-0.04869561796504533
2023-08-23,credit_baa,0.05069564844445169,0.09889625948006606,-0.04820061103561437
2023-08-24,credit_baa,0.052123682644349176,0.09871705877823087,-0.04659337613388169
2023-08-25,credit_baa,0.05241317618489509,0.09858682745942766,-0.04617365127453257
2023-08-28,credit_baa,0.05176347045094798,0.09825805585613821,-0.046494585405190234
2023-08-29,credit_baa,0.0531475311748949,0.09815061064269168,-0.045003079467796775
2023-08-30,credit_baa,0.054315744396923105,0.09797603094789592,-0.043660286550972816
2023-08-31,credit_baa,0.05287516956153147,0.09757372167202301,-0.04469855211049154
2023-09-01,credit_baa,0.05296078851377973,0.09781215040105493,-0.0448513618872752
2023-09-05,credit_baa,0.055032329649034886,0.09859364663204644,-0.04356131698301155
2023-09-06,credit_baa,0.05483182598244824,0.09830024983555366,-0.04346842385310542
2023-09-07,credit_baa,0.0596188124894004,0.09894344363347714,-0.039324631144076735
2023-09-08,credit_baa,0.06023685113033471,0.09971719330228299,-0.03948034217194828
2023-09-11,credit_baa,0.05872485200304051,0.09994112590922784,-0.041216273906187324
2023-09-12,credit_baa,0.06932804716921294,0.10116947484448653,-0.03184142767527359
2023-09-13,credit_baa,0.06916350172832235,0.10089584688395457,-0.031732345155632224
2023-09-14,credit_baa,0.06426832464375147,0.10035443773388308,-0.036086113090131614
2023-09-15,credit_baa,0.06364428913838374,0.0998949743133771,-0.03625068517499336
2023-09-18,credit_baa,0.06277696975278692,0.09861649125381268,-0.03583952150102576
2023-09-19,credit_baa,0.06418443511525022,0.09876935305838923,-0.034584917943139004
2023-09-20,credit_baa,0.06428549762879034,0.0988897727783935,-0.03460427514960317
2023-09-21,credit_baa,0.06461742782112735,0.09887049477802379,-0.034253066956896436
2023-09-22,credit_baa,0.06319676490819313,0.09820396428474658,-0.035007199376553444
2023-09-25,credit_baa,0.06424857982670028,0.09805004760277879,-0.03380146777607851
2023-09-26,credit_baa,0.0647186853301025,0.0980225585574629,-0.033303873227360406
2023-09-27,credit_baa,0.06945265632783229,0.09711467058918846,-0.02766201426135617
2023-09-28,credit_baa,0.07380897271936922,0.09740408177565367,-0.023595109056284452
2023-09-29,credit_baa,0.06942896622617624,0.09629731023454323,-0.02686834400836699
2023-10-02,credit_baa,0.07021212835392646,0.09639773397732523,-0.026185605623398778
2023-10-03,credit_baa,0.06727747044561697,0.09577096562290209,-0.028493495177285125
2023-10-04,credit_baa,0.0677763673860143,0.09312979172988387,-0.02535342434386957
2023-10-05,credit_baa,0.06896270176798766,0.09365764102501059,-0.02469493925702293
2023-10-06,credit_baa,0.06819319172799693,0.0933677510603963,-0.02517455933239937
2023-10-09,credit_baa,0.0677272814791627,0.0940814721826024,-0.02635419070343971
2023-10-10,credit_baa,0.0688531740576736,0.0944906066580581,-0.025637432600384494
2023-10-11,credit_baa,0.06947142866078417,0.09436934200224348,-0.024897913341459313
2023-10-12,credit_baa,0.07217465876446125,0.09562334157243407,-0.023448682807972826
2023-10-13,credit_baa,0.07179473203992652,0.09479418703430079,-0.022999454994374266
2023-10-16,credit_baa,0.07338753186989386,0.0948613293232024,-0.021473797453308546
2023-10-17,credit_baa,0.07328024939427209,0.09462380484251001,-0.02134355544823792
2023-10-18,credit_baa,0.07367238167202816,0.09384797578110063,-0.020175594109072464
2023-10-19,credit_baa,0.07526334810139747,0.09470978903431397,-0.019446440932916503
2023-10-20,credit_baa,0.07894627484976909,0.09318445073279347,-0.014238175883024382
2023-10-23,credit_baa,0.07415255472114846,0.09326303906870914,-0.019110484347560686
2023-10-24,credit_baa,0.07401564220473739,0.0913462429210588,-0.01733060071632142
2023-10-25,credit_baa,0.07379540569922464,0.09113493407284082,-0.017339528373616173
2023-10-26,credit_baa,0.07042741344997948,0.09122263842760943,-0.02079522497762995
2023-10-27,credit_baa,0.07015998898717023,0.09309509762583913,-0.022935108638668905
2023-10-30,credit_baa,0.06940943294252118,0.09344554560083772,-0.02403611265831654
2023-10-31,credit_baa,0.0693303658030676,0.09277354283920479,-0.023443177036137186
2023-11-01,credit_baa,0.06769132939566287,0.09075196173411998,-0.023060632338457107
2023-11-02,credit_baa,0.0657111635292815,0.09147058287261337,-0.02575941934333187
2023-11-03,credit_baa,0.06369115462213931,0.09107340629142936,-0.02738225166929005
2023-11-06,credit_baa,0.06307780510649631,0.09160767644451763,-0.028529871338021318
2023-11-07,credit_baa,0.0594820347554041,0.08936174108796924,-0.029879706332565134
2023-11-08,credit_baa,0.059462397813893,0.0890071683514373,-0.029544770537544292
2023-11-09,credit_baa,0.06337656399235843,0.08822369334664425,-0.02484712935428582
2023-11-10,credit_baa,0.09742640630076571,0.09318818039814705,0.004238225902618659
2023-11-13,credit_baa,0.08824950067455471,0.09060028684789932,-0.00235078617334461
2023-11-14,credit_baa,0.08298087773717543,0.09112520394529049,-0.00814432620811506
2023-11-15,credit_baa,0.07360405089044492,0.09368519530854676,-0.02008114441810184
2023-11-16,credit_baa,0.07575857820504867,0.09477026532160929,-0.01901168711656062
2023-11-17,credit_baa,0.07529569042880253,0.09472413612917484,-0.019428445700372304
2023-11-20,credit_baa,0.07520874012023067,0.0943625988389364,-0.01915385871870573
2023-11-21,credit_baa,0.07409303796672892,0.09427052070582327,-0.020177482739094352
2023-11-22,credit_baa,0.06322106284583762,0.0939215786959893,-0.030700515850151683
2023-11-24,credit_baa,0.06377380820004788,0.0940796976321885,-0.030305889432140617
2023-11-27,credit_baa,0.06882613619781336,0.09538685834144259,-0.02656072214362923
2023-11-28,credit_baa,0.07421007538762507,0.09690886873173829,-0.02269879334411322
2023-11-29,credit_baa,0.07502523995410024,0.09639668960636832,-0.021371449652268087
2023-11-30,credit_baa,0.07440336173565787,0.09630250042955714,-0.02189913869389927
2023-12-01,credit_baa,0.06982347030670623,0.09696807223263476,-0.027144601925928533
2023-12-04,credit_baa,0.05944464092149649,0.10325937613568498,-0.04381473521418849
2023-12-05,credit_baa,0.05808474991118467,0.1037702676277744,-0.045685517716589734
2023-12-06,credit_baa,0.05745462131361327,0.10184688134624184,-0.04439226003262857
2023-12-07,credit_baa,0.0574048112644293,0.1020857277686166,-0.044680916504187304
2023-12-08,credit_baa,0.05536050301145649,0.10337149284112493,-0.04801098982966844
2023-12-11,credit_baa,0.05747590782861146,0.10385596120613977,-0.04638005337752831
2023-12-12,credit_baa,0.05707955080839002,0.10396702281747336,-0.04688747200908334
2023-12-13,credit_baa,0.05821155758975528,0.10428524862343368,-0.04607369103367839
2023-12-14,credit_baa,0.05530949964182017,0.10188611417060771,-0.04657661452878754
2023-12-15,credit_baa,0.05583328058758452,0.10275414347426973,-0.046920862886685205
2023-12-18,credit_baa,0.05711021211879353,0.10413877259318965,-0.047028560474396124
2023-12-19,credit_baa,0.058325468915167974,0.1037011148462749,-0.04537564593110692
2023-12-20,credit_baa,0.062386854090114144,0.10138895226050382,-0.039002098170389674
2023-12-21,credit_baa,0.06212982307716995,0.10105993495166105,-0.038930111874491094
2023-12-22,credit_baa,0.06249007657136593,0.101440159211872,-0.03895008264050606
2023-12-26,credit_baa,0.06335365713056802,0.10061349252562866,-0.03725983539506064
2023-12-27,credit_baa,0.06355853100557826,0.10058483466635708,-0.03702630366077882
2023-12-28,credit_baa,0.06586238665760848,0.10046386557106984,-0.03460147891346137
2023-12-29,credit_baa,0.06604777540500062,0.1003875498157973,-0.03433977441079668
2024-01-02,credit_baa,0.06816735304554335,0.10022086716984165,-0.0320535141242983
2024-01-03,credit_baa,0.06107451956700137,0.09891894630901485,-0.03784442674201348
2024-01-04,credit_baa,0.060415296965855486,0.09839362821664537,-0.03797833125078988
2024-01-05,credit_baa,0.06007961433600619,0.09776211681750228,-0.03768250248149609
2024-01-08,credit_baa,0.06054521536450675,0.09662801970517906,-0.03608280434067231
2024-01-09,credit_baa,0.06142741837199915,0.09468665280328918,-0.03325923443129003
2024-01-10,credit_baa,0.06566648678402708,0.09554725775195222,-0.029880770967925144
2024-01-11,credit_baa,0.06507624558704027,0.09523316254083168,-0.030156916953791413
2024-01-12,credit_baa,0.06305557470060152,0.09568521668863438,-0.03262964198803285
2024-01-16,credit_baa,0.06718504682946293,0.0960574675493768,-0.028872420719913874
2024-01-17,credit_baa,0.06912806250527768,0.09740331693111498,-0.028275254425837296
2024-01-18,credit_baa,0.08184072428756999,0.09679705619684977,-0.01495633190927978
2024-01-19,credit_baa,0.0863353929473491,0.09760172509901452,-0.01126633215166542
2024-01-22,credit_baa,0.08491856133463575,0.0963375077548442,-0.01141894642020845
2024-01-23,credit_baa,0.08331379674878296,0.09633320888320783,-0.013019412134424868
2024-01-24,credit_baa,0.08495791827799472,0.09674659751959952,-0.011788679241604802
2024-01-25,credit_baa,0.08473200585045765,0.09692993657483524,-0.012197930724377595
2024-01-26,credit_baa,0.08219721454232747,0.09671193482877045,-0.01451472028644299
2024-01-29,credit_baa,0.08519938700005257,0.0963344342790304,-0.011135047278977836
2024-01-30,credit_baa,0.08466942042774796,0.09626374476201854,-0.011594324334270587
2024-01-31,credit_baa,0.08126327760053946,0.0958197148527812,-0.014556437252241733
2024-02-01,credit_baa,0.08049807116420675,0.09632023155181148,-0.015822160387604728
2024-02-02,credit_baa,0.07997626989893791,0.09665418620457855,-0.01667791630564064
2024-02-05,credit_baa,0.08225464061753426,0.09524850688661203,-0.012993866269077767
2024-02-06,credit_baa,0.07976062541913369,0.09219090966320376,-0.01243028424407007
2024-02-07,credit_baa,0.07875653306007223,0.09339428528883394,-0.014637752228761708
2024-02-08,credit_baa,0.07865528295387507,0.09340508275373871,-0.014749799799863642
2024-02-09,credit_baa,0.08116197343787418,0.09393027077666395,-0.012768297338789772
2024-02-12,credit_baa,0.08111555152386285,0.09432192822030763,-0.013206376696444783
2024-02-13,credit_baa,0.08364976450326027,0.09562031133973373,-0.011970546836473459
2024-02-14,credit_baa,0.08623693739514879,0.0952952735658154,-0.009058336170666606
2024-02-15,credit_baa,0.08850345471043018,0.09579055370369309,-0.007287098993262908
2024-02-16,credit_baa,0.08533874320924811,0.09530883718462049,-0.00997009397537238
2024-02-20,credit_baa,0.0842244116087465,0.09579824612957985,-0.011573834520833354
2024-02-21,credit_baa,0.08500664102374265,0.09608870382249404,-0.011082062798751388
2024-02-22,credit_baa,0.08072297967345084,0.09521116975339584,-0.014488190079945007
2024-02-23,credit_baa,0.07888492254284672,0.09497991149779858,-0.016094988954951858
2024-02-26,credit_baa,0.08643226478530194,0.09418159661675764,-0.007749331831455694
2024-02-27,credit_baa,0.08675226856468345,0.09420745149866545,-0.0074551829339820075
2024-02-28,credit_baa,0.09037130789044018,0.09407696643036781,-0.003705658539927631
2024-02-29,credit_baa,0.0913471844823794,0.09397901958545887,-0.0026318351030794745
2024-03-01,credit_baa,0.09347769945280095,0.09716383000918222,-0.00368613055638127
2024-03-04,credit_baa,0.09368029353119275,0.09726117775732362,-0.0035808842261308704
2024-03-05,credit_baa,0.08250656906484925,0.09872093067524178,-0.016214361610392525
2024-03-06,credit_baa,0.07783594661801874,0.0981437662509741,-0.02030781963295536
2024-03-07,credit_baa,0.0781305111184855,0.09839567407162325,-0.020265162953137753
2024-03-08,credit_baa,0.07818318265791778,0.0984185678781272,-0.020235385220209415
2024-03-11,credit_baa,0.09897829144415052,0.09779951544980137,0.0011787759943491516
2024-03-12,credit_baa,0.10922119048564514,0.0951042595627803,0.01411693092286484
2024-03-13,credit_baa,-0.009879898471263275,0.09175631922954966,-0.10163621770081294
2024-03-14,credit_baa,-0.0029837663421103332,0.09156369639765967,-0.09454746273977001
2024-03-15,credit_baa,0.012752203627505287,0.09296337272817269,-0.0802111691006674
2024-03-18,credit_baa,0.017113561139803626,0.09457846329748344,-0.07746490215767982
2024-03-19,credit_baa,9.001640857819173e-05,0.08937008170512398,-0.08928006529654578
2024-03-20,credit_baa,0.006854364071419646,0.0909772375823833,-0.08412287351096365
2024-03-21,credit_baa,0.0112208292296477,0.08686501789072783,-0.07564418866108012
2024-03-22,credit_baa,0.02354518630795383,0.08415781086280599,-0.06061262455485217
2024-03-25,credit_baa,-0.0004144617853103133,0.08261871769270428,-0.08303317947801458
2024-03-26,credit_baa,-0.0024684317155567632,0.08188090238891038,-0.08434933410446714
2024-03-27,credit_baa,-0.010665580318757762,0.08098339200252148,-0.09164897232127925
2024-03-28,credit_baa,-0.015202710442400931,0.07836311878686693,-0.09356582922926786
2024-04-01,credit_baa,-0.009363142956908455,0.0776117662441856,-0.08697490920109406
2024-04-02,credit_baa,-0.018407464740245686,0.08075135388411155,-0.09915881862435723
2024-04-03,credit_baa,-0.018112813874196165,0.08006682404445707,-0.09817963791865324
2024-04-04,credit_baa,-0.014208580011095205,0.07919151594435254,-0.09340009595544775
2024-04-05,credit_baa,-0.012661097044415667,0.07842602604945907,-0.09108712309387473
2024-04-08,credit_baa,-0.019590812509404438,0.07835951885435101,-0.09795033136375544
2024-04-09,credit_baa,-0.01772290367280397,0.07719389794798115,-0.09491680162078511
2024-04-10,credit_baa,-0.01680033097956164,0.07787744526277156,-0.0946777762423332
2024-04-11,credit_baa,-0.011976119714474886,0.08030134683478996,-0.09227746654926484
2024-04-12,credit_baa,-0.020441659138532523,0.07678180159393669,-0.09722346073246921
2024-04-15,credit_baa,-0.02312252887618703,0.07817216562905571,-0.10129469450524274
2024-04-16,credit_baa,-0.023538134250977463,0.07683291253002188,-0.10037104678099934
2024-04-17,credit_baa,-0.0304764881464827,0.07549209246270851,-0.1059685806091912
2024-04-18,credit_baa,-0.03097228996116554,0.07550832301450684,-0.10648061297567238
2024-04-19,credit_baa,-0.03097022414553257,0.07545663930530225,-0.10642686345083482
2024-04-22,credit_baa,-0.022855655397570368,0.07517528001838808,-0.09803093541595845
2024-04-23,credit_baa,-0.024050432864660187,0.07479815641866612,-0.09884858928332631
2024-04-24,credit_baa,-0.028181870676381924,0.07436317412100109,-0.10254504479738301
2024-04-25,credit_baa,-0.0299917804959626,0.07401850210251655,-0.10401028259847915
2024-04-26,credit_baa,-0.029180629144546905,0.07449970843210739,-0.10368033757665429
2024-04-29,credit_baa,-0.019430799799285848,0.07484612752381618,-0.09427692732310203
2024-04-30,credit_baa,-0.016434293655599827,0.07560855460573489,-0.09204284826133471
2024-05-01,credit_baa,-0.019361479342605157,0.0749999828609362,-0.09436146220354136
2024-05-02,credit_baa,-0.025559094258005503,0.06829671745491724,-0.09385581171292273
2024-05-03,credit_baa,-0.017929490533626496,0.0669536722529333,-0.0848831627865598
2024-05-06,credit_baa,-0.022830303026051664,0.06527775051399386,-0.08810805354004553
2024-05-07,credit_baa,-0.018942066634627632,0.06311775364944404,-0.08205982028407167
2024-05-08,credit_baa,-0.019649762350069797,0.0625642273442721,-0.08221398969434189
2024-05-09,credit_baa,-0.02022614811978629,0.06310127375907713,-0.08332742187886343
2024-05-10,credit_baa,-0.01991518275669647,0.06459896809716499,-0.08451415085386146
2024-05-13,credit_baa,-0.020539418843215772,0.06411927034518038,-0.08465868918839614
2024-05-14,credit_baa,-0.02435189663850518,0.06424423405517268,-0.08859613069367786
2024-05-15,credit_baa,-0.030727701536677032,0.06579130809112554,-0.09651900962780258
2024-05-16,credit_baa,-0.02793875160526131,0.06702106359238208,-0.09495981519764339
2024-05-17,credit_baa,-0.02520826054343507,0.0677385963839628,-0.09294685692739788
2024-05-20,credit_baa,-0.03513941216788336,0.06468582024782302,-0.09982523241570637
2024-05-21,credit_baa,-0.03609072483631233,0.06537343481653032,-0.10146415965284265
2024-05-22,credit_baa,-0.03600039989561331,0.06723166699225258,-0.10323206688786589
2024-05-23,credit_baa,-0.034687427122007314,0.06796547189364734,-0.10265289901565465
2024-05-24,credit_baa,-0.03445569477452187,0.0676240450140718,-0.10207973978859368
2024-05-28,credit_baa,-0.03320375962961209,0.06512648071896729,-0.09833024034857937
2024-05-29,credit_baa,-0.035681800391798774,0.06371469316934834,-0.09939649356114712
2024-05-30,credit_baa,-0.04483562586929079,0.06302431438820086,-0.10785994025749165
2024-05-31,credit_baa,-0.041071128066957556,0.06299527134058933,-0.10406639940754689
2024-06-03,credit_baa,-0.040143973061058505,0.06379460322743395,-0.10393857628849246
2024-06-04,credit_baa,-0.03664641791698195,0.05981708836820761,-0.09646350628518956
2024-06-05,credit_baa,-0.03709813545957182,0.061969269915640474,-0.0990674053752123
2024-06-06,credit_baa,-0.029987838963095575,0.06088175671529246,-0.09086959567838804
2024-06-07,credit_baa,-0.028014967193673187,0.06667311433372608,-0.09468808152739927
2024-06-10,credit_baa,-0.02793433397778452,0.0660170272825105,-0.09395136126029502
2024-06-11,credit_baa,-0.032740817151656144,0.06590425365066101,-0.09864507080231716
2024-06-12,credit_baa,-0.02595620470700496,0.06731894815984578,-0.09327515286685074
2024-06-13,credit_baa,-0.030771577524883617,0.06453546004527315,-0.09530703757015677
2024-06-14,credit_baa,-0.03536200225602799,0.06707152767377056,-0.10243352992979854
2024-06-17,credit_baa,-0.027722463107901985,0.06692451028685656,-0.09464697339475854
2024-06-18,credit_baa,-0.01748399910577259,0.06754992449945942,-0.085033923605232
2024-06-20,credit_baa,-0.013837232537971427,0.06835366611006131,-0.08219089864803274
2024-06-21,credit_baa,-0.019844471350156365,0.06736395828252761,-0.08720842963268398
2024-06-24,credit_baa,-0.010667445811826387,0.06582770446286636,-0.07649515027469274
2024-06-25,credit_baa,-0.007788586425532554,0.06482349067765626,-0.07261207710318882
2024-06-26,credit_baa,-0.004914811321345672,0.06477191668277149,-0.06968672800411717
2024-06-27,credit_baa,-0.0024642271180812434,0.06421193884849043,-0.06667616596657167
2024-06-28,credit_baa,2.793430976806333e-05,0.06479106684822013,-0.06476313253845206
2024-07-01,credit_baa,0.003596031072465052,0.0649603396460344,-0.061364308573569344
2024-07-02,credit_baa,-0.0003821933210232968,0.06686007923539203,-0.06724227255641532
2024-07-03,credit_baa,0.007707686105626313,0.0650619343041872,-0.05735424819856089
2024-07-05,credit_baa,-0.008702264630766338,0.06672734396551538,-0.07542960859628173
2024-07-08,credit_baa,-0.00962659273499022,0.06780343248581414,-0.07743002522080436
2024-07-09,credit_baa,-0.0064718192293573935,0.06733005319749508,-0.07380187242685247
2024-07-10,credit_baa,-0.012060240752564903,0.06846143162211579,-0.08052167237468069
2024-07-11,credit_baa,-0.013696756913472764,0.07098822997533961,-0.08468498688881237
2024-07-12,credit_baa,-0.010651479245516618,0.06844620072345516,-0.07909767996897177
2024-07-15,credit_baa,-0.017957175561683688,0.06891216764472512,-0.08686934320640881
2024-07-16,credit_baa,-0.03393575852780635,0.06613535887962159,-0.10007111740742794
2024-07-17,credit_baa,-0.032070853780935445,0.06654520119295995,-0.09861605497389539
2024-07-18,credit_baa,-0.03395007044260305,0.06658411349329613,-0.10053418393589918
2024-07-19,credit_baa,-0.03265125358062062,0.06650936641908435,-0.09916061999970496
2024-07-22,credit_baa,-0.03336683745911308,0.06586200919513276,-0.09922884665424583
2024-07-23,credit_baa,-0.0364707644526853,0.06603244403152919,-0.10250320848421449
2024-07-24,credit_baa,-0.037842738011072796,0.06255463052593552,-0.10039736853700831
2024-07-25,credit_baa,-0.03459386340728906,0.06651224780925434,-0.10110611121654339
2024-07-26,credit_baa,-0.02592784705723111,0.06764895388465603,-0.09357680094188714
2024-07-29,credit_baa,-0.030865720736729094,0.06324661345125243,-0.09411233418798153
2024-07-30,credit_baa,-0.02973435080318165,0.06188004506090628,-0.09161439586408793
2024-07-31,credit_baa,-0.03400538662616729,0.06556604455765666,-0.09957143118382394
2024-08-01,credit_baa,-0.03993962976286993,0.06436500708483579,-0.10430463684770572
2024-08-02,credit_baa,-0.04496920971347979,0.06233214386134415,-0.10730135357482394
2024-08-05,credit_baa,-0.09364629408593728,0.05752127523370005,-0.15116756931963732
2024-08-06,credit_baa,-0.11311709620253302,0.05981368496123298,-0.172930781163766
2024-08-07,credit_baa,-0.117596897537181,0.05948774760212774,-0.17708464513930874
2024-08-08,credit_baa,-0.13138635393337367,0.05928082368906002,-0.19066717762243368
2024-08-09,credit_baa,-0.13348635148966775,0.05886971564401717,-0.19235606713368492
2024-08-12,credit_baa,-0.1363645800532323,0.05980252125298865,-0.19616710130622095
2024-08-13,credit_baa,-0.1335530404930244,0.059360261368217725,-0.19291330186124214
2024-08-14,credit_baa,-0.11962027679255993,0.060967419463490144,-0.1805876962560501
2024-08-15,credit_baa,-0.10431227051511895,0.05954228813895412,-0.16385455865407306
2024-08-16,credit_baa,-0.10239961878319795,0.060176691195540886,-0.16257630997873884
2024-08-19,credit_baa,-0.09381504389775293,0.061111385658890814,-0.15492642955664374
2024-08-20,credit_baa,-0.0848747436370375,0.061504150952042584,-0.14637889458908007
2024-08-21,credit_baa,-0.08489076229147223,0.0616124606785303,-0.14650322297000254
2024-08-22,credit_baa,-0.09380752106749843,0.0622476183041944,-0.15605513937169282
2024-08-23,credit_baa,-0.09556780537257331,0.06174472359797325,-0.15731252897054657
2024-08-26,credit_baa,-0.10076969134442904,0.06184730977712516,-0.1626170011215542
2024-08-27,credit_baa,-0.10463101081782418,0.061930815155204794,-0.166561825973029
2024-08-28,credit_baa,-0.10621217720198436,0.06264642029366571,-0.16885859749565008
2024-08-29,credit_baa,-0.1149886742522218,0.06103808842533094,-0.17602676267755274
2024-08-30,credit_baa,-0.11858328630335183,0.06133734972378116,-0.17992063602713299
2024-09-03,credit_baa,-0.11837914908066506,0.05958475476407291,-0.17796390384473798
2024-09-04,credit_baa,-0.11984548418505486,0.05958957852855516,-0.17943506271361004
2024-09-05,credit_baa,-0.12003792541245184,0.060937315394216936,-0.18097524080666877
2024-09-06,credit_baa,-0.12290366599841884,0.06011269043712906,-0.1830163564355479
2024-09-09,credit_baa,-0.12368039026740141,0.06027184138779047,-0.18395223165519187
2024-09-10,credit_baa,-0.1234538699851634,0.06050998150877617,-0.18396385149393957
2024-09-11,credit_baa,-0.12162963199173582,0.06028587445947398,-0.1819155064512098
2024-09-12,credit_baa,-0.11993420947176105,0.05887310819123758,-0.17880731766299862
2024-09-13,credit_baa,-0.12237928723134196,0.05823147720913785,-0.1806107644404798
2024-09-16,credit_baa,-0.1168748640771519,0.05823999428582181,-0.17511485836297372
2024-09-17,credit_baa,-0.12248419631275682,0.059754737412847495,-0.18223893372560432
2024-09-18,credit_baa,-0.1216161054151399,0.060587471433194075,-0.18220357684833396
2024-09-19,credit_baa,-0.1204936720439548,0.060510841467165705,-0.1810045135111205
2024-09-20,credit_baa,-0.1224250496833017,0.06062588136769571,-0.1830509310509974
2024-09-23,credit_baa,-0.1338750378533041,0.05841570078402297,-0.19229073863732707
2024-09-24,credit_baa,-0.13469578175326954,0.06027569892799637,-0.1949714806812659
2024-09-25,credit_baa,-0.132033021205618,0.061476882240874546,-0.19350990344649255
2024-09-26,credit_baa,-0.1314085026993374,0.06296917337202264,-0.19437767607136003
2024-09-27,credit_baa,-0.13052092828556028,0.06229926880451563,-0.19282019709007592
2024-09-30,credit_baa,-0.12889097503998587,0.06554659870654402,-0.19443757374652987
2024-10-01,credit_baa,-0.13450927611189287,0.06524565910788684,-0.19975493521977972
2024-10-02,credit_baa,-0.13268793377175325,0.06533026271727758,-0.19801819648903085
2024-10-03,credit_baa,-0.1274230218230517,0.06742013932969124,-0.19484316115274294
2024-10-04,credit_baa,-0.13225166229458207,0.06764676774604432,-0.1998984300406264
2024-10-07,credit_baa,-0.1331860689557344,0.06889185224277873,-0.20207792119851314
2024-10-08,credit_baa,-0.1339173283043068,0.06842092073541596,-0.20233824903972275
2024-10-09,credit_baa,-0.13236215420693,0.06865985531524926,-0.20102200952217927
2024-10-10,credit_baa,-0.13328956231960104,0.06856247821479568,-0.2018520405343967
2024-10-11,credit_baa,-0.13456661152455418,0.06902618497905101,-0.20359279650360518
2024-10-14,credit_baa,-0.13396076136430288,0.06939448470300452,-0.2033552460673074
2024-10-15,credit_baa,-0.13474371038313754,0.07108437148801401,-0.20582808187115154
2024-10-16,credit_baa,-0.13989150349893933,0.07097120813559585,-0.21086271163453518
2024-10-17,credit_baa,-0.14298013024588585,0.07193049563864902,-0.21491062588453486
2024-10-18,credit_baa,-0.14484606580643125,0.07385483549489744,-0.2187009013013287
2024-10-21,credit_baa,-0.15163003923128482,0.07145493283043611,-0.22308497206172093
2024-10-22,credit_baa,-0.16664886149870092,0.07339795948384038,-0.24004682098254132
2024-10-23,credit_baa,-0.15505471249986755,0.07366900260541505,-0.2287237151052826
2024-10-24,credit_baa,-0.15352406663431256,0.0725923368349963,-0.22611640346930886
2024-10-25,credit_baa,-0.15049279797691412,0.07272478466785394,-0.22321758264476804
2024-10-28,credit_baa,-0.1516550740655178,0.072771396425486,-0.22442647049100378
2024-10-29,credit_baa,-0.15469093126477973,0.0687026020869957,-0.22339353335177542
2024-10-30,credit_baa,-0.14558169584943217,0.06535186486429276,-0.21093356071372493
2024-10-31,credit_baa,-0.14934983215123293,0.062158962629904224,-0.21150879478113715
2024-11-01,credit_baa,-0.15265553082795116,0.06582221379152181,-0.21847774461947297
2024-11-04,credit_baa,-0.1532414455714939,0.0692219676329715,-0.22246341320446542
2024-11-05,credit_baa,-0.15284106248280266,0.06897559825074231,-0.22181666073354497
2024-11-06,credit_baa,-0.1810925218639766,0.07831323868209811,-0.25940576054607467
2024-11-07,credit_baa,-0.17761625327117322,0.08156331926209973,-0.25917957253327295
2024-11-08,credit_baa,-0.1727679487084225,0.08397940438378587,-0.25674735309220836
2024-11-11,credit_baa,-0.1698939975211479,0.08385693589179585,-0.25375093341294375
2024-11-12,credit_baa,-0.17076804210774615,0.08295604469756018,-0.25372408680530634
2024-11-13,credit_baa,-0.16892777112215895,0.0775496217462782,-0.24647739286843717
2024-11-14,credit_baa,-0.15352342285844936,0.0764754732784351,-0.22999889613688446
2024-11-15,credit_baa,-0.1358854326894833,0.07546656862469592,-0.21135200131417922
2024-11-18,credit_baa,-0.13229041765051497,0.07610089294546962,-0.2083913105959846
2024-11-19,credit_baa,-0.13074138861806964,0.07638340910026069,-0.2071247977183303
2024-11-20,credit_baa,-0.12624828923221076,0.07650077699349311,-0.20274906622570388
2024-11-21,credit_baa,-0.1243488853635125,0.07584958980008315,-0.20019847516359565
2024-11-22,credit_baa,-0.12118451260801687,0.07552532566223126,-0.19670983827024813
2024-11-25,credit_baa,-0.11832010040236596,0.07726262311356735,-0.1955827235159333
2024-11-26,credit_baa,-0.12418216621079094,0.07768323754078636,-0.2018654037515773
2024-11-27,credit_baa,-0.13575473834113608,0.07488616478076397,-0.21064090312190004
2024-11-29,credit_baa,-0.14021369048564128,0.07603211865584203,-0.2162458091414833
2024-12-02,credit_baa,-0.13888046737197973,0.07716961872308506,-0.2160500860950648
2024-12-03,credit_baa,-0.14769706979693228,0.07290025180739071,-0.220597321604323
2024-12-04,credit_baa,-0.1295336351152844,0.06659816031918421,-0.19613179543446863
2024-12-05,credit_baa,-0.12323661894037276,0.06526376671154555,-0.1885003856519183
2024-12-06,credit_baa,-0.12052364986123608,0.06551689207448318,-0.18604054193571926
2024-12-09,credit_baa,-0.12078464738934123,0.06557087347128532,-0.18635552086062657
2024-12-10,credit_baa,-0.1175370778413786,0.06264702539991013,-0.18018410324128872
2024-12-11,credit_baa,-0.11303142509168665,0.06336960314357702,-0.17640102823526366
2024-12-12,credit_baa,-0.11491660495448072,0.06046798226857761,-0.17538458722305833
2024-12-13,credit_baa,-0.11963450090022487,0.060578628686068905,-0.18021312958629376
2024-12-16,credit_baa,-0.1216707841362196,0.06283236356660607,-0.18450314770282567
2024-12-17,credit_baa,-0.12191479754278875,0.06359130530439104,-0.18550610284717978
2024-12-18,credit_baa,-0.11173017100311942,0.06625173804163194,-0.17798190904475136
2024-12-19,credit_baa,-0.12242245090497013,0.06634167294780241,-0.18876412385277253
2024-12-20,credit_baa,-0.13799137819464327,0.07323401983468719,-0.21122539802933046
2024-12-23,credit_baa,-0.1357148748705959,0.07314555389173368,-0.20886042876232958
2024-12-24,credit_baa,-0.1471477249029972,0.07218151617878218,-0.2193292410817794
2024-12-26,credit_baa,-0.1530236807745495,0.07314050853921332,-0.2261641893137628
2024-12-27,credit_baa,-0.15333524652395814,0.07305401912745937,-0.2263892656514175
2024-12-30,credit_baa,-0.15781683050385764,0.07069496406197766,-0.2285117945658353
2024-12-31,credit_baa,-0.15804343666425794,0.07012549762697406,-0.228168934291232
2025-01-02,credit_baa,-0.15339509103910015,0.07297401242020557,-0.22636910345930572
2025-01-03,credit_baa,-0.13946550963912324,0.07758660344503288,-0.21705211308415612
2025-01-06,credit_baa,-0.1372257542443498,0.07762314010543517,-0.21484889434978496
2025-01-07,credit_baa,-0.15064817284066334,0.07816993100449734,-0.2288181038451607
2025-01-08,credit_baa,-0.15334923610371246,0.07850828072402094,-0.2318575168277334
2025-01-10,credit_baa,-0.15252200778968752,0.07264573770302885,-0.22516774549271637
2025-01-13,credit_baa,-0.1604197467283064,0.07045673162863743,-0.2308764783569438
2025-01-14,credit_baa,-0.162240818722866,0.07111109336253775,-0.23335191208540373
2025-01-15,credit_baa,-0.1570610223898873,0.07047878486318059,-0.22753980725306788
2025-01-16,credit_baa,-0.1547758797433932,0.07214957478045252,-0.22692545452384572
2025-01-17,credit_baa,-0.15722391691073007,0.0704639765574656,-0.22768789346819568
2025-01-21,credit_baa,-0.1608833981467702,0.07110339524397455,-0.23198679339074474
2025-01-22,credit_baa,-0.1524728490199933,0.07060781179540528,-0.22308066081539857
2025-01-23,credit_baa,-0.15234661404145483,0.07061968470848906,-0.2229662987499439
2025-01-24,credit_baa,-0.146301421905429,0.07052300610135748,-0.21682442800678647
2025-01-27,credit_baa,-0.1516497934809875,0.06771489385704206,-0.21936468733802955
2025-01-28,credit_baa,-0.15150487802154824,0.06800225491100925,-0.2195071329325575
2025-01-29,credit_baa,-0.14432198681462804,0.06788725714810855,-0.2122092439627366
2025-01-30,credit_baa,-0.148723447071954,0.06722527241274201,-0.21594871948469602
2025-01-31,credit_baa,-0.1483788585511578,0.06745195894210324,-0.21583081749326102
2025-02-03,credit_baa,-0.14347953703321167,0.06873914107024238,-0.21221867810345407
2025-02-04,credit_baa,-0.1453910077254113,0.06750484144105474,-0.21289584916646603
2025-02-05,credit_baa,-0.14733806831350985,0.06445400451408874,-0.2117920728275986
2025-02-06,credit_baa,-0.15150043998857327,0.06351069266511425,-0.21501113265368751
2025-02-07,credit_baa,-0.15532036544161706,0.06305623833358874,-0.2183766037752058
2025-02-10,credit_baa,-0.15931376555679883,0.0636263968413071,-0.22294016239810593
2025-02-11,credit_baa,-0.16140687985790533,0.06313578768119213,-0.22454266753909746
2025-02-12,credit_baa,-0.15941689370579765,0.06275007693468171,-0.22216697064047936
2025-02-13,credit_baa,-0.15455126722617382,0.06177765053352739,-0.2163289177597012
2025-02-14,credit_baa,-0.16078647679948527,0.05448433588965657,-0.21527081268914183
2025-02-18,credit_baa,-0.16256231697823365,0.05240536323115814,-0.21496768020939178
2025-02-19,credit_baa,-0.15878745980162062,0.05165404073366398,-0.2104415005352846
2025-02-20,credit_baa,-0.15878880865125883,0.05293344589718301,-0.21172225454844185
2025-02-21,credit_baa,-0.16603111748067684,0.05157469065788175,-0.2176058081385586
2025-02-24,credit_baa,-0.16910418971534907,0.051139394575874686,-0.22024358429122376
2025-02-25,credit_baa,-0.1760175423824359,0.04905672528198472,-0.22507426766442062
2025-02-26,credit_baa,-0.17981801570824202,0.04902624669661147,-0.2288442624048535
2025-02-27,credit_baa,-0.20497350515422802,0.04947170466199626,-0.25444520981622426
2025-02-28,credit_baa,-0.19784763881861367,0.04514315185887291,-0.24299079067748658
2025-03-03,credit_baa,-0.19846369327774555,0.04857657334037438,-0.24704026661811992
2025-03-04,credit_baa,-0.19843064583122874,0.04856945189320915,-0.2470000977244379
2025-03-05,credit_baa,-0.21215729615386855,0.04492974443271994,-0.2570870405865885
2025-03-06,credit_baa,-0.21434427399596745,0.043717962131189836,-0.2580622361271573
2025-03-07,credit_baa,-0.2039438042607362,0.04280362397124048,-0.24674742823197668
2025-03-10,credit_baa,-0.21422697445994943,0.041324774743170506,-0.25555174920311996
2025-03-11,credit_baa,-0.19747205783070307,0.04362673668350121,-0.2410987945142043
2025-03-12,credit_baa,-0.19517835134215203,0.04252987499586184,-0.23770822633801386
2025-03-13,credit_baa,-0.20466931242250228,0.04823543546694652,-0.2529047478894488
2025-03-14,credit_baa,-0.22714131751636737,0.0442780628901845,-0.2714193804065519
2025-03-17,credit_baa,-0.2260796881666038,0.04347986650720301,-0.26955955467380677
2025-03-18,credit_baa,-0.2358037124414542,0.04270425676211581,-0.27850796920357
2025-03-19,credit_baa,-0.23834341584368907,0.04196487964427153,-0.2803082954879606
2025-03-20,credit_baa,-0.23841567947483802,0.0419787372388057,-0.28039441671364373
2025-03-21,credit_baa,-0.23380393886085904,0.03871766875062236,-0.2725216076114814
2025-03-24,credit_baa,-0.2630902536324913,0.036110971394653836,-0.29920122502714513
2025-03-25,credit_baa,-0.26704148118643106,0.03619846330697649,-0.3032399444934076
2025-03-26,credit_baa,-0.2670552797126247,0.03616811144902946,-0.3032233911616542
2025-03-27,credit_baa,-0.2650287397794422,0.03795835180764478,-0.302987091587087
2025-03-28,credit_baa,-0.2753499396147463,0.039601994485984046,-0.31495193410073036
2025-03-31,credit_baa,-0.27661689910833287,0.04191177032963985,-0.3185286694379727
2025-04-01,credit_baa,-0.275607934346102,0.04669990036916775,-0.32230783471526975
2025-04-02,credit_baa,-0.27752488203883247,0.04750847062437284,-0.3250333526632053
2025-04-03,credit_baa,-0.2867388903972986,0.03026739656599839,-0.317006286963297
2025-04-04,credit_baa,-0.2762731456658395,0.023093359437424008,-0.2993665051032635
2025-04-07,credit_baa,-0.30694767908494136,0.011777272311916338,-0.3187249513968577
2025-04-08,credit_baa,-0.3068826362368243,0.013385207676828463,-0.32026784391365276
2025-04-09,credit_baa,-0.287843156202984,0.018510590478974128,-0.30635374668195814
2025-04-10,credit_baa,-0.2783373509223906,0.011339107641315668,-0.2896764585637063
2025-04-11,credit_baa,-0.2911273169333439,0.0005181187589154035,-0.2916454356922593
2025-04-14,credit_baa,-0.29160694506752993,-0.0002861472643999187,-0.29132079780313
2025-04-15,credit_baa,-0.28145674166181206,0.003100577435021921,-0.28455731909683396
2025-04-16,credit_baa,-0.27785370249231345,0.005678430144639241,-0.2835321326369527
2025-04-17,credit_baa,-0.27802622539139193,0.0057418678491183775,-0.28376809324051033
2025-04-21,credit_baa,-0.266233486614607,0.013490981220566252,-0.27972446783517324
2025-04-22,credit_baa,-0.2704842159285364,0.01661948917175268,-0.28710370510028904
2025-04-23,credit_baa,-0.27059451729704226,0.02712326484390895,-0.29771778214095124
2025-04-24,credit_baa,-0.2702841464285893,0.02675208984685369,-0.29703623627544296
2025-04-25,credit_baa,-0.27172712724790454,0.028210031302742324,-0.29993715855064684
2025-04-28,credit_baa,-0.26776729448817,0.030623999958262618,-0.2983912944464326
2025-04-29,credit_baa,-0.2669633112421095,0.030389345049186126,-0.2973526562912956
2025-04-30,credit_baa,-0.26661687811417184,0.02568781029343586,-0.2923046884076077
2025-05-01,credit_baa,-0.2681498295700092,0.027154931399326423,-0.2953047609693356
2025-05-02,credit_baa,-0.2691469119296284,0.025203283174186793,-0.2943501951038152
2025-05-05,credit_baa,-0.2733983184130848,0.027004751482188057,-0.3004030698952729
2025-05-06,credit_baa,-0.28083106652147244,0.033585836838834086,-0.31441690336030653
2025-05-07,credit_baa,-0.2858468704245609,0.034059664621853857,-0.31990653504641475
2025-05-08,credit_baa,-0.29566161698598964,0.04179620099824078,-0.3374578179842304
2025-05-09,credit_baa,-0.2971205094809664,0.04112613408485605,-0.33824664356582246
2025-05-12,credit_baa,-0.2820892234811745,0.052075080613157666,-0.3341643040943322
2025-05-13,credit_baa,-0.28250744456314725,0.05140455810504475,-0.333912002668192
2025-05-14,credit_baa,-0.2801710645583021,0.05390912287480126,-0.33408018743310336
2025-05-15,credit_baa,-0.27922689403396844,0.05583170952019481,-0.3350586035541633
2025-05-16,credit_baa,-0.27962873502430924,0.05666247839263673,-0.33629121341694596
2025-05-19,credit_baa,-0.281107108409164,0.05720317103776782,-0.3383102794469318
2025-05-20,credit_baa,-0.28416287799155393,0.054644032292793986,-0.3388069102843479
2025-05-21,credit_baa,-0.282302176131938,0.054665405240578675,-0.33696758137251664
2025-05-22,credit_baa,-0.2773297392049264,0.053781357793420206,-0.33111109699834657
2025-05-23,credit_baa,-0.2778785601309404,0.05481815012496384,-0.33269671025590425
2025-05-27,credit_baa,-0.27759694297399645,0.056231492546347926,-0.33382843552034436
2025-05-28,credit_baa,-0.27811956834130336,0.05514310924862936,-0.3332626775899327
2025-05-29,credit_baa,-0.27724806546768394,0.05453650305496306,-0.331784568522647
2025-05-30,credit_baa,-0.2787713766231371,0.05369826624552661,-0.3324696428686637
2025-06-02,credit_baa,-0.2774106195193887,0.0546424388085645,-0.33205305832795323
2025-06-03,credit_baa,-0.27759598089555965,0.05612706779116907,-0.3337230486867287
2025-06-04,credit_baa,-0.27667370927886825,0.05573979504319511,-0.33241350432206335
2025-06-05,credit_baa,-0.27131220631990627,0.05619774761342455,-0.3275099539333308
2025-06-06,credit_baa,-0.27543745729424374,0.06000352443207808,-0.3354409817263218
2025-06-09,credit_baa,-0.2818354742382202,0.058131228339571066,-0.33996670257779127
2025-06-10,credit_baa,-0.28556563969238247,0.05941629910838288,-0.34498193880076533
2025-06-11,credit_baa,-0.2923551861034064,0.052142569207028616,-0.344497755310435
2025-06-12,credit_baa,-0.29099859671308187,0.05152001555184833,-0.3425186122649302
2025-06-13,credit_baa,-0.2895451191622425,0.052532433384607134,-0.34207755254684963
2025-06-16,credit_baa,-0.2911809482312955,0.0534281017728506,-0.3446090500041461
2025-06-17,credit_baa,-0.28986898219598645,0.055155281120003744,-0.3450242633159902
2025-06-18,credit_baa,-0.28887004921181025,0.05281657675604898,-0.34168662596785926
2025-06-20,credit_baa,-0.2875675164111067,0.052540355785546396,-0.3401078721966531
2025-06-23,credit_baa,-0.28778578419538214,0.05260712310322116,-0.3403929072986033
2025-06-24,credit_baa,-0.28796849818801257,0.05075902905883075,-0.3387275272468433
2025-06-25,credit_baa,-0.28641695000193484,0.05164899913395488,-0.3380659491358897
2025-06-26,credit_baa,-0.2962733696353651,0.0519100487457949,-0.34818341838116
2025-06-27,credit_baa,-0.3003144272522978,0.053759357211514154,-0.35407378446381194
2025-06-30,credit_baa,-0.2991817922198479,0.050983121254960254,-0.35016491347480816
2025-07-01,credit_baa,-0.293801325191373,0.049573240559823484,-0.34337456575119646
2025-07-02,credit_baa,-0.29726223365799426,0.04902043138869658,-0.3462826650466908
2025-07-03,credit_baa,-0.2947716956044542,0.0500956890326539,-0.3448673846371081
2025-07-07,credit_baa,-0.29418329623326434,0.049654627299724384,-0.3438379235329887
2025-07-08,credit_baa,-0.29972086122559705,0.05149574750544605,-0.3512166087310431
2025-07-09,credit_baa,-0.2871730611340134,0.050104996148407625,-0.33727805728242105
2025-07-10,credit_baa,-0.28843251817621374,0.04835577302845206,-0.3367882912046658
2025-07-11,credit_baa,-0.28669825222531903,0.04914253830551787,-0.3358407905308369
2025-07-14,credit_baa,-0.2860033271442083,0.04888572664339456,-0.33488905378760286
2025-07-15,credit_baa,-0.2797236112812796,0.04797821721965252,-0.3277018285009321
2025-07-16,credit_baa,-0.2752986194732189,0.04831911652152717,-0.323617735994746
2025-07-17,credit_baa,-0.2739178648145244,0.04858293183182015,-0.32250079664634457
2025-07-18,credit_baa,-0.2728202046198894,0.050681156169017805,-0.3235013607889072
2025-07-21,credit_baa,-0.2728331491489554,0.05061242291728894,-0.32344557206624436
2025-07-22,credit_baa,-0.27213200141451455,0.050976383533901035,-0.3231083849484156
2025-07-23,credit_baa,-0.2703457538999653,0.05226163833661921,-0.3226073922365845
2025-07-24,credit_baa,-0.2702273809246605,0.05324871629034864,-0.32347609721500914
2025-07-25,credit_baa,-0.26919279610019237,0.052623184672345336,-0.3218159807725377
2025-07-28,credit_baa,-0.2740140101001929,0.05508785463536534,-0.32910186473555825
2025-07-29,credit_baa,-0.27822294728766206,0.05270919203316807,-0.3309321393208301
2025-07-30,credit_baa,-0.2863400977417647,0.052495848549290194,-0.3388359462910549
2025-07-31,credit_baa,-0.2849016611924235,0.051985546712478785,-0.3368872079049023
2025-08-01,credit_baa,-0.2900506205188568,0.0583697331437186,-0.3484203536625754
2025-08-04,credit_baa,-0.28986223845473186,0.055853080561579255,-0.34571531901631114
2025-08-05,credit_baa,-0.2846291334309099,0.05675383640558223,-0.34138296983649213
2025-08-06,credit_baa,-0.2864825294808718,0.05988530894543482,-0.3463678384263066
2025-08-07,credit_baa,-0.2477565612936272,0.06408846631941746,-0.31184502761304467
2025-08-08,credit_baa,-0.2326143654145187,0.062196907269627774,-0.2948112726841465
2025-08-11,credit_baa,-0.23041257762923106,0.06414815097598471,-0.29456072860521576
2025-08-12,credit_baa,-0.22213177630586442,0.0656724641004962,-0.2878042404063606
2025-08-13,credit_baa,-0.22324359351945747,0.06543658213928495,-0.28868017565874243
2025-08-14,credit_baa,-0.22173540886001522,0.06457483632678036,-0.2863102451867956
2025-08-15,credit_baa,-0.22357017794339207,0.06495271941118991,-0.288522897354582
2025-08-18,credit_baa,-0.24001927183301264,0.06291316468176247,-0.3029324365147751
2025-08-19,credit_baa,-0.25838558847614385,0.06445177092179456,-0.3228373593979384
2025-08-20,credit_baa,-0.25949988396453505,0.0641724302080639,-0.32367231417259895
2025-08-21,credit_baa,-0.2591333232464969,0.06427880323144167,-0.3234121264779386
2025-08-22,credit_baa,-0.25746070398549964,0.06467079891206536,-0.322131502897565
2025-08-25,credit_baa,-0.24677129961066088,0.06494577347718393,-0.3117170730878448
2025-08-26,credit_baa,-0.2418504478782887,0.06649801385537217,-0.3083484617336609
2025-08-27,credit_baa,-0.24055882588468835,0.0664564702053274,-0.30701529609001577
2025-08-28,credit_baa,-0.2395844232360945,0.06560853121176623,-0.3051929544478607
2025-08-29,credit_baa,-0.24505075773529286,0.0669646999526415,-0.31201545768793437
2025-09-02,credit_baa,-0.24391263616617154,0.06808102706710294,-0.3119936632332745
2025-09-03,credit_baa,-0.24448920475823566,0.06724385865184641,-0.31173306341008206
2025-09-04,credit_baa,-0.24658267347398383,0.0664629865684309,-0.31304566004241474
2025-09-05,credit_baa,-0.24670661581675968,0.06681590500449708,-0.31352252082125676
2025-09-08,credit_baa,-0.24634785047085014,0.06557427407778217,-0.31192212454863233
2025-09-09,credit_baa,-0.2456877950809386,0.06574827918061402,-0.3114360742615526
2025-09-10,credit_baa,-0.2457166824811839,0.06574348067256439,-0.31146016315374825
2025-09-11,credit_baa,-0.2458110218131194,0.06587152812007588,-0.3116825499331953
2025-09-12,credit_baa,-0.24804271430309455,0.0650639160373713,-0.3131066303404658
2025-09-15,credit_baa,-0.24562570255007304,0.06417906272185056,-0.3098047652719236
2025-09-16,credit_baa,-0.2444630781273337,0.06505107674906306,-0.3095141548763968
2025-09-17,credit_baa,-0.24335354185157818,0.06556717404323356,-0.30892071589481174
2025-09-18,credit_baa,-0.24834137264709705,0.06599318500169551,-0.3143345576487926
2025-09-19,credit_baa,-0.24544245659919348,0.0653841803970137,-0.31082663699620716
2025-09-22,credit_baa,-0.2439198898035205,0.0640265617983518,-0.3079464516018723
2025-09-23,credit_baa,-0.2440913072565058,0.06417150239175398,-0.3082628096482598
2025-09-24,credit_baa,-0.2446919830917201,0.06471592283838869,-0.3094079059301088
2025-09-25,credit_baa,-0.2423685093321381,0.0647305055984354,-0.3070990149305735
2025-09-26,credit_baa,-0.2422802796812782,0.06346970294799674,-0.30574998262927494
2025-09-29,credit_baa,-0.24569396378709035,0.06250862240843338,-0.30820258619552376
2025-09-30,credit_baa,-0.24473665221972335,0.06335124795894852,-0.3080879001786719
2025-10-01,credit_baa,-0.2423860884459891,0.0637655844011755,-0.3061516728471646
2025-10-02,credit_baa,-0.2507822045501359,0.06276065820013725,-0.31354286275027315
2025-10-03,credit_baa,-0.24884878369688357,0.0610828717803615,-0.30993165547724505
2025-10-06,credit_baa,-0.25145566828857324,0.06007689716979688,-0.3115325654583701
2025-10-07,credit_baa,-0.2538539398953325,0.060217510334489986,-0.31407145022982247
2025-10-08,credit_baa,-0.25139468639171464,0.06080704804740716,-0.3122017344391218
2025-10-09,credit_baa,-0.25149813612221544,0.05918142399256289,-0.3106795601147783
2025-10-10,credit_baa,-0.25560684419404384,0.06075356335232662,-0.31636040754637046
2025-10-13,credit_baa,-0.257036504138531,0.060283289284533054,-0.31731979342306404
2025-10-14,credit_baa,-0.25518110849072495,0.05995308436794069,-0.3151341928586656
2025-10-15,credit_baa,-0.25128845779342446,0.05709825206384477,-0.30838670985726924
2025-10-16,credit_baa,-0.2547875978417382,0.06022075862650646,-0.31500835646824465
2025-10-17,credit_baa,-0.2529427913576009,0.06152662445427026,-0.31446941581187116
2025-10-20,credit_baa,-0.2561816264364271,0.058061895112335865,-0.314243521548763
2025-10-21,credit_baa,-0.25533530224543416,0.06165453343762037,-0.3169898356830545
2025-10-22,credit_baa,-0.2586978679899036,0.06139583463784042,-0.320093702627744
2025-10-23,credit_baa,-0.26001468551504886,0.06081512544210387,-0.32082981095715274
2025-10-24,credit_baa,-0.2597765416935059,0.06061686636081484,-0.3203934080543207
2025-10-27,credit_baa,-0.2643099439728725,0.06303101674984112,-0.3273409607227136
2025-10-28,credit_baa,-0.2629590921371117,0.06280873435951606,-0.3257678264966278
2025-10-29,credit_baa,-0.25579083983387146,0.06346466227262335,-0.3192555021064948
2025-10-30,credit_baa,-0.2607584897591696,0.06600333056090558,-0.32676182032007517
2025-10-31,credit_baa,-0.24620823109628595,0.06452106209025744,-0.3107292931865434
2025-11-03,credit_baa,-0.2554294946683188,0.06643243370894827,-0.3218619283772671
2025-11-04,credit_baa,-0.25598447255876994,0.0673455726622491,-0.32333004522101905
2025-11-05,credit_baa,-0.25865562711808093,0.06603077120353902,-0.32468639832161994
2025-11-06,credit_baa,-0.2613669923277334,0.06563249537246757,-0.326999487700201
2025-11-07,credit_baa,-0.2546066952889339,0.06613997654164645,-0.32074667183058037
2025-11-10,credit_baa,-0.23503352968252197,0.05507532589489978,-0.2901088555774218
2025-11-11,credit_baa,-0.23737885949900064,0.05251322836450106,-0.28989208786350174
2025-11-12,credit_baa,-0.24292903442669325,0.05209616699747183,-0.2950252014241651
2025-11-13,credit_baa,-0.24495740330066476,0.05077748923502723,-0.29573489253569196
2025-11-14,credit_baa,-0.2418311431489088,0.04983469358306385,-0.29166583673197266
2025-11-17,credit_baa,-0.2454046557909311,0.05383391760995309,-0.29923857340088417
2025-11-18,credit_baa,-0.24745715832587192,0.05390330216053582,-0.30136046048640774
2025-11-19,credit_baa,-0.25204320535657504,0.05437934974555131,-0.30642255510212635
2025-11-20,credit_baa,-0.25371036473079217,0.05346761596486984,-0.307177980695662
2025-11-21,credit_baa,-0.2553909489102328,0.0530898256488668,-0.3084807745590996
2025-11-24,credit_baa,-0.26206085983253424,0.051106691024354035,-0.3131675508568883
2025-11-25,credit_baa,-0.2603350140865631,0.05125400124340624,-0.31158901532996935
2025-11-26,credit_baa,-0.2618702050477084,0.05090609119974935,-0.3127762962474578
2025-11-28,credit_baa,-0.26487328605021765,0.04884109434473338,-0.31371438039495103
2025-12-01,credit_baa,-0.26250876841952625,0.04883436464804281,-0.31134313306756906
2025-12-02,credit_baa,-0.26886060178845067,0.04970320172821911,-0.3185638035166698
2025-12-03,credit_baa,-0.26807468330438955,0.04924232458741506,-0.3173170078918046
2025-12-04,credit_baa,-0.2713652337531961,0.04768939880751304,-0.31905463256070915
2025-12-05,credit_baa,-0.2667429631426485,0.04804539252388381,-0.3147883556665323
2025-12-08,credit_baa,-0.2657533499225166,0.04840513627181131,-0.3141584861943279
2025-12-09,credit_baa,-0.2662250874060992,0.04884906595389057,-0.31507415335998973
2025-12-10,credit_baa,-0.2690234494705719,0.049257239093926965,-0.31828068856449887
2025-12-11,credit_baa,-0.2667362126488489,0.04751315023894172,-0.3142493628877906
2025-12-12,credit_baa,-0.26829318807511154,0.04862170998856091,-0.31691489806367246
2025-12-15,credit_baa,-0.27301498176359357,0.048213606740819794,-0.3212285885044134
2025-12-16,credit_baa,-0.27120193107641205,0.04992160872478556,-0.3211235398011976
2025-12-17,credit_baa,-0.2697279727176069,0.048326865920097904,-0.3180548386377048
2025-12-18,credit_baa,-0.2692910364049777,0.04836028215893662,-0.3176513185639143
2025-12-19,credit_baa,-0.2733763255334587,0.047587015292685005,-0.3209633408261437
2025-12-22,credit_baa,-0.28083545472166666,0.04496635643992412,-0.3258018111615908
2025-12-23,credit_baa,-0.27344112799261855,0.04384991649582035,-0.3172910444884389
2025-12-24,credit_baa,-0.27440335943334593,0.043090343060845596,-0.3174937024941915
2025-12-26,credit_baa,-0.27585881131569073,0.043598165287345066,-0.3194569766030358
2025-12-29,credit_baa,-0.2670616734154514,0.041546374675619016,-0.3086080480910704
2025-12-30,credit_baa,-0.26596942632375714,0.04138417807383959,-0.30735360439759674
2025-12-31,credit_baa,-0.26407216092322355,0.04257446325579338,-0.30664662417901695
2026-01-02,credit_baa,-0.2618982016248088,0.04383698990977708,-0.3057351915345859
2026-01-05,credit_baa,-0.2601186268530714,0.04528718330053886,-0.3054058101536103
2026-01-06,credit_baa,-0.2663942448041133,0.043063587196682816,-0.3094578320007961
2026-01-07,credit_baa,-0.2647495645908159,0.0431711442296282,-0.3079207088204441
2026-01-08,credit_baa,-0.2644939777237672,0.04312741238335759,-0.3076213901071248
2026-01-09,credit_baa,-0.2540343811026356,0.04162546904793152,-0.2956598501505671
2026-01-12,credit_baa,-0.2528528997992483,0.04139871257366095,-0.29425161237290925
2026-01-13,credit_baa,-0.25749986735321573,0.04507128726428295,-0.30257115461749867
2026-01-14,credit_baa,-0.2587151999261042,0.04595259841149012,-0.30466779833759433
2026-01-15,credit_baa,-0.2527391855203835,0.047187610827574535,-0.29992679634795805
2026-01-16,credit_baa,-0.2523510589740504,0.04792067460073979,-0.3002717335747902
2026-01-20,credit_baa,-0.2601193400919645,0.0512483936419652,-0.31136773373392973
2026-01-21,credit_baa,-0.2595784736969069,0.04881247017916261,-0.3083909438760695
2026-01-22,credit_baa,-0.25672146553227404,0.045830356813078094,-0.30255182234535216
2026-01-23,credit_baa,-0.26023906979157657,0.047710455793992045,-0.3079495255855686
2026-01-26,credit_baa,-0.2601937912205447,0.04764586891470224,-0.30783966013524694
2026-01-27,credit_baa,-0.2602133382787067,0.047572781883993095,-0.3077861201626998
2026-01-28,credit_baa,-0.25713095043384765,0.050954654941843265,-0.3080856053756909
2026-01-29,credit_baa,-0.25997169712616436,0.05095632586932788,-0.3109280229954922
2026-01-30,credit_baa,-0.2595121108703393,0.057626716353373866,-0.31713882722371317
2026-02-02,credit_baa,-0.2549733065579005,0.06023552766912912,-0.3152088342270296
2026-02-03,credit_baa,-0.2565948548458227,0.0666194680635846,-0.32321432290940727
2026-02-04,credit_baa,-0.2583586889647613,0.06630265474975224,-0.3246613437145135
2026-02-05,credit_baa,-0.2803694295826182,0.06122114784241917,-0.34159057742503735
2026-02-06,credit_baa,-0.2916796921208062,0.058064998663580926,-0.34974469078438714
2026-02-09,credit_baa,-0.29256464249583025,0.0563814227658351,-0.34894606526166533
2026-02-10,credit_baa,-0.2944702390568896,0.055000252764726934,-0.34947049182161655
2026-02-11,credit_baa,-0.29507991400528993,0.055508073323636435,-0.3505879873289264
2026-02-12,credit_baa,-0.2956411111657474,0.05388519335118524,-0.3495263045169326
2026-02-13,credit_baa,-0.2809941099807314,0.05827660494567972,-0.3392707149264111
2026-02-17,credit_baa,-0.27929897845138596,0.06259643314967564,-0.3418954116010616
2026-02-18,credit_baa,-0.2760047837841986,0.06073864144921686,-0.3367434252334155
2026-02-19,credit_baa,-0.27927547345615267,0.06254929971011262,-0.3418247731662653
2026-02-20,credit_baa,-0.2815481499852681,0.06369130714232353,-0.34523945712759163
2026-02-23,credit_baa,-0.29088995346438234,0.06852806102272761,-0.35941801448710997
2026-02-24,credit_baa,-0.2879697160557443,0.06908697909419749,-0.35705669514994176
2026-02-25,credit_baa,-0.2891313762922596,0.06935232361608877,-0.3584836999083484
2026-02-26,credit_baa,-0.28503901016550853,0.07164516931268897,-0.3566841794781975
2026-02-27,credit_baa,-0.28638632790678564,0.0736470375683195,-0.3600333654751051
2026-03-02,credit_baa,-0.29145424089867705,0.07316033582763752,-0.3646145767263146
2026-03-03,credit_baa,-0.2976422367693913,0.07672229875792635,-0.37436453552731763
2026-03-04,credit_baa,-0.31770177706839164,0.07309107468458886,-0.3907928517529805
2026-03-05,credit_baa,-0.31958222462058045,0.07142634731187134,-0.39100857193245175
2026-03-06,credit_baa,-0.31014223166915306,0.07120905143732884,-0.3813512831064819
2026-03-09,credit_baa,-0.3054401389740593,0.07110129211946735,-0.37654143109352667
2026-03-10,credit_baa,-0.30442410477338266,0.07085935083381659,-0.3752834556071992
2026-03-11,credit_baa,-0.27938345644388185,0.06896446475727297,-0.3483479212011548
2026-03-12,credit_baa,-0.29257667216146693,0.06760955628251057,-0.3601862284439775
2026-03-13,credit_baa,-0.2948477811520305,0.0691762369497348,-0.36402401810176527
2026-03-16,credit_baa,-0.28508902369146455,0.06539025900806486,-0.35047928269952944
2026-03-17,credit_baa,-0.27405083432258587,0.06588762447699269,-0.33993845879957857
2026-03-18,credit_baa,-0.2615370007430023,0.07362173422180347,-0.33515873496480575
2026-03-19,credit_baa,-0.26159559178950126,0.07383662596310515,-0.3354322177526064
2026-03-20,credit_baa,-0.2630044424133899,0.07733551575358534,-0.3403399581669752
2026-03-23,credit_baa,-0.26307745471475025,0.07740732608908704,-0.34048478080383726
2026-03-24,credit_baa,-0.2585168226531132,0.07976783080982822,-0.33828465346294145
2026-03-25,credit_baa,-0.24808039757895245,0.08061642876582867,-0.32869682634478115
2026-03-26,credit_baa,-0.24170538207008918,0.08686171497152569,-0.32856709704161485
2026-03-27,credit_baa,-0.24835396442155716,0.09474521735341648,-0.34309918177497367
2026-03-30,credit_baa,-0.2490240002521687,0.09352393708177932,-0.342547937333948
2026-03-31,credit_baa,-0.2420817907438039,0.09313426464495127,-0.33521605538875515
2026-04-01,credit_baa,-0.23986299723012633,0.08711753136570986,-0.3269805285958362
2026-04-02,credit_baa,-0.23477994365081414,0.08808504430260758,-0.3228649879534217
2026-04-06,credit_baa,-0.24191600590096096,0.08856822824100566,-0.3304842341419666
2026-04-07,credit_baa,-0.22224956090425924,0.11221240189909586,-0.3344619628033551
2026-04-08,credit_baa,-0.23780674083129677,0.12160236829295913,-0.3594091091242559
2026-04-09,credit_baa,-0.20866436221064155,0.14000945125465714,-0.3486738134652987
2026-04-10,credit_baa,-0.21210399297512905,0.14095290306503905,-0.3530568960401681
2026-04-13,credit_baa,-0.22272968904168505,0.13634395127776716,-0.3590736403194522
2026-04-14,credit_baa,-0.2386021249334223,0.14319287720710414,-0.3817950021405264
2026-04-15,credit_baa,-0.22166570479875855,0.1573239107428068,-0.37898961554156535
2026-04-16,credit_baa,-0.22031702477150666,0.15652087193346675,-0.3768378967049734
2026-04-17,credit_baa,-0.21799620943496678,0.15726302016162358,-0.37525922959659036
2026-04-20,credit_baa,-0.21938694974085352,0.15316527558353066,-0.37255222532438415
2026-04-21,credit_baa,-0.21661151662100378,0.1569168149601241,-0.37352833158112786
2026-04-22,credit_baa,-0.23131361920770793,0.14933481146432256,-0.38064843067203047
2026-04-23,credit_baa,-0.22217862813889833,0.14759970739030814,-0.36977833552920647
2026-04-24,credit_baa,-0.21747878402093113,0.13972035779102807,-0.3571991418119592
2026-04-27,credit_baa,-0.21752795635055266,0.1396145988072819,-0.35714255515783455
2026-04-28,credit_baa,-0.21537165340979958,0.13814005813450503,-0.3535117115443046
2026-04-29,credit_baa,-0.21508204807716286,0.13688805017453495,-0.3519700982516978
2026-04-30,credit_baa,-0.214615209096304,0.13888467130589763,-0.3534998804022016
2026-05-01,credit_baa,-0.22023425925432985,0.1518598474464392,-0.37209410670076903
2026-05-04,credit_baa,-0.21836501839335734,0.15018742238749452,-0.36855244078085186
2026-05-05,credit_baa,-0.22422020132333018,0.14915513244977682,-0.373375333773107
2026-05-06,credit_baa,-0.2220004250244736,0.1491954311017154,-0.371195856126189
2026-05-07,credit_baa,-0.2261455929268647,0.14233335196803418,-0.36847894489489885
2026-05-08,credit_baa,-0.22626454408981891,0.14252593003004035,-0.36879047411985927
2026-05-11,credit_baa,-0.2067164959022624,0.13620375574184895,-0.34292025164411133
2026-05-12,credit_baa,-0.20784238784498466,0.13553537262211,-0.3433777604670947
2026-05-13,credit_baa,-0.22380114441812748,0.1230826286498279,-0.34688377306795537
2026-05-14,credit_baa,-0.22878750361885836,0.12450402742213575,-0.3532915310409941
2026-05-15,credit_baa,-0.2318609450132729,0.12098647313191468,-0.3528474181451876
2026-05-18,credit_baa,-0.2250735371182819,0.11691228029149145,-0.34198581740977335
2026-05-19,credit_baa,-0.223745641360144,0.11853175077829041,-0.3422773921384344
2026-05-20,credit_baa,-0.2243198814331155,0.11879088686775233,-0.34311076830086784
2026-05-21,credit_baa,-0.22247293870175586,0.12195686922574939,-0.3444298079275052
2026-05-22,credit_baa,-0.2242236403019083,0.12240475361202985,-0.3466283939139382
2026-05-26,credit_baa,-0.22984480445503563,0.12471957207476495,-0.35456437652980055
2026-05-27,credit_baa,-0.2289225979931046,0.12129855205306485,-0.35022115004616944
2026-05-28,credit_baa,-0.22800400866573084,0.11676284707291439,-0.34476685573864524
2026-05-29,credit_baa,-0.2301455954837295,0.11665379660691312,-0.34679939209064264
2026-06-01,credit_baa,-0.22447266994464682,0.12084472088846507,-0.34531739083311186
2026-06-02,credit_baa,-0.22459181826909672,0.12403040437921842,-0.3486222226483151
2026-06-03,credit_baa,-0.22486415676369684,0.12364930743544256,-0.3485134641991394
2026-06-04,credit_baa,-0.2218694533904333,0.12206696793315594,-0.34393642132358926
2026-06-05,credit_baa,-0.20800513575868523,0.1314623462840698,-0.339467482042755
2026-06-08,credit_baa,-0.2111742148324724,0.13090182372315462,-0.342076038555627
2026-06-09,credit_baa,-0.207077916598382,0.12573839330982003,-0.33281630990820205
2026-06-10,credit_baa,-0.20365692986430006,0.12585052398717184,-0.3295074538514719
2026-06-11,credit_baa,-0.1967653903677893,0.13100563452377342,-0.32777102489156273
2026-06-12,credit_baa,-0.19671318535846744,0.1304950331557204,-0.3272082185141878
2026-06-15,credit_baa,-0.19784578669529038,0.13172548063469128,-0.32957126732998165
2026-06-16,credit_baa,-0.1975365781332012,0.12978703480315437,-0.3273236129363556
2026-06-17,credit_baa,-0.18226192297446595,0.13626611541666134,-0.3185280383911273
2026-06-18,credit_baa,-0.18363806884665493,0.1356724610922365,-0.3193105299388914
2026-06-22,credit_baa,-0.1831968929102413,0.13850040505157304,-0.32169729796181434
2026-06-23,credit_baa,-0.18383975271416256,0.1383199572424555,-0.322159709956618
2026-06-24,credit_baa,-0.18760539832091347,0.1350044739282312,-0.32260987224914467
2026-06-25,credit_baa,-0.19119960421700197,0.1379079378091565,-0.32910754202615844
2026-06-26,credit_baa,-0.1910316353508949,0.13924335893086673,-0.33027499428176166
2026-06-29,credit_baa,-0.19221340146432236,0.14062723965993737,-0.3328406411242597
2026-06-30,credit_baa,-0.18792347680761723,0.13897913235003673,-0.32690260915765396
2026-07-01,credit_baa,-0.1841519806879392,0.14515265356259122,-0.3293046342505304
2026-07-02,credit_baa,-0.1906296564842749,0.1485486932850249,-0.33917834976929984
2026-07-06,credit_baa,-0.17605763932548457,0.15111060603999837,-0.32716824536548295
2026-07-07,credit_baa,-0.17797620547885834,0.15124909210252452,-0.32922529758138286
2026-07-08,credit_baa,-0.17922738006052802,0.15254500607948,-0.33177238614000804
2026-07-09,credit_baa,-0.17917864316172455,0.15265727746937044,-0.331835920631095
2026-07-10,credit_baa,-0.1823146687266636,0.15121845019645191,-0.33353311892311555
2026-07-13,credit_baa,-0.1745042044353671,0.1572278969162399,-0.331732101351607
2026-07-14,credit_baa,-0.1665583038538645,0.15858382676214025,-0.3251421306160047
2026-07-15,credit_baa,-0.16840298959992803,0.1591680185985733,-0.3275710081985013
2026-07-16,credit_baa,-0.17636152696439084,0.16081397484818988,-0.3371755018125807
2026-07-17,credit_baa,-0.18537440335559396,0.161032448954589,-0.346406852310183
2026-07-20,credit_baa,-0.18191733518527806,0.1598941763152826,-0.34181151150056066
2026-07-21,credit_baa,-0.18232803055402785,0.15835958383933904,-0.3406876143933669
2026-07-22,credit_baa,-0.18065161738622335,0.15579184916465683,-0.3364434665508802
2026-07-23,credit_baa,-0.18086129477071913,0.155627007569872,-0.33648830234059113
2026-07-24,credit_baa,-0.18294431443600767,0.15365896816748792,-0.3366032826034956
2026-07-27,credit_baa,-0.1790693545206919,0.1536797034775437,-0.3327490579982356
2026-07-28,credit_baa,-0.17883962160641334,0.1532118578351119,-0.33205147944152524
2026-07-29,credit_baa,-0.17777101248306018,0.15196573248956935,-0.3297367449726295
2026-07-30,credit_baa,-0.1671650234834413,0.15539769830750247,-0.3225627217909438
2026-07-31,credit_baa,-0.16505531554808792,0.15518050626523652,-0.32023582181332444
2026-08-03,credit_baa,-0.16783958297716714,0.15630475200813337,-0.3241443349853005
2026-08-04,credit_baa,-0.15285220785214407,0.15133641728402647,-0.3041886251361705
2026-08-05,credit_baa,-0.1532466542715749,0.14384551809889348,-0.29709217237046837
2026-08-06,credit_baa,-0.1548266057578898,0.1443109625154449,-0.2991375682733347
2026-08-07,credit_baa,-0.15672368178368792,0.15154790962234735,-0.3082715914060353
2026-08-10,credit_baa,-0.1520704408339299,0.15006875573190254,-0.30213919656583244
2026-08-11,credit_baa,-0.15253329485206757,0.14849755887190544,-0.301030853723973
2026-08-12,credit_baa,-0.1476510100498504,0.14723974166497686,-0.29489075171482726
2026-08-13,credit_baa,-0.14814831123327177,0.14586387889322186,-0.2940121901264936
2026-08-14,credit_baa,-0.14362160233296442,0.14725672551071442,-0.29087832784367884
2026-08-17,credit_baa,-0.1435748993953234,0.14726921062844714,-0.29084411002377053
2026-08-18,credit_baa,-0.14591686934697834,0.1493663471015222,-0.29528321644850053
2026-08-19,credit_baa,-0.16604695225303623,0.13360686069696961,-0.2996538129500058
2026-08-20,credit_baa,-0.16353158128452086,0.13440229038369966,-0.2979338716682205
2026-08-21,credit_baa,-0.1718387962110007,0.13141970349314108,-0.30325849970414176
2026-08-24,credit_baa,-0.173466260334086,0.13112099038897468,-0.3045872507230607
2026-08-25,credit_baa,-0.17766492388488483,0.13033074017296362,-0.30799566405784845
