horizon,condition,classification,episode_id,episode_start,episode_end,condition_days,anchor_date,anchor_position,window_start_date,window_end_date,condition_value_at_anchor,btc_return,gold_return,spread_btc_minus_gold
1,equity_bottom_10pct,market_observable,1,2018-02-02,2018-02-05,2,2018-02-05,114,2018-02-05,2018-02-05,-0.04184256124518182,-0.1849701778973607,0.002528643755518978,-0.18749882165287968
1,equity_bottom_10pct,market_observable,2,2018-02-27,2018-02-27,1,2018-02-27,127,2018-02-27,2018-02-27,-0.012788286983878905,0.03627535941892113,-0.01049377405473173,0.04676913347365286
1,equity_bottom_10pct,market_observable,3,2018-03-01,2018-03-01,1,2018-03-01,129,2018-03-01,2018-03-01,-0.01341390789066299,0.03311930265591201,-0.0022425027652310803,0.03536180542114309
1,equity_bottom_10pct,market_observable,4,2018-03-19,2018-03-19,1,2018-03-19,141,2018-03-19,2018-03-19,-0.014306008195446474,-0.01667613892299258,0.0021646240154513663,-0.018840762938443945
1,equity_bottom_10pct,market_observable,5,2018-03-22,2018-03-23,2,2018-03-22,144,2018-03-22,2018-03-22,-0.025484890016140405,-0.02893616671360988,-0.003961028602094352,-0.024975138111515527
1,equity_bottom_10pct,market_observable,6,2018-03-27,2018-03-27,1,2018-03-27,147,2018-03-27,2018-03-27,-0.017427312133270867,-0.0030438032013524463,-0.006177451915059251,0.0031336487137068048
1,equity_bottom_10pct,market_observable,7,2018-04-02,2018-04-02,1,2018-04-02,150,2018-04-02,2018-04-02,-0.022590592580476354,-0.04902312959555566,0.011618397461990781,-0.06064152705754644
1,equity_bottom_10pct,market_observable,8,2018-04-06,2018-04-06,1,2018-04-06,154,2018-04-06,2018-04-06,-0.022164022802027894,-0.021315775740502474,0.0046789913047762255,-0.0259947670452787
1,equity_bottom_10pct,market_observable,9,2018-04-24,2018-04-24,1,2018-04-24,166,2018-04-24,2018-04-24,-0.01347089561834558,0.06610611961134971,0.004844167468111671,0.06126195214323804
1,equity_bottom_10pct,market_observable,10,2018-05-29,2018-05-29,1,2018-05-29,190,2018-05-29,2018-05-29,-0.011631583739264428,0.007519165689346963,-0.00016231041385150746,0.00768147610319847
1,equity_bottom_10pct,market_observable,11,2018-06-25,2018-06-25,1,2018-06-25,209,2018-06-25,2018-06-25,-0.013819790665146492,0.009979776432711418,-0.0037463887322166656,0.013726165164928084
1,equity_bottom_10pct,market_observable,12,2018-10-10,2018-10-11,2,2018-10-10,284,2018-10-10,2018-10-10,-0.033416333989062075,-0.0029601128647680497,0.0024835810584162843,-0.005443693923184334
1,equity_bottom_10pct,market_observable,13,2018-10-18,2018-10-18,1,2018-10-18,290,2018-10-18,2018-10-18,-0.014496515061646065,-0.011665196683365409,0.001122068685606159,-0.012787265368971568
1,equity_bottom_10pct,market_observable,14,2018-10-24,2018-10-24,1,2018-10-24,294,2018-10-24,2018-10-24,-0.03135083200711897,7.450471473724463e-05,0.0023171370069290376,-0.002242632292191793
1,equity_bottom_10pct,market_observable,15,2018-10-26,2018-10-26,1,2018-10-26,296,2018-10-26,2018-10-26,-0.017479090705259992,-0.001227672249695999,0.003173610933107085,-0.004401283182803084
1,equity_bottom_10pct,market_observable,16,2018-11-12,2018-11-12,1,2018-11-12,307,2018-11-12,2018-11-12,-0.01989813672759233,0.004512956189079986,-0.007188596482678555,0.011701552671758542
1,equity_bottom_10pct,market_observable,17,2018-11-19,2018-11-20,2,2018-11-20,313,2018-11-20,2018-11-20,-0.01831796215430881,-0.10924730283846706,0.0,-0.10924730283846706
1,equity_bottom_10pct,market_observable,18,2018-12-04,2018-12-04,1,2018-12-04,322,2018-12-04,2018-12-04,-0.03290020854234488,0.006064771529162627,0.006080599945142318,-1.5828415979690647e-05
1,equity_bottom_10pct,market_observable,19,2018-12-07,2018-12-07,1,2018-12-07,324,2018-12-07,2018-12-07,-0.02359638323855595,-0.09389209610350235,0.008077219150825599,-0.10196931525432795
1,equity_bottom_10pct,market_observable,20,2018-12-14,2018-12-17,2,2018-12-17,330,2018-12-17,2018-12-17,-0.020992280594401613,0.10256726399764204,0.006895742533218119,0.09567152146442393
1,equity_bottom_10pct,market_observable,21,2018-12-19,2018-12-24,4,2018-12-24,335,2018-12-24,2018-12-24,-0.02748656592240728,0.0678004502159606,0.010890577890308784,0.05690987232565181
1,equity_bottom_10pct,market_observable,22,2019-01-03,2019-01-03,1,2019-01-03,341,2019-01-03,2019-01-03,-0.025068276263535694,-0.01816215580640801,0.00902531942317264,-0.02718747522958065
1,equity_bottom_10pct,market_observable,23,2019-01-22,2019-01-22,1,2019-01-22,353,2019-01-22,2019-01-22,-0.01425845436347739,-0.0026775642653920073,0.0035468368649853588,-0.006224401130377366
1,equity_bottom_10pct,market_observable,24,2019-03-22,2019-03-22,1,2019-03-22,395,2019-03-22,2019-03-22,-0.01915685423505309,0.004663497594219024,0.002342023390243142,0.0023214742039758818
1,equity_bottom_10pct,market_observable,25,2019-05-07,2019-05-07,1,2019-05-07,426,2019-05-07,2019-05-07,-0.016649515009818927,0.02272631061351582,0.003305527606358716,0.019420783007157105
1,equity_bottom_10pct,market_observable,26,2019-05-13,2019-05-13,1,2019-05-13,430,2019-05-13,2019-05-13,-0.024426544706444453,0.20203838433890198,0.010159840539079035,0.19187854379982294
1,equity_bottom_10pct,market_observable,27,2019-05-23,2019-05-23,1,2019-05-23,438,2019-05-23,2019-05-23,-0.011985681943016857,-0.018140565758436367,0.00770477545364745,-0.025845341212083817
1,equity_bottom_10pct,market_observable,28,2019-05-31,2019-05-31,1,2019-05-31,443,2019-05-31,2019-05-31,-0.013283188023120118,-0.02056805233115,0.013386857013474085,-0.033954909344624085
1,equity_bottom_10pct,market_observable,29,2019-08-05,2019-08-05,1,2019-08-05,488,2019-08-05,2019-08-05,-0.030230162083586087,0.11795324117996309,0.013885007839557595,0.10406823334040549
1,equity_bottom_10pct,market_observable,30,2019-08-12,2019-08-12,1,2019-08-12,493,2019-08-12,2019-08-12,-0.012029650100344291,-0.033598899170739216,0.009651773675578568,-0.043250672846317784
1,equity_bottom_10pct,market_observable,31,2019-08-14,2019-08-14,1,2019-08-14,495,2019-08-14,2019-08-14,-0.029730363473091437,-0.0755247288012253,0.006818296719088401,-0.0823430255203137
1,equity_bottom_10pct,market_observable,32,2019-08-23,2019-08-23,1,2019-08-23,502,2019-08-23,2019-08-23,-0.02628893555806666,0.023057463573367798,0.01940043582556772,0.003657027747800079
1,equity_bottom_10pct,market_observable,33,2019-10-01,2019-10-02,2,2019-10-02,529,2019-10-02,2019-10-02,-0.01806544138860655,-0.00550133787607443,0.011606023170116941,-0.01710736104619137
1,equity_bottom_10pct,market_observable,34,2019-10-08,2019-10-08,1,2019-10-08,533,2019-10-08,2019-10-08,-0.015683166513284164,-0.005423277643247459,0.008704599917037648,-0.014127877560285107
1,equity_bottom_10pct,market_observable,35,2020-01-27,2020-01-27,1,2020-01-27,608,2020-01-27,2020-01-27,-0.01585572511838329,0.05722479055690677,0.0068021258430706055,0.05042266471383616
1,equity_bottom_10pct,market_observable,36,2020-01-31,2020-01-31,1,2020-01-31,612,2020-01-31,2020-01-31,-0.01786447639264388,-0.026908592225039385,0.005775708477189667,-0.03268430070222905
1,equity_bottom_10pct,market_observable,37,2020-02-24,2020-02-25,2,2020-02-24,627,2020-02-24,2020-02-24,-0.0340880461205213,-0.010433344600048855,0.00894500265671816,-0.019378347256767015
1,equity_bottom_10pct,market_observable,38,2020-02-27,2020-02-27,1,2020-02-27,630,2020-02-27,2020-02-27,-0.045168174100653324,0.00898140737230868,0.00019481624361361582,0.008786591128695065
1,equity_bottom_10pct,market_observable,39,2020-03-03,2020-03-03,1,2020-03-03,633,2020-03-03,2020-03-03,-0.02851053026190442,-0.020181500329005786,0.03095039019408663,-0.051131890523092416
1,equity_bottom_10pct,market_observable,40,2020-03-05,2020-03-09,3,2020-03-09,637,2020-03-09,2020-03-09,-0.07901039484826633,-0.14857428980187315,0.0016488747161256256,-0.15022316451799878
1,equity_bottom_10pct,market_observable,41,2020-03-11,2020-03-12,2,2020-03-12,640,2020-03-12,2020-03-12,-0.09994485184600777,-0.2599485026425459,-0.0407056042424383,-0.21924289840010758
1,equity_bottom_10pct,market_observable,42,2020-03-16,2020-03-16,1,2020-03-16,642,2020-03-16,2020-03-16,-0.1276521411564726,-0.08800161323411793,-0.011512126298224956,-0.07648948693589297
1,equity_bottom_10pct,market_observable,43,2020-03-18,2020-03-18,1,2020-03-18,644,2020-03-18,2020-03-18,-0.053222336221424804,-0.008598322109170553,-0.020123106842711458,0.011524784733540905
1,equity_bottom_10pct,market_observable,44,2020-03-20,2020-03-23,2,2020-03-20,646,2020-03-20,2020-03-20,-0.044327634743158484,-0.005088470337467399,0.01488438314668361,-0.01997285348415101
1,equity_bottom_10pct,market_observable,45,2020-03-27,2020-03-27,1,2020-03-27,651,2020-03-27,2020-03-27,-0.034267808022629076,-0.00020729062219437822,-0.0064814490892439736,0.006274158467049595
1,equity_bottom_10pct,market_observable,46,2020-03-31,2020-04-01,2,2020-04-01,654,2020-04-01,2020-04-01,-0.045146328727152074,-0.041885474462842964,0.009411793149400438,-0.0512972676122434
1,equity_bottom_10pct,market_observable,47,2020-04-03,2020-04-03,1,2020-04-03,656,2020-04-03,2020-04-03,-0.01525286023195438,-0.0049036359594119006,0.004925309776577791,-0.009828945735989691
1,equity_bottom_10pct,market_observable,48,2020-04-15,2020-04-15,1,2020-04-15,663,2020-04-15,2020-04-15,-0.022276750679012913,-0.027576099717512292,-0.005115017933585264,-0.022461081783927028
1,equity_bottom_10pct,market_observable,49,2020-04-20,2020-04-21,2,2020-04-21,667,2020-04-21,2020-04-21,-0.031155167779795434,0.013938576228204269,-0.006848673348053502,0.02078724957625777
1,equity_bottom_10pct,market_observable,50,2020-05-01,2020-05-01,1,2020-05-01,675,2020-05-01,2020-05-01,-0.02846022068682874,-0.01230260597974997,0.006152293383342666,-0.018454899363092636
1,equity_bottom_10pct,market_observable,51,2020-05-12,2020-05-13,2,2020-05-12,682,2020-05-12,2020-05-12,-0.020757791338385623,0.005353131596484317,0.0038815245238019713,0.001471607072682346
1,equity_bottom_10pct,market_observable,52,2020-06-11,2020-06-11,1,2020-06-11,703,2020-06-11,2020-06-11,-0.060752759198692274,-0.05972997819492676,-0.007240232329264629,-0.05248974586566213
1,equity_bottom_10pct,market_observable,53,2020-06-24,2020-06-24,1,2020-06-24,712,2020-06-24,2020-06-24,-0.02619527873275551,-0.03601631581303799,-0.0034899960158005783,-0.03252631979723741
1,equity_bottom_10pct,market_observable,54,2020-06-26,2020-06-26,1,2020-06-26,714,2020-06-26,2020-06-26,-0.024525217335130023,-0.012960535177736432,0.004453219386376439,-0.01741375456411287
1,equity_bottom_10pct,market_observable,55,2020-07-23,2020-07-23,1,2020-07-23,732,2020-07-23,2020-07-23,-0.012396345287241317,0.02338485700413706,0.008786586410813868,0.014598270593323193
1,equity_bottom_10pct,market_observable,56,2020-09-03,2020-09-03,1,2020-09-03,762,2020-09-03,2020-09-03,-0.035757586556313115,-0.06404174149008846,-0.008137254873337163,-0.05590448661675129
1,equity_bottom_10pct,market_observable,57,2020-09-08,2020-09-08,1,2020-09-08,764,2020-09-08,2020-09-08,-0.028148866864059485,-0.056326392318821306,-0.0019287808618004831,-0.05439761145702082
1,equity_bottom_10pct,market_observable,58,2020-09-10,2020-09-10,1,2020-09-10,766,2020-09-10,2020-09-10,-0.01774123987058651,-0.0006200554549646853,-0.0032283485242556864,0.002608293069291001
1,equity_bottom_10pct,market_observable,59,2020-09-21,2020-09-21,1,2020-09-21,773,2020-09-21,2020-09-21,-0.011638590711243069,-0.03445211106124191,-0.020291789448273256,-0.014160321612968652
1,equity_bottom_10pct,market_observable,60,2020-09-23,2020-09-23,1,2020-09-23,775,2020-09-23,2020-09-23,-0.02400729416109293,-0.019147103244129937,-0.021843335368817662,0.0026962321246877252
1,equity_bottom_10pct,market_observable,61,2020-10-06,2020-10-06,1,2020-10-06,784,2020-10-06,2020-10-06,-0.014086778930183286,-0.014968735694806057,-0.011830479550693163,-0.0031382561441128942
1,equity_bottom_10pct,market_observable,62,2020-10-19,2020-10-19,1,2020-10-19,793,2020-10-19,2020-10-19,-0.016464623898633235,0.03320128541143319,0.0005046193567768142,0.032696666054656376
1,equity_bottom_10pct,market_observable,63,2020-10-26,2020-10-26,1,2020-10-26,798,2020-10-26,2020-10-26,-0.018764495369547163,0.006594038360979937,-0.0005039129828938727,0.0070979513438738095
1,equity_bottom_10pct,market_observable,64,2020-10-28,2020-10-28,1,2020-10-28,800,2020-10-28,2020-10-28,-0.03592557122600937,-0.036658788890001404,-0.01627516884164315,-0.020383620048358253
1,equity_bottom_10pct,market_observable,65,2020-10-30,2020-10-30,1,2020-10-30,802,2020-10-30,2020-10-30,-0.012203669046733978,0.0032513327350667254,0.004550651041840048,-0.0012993183067733227
1,equity_bottom_10pct,market_observable,66,2020-11-18,2020-11-18,1,2020-11-18,815,2020-11-18,2020-11-18,-0.011631213479601499,-0.001965428690859028,-0.005738783845972151,0.003773355155113123
1,equity_bottom_10pct,market_observable,67,2021-01-04,2021-01-04,1,2021-01-04,845,2021-01-04,2021-01-04,-0.014864718123371645,0.07020278061825103,0.022014258912347984,0.04818852170590304
1,equity_bottom_10pct,market_observable,68,2021-01-27,2021-01-27,1,2021-01-27,861,2021-01-27,2021-01-27,-0.026013289892048874,-0.014700334856421193,-0.0063557782954406505,-0.008344556560980543
1,equity_bottom_10pct,market_observable,69,2021-01-29,2021-01-29,1,2021-01-29,863,2021-01-29,2021-01-29,-0.01950040596712732,0.0594833045925931,-0.00040541033768271006,0.05988871493027581
1,equity_bottom_10pct,market_observable,70,2021-02-25,2021-02-25,1,2021-02-25,881,2021-02-25,2021-02-25,-0.024783434790563774,0.0010214495088476383,-0.01899580806530743,0.020017257574155067
1,equity_bottom_10pct,market_observable,71,2021-03-03,2021-03-04,2,2021-03-04,886,2021-03-04,2021-03-04,-0.01350803796008293,-0.046652474609741645,-0.00988559566723346,-0.036766878942508185
1,equity_bottom_10pct,market_observable,72,2021-03-18,2021-03-18,1,2021-03-18,896,2021-03-18,2021-03-18,-0.01487052060181071,-0.009956531252500511,-0.005826967579591447,-0.0041295636729090646
1,equity_bottom_10pct,market_observable,73,2021-05-12,2021-05-12,1,2021-05-12,934,2021-05-12,2021-05-12,-0.021682768452684797,-0.03912267689020865,-0.009983483413452454,-0.029139193476756198
1,equity_bottom_10pct,market_observable,74,2021-06-18,2021-06-18,1,2021-06-18,960,2021-06-18,2021-06-18,-0.013211434948255274,-0.06517448967577799,-0.005562705142465596,-0.059611784533312395
1,equity_bottom_10pct,market_observable,75,2021-07-19,2021-07-19,1,2021-07-19,980,2021-07-19,2021-07-19,-0.015996800327963356,-0.03723925722041166,0.0011798535126086307,-0.03841911073302029
1,equity_bottom_10pct,market_observable,76,2021-09-20,2021-09-20,1,2021-09-20,1024,2021-09-20,2021-09-20,-0.017123020373770004,-0.07998443073113926,0.007118755657040232,-0.08710318638817949
1,equity_bottom_10pct,market_observable,77,2021-09-28,2021-09-28,1,2021-09-28,1030,2021-09-28,2021-09-28,-0.020574321587474742,-0.03333152607898526,-0.009763940911599711,-0.023567585167385552
1,equity_bottom_10pct,market_observable,78,2021-09-30,2021-09-30,1,2021-09-30,1032,2021-09-30,2021-09-30,-0.01198122097381571,0.05487439318999776,0.017816984307014394,0.03705740888298337
1,equity_bottom_10pct,market_observable,79,2021-10-04,2021-10-04,1,2021-10-04,1034,2021-10-04,2021-10-04,-0.01307093399993775,0.02771987644352869,0.004667408258472783,0.023052468185055908
1,equity_bottom_10pct,market_observable,80,2021-11-26,2021-11-26,1,2021-11-26,1072,2021-11-26,2021-11-26,-0.0229870449732843,-0.056929557413193166,-0.001616846252669113,-0.05531271116052405
1,equity_bottom_10pct,market_observable,81,2021-11-30,2021-12-01,2,2021-11-30,1074,2021-11-30,2021-11-30,-0.019143376992335703,-0.010981218095551526,-0.006744546424564568,-0.004236671670986958
1,equity_bottom_10pct,market_observable,82,2022-01-05,2022-01-05,1,2022-01-05,1099,2022-01-05,2022-01-05,-0.01958327277580274,-0.05094442655973985,-0.0030121970522101194,-0.04793222950752973
1,equity_bottom_10pct,market_observable,83,2022-01-13,2022-01-13,1,2022-01-13,1105,2022-01-13,2022-01-13,-0.014345962458905959,-0.023622318386436802,-0.00340277134129785,-0.020219547045138953
1,equity_bottom_10pct,market_observable,84,2022-01-18,2022-01-18,1,2022-01-18,1107,2022-01-18,2022-01-18,-0.018559054584436296,-0.031008101124500698,-0.001651618267930921,-0.029356482856569777
1,equity_bottom_10pct,market_observable,85,2022-01-21,2022-01-21,1,2022-01-21,1110,2022-01-21,2022-01-21,-0.01909598635863574,-0.10798357494595301,-0.0032677719138094474,-0.10471580303214356
1,equity_bottom_10pct,market_observable,86,2022-01-25,2022-01-25,1,2022-01-25,1112,2022-01-25,2022-01-25,-0.012246661962160843,-0.009686035297740148,0.003192034576976255,-0.012878069874716402
1,equity_bottom_10pct,market_observable,87,2022-02-03,2022-02-03,1,2022-02-03,1119,2022-02-03,2022-02-03,-0.02469348416817496,-0.0324257921230906,-0.0014224174555623748,-0.031003374667528227
1,equity_bottom_10pct,market_observable,88,2022-02-10,2022-02-11,2,2022-02-11,1125,2022-02-11,2022-02-11,-0.019151696234066762,-0.04081404902987096,0.01887560786556186,-0.05968965689543282
1,equity_bottom_10pct,market_observable,89,2022-02-17,2022-02-17,1,2022-02-17,1129,2022-02-17,2022-02-17,-0.021400503004024074,-0.0757064450391507,0.01357550816897568,-0.08928195320812637
1,equity_bottom_10pct,market_observable,90,2022-02-23,2022-02-23,1,2022-02-23,1132,2022-02-23,2022-02-23,-0.01858379019433265,-0.006112448197079345,0.004497100140273602,-0.010609548337352948
1,equity_bottom_10pct,market_observable,91,2022-03-01,2022-03-01,1,2022-03-01,1136,2022-03-01,2022-03-01,-0.015594426756136315,0.05063254719407695,0.01800043176575361,0.03263211542832334
1,equity_bottom_10pct,market_observable,92,2022-03-07,2022-03-07,1,2022-03-07,1140,2022-03-07,2022-03-07,-0.029962522550535553,-0.04878661712048782,0.014753495270293016,-0.06354011239078083
1,equity_bottom_10pct,market_observable,93,2022-03-11,2022-03-11,1,2022-03-11,1144,2022-03-11,2022-03-11,-0.013046288284511931,-0.03199190050767342,-0.00705269602424341,-0.02493920448343001
1,equity_bottom_10pct,market_observable,94,2022-03-23,2022-03-23,1,2022-03-23,1152,2022-03-23,2022-03-23,-0.012348713151043356,-0.0016002144923010775,0.01356720957605173,-0.015167424068352808
1,equity_bottom_10pct,market_observable,95,2022-03-31,2022-03-31,1,2022-03-31,1158,2022-03-31,2022-03-31,-0.01577632727939715,-0.03220603189128113,0.0003875207880481568,-0.032593552679329285
1,equity_bottom_10pct,market_observable,96,2022-04-05,2022-04-05,1,2022-04-05,1161,2022-04-05,2022-04-05,-0.012631155137048822,0.00232105409369332,-0.006284549046099208,0.008605603139792528
1,equity_bottom_10pct,market_observable,97,2022-04-11,2022-04-11,1,2022-04-11,1165,2022-04-11,2022-04-11,-0.017021333762949453,-0.06640802084599606,0.004947206140849758,-0.07135522698684582
1,equity_bottom_10pct,market_observable,98,2022-04-14,2022-04-14,1,2022-04-14,1168,2022-04-14,2022-04-14,-0.012218479951524586,-0.031758668206411045,-0.003309019437270244,-0.0284496487691408
1,equity_bottom_10pct,market_observable,99,2022-04-21,2022-04-22,2,2022-04-22,1173,2022-04-22,2022-04-22,-0.02813199052103066,-0.04252035494694084,-0.00976966135240076,-0.03275069359454008
1,equity_bottom_10pct,market_observable,100,2022-04-26,2022-04-26,1,2022-04-26,1175,2022-04-26,2022-04-26,-0.028550028430272434,-0.04984597219888798,0.0015238553873304639,-0.05136982758621844
1,equity_bottom_10pct,market_observable,101,2022-04-29,2022-04-29,1,2022-04-29,1178,2022-04-29,2022-04-29,-0.03695920232685879,-0.04220030490129112,-0.00011298334784104469,-0.042087321553450074
1,equity_bottom_10pct,market_observable,102,2022-05-05,2022-05-05,1,2022-05-05,1182,2022-05-05,2022-05-05,-0.03630072399124984,-0.09309530611622563,-0.0038184194446895248,-0.0892768866715361
1,equity_bottom_10pct,market_observable,103,2022-05-09,2022-05-09,1,2022-05-09,1184,2022-05-09,2022-05-09,-0.032561554986877184,-0.15148627625671196,-0.014585347642546154,-0.1369009286141658
1,equity_bottom_10pct,market_observable,104,2022-05-11,2022-05-11,1,2022-05-11,1186,2022-05-11,2022-05-11,-0.016600202520525187,-0.06452711573394687,0.008133958004822084,-0.07266107373876896
1,equity_bottom_10pct,market_observable,105,2022-05-18,2022-05-18,1,2022-05-18,1191,2022-05-18,2022-05-18,-0.04123376798544065,-0.027641967316343496,0.0005313437048437564,-0.028173311021187253
1,equity_bottom_10pct,market_observable,106,2022-06-03,2022-06-03,1,2022-06-03,1202,2022-06-03,2022-06-03,-0.01648245720240027,-0.024071110981541466,-0.010203900438868097,-0.01386721054267337
1,equity_bottom_10pct,market_observable,107,2022-06-09,2022-06-13,3,2022-06-13,1208,2022-06-13,2022-06-13,-0.03953987319895802,-0.221766568159957,-0.026767358824472787,-0.1949992093354842
1,equity_bottom_10pct,market_observable,108,2022-06-16,2022-06-16,1,2022-06-16,1211,2022-06-16,2022-06-16,-0.03305221501708466,-0.035599822209373855,0.011180446816136502,-0.04678026902551036
1,equity_bottom_10pct,market_observable,109,2022-06-28,2022-06-28,1,2022-06-28,1218,2022-06-28,2022-06-28,-0.02034865838324862,-0.02920977817322523,-0.0016493806069401984,-0.027560397566285033
1,equity_bottom_10pct,market_observable,110,2022-08-19,2022-08-22,2,2022-08-22,1256,2022-08-22,2022-08-22,-0.021632427725286618,-0.012937264745433552,-0.006659303367833047,-0.006277961377600505
1,equity_bottom_10pct,market_observable,111,2022-08-26,2022-08-26,1,2022-08-26,1260,2022-08-26,2022-08-26,-0.03426852674898484,-0.045652143206980966,-0.012227153201929575,-0.03342499000505139
1,equity_bottom_10pct,market_observable,112,2022-09-13,2022-09-13,1,2022-09-13,1271,2022-09-13,2022-09-13,-0.04419911011958355,-0.10044505106255563,-0.013096728906648814,-0.08734832215590682
1,equity_bottom_10pct,market_observable,113,2022-09-21,2022-09-21,1,2022-09-21,1277,2022-09-21,2022-09-21,-0.01726467378977503,0.000496366873202092,0.004632228320962994,-0.004135861447760902
1,equity_bottom_10pct,market_observable,114,2022-09-23,2022-09-23,1,2022-09-23,1279,2022-09-23,2022-09-23,-0.01738282607756858,-0.026334129255729977,-0.017427816406674346,-0.008906312849055631
1,equity_bottom_10pct,market_observable,115,2022-09-29,2022-09-30,2,2022-09-29,1283,2022-09-29,2022-09-29,-0.021352776272161478,-0.00739887352830948,-0.00019394717180531984,-0.00720492635650416
1,equity_bottom_10pct,market_observable,116,2022-10-07,2022-10-07,1,2022-10-07,1289,2022-10-07,2022-10-07,-0.02840316716749136,-0.027936999949847774,-0.011023386142689162,-0.016913613807158612
1,equity_bottom_10pct,market_observable,117,2022-10-14,2022-10-14,1,2022-10-14,1294,2022-10-14,2022-10-14,-0.023947163771952162,-0.010470767300507333,-0.012537160793022473,0.0020663934925151395
1,equity_bottom_10pct,market_observable,118,2022-11-02,2022-11-02,1,2022-11-02,1307,2022-11-02,2022-11-02,-0.02531980282762092,-0.00975978982403447,-0.00699697020289225,-0.0027628196211422207
1,equity_bottom_10pct,market_observable,119,2022-11-09,2022-11-09,1,2022-11-09,1312,2022-11-09,2022-11-09,-0.020996774887089842,-0.11186746616524879,-0.00502989475916138,-0.1068375714060874
1,equity_bottom_10pct,market_observable,120,2022-11-28,2022-11-28,1,2022-11-28,1324,2022-11-28,2022-11-28,-0.015564652905561971,-0.015454812833610276,-0.00793489366537159,-0.007519919168238687
1,equity_bottom_10pct,market_observable,121,2022-12-05,2022-12-06,2,2022-12-05,1329,2022-12-05,2022-12-05,-0.018056283602074785,-0.005360329884922521,-0.017307805302720247,0.011947475417797726
1,equity_bottom_10pct,market_observable,122,2022-12-15,2022-12-15,1,2022-12-15,1337,2022-12-15,2022-12-15,-0.02523746079196343,-0.019805925740545405,-0.016494600382901403,-0.0033113253576440016
1,equity_bottom_10pct,market_observable,123,2022-12-22,2022-12-22,1,2022-12-22,1342,2022-12-22,2022-12-22,-0.014557129502374977,-7.270191918529179e-05,-0.01215898016893302,0.012086278249747728
1,equity_bottom_10pct,market_observable,124,2022-12-28,2022-12-28,1,2022-12-28,1345,2022-12-28,2022-12-28,-0.012093462699048985,-0.004182385747999007,-0.0045159890327513,0.00033360328475229295
1,equity_bottom_10pct,market_observable,125,2023-01-05,2023-01-05,1,2023-01-05,1350,2023-01-05,2023-01-05,-0.011713902384517638,0.0031207038082339267,-0.012529630867487818,0.015650334675721744
1,equity_bottom_10pct,market_observable,126,2023-01-18,2023-01-18,1,2023-01-18,1358,2023-01-18,2023-01-18,-0.015685001660276754,-0.031361558626269215,-0.0028758838411491183,-0.028485674785120096
1,equity_bottom_10pct,market_observable,127,2023-01-30,2023-01-30,1,2023-01-30,1366,2023-01-30,2023-01-30,-0.013053559781990742,-0.017945037631319494,-0.0025700149312912757,-0.015375022700028218
1,equity_bottom_10pct,market_observable,128,2023-02-16,2023-02-16,1,2023-02-16,1379,2023-02-16,2023-02-16,-0.013884644172641458,0.017193737072460635,-0.0008195726363133815,0.018013309708774017
1,equity_bottom_10pct,market_observable,129,2023-02-21,2023-02-21,1,2023-02-21,1381,2023-02-21,2023-02-21,-0.02024478441412292,-0.014471525183790135,-0.0037440046605539123,-0.010727520523236223
1,equity_bottom_10pct,market_observable,130,2023-03-07,2023-03-07,1,2023-03-07,1391,2023-03-07,2023-03-07,-0.015445639173959691,-0.013355056570015122,-0.017635068390636555,0.004280011820621432
1,equity_bottom_10pct,market_observable,131,2023-03-09,2023-03-10,2,2023-03-09,1393,2023-03-09,2023-03-09,-0.018631872945281458,-0.09386945018604109,0.009801127700098,-0.10367057788613909
1,equity_bottom_10pct,market_observable,132,2023-03-22,2023-03-22,1,2023-03-22,1402,2023-03-22,2023-03-22,-0.016600211922495944,-0.0532302933331561,0.016877382247648676,-0.07010767558080477
1,equity_bottom_10pct,market_observable,133,2023-04-25,2023-04-25,1,2023-04-25,1425,2023-04-25,2023-04-25,-0.015937145594968172,0.008295760596530144,0.0050734265105614185,0.0032223340859687255
1,equity_bottom_10pct,market_observable,134,2023-05-02,2023-05-02,1,2023-05-02,1430,2023-05-02,2023-05-02,-0.01165389752800472,0.029819572002265815,0.0191128216996459,0.010706750302619916
1,equity_bottom_10pct,market_observable,135,2023-08-02,2023-08-02,1,2023-08-02,1493,2023-08-02,2023-08-02,-0.013936235197657965,-0.004205326466792059,-0.004776993918500061,0.0005716674517080023
1,equity_bottom_10pct,market_observable,136,2023-08-24,2023-08-24,1,2023-08-24,1509,2023-08-24,2023-08-24,-0.013549420207498386,-0.022501564028006626,-0.0002248455933200333,-0.022276718434686593
1,equity_bottom_10pct,market_observable,137,2023-09-15,2023-09-15,1,2023-09-15,1524,2023-09-15,2023-09-15,-0.012234084667106515,-0.010579365832812826,0.006582106894978068,-0.017161472727790894
1,equity_bottom_10pct,market_observable,138,2023-09-21,2023-09-21,1,2023-09-21,1528,2023-09-21,2023-09-21,-0.016536873951467967,-0.012354593123170332,-0.007274811145922655,-0.005079781977247677
1,equity_bottom_10pct,market_observable,139,2023-09-26,2023-09-26,1,2023-09-26,1531,2023-09-26,2023-09-26,-0.01484412871796259,-0.0032004871789030886,-0.008023084937964775,0.004822597759061686
1,equity_bottom_10pct,market_observable,140,2023-10-03,2023-10-03,1,2023-10-03,1536,2023-10-03,2023-10-03,-0.013839410161484267,-0.024983196554416054,-0.002892421000057155,-0.0220907755543589
1,equity_bottom_10pct,market_observable,141,2023-10-18,2023-10-18,1,2023-10-18,1547,2023-10-18,2023-10-18,-0.013490386223825368,-0.00954305973339764,0.014367113783494645,-0.023910173516892286
1,equity_bottom_10pct,market_observable,142,2023-10-20,2023-10-20,1,2023-10-20,1549,2023-10-20,2023-10-20,-0.012665186185758515,0.027805602397920737,0.002727175302074336,0.0250784270958464
1,equity_bottom_10pct,market_observable,143,2023-10-25,2023-10-26,2,2023-10-25,1552,2023-10-25,2023-10-25,-0.01444339793934546,0.027492486615967593,0.004199991317573648,0.023292495298393945
1,equity_bottom_10pct,market_observable,144,2023-12-20,2023-12-20,1,2023-12-20,1591,2023-12-20,2023-12-20,-0.014793144174520378,0.028335504734718242,-0.005460866362358985,0.03379637109707723
1,equity_bottom_10pct,market_observable,145,2024-01-31,2024-01-31,1,2024-01-31,1618,2024-01-31,2024-01-31,-0.016236787963986643,-0.02369176721849975,-0.0007426235867571407,-0.022949143631742608
1,equity_bottom_10pct,market_observable,146,2024-02-13,2024-02-13,1,2024-02-13,1627,2024-02-13,2024-02-13,-0.013768624761212322,-0.015338826726978283,-0.013884637194948368,-0.0014541895320299147
1,equity_bottom_10pct,market_observable,147,2024-04-04,2024-04-04,1,2024-04-04,1662,2024-04-04,2024-04-04,-0.01241098305745858,0.0404569455869499,-0.005751211782366816,0.046208157369316716
1,equity_bottom_10pct,market_observable,148,2024-04-12,2024-04-15,2,2024-04-12,1668,2024-04-12,2024-04-12,-0.014657607029448627,-0.05267924225677767,-0.013327746093359849,-0.03935149616341782
1,equity_bottom_10pct,market_observable,149,2024-04-30,2024-04-30,1,2024-04-30,1680,2024-04-30,2024-04-30,-0.015855554753445134,-0.06044381818213829,-0.02013850411793694,-0.04030531406420135
1,equity_bottom_10pct,market_observable,150,2024-07-17,2024-07-17,1,2024-07-17,1733,2024-07-17,2024-07-17,-0.014025410555021267,-0.00893469742080022,-0.004654019570797807,-0.004280677850002412
1,equity_bottom_10pct,market_observable,151,2024-07-24,2024-07-24,1,2024-07-24,1738,2024-07-24,2024-07-24,-0.0234211784438898,0.0017686072109750484,-0.0035105070964620566,0.005279114307437105
1,equity_bottom_10pct,market_observable,152,2024-08-01,2024-08-05,3,2024-08-05,1746,2024-08-05,2024-08-05,-0.030427045496882243,-0.15817931088299453,-0.012773165762624217,-0.1454061451203703
1,equity_bottom_10pct,market_observable,153,2024-09-03,2024-09-03,1,2024-09-03,1766,2024-09-03,2024-09-03,-0.021378012454581707,-0.011204440172322805,-0.004332950273532532,-0.006871489898790273
1,equity_bottom_10pct,market_observable,154,2024-09-06,2024-09-06,1,2024-09-06,1769,2024-09-06,2024-09-06,-0.017410901670867673,-0.04610053615848386,-0.007430165851405768,-0.038670370307078095
1,equity_bottom_10pct,market_observable,155,2024-10-31,2024-10-31,1,2024-10-31,1808,2024-10-31,2024-10-31,-0.0187901825995187,-0.024381311506454395,-0.015616471787271102,-0.008764839719183293
1,equity_bottom_10pct,market_observable,156,2024-11-15,2024-11-15,1,2024-11-15,1819,2024-11-15,2024-11-15,-0.01329146396056835,0.04284477318475588,-0.0017736414154017055,0.044618414600157585
1,equity_bottom_10pct,market_observable,157,2024-12-18,2024-12-18,1,2024-12-18,1841,2024-12-18,2024-12-18,-0.029936554508987356,-0.0567288577781877,-0.019371499639531997,-0.037357358138655705
1,equity_bottom_10pct,market_observable,158,2025-01-10,2025-01-10,1,2025-01-10,1855,2025-01-10,2025-01-10,-0.01553164435389398,0.007283849888439775,0.009512918374949386,-0.002229068486509611
1,equity_bottom_10pct,market_observable,159,2025-01-27,2025-01-27,1,2025-01-27,1865,2025-01-27,2025-01-27,-0.014687984883634542,-0.03368430568744607,-0.010459313683880644,-0.023224992003565426
1,equity_bottom_10pct,market_observable,160,2025-02-21,2025-02-21,1,2025-02-21,1883,2025-02-21,2025-02-21,-0.01721137399126249,-0.03501156098902136,-0.0009229691054981615,-0.0340885918835232
1,equity_bottom_10pct,market_observable,161,2025-02-27,2025-02-27,1,2025-02-27,1887,2025-02-27,2025-02-27,-0.015991702852089063,-0.01027152969699685,-0.015357280506671067,0.0050857508096742166
1,equity_bottom_10pct,market_observable,162,2025-03-03,2025-03-04,2,2025-03-03,1889,2025-03-03,2025-03-03,-0.01775343937549323,0.022125068145001592,0.013094284775934106,0.009030783369067485
1,equity_bottom_10pct,market_observable,163,2025-03-06,2025-03-06,1,2025-03-06,1892,2025-03-06,2025-03-06,-0.017979700568309553,-0.016178745065822397,-0.005094160642131307,-0.01108458442369109
1,equity_bottom_10pct,market_observable,164,2025-03-10,2025-03-10,1,2025-03-10,1894,2025-03-10,2025-03-10,-0.027343518375984033,-0.09553789563127246,-0.008794495623059895,-0.08674340000821257
1,equity_bottom_10pct,market_observable,165,2025-03-13,2025-03-13,1,2025-03-13,1897,2025-03-13,2025-03-13,-0.013988405225353162,-0.03317414123733364,0.017600345742840418,-0.05077448698017406
1,equity_bottom_10pct,market_observable,166,2025-03-28,2025-03-28,1,2025-03-28,1908,2025-03-28,2025-03-28,-0.019934580336265384,-0.03827963045709026,0.007384788228781858,-0.04566441868587212
1,equity_bottom_10pct,market_observable,167,2025-04-03,2025-04-04,2,2025-04-04,1913,2025-04-04,2025-04-04,-0.06160907367588031,0.024097574805100663,-0.023670204732145095,0.04776777953724576
1,equity_bottom_10pct,market_observable,168,2025-04-08,2025-04-08,1,2025-04-08,1915,2025-04-08,2025-04-08,-0.01582508719681286,-0.01647144098020803,0.005429029902152216,-0.021900470882360246
1,equity_bottom_10pct,market_observable,169,2025-04-10,2025-04-10,1,2025-04-10,1917,2025-04-10,2025-04-10,-0.035220587845119056,-0.03315180882117197,0.024130092886814225,-0.057281901707986194
1,equity_bottom_10pct,market_observable,170,2025-04-16,2025-04-16,1,2025-04-16,1921,2025-04-16,2025-04-16,-0.02266331270099542,0.003986044575750469,0.03202257075367587,-0.028036526177925403
1,equity_bottom_10pct,market_observable,171,2025-04-21,2025-04-21,1,2025-04-21,1923,2025-04-21,2025-04-21,-0.023849649226388436,0.029794126831747647,0.030466725196562017,-0.0006725983648143696
1,equity_bottom_10pct,market_observable,172,2025-05-21,2025-05-21,1,2025-05-21,1945,2025-05-21,2025-05-21,-0.016266702451147808,0.014630118556452132,0.007351594562024388,0.0072785239944277436
1,equity_bottom_10pct,market_observable,173,2025-08-01,2025-08-01,1,2025-08-01,1994,2025-08-01,2025-08-01,-0.016121328046944328,-0.030049135370356694,0.02009639782657313,-0.050145533196929826
1,equity_bottom_10pct,market_observable,174,2025-10-10,2025-10-10,1,2025-10-10,2043,2025-10-10,2025-10-10,-0.027485959970572793,-0.03611487858687745,0.010047058859954383,-0.046161937446831836
1,equity_bottom_10pct,market_observable,175,2025-11-04,2025-11-04,1,2025-11-04,2060,2025-11-04,2025-11-04,-0.011806190194192823,-0.056927238817134906,-0.017672437504169025,-0.03925480131296588
1,equity_bottom_10pct,market_observable,176,2025-11-13,2025-11-13,1,2025-11-13,2067,2025-11-13,2025-11-13,-0.016695497821197947,-0.03382276393029038,-0.008115943871202624,-0.025706820059087754
1,equity_bottom_10pct,market_observable,177,2025-11-20,2025-11-20,1,2025-11-20,2072,2025-11-20,2025-11-20,-0.01568966674838812,-0.03471131618711887,-0.0002933685939359165,-0.03441794759318295
1,equity_bottom_10pct,market_observable,178,2025-12-17,2025-12-17,1,2025-12-17,2090,2025-12-17,2025-12-17,-0.011659917229323469,-0.01940364426468122,0.008551559438576106,-0.027955203703257325
1,equity_bottom_10pct,market_observable,179,2026-01-20,2026-01-20,1,2026-01-20,2111,2026-01-20,2026-01-20,-0.020842474609839456,-0.06283771274357086,0.03713794462564746,-0.09997565736921832
1,equity_bottom_10pct,market_observable,180,2026-02-05,2026-02-05,1,2026-02-05,2123,2026-02-05,2026-02-05,-0.012326632274291427,-0.1421355374821136,-0.02699275619765107,-0.11514278128446254
1,equity_bottom_10pct,market_observable,181,2026-02-12,2026-02-12,1,2026-02-12,2128,2026-02-12,2026-02-12,-0.015784876133702497,-0.03200261796108883,-0.03534565209196927,0.00334303413088044
1,equity_bottom_10pct,market_observable,182,2026-03-06,2026-03-06,1,2026-03-06,2143,2026-03-06,2026-03-06,-0.013365729048958386,-0.044866300154925653,0.015708476698148566,-0.06057477685307422
1,equity_bottom_10pct,market_observable,183,2026-03-12,2026-03-12,1,2026-03-12,2147,2026-03-12,2026-03-12,-0.015344854576946787,-0.002969788140640972,-0.01984963254664507,0.016879844406004096
1,equity_bottom_10pct,market_observable,184,2026-03-18,2026-03-18,1,2026-03-18,2151,2026-03-18,2026-03-18,-0.01370105213122308,-0.04725078947632433,-0.0321484286975835,-0.015102360778740831
1,equity_bottom_10pct,market_observable,185,2026-03-20,2026-03-20,1,2026-03-20,2153,2026-03-20,2026-03-20,-0.01525389582947767,-0.0013406922699115142,-0.031034054726858606,0.029693362456947092
1,equity_bottom_10pct,market_observable,186,2026-03-26,2026-03-27,2,2026-03-26,2157,2026-03-26,2026-03-26,-0.017559479899018626,-0.03369977367135846,-0.03831884826591203,0.004619074594553574
1,equity_bottom_10pct,market_observable,187,2026-05-15,2026-05-15,1,2026-05-15,2192,2026-05-15,2026-05-15,-0.012440350542895828,-0.028317307057928787,-0.023494231397838128,-0.004823075660090659
1,equity_bottom_10pct,market_observable,188,2026-06-05,2026-06-05,1,2026-06-05,2206,2026-06-05,2026-06-05,-0.02680135433175046,-0.05373922954098198,-0.03722984276849228,-0.016509386772489698
1,equity_bottom_10pct,market_observable,189,2026-06-10,2026-06-10,1,2026-06-10,2209,2026-06-10,2026-06-10,-0.016332141340852147,-0.0025095034523392457,-0.042339376208338386,0.03982987275599914
1,equity_bottom_10pct,market_observable,190,2026-06-17,2026-06-17,1,2026-06-17,2214,2026-06-17,2026-06-17,-0.012222675763243984,-0.021143484845708826,-0.022971384282330476,0.0018278994366216494
1,equity_bottom_10pct,market_observable,191,2026-06-23,2026-06-23,1,2026-06-23,2217,2026-06-23,2026-06-23,-0.014466917855330053,-0.03285812816840661,-0.019084169061679646,-0.013773959106726963
1,equity_bottom_10pct,market_observable,192,2026-07-23,2026-07-23,1,2026-07-23,2238,2026-07-23,2026-07-23,-0.012163350976322818,-0.01646070679419509,-0.020250095841770843,0.003789389047575753
1,equity_bottom_10pct,market_observable,193,2026-07-29,2026-07-29,1,2026-07-29,2242,2026-07-29,2026-07-29,-0.015277412729497897,-0.004934223891385869,0.004618798129091495,-0.009553022020477364
1,equity_bottom_5pct,market_observable,1,2018-02-02,2018-02-05,2,2018-02-05,114,2018-02-05,2018-02-05,-0.04184256124518182,-0.1849701778973607,0.002528643755518978,-0.18749882165287968
1,equity_bottom_5pct,market_observable,2,2018-03-22,2018-03-23,2,2018-03-22,144,2018-03-22,2018-03-22,-0.025484890016140405,-0.02893616671360988,-0.003961028602094352,-0.024975138111515527
1,equity_bottom_5pct,market_observable,3,2018-03-27,2018-03-27,1,2018-03-27,147,2018-03-27,2018-03-27,-0.017427312133270867,-0.0030438032013524463,-0.006177451915059251,0.0031336487137068048
1,equity_bottom_5pct,market_observable,4,2018-04-02,2018-04-02,1,2018-04-02,150,2018-04-02,2018-04-02,-0.022590592580476354,-0.04902312959555566,0.011618397461990781,-0.06064152705754644
1,equity_bottom_5pct,market_observable,5,2018-04-06,2018-04-06,1,2018-04-06,154,2018-04-06,2018-04-06,-0.022164022802027894,-0.021315775740502474,0.0046789913047762255,-0.0259947670452787
1,equity_bottom_5pct,market_observable,6,2018-10-10,2018-10-11,2,2018-10-10,284,2018-10-10,2018-10-10,-0.033416333989062075,-0.0029601128647680497,0.0024835810584162843,-0.005443693923184334
1,equity_bottom_5pct,market_observable,7,2018-10-24,2018-10-24,1,2018-10-24,294,2018-10-24,2018-10-24,-0.03135083200711897,7.450471473724463e-05,0.0023171370069290376,-0.002242632292191793
1,equity_bottom_5pct,market_observable,8,2018-10-26,2018-10-26,1,2018-10-26,296,2018-10-26,2018-10-26,-0.017479090705259992,-0.001227672249695999,0.003173610933107085,-0.004401283182803084
1,equity_bottom_5pct,market_observable,9,2018-11-12,2018-11-12,1,2018-11-12,307,2018-11-12,2018-11-12,-0.01989813672759233,0.004512956189079986,-0.007188596482678555,0.011701552671758542
1,equity_bottom_5pct,market_observable,10,2018-11-20,2018-11-20,1,2018-11-20,313,2018-11-20,2018-11-20,-0.01831796215430881,-0.10924730283846706,0.0,-0.10924730283846706
1,equity_bottom_5pct,market_observable,11,2018-12-04,2018-12-04,1,2018-12-04,322,2018-12-04,2018-12-04,-0.03290020854234488,0.006064771529162627,0.006080599945142318,-1.5828415979690647e-05
1,equity_bottom_5pct,market_observable,12,2018-12-07,2018-12-07,1,2018-12-07,324,2018-12-07,2018-12-07,-0.02359638323855595,-0.09389209610350235,0.008077219150825599,-0.10196931525432795
1,equity_bottom_5pct,market_observable,13,2018-12-14,2018-12-17,2,2018-12-17,330,2018-12-17,2018-12-17,-0.020992280594401613,0.10256726399764204,0.006895742533218119,0.09567152146442393
1,equity_bottom_5pct,market_observable,14,2018-12-21,2018-12-24,2,2018-12-24,335,2018-12-24,2018-12-24,-0.02748656592240728,0.0678004502159606,0.010890577890308784,0.05690987232565181
1,equity_bottom_5pct,market_observable,15,2019-01-03,2019-01-03,1,2019-01-03,341,2019-01-03,2019-01-03,-0.025068276263535694,-0.01816215580640801,0.00902531942317264,-0.02718747522958065
1,equity_bottom_5pct,market_observable,16,2019-03-22,2019-03-22,1,2019-03-22,395,2019-03-22,2019-03-22,-0.01915685423505309,0.004663497594219024,0.002342023390243142,0.0023214742039758818
1,equity_bottom_5pct,market_observable,17,2019-05-13,2019-05-13,1,2019-05-13,430,2019-05-13,2019-05-13,-0.024426544706444453,0.20203838433890198,0.010159840539079035,0.19187854379982294
1,equity_bottom_5pct,market_observable,18,2019-08-05,2019-08-05,1,2019-08-05,488,2019-08-05,2019-08-05,-0.030230162083586087,0.11795324117996309,0.013885007839557595,0.10406823334040549
1,equity_bottom_5pct,market_observable,19,2019-08-14,2019-08-14,1,2019-08-14,495,2019-08-14,2019-08-14,-0.029730363473091437,-0.0755247288012253,0.006818296719088401,-0.0823430255203137
1,equity_bottom_5pct,market_observable,20,2019-08-23,2019-08-23,1,2019-08-23,502,2019-08-23,2019-08-23,-0.02628893555806666,0.023057463573367798,0.01940043582556772,0.003657027747800079
1,equity_bottom_5pct,market_observable,21,2019-10-02,2019-10-02,1,2019-10-02,529,2019-10-02,2019-10-02,-0.01806544138860655,-0.00550133787607443,0.011606023170116941,-0.01710736104619137
1,equity_bottom_5pct,market_observable,22,2020-01-31,2020-01-31,1,2020-01-31,612,2020-01-31,2020-01-31,-0.01786447639264388,-0.026908592225039385,0.005775708477189667,-0.03268430070222905
1,equity_bottom_5pct,market_observable,23,2020-02-24,2020-02-25,2,2020-02-24,627,2020-02-24,2020-02-24,-0.0340880461205213,-0.010433344600048855,0.00894500265671816,-0.019378347256767015
1,equity_bottom_5pct,market_observable,24,2020-02-27,2020-02-27,1,2020-02-27,630,2020-02-27,2020-02-27,-0.045168174100653324,0.00898140737230868,0.00019481624361361582,0.008786591128695065
1,equity_bottom_5pct,market_observable,25,2020-03-03,2020-03-03,1,2020-03-03,633,2020-03-03,2020-03-03,-0.02851053026190442,-0.020181500329005786,0.03095039019408663,-0.051131890523092416
1,equity_bottom_5pct,market_observable,26,2020-03-05,2020-03-05,1,2020-03-05,635,2020-03-05,2020-03-05,-0.03451072562469726,0.0458308371360463,0.021370951204574773,0.024459885931471526
1,equity_bottom_5pct,market_observable,27,2020-03-09,2020-03-09,1,2020-03-09,637,2020-03-09,2020-03-09,-0.07901039484826633,-0.14857428980187315,0.0016488747161256256,-0.15022316451799878
1,equity_bottom_5pct,market_observable,28,2020-03-11,2020-03-12,2,2020-03-12,640,2020-03-12,2020-03-12,-0.09994485184600777,-0.2599485026425459,-0.0407056042424383,-0.21924289840010758
1,equity_bottom_5pct,market_observable,29,2020-03-16,2020-03-16,1,2020-03-16,642,2020-03-16,2020-03-16,-0.1276521411564726,-0.08800161323411793,-0.011512126298224956,-0.07648948693589297
1,equity_bottom_5pct,market_observable,30,2020-03-18,2020-03-18,1,2020-03-18,644,2020-03-18,2020-03-18,-0.053222336221424804,-0.008598322109170553,-0.020123106842711458,0.011524784733540905
1,equity_bottom_5pct,market_observable,31,2020-03-20,2020-03-23,2,2020-03-20,646,2020-03-20,2020-03-20,-0.044327634743158484,-0.005088470337467399,0.01488438314668361,-0.01997285348415101
1,equity_bottom_5pct,market_observable,32,2020-03-27,2020-03-27,1,2020-03-27,651,2020-03-27,2020-03-27,-0.034267808022629076,-0.00020729062219437822,-0.0064814490892439736,0.006274158467049595
1,equity_bottom_5pct,market_observable,33,2020-04-01,2020-04-01,1,2020-04-01,654,2020-04-01,2020-04-01,-0.045146328727152074,-0.041885474462842964,0.009411793149400438,-0.0512972676122434
1,equity_bottom_5pct,market_observable,34,2020-04-15,2020-04-15,1,2020-04-15,663,2020-04-15,2020-04-15,-0.022276750679012913,-0.027576099717512292,-0.005115017933585264,-0.022461081783927028
1,equity_bottom_5pct,market_observable,35,2020-04-20,2020-04-21,2,2020-04-21,667,2020-04-21,2020-04-21,-0.031155167779795434,0.013938576228204269,-0.006848673348053502,0.02078724957625777
1,equity_bottom_5pct,market_observable,36,2020-05-01,2020-05-01,1,2020-05-01,675,2020-05-01,2020-05-01,-0.02846022068682874,-0.01230260597974997,0.006152293383342666,-0.018454899363092636
1,equity_bottom_5pct,market_observable,37,2020-05-12,2020-05-13,2,2020-05-12,682,2020-05-12,2020-05-12,-0.020757791338385623,0.005353131596484317,0.0038815245238019713,0.001471607072682346
1,equity_bottom_5pct,market_observable,38,2020-06-11,2020-06-11,1,2020-06-11,703,2020-06-11,2020-06-11,-0.060752759198692274,-0.05972997819492676,-0.007240232329264629,-0.05248974586566213
1,equity_bottom_5pct,market_observable,39,2020-06-24,2020-06-24,1,2020-06-24,712,2020-06-24,2020-06-24,-0.02619527873275551,-0.03601631581303799,-0.0034899960158005783,-0.03252631979723741
1,equity_bottom_5pct,market_observable,40,2020-06-26,2020-06-26,1,2020-06-26,714,2020-06-26,2020-06-26,-0.024525217335130023,-0.012960535177736432,0.004453219386376439,-0.01741375456411287
1,equity_bottom_5pct,market_observable,41,2020-09-03,2020-09-03,1,2020-09-03,762,2020-09-03,2020-09-03,-0.035757586556313115,-0.06404174149008846,-0.008137254873337163,-0.05590448661675129
1,equity_bottom_5pct,market_observable,42,2020-09-08,2020-09-08,1,2020-09-08,764,2020-09-08,2020-09-08,-0.028148866864059485,-0.056326392318821306,-0.0019287808618004831,-0.05439761145702082
1,equity_bottom_5pct,market_observable,43,2020-09-10,2020-09-10,1,2020-09-10,766,2020-09-10,2020-09-10,-0.01774123987058651,-0.0006200554549646853,-0.0032283485242556864,0.002608293069291001
1,equity_bottom_5pct,market_observable,44,2020-09-23,2020-09-23,1,2020-09-23,775,2020-09-23,2020-09-23,-0.02400729416109293,-0.019147103244129937,-0.021843335368817662,0.0026962321246877252
1,equity_bottom_5pct,market_observable,45,2020-10-26,2020-10-26,1,2020-10-26,798,2020-10-26,2020-10-26,-0.018764495369547163,0.006594038360979937,-0.0005039129828938727,0.0070979513438738095
1,equity_bottom_5pct,market_observable,46,2020-10-28,2020-10-28,1,2020-10-28,800,2020-10-28,2020-10-28,-0.03592557122600937,-0.036658788890001404,-0.01627516884164315,-0.020383620048358253
1,equity_bottom_5pct,market_observable,47,2021-01-27,2021-01-27,1,2021-01-27,861,2021-01-27,2021-01-27,-0.026013289892048874,-0.014700334856421193,-0.0063557782954406505,-0.008344556560980543
1,equity_bottom_5pct,market_observable,48,2021-01-29,2021-01-29,1,2021-01-29,863,2021-01-29,2021-01-29,-0.01950040596712732,0.0594833045925931,-0.00040541033768271006,0.05988871493027581
1,equity_bottom_5pct,market_observable,49,2021-02-25,2021-02-25,1,2021-02-25,881,2021-02-25,2021-02-25,-0.024783434790563774,0.0010214495088476383,-0.01899580806530743,0.020017257574155067
1,equity_bottom_5pct,market_observable,50,2021-05-12,2021-05-12,1,2021-05-12,934,2021-05-12,2021-05-12,-0.021682768452684797,-0.03912267689020865,-0.009983483413452454,-0.029139193476756198
1,equity_bottom_5pct,market_observable,51,2021-09-28,2021-09-28,1,2021-09-28,1030,2021-09-28,2021-09-28,-0.020574321587474742,-0.03333152607898526,-0.009763940911599711,-0.023567585167385552
1,equity_bottom_5pct,market_observable,52,2021-11-26,2021-11-26,1,2021-11-26,1072,2021-11-26,2021-11-26,-0.0229870449732843,-0.056929557413193166,-0.001616846252669113,-0.05531271116052405
1,equity_bottom_5pct,market_observable,53,2021-11-30,2021-11-30,1,2021-11-30,1074,2021-11-30,2021-11-30,-0.019143376992335703,-0.010981218095551526,-0.006744546424564568,-0.004236671670986958
1,equity_bottom_5pct,market_observable,54,2022-01-05,2022-01-05,1,2022-01-05,1099,2022-01-05,2022-01-05,-0.01958327277580274,-0.05094442655973985,-0.0030121970522101194,-0.04793222950752973
1,equity_bottom_5pct,market_observable,55,2022-01-18,2022-01-18,1,2022-01-18,1107,2022-01-18,2022-01-18,-0.018559054584436296,-0.031008101124500698,-0.001651618267930921,-0.029356482856569777
1,equity_bottom_5pct,market_observable,56,2022-01-21,2022-01-21,1,2022-01-21,1110,2022-01-21,2022-01-21,-0.01909598635863574,-0.10798357494595301,-0.0032677719138094474,-0.10471580303214356
1,equity_bottom_5pct,market_observable,57,2022-02-03,2022-02-03,1,2022-02-03,1119,2022-02-03,2022-02-03,-0.02469348416817496,-0.0324257921230906,-0.0014224174555623748,-0.031003374667528227
1,equity_bottom_5pct,market_observable,58,2022-02-10,2022-02-11,2,2022-02-11,1125,2022-02-11,2022-02-11,-0.019151696234066762,-0.04081404902987096,0.01887560786556186,-0.05968965689543282
1,equity_bottom_5pct,market_observable,59,2022-02-17,2022-02-17,1,2022-02-17,1129,2022-02-17,2022-02-17,-0.021400503004024074,-0.0757064450391507,0.01357550816897568,-0.08928195320812637
1,equity_bottom_5pct,market_observable,60,2022-02-23,2022-02-23,1,2022-02-23,1132,2022-02-23,2022-02-23,-0.01858379019433265,-0.006112448197079345,0.004497100140273602,-0.010609548337352948
1,equity_bottom_5pct,market_observable,61,2022-03-07,2022-03-07,1,2022-03-07,1140,2022-03-07,2022-03-07,-0.029962522550535553,-0.04878661712048782,0.014753495270293016,-0.06354011239078083
1,equity_bottom_5pct,market_observable,62,2022-04-22,2022-04-22,1,2022-04-22,1173,2022-04-22,2022-04-22,-0.02813199052103066,-0.04252035494694084,-0.00976966135240076,-0.03275069359454008
1,equity_bottom_5pct,market_observable,63,2022-04-26,2022-04-26,1,2022-04-26,1175,2022-04-26,2022-04-26,-0.028550028430272434,-0.04984597219888798,0.0015238553873304639,-0.05136982758621844
1,equity_bottom_5pct,market_observable,64,2022-04-29,2022-04-29,1,2022-04-29,1178,2022-04-29,2022-04-29,-0.03695920232685879,-0.04220030490129112,-0.00011298334784104469,-0.042087321553450074
1,equity_bottom_5pct,market_observable,65,2022-05-05,2022-05-05,1,2022-05-05,1182,2022-05-05,2022-05-05,-0.03630072399124984,-0.09309530611622563,-0.0038184194446895248,-0.0892768866715361
1,equity_bottom_5pct,market_observable,66,2022-05-09,2022-05-09,1,2022-05-09,1184,2022-05-09,2022-05-09,-0.032561554986877184,-0.15148627625671196,-0.014585347642546154,-0.1369009286141658
1,equity_bottom_5pct,market_observable,67,2022-05-18,2022-05-18,1,2022-05-18,1191,2022-05-18,2022-05-18,-0.04123376798544065,-0.027641967316343496,0.0005313437048437564,-0.028173311021187253
1,equity_bottom_5pct,market_observable,68,2022-06-09,2022-06-13,3,2022-06-13,1208,2022-06-13,2022-06-13,-0.03953987319895802,-0.221766568159957,-0.026767358824472787,-0.1949992093354842
1,equity_bottom_5pct,market_observable,69,2022-06-16,2022-06-16,1,2022-06-16,1211,2022-06-16,2022-06-16,-0.03305221501708466,-0.035599822209373855,0.011180446816136502,-0.04678026902551036
1,equity_bottom_5pct,market_observable,70,2022-06-28,2022-06-28,1,2022-06-28,1218,2022-06-28,2022-06-28,-0.02034865838324862,-0.02920977817322523,-0.0016493806069401984,-0.027560397566285033
1,equity_bottom_5pct,market_observable,71,2022-08-22,2022-08-22,1,2022-08-22,1256,2022-08-22,2022-08-22,-0.021632427725286618,-0.012937264745433552,-0.006659303367833047,-0.006277961377600505
1,equity_bottom_5pct,market_observable,72,2022-08-26,2022-08-26,1,2022-08-26,1260,2022-08-26,2022-08-26,-0.03426852674898484,-0.045652143206980966,-0.012227153201929575,-0.03342499000505139
1,equity_bottom_5pct,market_observable,73,2022-09-13,2022-09-13,1,2022-09-13,1271,2022-09-13,2022-09-13,-0.04419911011958355,-0.10044505106255563,-0.013096728906648814,-0.08734832215590682
1,equity_bottom_5pct,market_observable,74,2022-09-29,2022-09-29,1,2022-09-29,1283,2022-09-29,2022-09-29,-0.021352776272161478,-0.00739887352830948,-0.00019394717180531984,-0.00720492635650416
1,equity_bottom_5pct,market_observable,75,2022-10-07,2022-10-07,1,2022-10-07,1289,2022-10-07,2022-10-07,-0.02840316716749136,-0.027936999949847774,-0.011023386142689162,-0.016913613807158612
1,equity_bottom_5pct,market_observable,76,2022-10-14,2022-10-14,1,2022-10-14,1294,2022-10-14,2022-10-14,-0.023947163771952162,-0.010470767300507333,-0.012537160793022473,0.0020663934925151395
1,equity_bottom_5pct,market_observable,77,2022-11-02,2022-11-02,1,2022-11-02,1307,2022-11-02,2022-11-02,-0.02531980282762092,-0.00975978982403447,-0.00699697020289225,-0.0027628196211422207
1,equity_bottom_5pct,market_observable,78,2022-11-09,2022-11-09,1,2022-11-09,1312,2022-11-09,2022-11-09,-0.020996774887089842,-0.11186746616524879,-0.00502989475916138,-0.1068375714060874
1,equity_bottom_5pct,market_observable,79,2022-12-05,2022-12-05,1,2022-12-05,1329,2022-12-05,2022-12-05,-0.018056283602074785,-0.005360329884922521,-0.017307805302720247,0.011947475417797726
1,equity_bottom_5pct,market_observable,80,2022-12-15,2022-12-15,1,2022-12-15,1337,2022-12-15,2022-12-15,-0.02523746079196343,-0.019805925740545405,-0.016494600382901403,-0.0033113253576440016
1,equity_bottom_5pct,market_observable,81,2023-02-21,2023-02-21,1,2023-02-21,1381,2023-02-21,2023-02-21,-0.02024478441412292,-0.014471525183790135,-0.0037440046605539123,-0.010727520523236223
1,equity_bottom_5pct,market_observable,82,2023-03-09,2023-03-09,1,2023-03-09,1393,2023-03-09,2023-03-09,-0.018631872945281458,-0.09386945018604109,0.009801127700098,-0.10367057788613909
1,equity_bottom_5pct,market_observable,83,2024-07-24,2024-07-24,1,2024-07-24,1738,2024-07-24,2024-07-24,-0.0234211784438898,0.0017686072109750484,-0.0035105070964620566,0.005279114307437105
1,equity_bottom_5pct,market_observable,84,2024-08-02,2024-08-05,2,2024-08-05,1746,2024-08-05,2024-08-05,-0.030427045496882243,-0.15817931088299453,-0.012773165762624217,-0.1454061451203703
1,equity_bottom_5pct,market_observable,85,2024-09-03,2024-09-03,1,2024-09-03,1766,2024-09-03,2024-09-03,-0.021378012454581707,-0.011204440172322805,-0.004332950273532532,-0.006871489898790273
1,equity_bottom_5pct,market_observable,86,2024-10-31,2024-10-31,1,2024-10-31,1808,2024-10-31,2024-10-31,-0.0187901825995187,-0.024381311506454395,-0.015616471787271102,-0.008764839719183293
1,equity_bottom_5pct,market_observable,87,2024-12-18,2024-12-18,1,2024-12-18,1841,2024-12-18,2024-12-18,-0.029936554508987356,-0.0567288577781877,-0.019371499639531997,-0.037357358138655705
1,equity_bottom_5pct,market_observable,88,2025-03-03,2025-03-03,1,2025-03-03,1889,2025-03-03,2025-03-03,-0.01775343937549323,0.022125068145001592,0.013094284775934106,0.009030783369067485
1,equity_bottom_5pct,market_observable,89,2025-03-06,2025-03-06,1,2025-03-06,1892,2025-03-06,2025-03-06,-0.017979700568309553,-0.016178745065822397,-0.005094160642131307,-0.01108458442369109
1,equity_bottom_5pct,market_observable,90,2025-03-10,2025-03-10,1,2025-03-10,1894,2025-03-10,2025-03-10,-0.027343518375984033,-0.09553789563127246,-0.008794495623059895,-0.08674340000821257
1,equity_bottom_5pct,market_observable,91,2025-03-28,2025-03-28,1,2025-03-28,1908,2025-03-28,2025-03-28,-0.019934580336265384,-0.03827963045709026,0.007384788228781858,-0.04566441868587212
1,equity_bottom_5pct,market_observable,92,2025-04-03,2025-04-04,2,2025-04-04,1913,2025-04-04,2025-04-04,-0.06160907367588031,0.024097574805100663,-0.023670204732145095,0.04776777953724576
1,equity_bottom_5pct,market_observable,93,2025-04-10,2025-04-10,1,2025-04-10,1917,2025-04-10,2025-04-10,-0.035220587845119056,-0.03315180882117197,0.024130092886814225,-0.057281901707986194
1,equity_bottom_5pct,market_observable,94,2025-04-16,2025-04-16,1,2025-04-16,1921,2025-04-16,2025-04-16,-0.02266331270099542,0.003986044575750469,0.03202257075367587,-0.028036526177925403
1,equity_bottom_5pct,market_observable,95,2025-04-21,2025-04-21,1,2025-04-21,1923,2025-04-21,2025-04-21,-0.023849649226388436,0.029794126831747647,0.030466725196562017,-0.0006725983648143696
1,equity_bottom_5pct,market_observable,96,2025-10-10,2025-10-10,1,2025-10-10,2043,2025-10-10,2025-10-10,-0.027485959970572793,-0.03611487858687745,0.010047058859954383,-0.046161937446831836
1,equity_bottom_5pct,market_observable,97,2026-01-20,2026-01-20,1,2026-01-20,2111,2026-01-20,2026-01-20,-0.020842474609839456,-0.06283771274357086,0.03713794462564746,-0.09997565736921832
1,equity_bottom_5pct,market_observable,98,2026-03-26,2026-03-26,1,2026-03-26,2157,2026-03-26,2026-03-26,-0.017559479899018626,-0.03369977367135846,-0.03831884826591203,0.004619074594553574
1,equity_bottom_5pct,market_observable,99,2026-06-05,2026-06-05,1,2026-06-05,2206,2026-06-05,2026-06-05,-0.02680135433175046,-0.05373922954098198,-0.03722984276849228,-0.016509386772489698
1,vix_change_top_10pct,market_observable,1,2017-09-05,2017-09-05,1,2017-09-05,11,2017-09-05,2017-09-05,0.1883906314384891,-0.07932050680916447,0.011044617985342065,-0.09036512479450654
1,vix_change_top_10pct,market_observable,2,2017-10-23,2017-10-23,1,2017-10-23,43,2017-10-23,2017-10-23,0.10465816274679884,-0.030162045412602367,0.001561172319444637,-0.031723217732047004
1,vix_change_top_10pct,market_observable,3,2017-11-15,2017-11-15,1,2017-11-15,60,2017-11-15,2017-11-15,0.1247570309630448,0.09762786851436722,-0.0012346702455863223,0.09886253875995354
1,vix_change_top_10pct,market_observable,4,2018-01-16,2018-01-16,1,2018-01-16,100,2018-01-16,2018-01-16,0.1377057387720102,-0.2620515614281267,0.0016526906271696618,-0.26370425205529635
1,vix_change_top_10pct,market_observable,5,2018-01-29,2018-01-29,1,2018-01-29,109,2018-01-29,2018-01-29,0.2224212688703857,0.024405526370051334,-0.0056378571834709845,0.030043383553522318
1,vix_change_top_10pct,market_observable,6,2018-02-02,2018-02-05,2,2018-02-05,114,2018-02-05,2018-02-05,0.7682450067910249,-0.1849701778973607,0.002528643755518978,-0.18749882165287968
1,vix_change_top_10pct,market_observable,7,2018-02-27,2018-02-27,1,2018-02-27,127,2018-02-27,2018-02-27,0.1626138617004318,0.03627535941892113,-0.01049377405473173,0.04676913347365286
1,vix_change_top_10pct,market_observable,8,2018-03-01,2018-03-01,1,2018-03-01,129,2018-03-01,2018-03-01,0.12397707906403843,0.03311930265591201,-0.0022425027652310803,0.03536180542114309
1,vix_change_top_10pct,market_observable,9,2018-03-19,2018-03-19,1,2018-03-19,141,2018-03-19,2018-03-19,0.18548111708432335,-0.01667613892299258,0.0021646240154513663,-0.018840762938443945
1,vix_change_top_10pct,market_observable,10,2018-03-22,2018-03-22,1,2018-03-22,144,2018-03-22,2018-03-22,0.26760505141005675,-0.02893616671360988,-0.003961028602094352,-0.024975138111515527
1,vix_change_top_10pct,market_observable,11,2018-04-02,2018-04-02,1,2018-04-02,150,2018-04-02,2018-04-02,0.16786266334149236,-0.04902312959555566,0.011618397461990781,-0.06064152705754644
1,vix_change_top_10pct,market_observable,12,2018-04-06,2018-04-06,1,2018-04-06,154,2018-04-06,2018-04-06,0.12631162289648667,-0.021315775740502474,0.0046789913047762255,-0.0259947670452787
1,vix_change_top_10pct,market_observable,13,2018-04-24,2018-04-24,1,2018-04-24,166,2018-04-24,2018-04-24,0.09786616274833504,0.06610611961134971,0.004844167468111671,0.06126195214323804
1,vix_change_top_10pct,market_observable,14,2018-05-15,2018-05-15,1,2018-05-15,181,2018-05-15,2018-05-15,0.12352402224826697,-0.022246321980381012,-0.016277595476396733,-0.0059687265039842785
1,vix_change_top_10pct,market_observable,15,2018-05-29,2018-05-29,1,2018-05-29,190,2018-05-29,2018-05-29,0.2526582887216877,0.007519165689346963,-0.00016231041385150746,0.00768147610319847
1,vix_change_top_10pct,market_observable,16,2018-06-21,2018-06-21,1,2018-06-21,207,2018-06-21,2018-06-21,0.13509389294241458,-0.00511162813753252,-0.0017477352868704443,-0.0033638928506620758
1,vix_change_top_10pct,market_observable,17,2018-06-25,2018-06-25,1,2018-06-25,209,2018-06-25,2018-06-25,0.22994679098695103,0.009979776432711418,-0.0037463887322166656,0.013726165164928084
1,vix_change_top_10pct,market_observable,18,2018-06-27,2018-06-27,1,2018-06-27,211,2018-06-27,2018-06-27,0.11778303565638337,-0.003267321033122883,-0.005718147886605074,0.002450826853482191
1,vix_change_top_10pct,market_observable,19,2018-07-30,2018-07-30,1,2018-07-30,233,2018-07-30,2018-07-30,0.09020402384939619,-0.01211538182202787,-0.0015552128809899202,-0.01056016894103795
1,vix_change_top_10pct,market_observable,20,2018-08-10,2018-08-13,2,2018-08-10,242,2018-08-10,2018-08-10,0.15503759784548654,-0.01054532302677913,-0.00043582289228183413,-0.010109500134497296
1,vix_change_top_10pct,market_observable,21,2018-08-15,2018-08-15,1,2018-08-15,245,2018-08-15,2018-08-15,0.09524187612614554,0.04667239239075727,-0.016766621575930785,0.06343901396668805
1,vix_change_top_10pct,market_observable,22,2018-08-30,2018-08-30,1,2018-08-30,256,2018-08-30,2018-08-30,0.09938350519196071,-0.02751953718331812,-0.004915718883920839,-0.022603818299397282
1,vix_change_top_10pct,market_observable,23,2018-09-17,2018-09-17,1,2018-09-17,267,2018-09-17,2018-09-17,0.12521187708496395,-0.04078531117329476,0.005206771454576931,-0.04599208262787169
1,vix_change_top_10pct,market_observable,24,2018-10-04,2018-10-04,1,2018-10-04,280,2018-10-04,2018-10-04,0.2027826286652945,0.02091424679919207,0.0005289130805081754,0.020385333718683896
1,vix_change_top_10pct,market_observable,25,2018-10-10,2018-10-10,1,2018-10-10,284,2018-10-10,2018-10-10,0.3642947422205123,-0.0029601128647680497,0.0024835810584162843,-0.005443693923184334
1,vix_change_top_10pct,market_observable,26,2018-10-18,2018-10-18,1,2018-10-18,290,2018-10-18,2018-10-18,0.14225757631330627,-0.011665196683365409,0.001122068685606159,-0.012787265368971568
1,vix_change_top_10pct,market_observable,27,2018-10-24,2018-10-24,1,2018-10-24,294,2018-10-24,2018-10-24,0.1974170872454737,7.450471473724463e-05,0.0023171370069290376,-0.002242632292191793
1,vix_change_top_10pct,market_observable,28,2018-11-12,2018-11-12,1,2018-11-12,307,2018-11-12,2018-11-12,0.16381417325660674,0.004512956189079986,-0.007188596482678555,0.011701552671758542
1,vix_change_top_10pct,market_observable,29,2018-11-19,2018-11-20,2,2018-11-20,313,2018-11-20,2018-11-20,0.11190620996045997,-0.10924730283846706,0.0,-0.10924730283846706
1,vix_change_top_10pct,market_observable,30,2018-12-04,2018-12-04,1,2018-12-04,322,2018-12-04,2018-12-04,0.23234681317334704,0.006064771529162627,0.006080599945142318,-1.5828415979690647e-05
1,vix_change_top_10pct,market_observable,31,2018-12-07,2018-12-07,1,2018-12-07,324,2018-12-07,2018-12-07,0.09191517450211029,-0.09389209610350235,0.008077219150825599,-0.10196931525432795
1,vix_change_top_10pct,market_observable,32,2018-12-17,2018-12-17,1,2018-12-17,330,2018-12-17,2018-12-17,0.12540787110304308,0.10256726399764204,0.006895742533218119,0.09567152146442393
1,vix_change_top_10pct,market_observable,33,2018-12-20,2018-12-20,1,2018-12-20,333,2018-12-20,2018-12-20,0.10387387558120009,0.03878122204445411,0.01529583691870684,0.02348538512574727
1,vix_change_top_10pct,market_observable,34,2018-12-24,2018-12-24,1,2018-12-24,335,2018-12-24,2018-12-24,0.18060415242180516,0.0678004502159606,0.010890577890308784,0.05690987232565181
1,vix_change_top_10pct,market_observable,35,2019-01-03,2019-01-03,1,2019-01-03,341,2019-01-03,2019-01-03,0.0917017667267861,-0.01816215580640801,0.00902531942317264,-0.02718747522958065
1,vix_change_top_10pct,market_observable,36,2019-01-22,2019-01-22,1,2019-01-22,353,2019-01-22,2019-01-22,0.15575452940923284,-0.0026775642653920073,0.0035468368649853588,-0.006224401130377366
1,vix_change_top_10pct,market_observable,37,2019-02-25,2019-02-25,1,2019-02-25,376,2019-02-25,2019-02-25,0.09456971327660124,-0.02995822371910073,-0.0010363715360961478,-0.02892185218300458
1,vix_change_top_10pct,market_observable,38,2019-03-22,2019-03-22,1,2019-03-22,395,2019-03-22,2019-03-22,0.18987427877288443,0.004663497594219024,0.002342023390243142,0.0023214742039758818
1,vix_change_top_10pct,market_observable,39,2019-05-01,2019-05-01,1,2019-05-01,422,2019-05-01,2019-05-01,0.12048939725412611,0.013782632415914264,-0.006622502907560168,0.020405135323474433
1,vix_change_top_10pct,market_observable,40,2019-05-06,2019-05-07,2,2019-05-07,426,2019-05-07,2019-05-07,0.22417928418774213,0.02272631061351582,0.003305527606358716,0.019420783007157105
1,vix_change_top_10pct,market_observable,41,2019-05-13,2019-05-13,1,2019-05-13,430,2019-05-13,2019-05-13,0.24777533850387545,0.20203838433890198,0.010159840539079035,0.19187854379982294
1,vix_change_top_10pct,market_observable,42,2019-05-23,2019-05-23,1,2019-05-23,438,2019-05-23,2019-05-23,0.13725327139224852,-0.018140565758436367,0.00770477545364745,-0.025845341212083817
1,vix_change_top_10pct,market_observable,43,2019-05-28,2019-05-28,1,2019-05-28,440,2019-05-28,2019-05-28,0.09903138060617911,0.07970922511053757,-0.00388222691557516,0.08359145202611273
1,vix_change_top_10pct,market_observable,44,2019-07-31,2019-08-01,2,2019-07-31,485,2019-07-31,2019-07-31,0.14529833174610474,0.039181164446890904,-0.013199706898716634,0.05238087134560754
1,vix_change_top_10pct,market_observable,45,2019-08-05,2019-08-05,1,2019-08-05,488,2019-08-05,2019-08-05,0.3338729337199866,0.11795324117996309,0.013885007839557595,0.10406823334040549
1,vix_change_top_10pct,market_observable,46,2019-08-12,2019-08-12,1,2019-08-12,493,2019-08-12,2019-08-12,0.1600952936952158,-0.033598899170739216,0.009651773675578568,-0.043250672846317784
1,vix_change_top_10pct,market_observable,47,2019-08-14,2019-08-14,1,2019-08-14,495,2019-08-14,2019-08-14,0.23223452301546166,-0.0755247288012253,0.006818296719088401,-0.0823430255203137
1,vix_change_top_10pct,market_observable,48,2019-08-23,2019-08-23,1,2019-08-23,502,2019-08-23,2019-08-23,0.17500065963312483,0.023057463573367798,0.01940043582556772,0.003657027747800079
1,vix_change_top_10pct,market_observable,49,2019-09-24,2019-09-24,1,2019-09-24,523,2019-09-24,2019-09-24,0.13411807495287853,-0.15930661895582077,0.005272991620432599,-0.16457961057625337
1,vix_change_top_10pct,market_observable,50,2019-10-01,2019-10-02,2,2019-10-01,528,2019-10-01,2019-10-01,0.1335313926245223,0.004014019439853911,0.005457893373497669,-0.0014438739336437578
1,vix_change_top_10pct,market_observable,51,2019-10-08,2019-10-08,1,2019-10-08,533,2019-10-08,2019-10-08,0.1270716032746293,-0.005423277643247459,0.008704599917037648,-0.014127877560285107
1,vix_change_top_10pct,market_observable,52,2019-12-02,2019-12-02,1,2019-12-02,571,2019-12-02,2019-12-02,0.1667492716635799,-0.06041635669079071,-0.0005079436043828878,-0.05990841308640782
1,vix_change_top_10pct,market_observable,53,2019-12-09,2019-12-09,1,2019-12-09,576,2019-12-09,2019-12-09,0.1522609154853356,-0.016921098075442842,-0.0002906488870486612,-0.01663044918839418
1,vix_change_top_10pct,market_observable,54,2019-12-30,2019-12-30,1,2019-12-30,590,2019-12-30,2019-12-30,0.09848660933279474,0.005761731589092989,0.0021055808220618033,0.0036561507670311855
1,vix_change_top_10pct,market_observable,55,2020-01-03,2020-01-03,1,2020-01-03,593,2020-01-03,2020-01-03,0.11715912191449895,0.05172489825802273,0.01318126588252877,0.038543632375493964
1,vix_change_top_10pct,market_observable,56,2020-01-24,2020-01-27,2,2020-01-27,608,2020-01-27,2020-01-27,0.22479054592203163,0.05722479055690677,0.0068021258430706055,0.05042266471383616
1,vix_change_top_10pct,market_observable,57,2020-01-31,2020-01-31,1,2020-01-31,612,2020-01-31,2020-01-31,0.19578761471943995,-0.026908592225039385,0.005775708477189667,-0.03268430070222905
1,vix_change_top_10pct,market_observable,58,2020-02-21,2020-02-25,3,2020-02-24,627,2020-02-24,2020-02-24,0.3821669170832589,-0.010433344600048855,0.00894500265671816,-0.019378347256767015
1,vix_change_top_10pct,market_observable,59,2020-02-27,2020-02-27,1,2020-02-27,630,2020-02-27,2020-02-27,0.35129037151685205,0.00898140737230868,0.00019481624361361582,0.008786591128695065
1,vix_change_top_10pct,market_observable,60,2020-03-03,2020-03-03,1,2020-03-03,633,2020-03-03,2020-03-03,0.09688665263768392,-0.020181500329005786,0.03095039019408663,-0.051131890523092416
1,vix_change_top_10pct,market_observable,61,2020-03-05,2020-03-05,1,2020-03-05,635,2020-03-05,2020-03-05,0.213910687308978,0.0458308371360463,0.021370951204574773,0.024459885931471526
1,vix_change_top_10pct,market_observable,62,2020-03-09,2020-03-09,1,2020-03-09,637,2020-03-09,2020-03-09,0.2612264617718396,-0.14857428980187315,0.0016488747161256256,-0.15022316451799878
1,vix_change_top_10pct,market_observable,63,2020-03-11,2020-03-12,2,2020-03-12,640,2020-03-12,2020-03-12,0.33660474838182575,-0.2599485026425459,-0.0407056042424383,-0.21924289840010758
1,vix_change_top_10pct,market_observable,64,2020-03-16,2020-03-16,1,2020-03-16,642,2020-03-16,2020-03-16,0.35759100356394846,-0.08800161323411793,-0.011512126298224956,-0.07648948693589297
1,vix_change_top_10pct,market_observable,65,2020-04-20,2020-04-20,1,2020-04-20,666,2020-04-20,2020-04-20,0.13879275670025182,-0.04372529167151562,0.007100853720992006,-0.05082614539250763
1,vix_change_top_10pct,market_observable,66,2020-04-30,2020-04-30,1,2020-04-30,674,2020-04-30,2020-04-30,0.08938341472181177,0.013076280899525727,-0.018282683683788825,0.03135896458331455
1,vix_change_top_10pct,market_observable,67,2020-05-12,2020-05-12,1,2020-05-12,682,2020-05-12,2020-05-12,0.18099072361707158,0.005353131596484317,0.0038815245238019713,0.001471607072682346
1,vix_change_top_10pct,market_observable,68,2020-06-11,2020-06-11,1,2020-06-11,703,2020-06-11,2020-06-11,0.3917087282937617,-0.05972997819492676,-0.007240232329264629,-0.05248974586566213
1,vix_change_top_10pct,market_observable,69,2020-07-13,2020-07-13,1,2020-07-13,724,2020-07-13,2020-07-13,0.16513551059046971,-0.00011044854029584883,0.0012403879870825918,-0.0013508365273784406
1,vix_change_top_10pct,market_observable,70,2020-08-31,2020-08-31,1,2020-08-31,759,2020-08-31,2020-08-31,0.13998915485767505,0.01955020713124256,0.002383417194323556,0.017166789936919002
1,vix_change_top_10pct,market_observable,71,2020-09-03,2020-09-03,1,2020-09-03,762,2020-09-03,2020-09-03,0.23474330719743675,-0.06404174149008846,-0.008137254873337163,-0.05590448661675129
1,vix_change_top_10pct,market_observable,72,2020-10-26,2020-10-26,1,2020-10-26,798,2020-10-26,2020-10-26,0.1640060264875216,0.006594038360979937,-0.0005039129828938727,0.0070979513438738095
1,vix_change_top_10pct,market_observable,73,2020-10-28,2020-10-28,1,2020-10-28,800,2020-10-28,2020-10-28,0.1887972954887287,-0.036658788890001404,-0.01627516884164315,-0.020383620048358253
1,vix_change_top_10pct,market_observable,74,2020-12-21,2020-12-21,1,2020-12-21,837,2020-12-21,2020-12-21,0.15395197143117478,0.003270374071664861,-0.0031789169989817623,0.006449291070646623
1,vix_change_top_10pct,market_observable,75,2021-01-04,2021-01-04,1,2021-01-04,845,2021-01-04,2021-01-04,0.17015999175467922,0.07020278061825103,0.022014258912347984,0.04818852170590304
1,vix_change_top_10pct,market_observable,76,2021-01-11,2021-01-11,1,2021-01-11,850,2021-01-11,2021-01-11,0.1105418743998241,-0.15629495096384716,-0.001963368081677963,-0.1543315828821692
1,vix_change_top_10pct,market_observable,77,2021-01-27,2021-01-27,1,2021-01-27,861,2021-01-27,2021-01-27,0.48021413906479493,-0.014700334856421193,-0.0063557782954406505,-0.008344556560980543
1,vix_change_top_10pct,market_observable,78,2021-01-29,2021-01-29,1,2021-01-29,863,2021-01-29,2021-01-29,0.09105812653494061,0.0594833045925931,-0.00040541033768271006,0.05988871493027581
1,vix_change_top_10pct,market_observable,79,2021-02-25,2021-02-25,1,2021-02-25,881,2021-02-25,2021-02-25,0.3029122686045369,0.0010214495088476383,-0.01899580806530743,0.020017257574155067
1,vix_change_top_10pct,market_observable,80,2021-03-03,2021-03-03,1,2021-03-03,885,2021-03-03,2021-03-03,0.10132749769731353,0.061095041763342905,-0.011082728374519846,0.07217777013786275
1,vix_change_top_10pct,market_observable,81,2021-03-18,2021-03-18,1,2021-03-18,896,2021-03-18,2021-03-18,0.11529540022930007,-0.009956531252500511,-0.005826967579591447,-0.0041295636729090646
1,vix_change_top_10pct,market_observable,82,2021-03-29,2021-03-29,1,2021-03-29,903,2021-03-29,2021-03-29,0.0950209255960699,0.07006970191818773,-0.011967328788776932,0.08203703070696466
1,vix_change_top_10pct,market_observable,83,2021-05-10,2021-05-12,3,2021-05-12,934,2021-05-12,2021-05-12,0.2337102373524904,-0.03912267689020865,-0.009983483413452454,-0.029139193476756198
1,vix_change_top_10pct,market_observable,84,2021-06-18,2021-06-18,1,2021-06-18,960,2021-06-18,2021-06-18,0.15374818434989868,-0.06517448967577799,-0.005562705142465596,-0.059611784533312395
1,vix_change_top_10pct,market_observable,85,2021-07-08,2021-07-08,1,2021-07-08,973,2021-07-08,2021-07-08,0.15942773692810208,-0.04810130564711379,-0.0006520293887515294,-0.04744927625836226
1,vix_change_top_10pct,market_observable,86,2021-07-19,2021-07-19,1,2021-07-19,980,2021-07-19,2021-07-19,0.198450938723838,-0.03723925722041166,0.0011798535126086307,-0.03841911073302029
1,vix_change_top_10pct,market_observable,87,2021-07-27,2021-07-27,1,2021-07-27,986,2021-07-27,2021-07-27,0.0964471895914003,-0.04046255892815864,0.0016636888817753714,-0.042126247809934014
1,vix_change_top_10pct,market_observable,88,2021-08-17,2021-08-18,2,2021-08-18,1002,2021-08-18,2021-08-18,0.1859442443284447,-0.012480503081064853,0.0007783092556952198,-0.013258812336760073
1,vix_change_top_10pct,market_observable,89,2021-08-26,2021-08-26,1,2021-08-26,1008,2021-08-26,2021-08-26,0.11519879805876787,-0.03594854286793314,0.0011338353884635666,-0.03708237825639671
1,vix_change_top_10pct,market_observable,90,2021-09-07,2021-09-07,1,2021-09-07,1015,2021-09-07,2021-09-07,0.10022853958499134,-0.07897368489473067,-0.019778020504278793,-0.059195664390451874
1,vix_change_top_10pct,market_observable,91,2021-09-10,2021-09-10,1,2021-09-10,1018,2021-09-10,2021-09-10,0.1082817765322428,-0.01989764289077911,-0.005071495164425954,-0.014826147726353156
1,vix_change_top_10pct,market_observable,92,2021-09-17,2021-09-20,2,2021-09-20,1024,2021-09-20,2021-09-20,0.2114463808722551,-0.07998443073113926,0.007118755657040232,-0.08710318638817949
1,vix_change_top_10pct,market_observable,93,2021-09-28,2021-09-28,1,2021-09-28,1030,2021-09-28,2021-09-28,0.21457818845528687,-0.03333152607898526,-0.009763940911599711,-0.023567585167385552
1,vix_change_top_10pct,market_observable,94,2021-11-26,2021-11-26,1,2021-11-26,1072,2021-11-26,2021-11-26,0.43202004074261247,-0.056929557413193166,-0.001616846252669113,-0.05531271116052405
1,vix_change_top_10pct,market_observable,95,2021-11-30,2021-12-01,2,2021-11-30,1074,2021-11-30,2021-11-30,0.1690956871930136,-0.010981218095551526,-0.006744546424564568,-0.004236671670986958
1,vix_change_top_10pct,market_observable,96,2021-12-03,2021-12-03,1,2021-12-03,1077,2021-12-03,2021-12-03,0.09286777852505201,-0.06472319562919715,0.008376819081740372,-0.07310001471093752
1,vix_change_top_10pct,market_observable,97,2022-01-05,2022-01-05,1,2022-01-05,1099,2022-01-05,2022-01-05,0.15423515712403502,-0.05094442655973985,-0.0030121970522101194,-0.04793222950752973
1,vix_change_top_10pct,market_observable,98,2022-01-13,2022-01-13,1,2022-01-13,1105,2022-01-13,2022-01-13,0.1420787550842597,-0.023622318386436802,-0.00340277134129785,-0.020219547045138953
1,vix_change_top_10pct,market_observable,99,2022-01-18,2022-01-18,1,2022-01-18,1107,2022-01-18,2022-01-18,0.1719325332379844,-0.031008101124500698,-0.001651618267930921,-0.029356482856569777
1,vix_change_top_10pct,market_observable,100,2022-01-21,2022-01-21,1,2022-01-21,1110,2022-01-21,2022-01-21,0.11990834278241103,-0.10798357494595301,-0.0032677719138094474,-0.10471580303214356
1,vix_change_top_10pct,market_observable,101,2022-02-03,2022-02-03,1,2022-02-03,1119,2022-02-03,2022-02-03,0.09740683209657286,-0.0324257921230906,-0.0014224174555623748,-0.031003374667528227
1,vix_change_top_10pct,market_observable,102,2022-02-10,2022-02-11,2,2022-02-10,1124,2022-02-10,2022-02-10,0.18056651058691564,-0.014916398978767731,-0.0038037857675305986,-0.011112613211237132
1,vix_change_top_10pct,market_observable,103,2022-02-17,2022-02-17,1,2022-02-17,1129,2022-02-17,2022-02-17,0.14606064190435974,-0.0757064450391507,0.01357550816897568,-0.08928195320812637
1,vix_change_top_10pct,market_observable,104,2022-02-28,2022-03-01,2,2022-03-01,1136,2022-03-01,2022-03-01,0.09997289412544763,0.05063254719407695,0.01800043176575361,0.03263211542832334
1,vix_change_top_10pct,market_observable,105,2022-03-07,2022-03-07,1,2022-03-07,1140,2022-03-07,2022-03-07,0.1308307510488591,-0.04878661712048782,0.014753495270293016,-0.06354011239078083
1,vix_change_top_10pct,market_observable,106,2022-04-05,2022-04-05,1,2022-04-05,1161,2022-04-05,2022-04-05,0.12440261434999389,0.00232105409369332,-0.006284549046099208,0.008605603139792528
1,vix_change_top_10pct,market_observable,107,2022-04-11,2022-04-11,1,2022-04-11,1165,2022-04-11,2022-04-11,0.14124026064701622,-0.06640802084599606,0.004947206140849758,-0.07135522698684582
1,vix_change_top_10pct,market_observable,108,2022-04-21,2022-04-22,2,2022-04-22,1173,2022-04-22,2022-04-22,0.21819304615435398,-0.04252035494694084,-0.00976966135240076,-0.03275069359454008
1,vix_change_top_10pct,market_observable,109,2022-04-26,2022-04-26,1,2022-04-26,1175,2022-04-26,2022-04-26,0.2155649430818296,-0.04984597219888798,0.0015238553873304639,-0.05136982758621844
1,vix_change_top_10pct,market_observable,110,2022-04-29,2022-04-29,1,2022-04-29,1178,2022-04-29,2022-04-29,0.10769190722173683,-0.04220030490129112,-0.00011298334784104469,-0.042087321553450074
1,vix_change_top_10pct,market_observable,111,2022-05-05,2022-05-05,1,2022-05-05,1182,2022-05-05,2022-05-05,0.20488182905412833,-0.09309530611622563,-0.0038184194446895248,-0.0892768866715361
1,vix_change_top_10pct,market_observable,112,2022-05-09,2022-05-09,1,2022-05-09,1184,2022-05-09,2022-05-09,0.14066882829205385,-0.15148627625671196,-0.014585347642546154,-0.1369009286141658
1,vix_change_top_10pct,market_observable,113,2022-05-18,2022-05-18,1,2022-05-18,1191,2022-05-18,2022-05-18,0.17076073439287853,-0.027641967316343496,0.0005313437048437564,-0.028173311021187253
1,vix_change_top_10pct,market_observable,114,2022-06-13,2022-06-13,1,2022-06-13,1208,2022-06-13,2022-06-13,0.20371274677527218,-0.221766568159957,-0.026767358824472787,-0.1949992093354842
1,vix_change_top_10pct,market_observable,115,2022-06-16,2022-06-16,1,2022-06-16,1211,2022-06-16,2022-06-16,0.10654145210886368,-0.035599822209373855,0.011180446816136502,-0.04678026902551036
1,vix_change_top_10pct,market_observable,116,2022-08-22,2022-08-22,1,2022-08-22,1256,2022-08-22,2022-08-22,0.14439450488189376,-0.012937264745433552,-0.006659303367833047,-0.006277961377600505
1,vix_change_top_10pct,market_observable,117,2022-08-26,2022-08-26,1,2022-08-26,1260,2022-08-26,2022-08-26,0.16003651200451952,-0.045652143206980966,-0.012227153201929575,-0.03342499000505139
1,vix_change_top_10pct,market_observable,118,2022-09-13,2022-09-13,1,2022-09-13,1271,2022-09-13,2022-09-13,0.1331647565067584,-0.10044505106255563,-0.013096728906648814,-0.08734832215590682
1,vix_change_top_10pct,market_observable,119,2022-09-23,2022-09-23,1,2022-09-23,1279,2022-09-23,2022-09-23,0.08981062423828634,-0.026334129255729977,-0.017427816406674346,-0.008906312849055631
1,vix_change_top_10pct,market_observable,120,2022-12-12,2022-12-12,1,2022-12-12,1334,2022-12-12,2022-12-12,0.0908003643264963,0.0013008082505372442,-0.00829484183350182,0.009595650084039065
1,vix_change_top_10pct,market_observable,121,2022-12-22,2022-12-22,1,2022-12-22,1342,2022-12-22,2022-12-22,0.09045172358827225,-7.270191918529179e-05,-0.01215898016893302,0.012086278249747728
1,vix_change_top_10pct,market_observable,122,2023-02-16,2023-02-16,1,2023-02-16,1379,2023-02-16,2023-02-16,0.10112776327554895,0.017193737072460635,-0.0008195726363133815,0.018013309708774017
1,vix_change_top_10pct,market_observable,123,2023-02-21,2023-02-21,1,2023-02-21,1381,2023-02-21,2023-02-21,0.13309423414761534,-0.014471525183790135,-0.0037440046605539123,-0.010727520523236223
1,vix_change_top_10pct,market_observable,124,2023-03-09,2023-03-10,2,2023-03-09,1393,2023-03-09,2023-03-09,0.16818052803769667,-0.09386945018604109,0.009801127700098,-0.10367057788613909
1,vix_change_top_10pct,market_observable,125,2023-03-15,2023-03-15,1,2023-03-15,1397,2023-03-15,2023-03-15,0.09672663774840373,-0.02745791739367931,0.007773838437142189,-0.0352317558308215
1,vix_change_top_10pct,market_observable,126,2023-03-17,2023-03-17,1,2023-03-17,1399,2023-03-17,2023-03-17,0.10401119337862985,0.07269968996094178,0.028704276731303935,0.04399541322963785
1,vix_change_top_10pct,market_observable,127,2023-04-25,2023-04-25,1,2023-04-25,1425,2023-04-25,2023-04-25,0.10500521275836983,0.008295760596530144,0.0050734265105614185,0.0032223340859687255
1,vix_change_top_10pct,market_observable,128,2023-05-02,2023-05-02,1,2023-05-02,1430,2023-05-02,2023-05-02,0.10049796633493857,0.029819572002265815,0.0191128216996459,0.010706750302619916
1,vix_change_top_10pct,market_observable,129,2023-05-04,2023-05-04,1,2023-05-04,1432,2023-05-04,2023-05-04,0.09113771199852438,0.020006162003832983,0.007008337579460289,0.012997824424372695
1,vix_change_top_10pct,market_observable,130,2023-07-27,2023-07-27,1,2023-07-27,1489,2023-07-27,2023-07-27,0.08846344328220779,-0.008131075625700035,-0.015836715414990543,0.007705639789290508
1,vix_change_top_10pct,market_observable,131,2023-08-02,2023-08-02,1,2023-08-02,1493,2023-08-02,2023-08-02,0.14415317321257737,-0.004205326466792059,-0.004776993918500061,0.0005716674517080023
1,vix_change_top_10pct,market_observable,132,2023-08-15,2023-08-15,1,2023-08-15,1502,2023-08-15,2023-08-15,0.10495557538098277,-0.006108767427521755,-0.0026580037072090335,-0.0034507637203127217
1,vix_change_top_10pct,market_observable,133,2023-09-21,2023-09-21,1,2023-09-21,1528,2023-09-21,2023-09-21,0.1471437389347341,-0.012354593123170332,-0.007274811145922655,-0.005079781977247677
1,vix_change_top_10pct,market_observable,134,2023-09-26,2023-09-26,1,2023-09-26,1531,2023-09-26,2023-09-26,0.11396246582890468,-0.0032004871789030886,-0.008023084937964775,0.004822597759061686
1,vix_change_top_10pct,market_observable,135,2023-10-03,2023-10-03,1,2023-10-03,1536,2023-10-03,2023-10-03,0.11620440368645157,-0.024983196554416054,-0.002892421000057155,-0.0220907755543589
1,vix_change_top_10pct,market_observable,136,2023-10-13,2023-10-13,1,2023-10-13,1544,2023-10-13,2023-10-13,0.14633109111062836,0.002454971632010583,0.03164231938177586,-0.02918734774976528
1,vix_change_top_10pct,market_observable,137,2023-10-19,2023-10-19,1,2023-10-19,1548,2023-10-19,2023-10-19,0.10743951848565914,0.017725098498432956,0.012199301049654387,0.005525797448778569
1,vix_change_top_10pct,market_observable,138,2023-12-20,2023-12-20,1,2023-12-20,1591,2023-12-20,2023-12-20,0.08707788182788123,0.028335504734718242,-0.005460866362358985,0.03379637109707723
1,vix_change_top_10pct,market_observable,139,2024-02-13,2024-02-13,1,2024-02-13,1627,2024-02-13,2024-02-13,0.1291247125315751,-0.015338826726978283,-0.013884637194948368,-0.0014541895320299147
1,vix_change_top_10pct,market_observable,140,2024-04-04,2024-04-04,1,2024-04-04,1662,2024-04-04,2024-04-04,0.13187265550318195,0.0404569455869499,-0.005751211782366816,0.046208157369316716
1,vix_change_top_10pct,market_observable,141,2024-04-12,2024-04-15,2,2024-04-12,1668,2024-04-12,2024-04-12,0.1492522404114709,-0.05267924225677767,-0.013327746093359849,-0.03935149616341782
1,vix_change_top_10pct,market_observable,142,2024-05-29,2024-05-29,1,2024-05-29,1700,2024-05-29,2024-05-29,0.10008345855698231,-0.01706122831507173,-0.009347362870368414,-0.007713865444703316
1,vix_change_top_10pct,market_observable,143,2024-07-17,2024-07-18,2,2024-07-18,1734,2024-07-18,2024-07-18,0.09543573696438656,-0.016088589972106604,-0.006401633154546893,-0.009686956817559711
1,vix_change_top_10pct,market_observable,144,2024-07-24,2024-07-24,1,2024-07-24,1738,2024-07-24,2024-07-24,0.20338440133374736,0.0017686072109750484,-0.0035105070964620566,0.005279114307437105
1,vix_change_top_10pct,market_observable,145,2024-08-01,2024-08-05,3,2024-08-05,1746,2024-08-05,2024-08-05,0.5001661916240487,-0.15817931088299453,-0.012773165762624217,-0.1454061451203703
1,vix_change_top_10pct,market_observable,146,2024-08-28,2024-08-28,1,2024-08-28,1763,2024-08-28,2024-08-28,0.1033494215290327,-0.052956628691053,-0.007051666972007986,-0.04590496171904501
1,vix_change_top_10pct,market_observable,147,2024-09-03,2024-09-03,1,2024-09-03,1766,2024-09-03,2024-09-03,0.3230492162890721,-0.011204440172322805,-0.004332950273532532,-0.006871489898790273
1,vix_change_top_10pct,market_observable,148,2024-09-06,2024-09-06,1,2024-09-06,1769,2024-09-06,2024-09-06,0.11744797115333228,-0.04610053615848386,-0.007430165851405768,-0.038670370307078095
1,vix_change_top_10pct,market_observable,149,2024-09-27,2024-09-27,1,2024-09-27,1784,2024-09-27,2024-09-27,0.09844007281325284,0.014527015116126307,-0.007967487087646496,0.022494502203772804
1,vix_change_top_10pct,market_observable,150,2024-10-01,2024-10-01,1,2024-10-01,1786,2024-10-01,2024-10-01,0.1408268913712467,-0.02765993681032697,0.010436598143315656,-0.038096534953642625
1,vix_change_top_10pct,market_observable,151,2024-10-07,2024-10-07,1,2024-10-07,1790,2024-10-07,2024-10-07,0.16428727655451691,0.016127428362043617,-0.003393514036765133,0.01952094239880875
1,vix_change_top_10pct,market_observable,152,2024-10-31,2024-10-31,1,2024-10-31,1808,2024-10-31,2024-10-31,0.12934574081619044,-0.024381311506454395,-0.015616471787271102,-0.008764839719183293
1,vix_change_top_10pct,market_observable,153,2024-11-15,2024-11-15,1,2024-11-15,1819,2024-11-15,2024-11-15,0.12034206927344293,0.04284477318475588,-0.0017736414154017055,0.044618414600157585
1,vix_change_top_10pct,market_observable,154,2024-12-09,2024-12-09,1,2024-12-09,1834,2024-12-09,2024-12-09,0.10543882112750325,-0.051708783840094696,0.009870874002919194,-0.06157965784301389
1,vix_change_top_10pct,market_observable,155,2024-12-18,2024-12-18,1,2024-12-18,1841,2024-12-18,2024-12-18,0.5541096134428285,-0.0567288577781877,-0.019371499639531997,-0.037357358138655705
1,vix_change_top_10pct,market_observable,156,2025-01-07,2025-01-07,1,2025-01-07,1853,2025-01-07,2025-01-07,0.10523581960429507,-0.05632771675404413,0.00561762673506383,-0.06194534348910796
1,vix_change_top_10pct,market_observable,157,2025-01-10,2025-01-10,1,2025-01-10,1855,2025-01-10,2025-01-10,0.09889900703485344,0.007283849888439775,0.009512918374949386,-0.002229068486509611
1,vix_change_top_10pct,market_observable,158,2025-01-27,2025-01-27,1,2025-01-27,1865,2025-01-27,2025-01-27,0.18680084759800053,-0.03368430568744607,-0.010459313683880644,-0.023224992003565426
1,vix_change_top_10pct,market_observable,159,2025-02-03,2025-02-03,1,2025-02-03,1870,2025-02-03,2025-02-03,0.12512733979974433,-0.00590469073710409,0.005323078655223412,-0.011227769392327502
1,vix_change_top_10pct,market_observable,160,2025-02-21,2025-02-21,1,2025-02-21,1883,2025-02-21,2025-02-21,0.1508612031768597,-0.03501156098902136,-0.0009229691054981615,-0.0340885918835232
1,vix_change_top_10pct,market_observable,161,2025-02-27,2025-02-27,1,2025-02-27,1887,2025-02-27,2025-02-27,0.10100549657538105,-0.01027152969699685,-0.015357280506671067,0.0050857508096742166
1,vix_change_top_10pct,market_observable,162,2025-03-03,2025-03-03,1,2025-03-03,1889,2025-03-03,2025-03-03,0.14882394973066626,0.022125068145001592,0.013094284775934106,0.009030783369067485
1,vix_change_top_10pct,market_observable,163,2025-03-06,2025-03-06,1,2025-03-06,1892,2025-03-06,2025-03-06,0.1258066953855166,-0.016178745065822397,-0.005094160642131307,-0.01108458442369109
1,vix_change_top_10pct,market_observable,164,2025-03-10,2025-03-10,1,2025-03-10,1894,2025-03-10,2025-03-10,0.17573881980089334,-0.09553789563127246,-0.008794495623059895,-0.08674340000821257
1,vix_change_top_10pct,market_observable,165,2025-03-28,2025-03-28,1,2025-03-28,1908,2025-03-28,2025-03-28,0.14701683298102708,-0.03827963045709026,0.007384788228781858,-0.04566441868587212
1,vix_change_top_10pct,market_observable,166,2025-04-03,2025-04-04,2,2025-04-04,1913,2025-04-04,2025-04-04,0.411663932473731,0.024097574805100663,-0.023670204732145095,0.04776777953724576
1,vix_change_top_10pct,market_observable,167,2025-04-08,2025-04-08,1,2025-04-08,1915,2025-04-08,2025-04-08,0.10784784115334967,-0.01647144098020803,0.005429029902152216,-0.021900470882360246
1,vix_change_top_10pct,market_observable,168,2025-04-10,2025-04-10,1,2025-04-10,1917,2025-04-10,2025-04-10,0.19159824426179783,-0.03315180882117197,0.024130092886814225,-0.057281901707986194
1,vix_change_top_10pct,market_observable,169,2025-04-21,2025-04-21,1,2025-04-21,1923,2025-04-21,2025-04-21,0.1315902180266999,0.029794126831747647,0.030466725196562017,-0.0006725983648143696
1,vix_change_top_10pct,market_observable,170,2025-05-21,2025-05-21,1,2025-05-21,1945,2025-05-21,2025-05-21,0.14295342168190528,0.014630118556452132,0.007351594562024388,0.0072785239944277436
1,vix_change_top_10pct,market_observable,171,2025-05-23,2025-05-23,1,2025-05-23,1947,2025-05-23,2025-05-23,0.09450296867479491,-0.02250178965782368,0.021669792905121277,-0.044171582562944955
1,vix_change_top_10pct,market_observable,172,2025-06-13,2025-06-13,1,2025-06-13,1961,2025-06-13,2025-06-13,0.14443181100663116,-0.015854900373481584,0.013015494091699331,-0.028870394465180915
1,vix_change_top_10pct,market_observable,173,2025-06-17,2025-06-17,1,2025-06-17,1963,2025-06-17,2025-06-17,0.12248155643793757,-0.03718366645827409,0.0005130624809401851,-0.037696728939214275
1,vix_change_top_10pct,market_observable,174,2025-08-01,2025-08-01,1,2025-08-01,1994,2025-08-01,2025-08-01,0.19794842013802327,-0.030049135370356694,0.02009639782657313,-0.050145533196929826
1,vix_change_top_10pct,market_observable,175,2025-09-02,2025-09-02,1,2025-09-02,2015,2025-09-02,2025-09-02,0.11139694718985815,0.023688656315290046,0.02336740250914282,0.0003212538061472259
1,vix_change_top_10pct,market_observable,176,2025-10-10,2025-10-10,1,2025-10-10,2043,2025-10-10,2025-10-10,0.2763583095236677,-0.03611487858687745,0.010047058859954383,-0.046161937446831836
1,vix_change_top_10pct,market_observable,177,2025-10-14,2025-10-14,1,2025-10-14,2045,2025-10-14,2025-10-14,0.08941695909748493,-0.02783944335234345,0.007115811676484007,-0.03495525502882746
1,vix_change_top_10pct,market_observable,178,2025-10-16,2025-10-16,1,2025-10-16,2047,2025-10-16,2025-10-16,0.2039686339436706,-0.028015395830854217,0.02311798516943142,-0.05113338100028564
1,vix_change_top_10pct,market_observable,179,2025-11-04,2025-11-04,1,2025-11-04,2060,2025-11-04,2025-11-04,0.10127530425705622,-0.056927238817134906,-0.017672437504169025,-0.03925480131296588
1,vix_change_top_10pct,market_observable,180,2025-11-13,2025-11-13,1,2025-11-13,2067,2025-11-13,2025-11-13,0.1329601272562302,-0.03382276393029038,-0.008115943871202624,-0.025706820059087754
1,vix_change_top_10pct,market_observable,181,2025-11-17,2025-11-18,2,2025-11-17,2069,2025-11-17,2025-11-17,0.12097176035207458,-0.02644880739867439,-0.011530197275275711,-0.014918610123398679
1,vix_change_top_10pct,market_observable,182,2025-11-20,2025-11-20,1,2025-11-20,2072,2025-11-20,2025-11-20,0.11033544054393873,-0.03471131618711887,-0.0002933685939359165,-0.03441794759318295
1,vix_change_top_10pct,market_observable,183,2026-01-20,2026-01-20,1,2026-01-20,2111,2026-01-20,2026-01-20,0.23642196262014137,-0.06283771274357086,0.03713794462564746,-0.09997565736921832
1,vix_change_top_10pct,market_observable,184,2026-02-03,2026-02-03,1,2026-02-03,2121,2026-02-03,2026-02-03,0.09675566846430783,-0.01984812844870021,0.06164735147244915,-0.08149547992114936
1,vix_change_top_10pct,market_observable,185,2026-02-05,2026-02-05,1,2026-02-05,2123,2026-02-05,2026-02-05,0.15522306598901103,-0.1421355374821136,-0.02699275619765107,-0.11514278128446254
1,vix_change_top_10pct,market_observable,186,2026-02-12,2026-02-12,1,2026-02-12,2128,2026-02-12,2026-02-12,0.1651782798075172,-0.03200261796108883,-0.03534565209196927,0.00334303413088044
1,vix_change_top_10pct,market_observable,187,2026-02-23,2026-02-23,1,2026-02-23,2134,2026-02-23,2026-02-23,0.09583387711925306,-0.049581660840985364,0.026657023717321593,-0.07623868455830696
1,vix_change_top_10pct,market_observable,188,2026-03-03,2026-03-03,1,2026-03-03,2140,2026-03-03,2026-03-03,0.09471638074543831,-0.01223825821392488,-0.04563796333219461,0.03339970511826973
1,vix_change_top_10pct,market_observable,189,2026-03-05,2026-03-06,2,2026-03-06,2143,2026-03-06,2026-03-06,0.2164686923465342,-0.044866300154925653,0.015708476698148566,-0.06057477685307422
1,vix_change_top_10pct,market_observable,190,2026-03-12,2026-03-12,1,2026-03-12,2147,2026-03-12,2026-03-12,0.11892879989181271,-0.002969788140640972,-0.01984963254664507,0.016879844406004096
1,vix_change_top_10pct,market_observable,191,2026-03-18,2026-03-18,1,2026-03-18,2151,2026-03-18,2026-03-18,0.1147485848762928,-0.04725078947632433,-0.0321484286975835,-0.015102360778740831
1,vix_change_top_10pct,market_observable,192,2026-03-20,2026-03-20,1,2026-03-20,2153,2026-03-20,2026-03-20,0.1071046297164937,-0.0013406922699115142,-0.031034054726858606,0.029693362456947092
1,vix_change_top_10pct,market_observable,193,2026-03-27,2026-03-27,1,2026-03-27,2158,2026-03-27,2026-03-27,0.12359700552180364,-0.03706490973446641,0.03449209165387579,-0.0715570013883422
1,vix_change_top_10pct,market_observable,194,2026-06-05,2026-06-05,1,2026-06-05,2206,2026-06-05,2026-06-05,0.33415043386005516,-0.05373922954098198,-0.03722984276849228,-0.016509386772489698
1,vix_change_top_10pct,market_observable,195,2026-06-10,2026-06-10,1,2026-06-10,2209,2026-06-10,2026-06-10,0.11178172764775862,-0.0025095034523392457,-0.042339376208338386,0.03982987275599914
1,vix_change_top_10pct,market_observable,196,2026-06-17,2026-06-17,1,2026-06-17,2214,2026-06-17,2026-06-17,0.11663131302644869,-0.021143484845708826,-0.022971384282330476,0.0018278994366216494
1,vix_change_top_10pct,market_observable,197,2026-06-23,2026-06-23,1,2026-06-23,2217,2026-06-23,2026-06-23,0.12035175014355959,-0.03285812816840661,-0.019084169061679646,-0.013773959106726963
1,vix_change_top_10pct,market_observable,198,2026-07-13,2026-07-13,1,2026-07-13,2230,2026-07-13,2026-07-13,0.1325328902949332,-0.025826651063599826,-0.02655571613253116,0.0007290650689313338
1,vix_change_top_10pct,market_observable,199,2026-07-17,2026-07-17,1,2026-07-17,2234,2026-07-17,2026-07-17,0.11505633559968498,-0.0017293114745307037,0.00940872323854336,-0.011138034713074063
1,vix_change_top_10pct,market_observable,200,2026-07-23,2026-07-23,1,2026-07-23,2238,2026-07-23,2026-07-23,0.11671408846747822,-0.01646070679419509,-0.020250095841770843,0.003789389047575753
1,vix_change_top_10pct,market_observable,201,2026-07-29,2026-07-29,1,2026-07-29,2242,2026-07-29,2026-07-29,0.12622856995197607,-0.004934223891385869,0.004618798129091495,-0.009553022020477364
1,vix_change_top_5pct,market_observable,1,2017-09-05,2017-09-05,1,2017-09-05,11,2017-09-05,2017-09-05,0.1883906314384891,-0.07932050680916447,0.011044617985342065,-0.09036512479450654
1,vix_change_top_5pct,market_observable,2,2018-01-16,2018-01-16,1,2018-01-16,100,2018-01-16,2018-01-16,0.1377057387720102,-0.2620515614281267,0.0016526906271696618,-0.26370425205529635
1,vix_change_top_5pct,market_observable,3,2018-01-29,2018-01-29,1,2018-01-29,109,2018-01-29,2018-01-29,0.2224212688703857,0.024405526370051334,-0.0056378571834709845,0.030043383553522318
1,vix_change_top_5pct,market_observable,4,2018-02-02,2018-02-05,2,2018-02-05,114,2018-02-05,2018-02-05,0.7682450067910249,-0.1849701778973607,0.002528643755518978,-0.18749882165287968
1,vix_change_top_5pct,market_observable,5,2018-02-27,2018-02-27,1,2018-02-27,127,2018-02-27,2018-02-27,0.1626138617004318,0.03627535941892113,-0.01049377405473173,0.04676913347365286
1,vix_change_top_5pct,market_observable,6,2018-03-19,2018-03-19,1,2018-03-19,141,2018-03-19,2018-03-19,0.18548111708432335,-0.01667613892299258,0.0021646240154513663,-0.018840762938443945
1,vix_change_top_5pct,market_observable,7,2018-03-22,2018-03-22,1,2018-03-22,144,2018-03-22,2018-03-22,0.26760505141005675,-0.02893616671360988,-0.003961028602094352,-0.024975138111515527
1,vix_change_top_5pct,market_observable,8,2018-04-02,2018-04-02,1,2018-04-02,150,2018-04-02,2018-04-02,0.16786266334149236,-0.04902312959555566,0.011618397461990781,-0.06064152705754644
1,vix_change_top_5pct,market_observable,9,2018-05-29,2018-05-29,1,2018-05-29,190,2018-05-29,2018-05-29,0.2526582887216877,0.007519165689346963,-0.00016231041385150746,0.00768147610319847
1,vix_change_top_5pct,market_observable,10,2018-06-21,2018-06-21,1,2018-06-21,207,2018-06-21,2018-06-21,0.13509389294241458,-0.00511162813753252,-0.0017477352868704443,-0.0033638928506620758
1,vix_change_top_5pct,market_observable,11,2018-06-25,2018-06-25,1,2018-06-25,209,2018-06-25,2018-06-25,0.22994679098695103,0.009979776432711418,-0.0037463887322166656,0.013726165164928084
1,vix_change_top_5pct,market_observable,12,2018-08-10,2018-08-10,1,2018-08-10,242,2018-08-10,2018-08-10,0.15503759784548654,-0.01054532302677913,-0.00043582289228183413,-0.010109500134497296
1,vix_change_top_5pct,market_observable,13,2018-10-04,2018-10-04,1,2018-10-04,280,2018-10-04,2018-10-04,0.2027826286652945,0.02091424679919207,0.0005289130805081754,0.020385333718683896
1,vix_change_top_5pct,market_observable,14,2018-10-10,2018-10-10,1,2018-10-10,284,2018-10-10,2018-10-10,0.3642947422205123,-0.0029601128647680497,0.0024835810584162843,-0.005443693923184334
1,vix_change_top_5pct,market_observable,15,2018-10-18,2018-10-18,1,2018-10-18,290,2018-10-18,2018-10-18,0.14225757631330627,-0.011665196683365409,0.001122068685606159,-0.012787265368971568
1,vix_change_top_5pct,market_observable,16,2018-10-24,2018-10-24,1,2018-10-24,294,2018-10-24,2018-10-24,0.1974170872454737,7.450471473724463e-05,0.0023171370069290376,-0.002242632292191793
1,vix_change_top_5pct,market_observable,17,2018-11-12,2018-11-12,1,2018-11-12,307,2018-11-12,2018-11-12,0.16381417325660674,0.004512956189079986,-0.007188596482678555,0.011701552671758542
1,vix_change_top_5pct,market_observable,18,2018-12-04,2018-12-04,1,2018-12-04,322,2018-12-04,2018-12-04,0.23234681317334704,0.006064771529162627,0.006080599945142318,-1.5828415979690647e-05
1,vix_change_top_5pct,market_observable,19,2018-12-24,2018-12-24,1,2018-12-24,335,2018-12-24,2018-12-24,0.18060415242180516,0.0678004502159606,0.010890577890308784,0.05690987232565181
1,vix_change_top_5pct,market_observable,20,2019-01-22,2019-01-22,1,2019-01-22,353,2019-01-22,2019-01-22,0.15575452940923284,-0.0026775642653920073,0.0035468368649853588,-0.006224401130377366
1,vix_change_top_5pct,market_observable,21,2019-03-22,2019-03-22,1,2019-03-22,395,2019-03-22,2019-03-22,0.18987427877288443,0.004663497594219024,0.002342023390243142,0.0023214742039758818
1,vix_change_top_5pct,market_observable,22,2019-05-06,2019-05-07,2,2019-05-07,426,2019-05-07,2019-05-07,0.22417928418774213,0.02272631061351582,0.003305527606358716,0.019420783007157105
1,vix_change_top_5pct,market_observable,23,2019-05-13,2019-05-13,1,2019-05-13,430,2019-05-13,2019-05-13,0.24777533850387545,0.20203838433890198,0.010159840539079035,0.19187854379982294
1,vix_change_top_5pct,market_observable,24,2019-05-23,2019-05-23,1,2019-05-23,438,2019-05-23,2019-05-23,0.13725327139224852,-0.018140565758436367,0.00770477545364745,-0.025845341212083817
1,vix_change_top_5pct,market_observable,25,2019-07-31,2019-07-31,1,2019-07-31,485,2019-07-31,2019-07-31,0.14529833174610474,0.039181164446890904,-0.013199706898716634,0.05238087134560754
1,vix_change_top_5pct,market_observable,26,2019-08-05,2019-08-05,1,2019-08-05,488,2019-08-05,2019-08-05,0.3338729337199866,0.11795324117996309,0.013885007839557595,0.10406823334040549
1,vix_change_top_5pct,market_observable,27,2019-08-12,2019-08-12,1,2019-08-12,493,2019-08-12,2019-08-12,0.1600952936952158,-0.033598899170739216,0.009651773675578568,-0.043250672846317784
1,vix_change_top_5pct,market_observable,28,2019-08-14,2019-08-14,1,2019-08-14,495,2019-08-14,2019-08-14,0.23223452301546166,-0.0755247288012253,0.006818296719088401,-0.0823430255203137
1,vix_change_top_5pct,market_observable,29,2019-08-23,2019-08-23,1,2019-08-23,502,2019-08-23,2019-08-23,0.17500065963312483,0.023057463573367798,0.01940043582556772,0.003657027747800079
1,vix_change_top_5pct,market_observable,30,2019-09-24,2019-09-24,1,2019-09-24,523,2019-09-24,2019-09-24,0.13411807495287853,-0.15930661895582077,0.005272991620432599,-0.16457961057625337
1,vix_change_top_5pct,market_observable,31,2019-10-01,2019-10-01,1,2019-10-01,528,2019-10-01,2019-10-01,0.1335313926245223,0.004014019439853911,0.005457893373497669,-0.0014438739336437578
1,vix_change_top_5pct,market_observable,32,2019-12-02,2019-12-02,1,2019-12-02,571,2019-12-02,2019-12-02,0.1667492716635799,-0.06041635669079071,-0.0005079436043828878,-0.05990841308640782
1,vix_change_top_5pct,market_observable,33,2019-12-09,2019-12-09,1,2019-12-09,576,2019-12-09,2019-12-09,0.1522609154853356,-0.016921098075442842,-0.0002906488870486612,-0.01663044918839418
1,vix_change_top_5pct,market_observable,34,2020-01-27,2020-01-27,1,2020-01-27,608,2020-01-27,2020-01-27,0.22479054592203163,0.05722479055690677,0.0068021258430706055,0.05042266471383616
1,vix_change_top_5pct,market_observable,35,2020-01-31,2020-01-31,1,2020-01-31,612,2020-01-31,2020-01-31,0.19578761471943995,-0.026908592225039385,0.005775708477189667,-0.03268430070222905
1,vix_change_top_5pct,market_observable,36,2020-02-24,2020-02-24,1,2020-02-24,627,2020-02-24,2020-02-24,0.3821669170832589,-0.010433344600048855,0.00894500265671816,-0.019378347256767015
1,vix_change_top_5pct,market_observable,37,2020-02-27,2020-02-27,1,2020-02-27,630,2020-02-27,2020-02-27,0.35129037151685205,0.00898140737230868,0.00019481624361361582,0.008786591128695065
1,vix_change_top_5pct,market_observable,38,2020-03-05,2020-03-05,1,2020-03-05,635,2020-03-05,2020-03-05,0.213910687308978,0.0458308371360463,0.021370951204574773,0.024459885931471526
1,vix_change_top_5pct,market_observable,39,2020-03-09,2020-03-09,1,2020-03-09,637,2020-03-09,2020-03-09,0.2612264617718396,-0.14857428980187315,0.0016488747161256256,-0.15022316451799878
1,vix_change_top_5pct,market_observable,40,2020-03-12,2020-03-12,1,2020-03-12,640,2020-03-12,2020-03-12,0.33660474838182575,-0.2599485026425459,-0.0407056042424383,-0.21924289840010758
1,vix_change_top_5pct,market_observable,41,2020-03-16,2020-03-16,1,2020-03-16,642,2020-03-16,2020-03-16,0.35759100356394846,-0.08800161323411793,-0.011512126298224956,-0.07648948693589297
1,vix_change_top_5pct,market_observable,42,2020-04-20,2020-04-20,1,2020-04-20,666,2020-04-20,2020-04-20,0.13879275670025182,-0.04372529167151562,0.007100853720992006,-0.05082614539250763
1,vix_change_top_5pct,market_observable,43,2020-05-12,2020-05-12,1,2020-05-12,682,2020-05-12,2020-05-12,0.18099072361707158,0.005353131596484317,0.0038815245238019713,0.001471607072682346
1,vix_change_top_5pct,market_observable,44,2020-06-11,2020-06-11,1,2020-06-11,703,2020-06-11,2020-06-11,0.3917087282937617,-0.05972997819492676,-0.007240232329264629,-0.05248974586566213
1,vix_change_top_5pct,market_observable,45,2020-07-13,2020-07-13,1,2020-07-13,724,2020-07-13,2020-07-13,0.16513551059046971,-0.00011044854029584883,0.0012403879870825918,-0.0013508365273784406
1,vix_change_top_5pct,market_observable,46,2020-08-31,2020-08-31,1,2020-08-31,759,2020-08-31,2020-08-31,0.13998915485767505,0.01955020713124256,0.002383417194323556,0.017166789936919002
1,vix_change_top_5pct,market_observable,47,2020-09-03,2020-09-03,1,2020-09-03,762,2020-09-03,2020-09-03,0.23474330719743675,-0.06404174149008846,-0.008137254873337163,-0.05590448661675129
1,vix_change_top_5pct,market_observable,48,2020-10-26,2020-10-26,1,2020-10-26,798,2020-10-26,2020-10-26,0.1640060264875216,0.006594038360979937,-0.0005039129828938727,0.0070979513438738095
1,vix_change_top_5pct,market_observable,49,2020-10-28,2020-10-28,1,2020-10-28,800,2020-10-28,2020-10-28,0.1887972954887287,-0.036658788890001404,-0.01627516884164315,-0.020383620048358253
1,vix_change_top_5pct,market_observable,50,2020-12-21,2020-12-21,1,2020-12-21,837,2020-12-21,2020-12-21,0.15395197143117478,0.003270374071664861,-0.0031789169989817623,0.006449291070646623
1,vix_change_top_5pct,market_observable,51,2021-01-04,2021-01-04,1,2021-01-04,845,2021-01-04,2021-01-04,0.17015999175467922,0.07020278061825103,0.022014258912347984,0.04818852170590304
1,vix_change_top_5pct,market_observable,52,2021-01-27,2021-01-27,1,2021-01-27,861,2021-01-27,2021-01-27,0.48021413906479493,-0.014700334856421193,-0.0063557782954406505,-0.008344556560980543
1,vix_change_top_5pct,market_observable,53,2021-02-25,2021-02-25,1,2021-02-25,881,2021-02-25,2021-02-25,0.3029122686045369,0.0010214495088476383,-0.01899580806530743,0.020017257574155067
1,vix_change_top_5pct,market_observable,54,2021-05-10,2021-05-10,1,2021-05-10,932,2021-05-10,2021-05-10,0.1637763770452767,-0.03265885754042941,0.0030259218728545534,-0.03568477941328396
1,vix_change_top_5pct,market_observable,55,2021-05-12,2021-05-12,1,2021-05-12,934,2021-05-12,2021-05-12,0.2337102373524904,-0.03912267689020865,-0.009983483413452454,-0.029139193476756198
1,vix_change_top_5pct,market_observable,56,2021-06-18,2021-06-18,1,2021-06-18,960,2021-06-18,2021-06-18,0.15374818434989868,-0.06517448967577799,-0.005562705142465596,-0.059611784533312395
1,vix_change_top_5pct,market_observable,57,2021-07-08,2021-07-08,1,2021-07-08,973,2021-07-08,2021-07-08,0.15942773692810208,-0.04810130564711379,-0.0006520293887515294,-0.04744927625836226
1,vix_change_top_5pct,market_observable,58,2021-07-19,2021-07-19,1,2021-07-19,980,2021-07-19,2021-07-19,0.198450938723838,-0.03723925722041166,0.0011798535126086307,-0.03841911073302029
1,vix_change_top_5pct,market_observable,59,2021-08-18,2021-08-18,1,2021-08-18,1002,2021-08-18,2021-08-18,0.1859442443284447,-0.012480503081064853,0.0007783092556952198,-0.013258812336760073
1,vix_change_top_5pct,market_observable,60,2021-09-20,2021-09-20,1,2021-09-20,1024,2021-09-20,2021-09-20,0.2114463808722551,-0.07998443073113926,0.007118755657040232,-0.08710318638817949
1,vix_change_top_5pct,market_observable,61,2021-09-28,2021-09-28,1,2021-09-28,1030,2021-09-28,2021-09-28,0.21457818845528687,-0.03333152607898526,-0.009763940911599711,-0.023567585167385552
1,vix_change_top_5pct,market_observable,62,2021-11-26,2021-11-26,1,2021-11-26,1072,2021-11-26,2021-11-26,0.43202004074261247,-0.056929557413193166,-0.001616846252669113,-0.05531271116052405
1,vix_change_top_5pct,market_observable,63,2021-11-30,2021-12-01,2,2021-11-30,1074,2021-11-30,2021-11-30,0.1690956871930136,-0.010981218095551526,-0.006744546424564568,-0.004236671670986958
1,vix_change_top_5pct,market_observable,64,2022-01-05,2022-01-05,1,2022-01-05,1099,2022-01-05,2022-01-05,0.15423515712403502,-0.05094442655973985,-0.0030121970522101194,-0.04793222950752973
1,vix_change_top_5pct,market_observable,65,2022-01-13,2022-01-13,1,2022-01-13,1105,2022-01-13,2022-01-13,0.1420787550842597,-0.023622318386436802,-0.00340277134129785,-0.020219547045138953
1,vix_change_top_5pct,market_observable,66,2022-01-18,2022-01-18,1,2022-01-18,1107,2022-01-18,2022-01-18,0.1719325332379844,-0.031008101124500698,-0.001651618267930921,-0.029356482856569777
1,vix_change_top_5pct,market_observable,67,2022-02-10,2022-02-11,2,2022-02-10,1124,2022-02-10,2022-02-10,0.18056651058691564,-0.014916398978767731,-0.0038037857675305986,-0.011112613211237132
1,vix_change_top_5pct,market_observable,68,2022-02-17,2022-02-17,1,2022-02-17,1129,2022-02-17,2022-02-17,0.14606064190435974,-0.0757064450391507,0.01357550816897568,-0.08928195320812637
1,vix_change_top_5pct,market_observable,69,2022-04-11,2022-04-11,1,2022-04-11,1165,2022-04-11,2022-04-11,0.14124026064701622,-0.06640802084599606,0.004947206140849758,-0.07135522698684582
1,vix_change_top_5pct,market_observable,70,2022-04-22,2022-04-22,1,2022-04-22,1173,2022-04-22,2022-04-22,0.21819304615435398,-0.04252035494694084,-0.00976966135240076,-0.03275069359454008
1,vix_change_top_5pct,market_observable,71,2022-04-26,2022-04-26,1,2022-04-26,1175,2022-04-26,2022-04-26,0.2155649430818296,-0.04984597219888798,0.0015238553873304639,-0.05136982758621844
1,vix_change_top_5pct,market_observable,72,2022-05-05,2022-05-05,1,2022-05-05,1182,2022-05-05,2022-05-05,0.20488182905412833,-0.09309530611622563,-0.0038184194446895248,-0.0892768866715361
1,vix_change_top_5pct,market_observable,73,2022-05-09,2022-05-09,1,2022-05-09,1184,2022-05-09,2022-05-09,0.14066882829205385,-0.15148627625671196,-0.014585347642546154,-0.1369009286141658
1,vix_change_top_5pct,market_observable,74,2022-05-18,2022-05-18,1,2022-05-18,1191,2022-05-18,2022-05-18,0.17076073439287853,-0.027641967316343496,0.0005313437048437564,-0.028173311021187253
1,vix_change_top_5pct,market_observable,75,2022-06-13,2022-06-13,1,2022-06-13,1208,2022-06-13,2022-06-13,0.20371274677527218,-0.221766568159957,-0.026767358824472787,-0.1949992093354842
1,vix_change_top_5pct,market_observable,76,2022-08-22,2022-08-22,1,2022-08-22,1256,2022-08-22,2022-08-22,0.14439450488189376,-0.012937264745433552,-0.006659303367833047,-0.006277961377600505
1,vix_change_top_5pct,market_observable,77,2022-08-26,2022-08-26,1,2022-08-26,1260,2022-08-26,2022-08-26,0.16003651200451952,-0.045652143206980966,-0.012227153201929575,-0.03342499000505139
1,vix_change_top_5pct,market_observable,78,2022-09-13,2022-09-13,1,2022-09-13,1271,2022-09-13,2022-09-13,0.1331647565067584,-0.10044505106255563,-0.013096728906648814,-0.08734832215590682
1,vix_change_top_5pct,market_observable,79,2023-02-21,2023-02-21,1,2023-02-21,1381,2023-02-21,2023-02-21,0.13309423414761534,-0.014471525183790135,-0.0037440046605539123,-0.010727520523236223
1,vix_change_top_5pct,market_observable,80,2023-03-09,2023-03-09,1,2023-03-09,1393,2023-03-09,2023-03-09,0.16818052803769667,-0.09386945018604109,0.009801127700098,-0.10367057788613909
1,vix_change_top_5pct,market_observable,81,2023-08-02,2023-08-02,1,2023-08-02,1493,2023-08-02,2023-08-02,0.14415317321257737,-0.004205326466792059,-0.004776993918500061,0.0005716674517080023
1,vix_change_top_5pct,market_observable,82,2023-09-21,2023-09-21,1,2023-09-21,1528,2023-09-21,2023-09-21,0.1471437389347341,-0.012354593123170332,-0.007274811145922655,-0.005079781977247677
1,vix_change_top_5pct,market_observable,83,2023-10-13,2023-10-13,1,2023-10-13,1544,2023-10-13,2023-10-13,0.14633109111062836,0.002454971632010583,0.03164231938177586,-0.02918734774976528
1,vix_change_top_5pct,market_observable,84,2024-04-12,2024-04-12,1,2024-04-12,1668,2024-04-12,2024-04-12,0.1492522404114709,-0.05267924225677767,-0.013327746093359849,-0.03935149616341782
1,vix_change_top_5pct,market_observable,85,2024-07-24,2024-07-24,1,2024-07-24,1738,2024-07-24,2024-07-24,0.20338440133374736,0.0017686072109750484,-0.0035105070964620566,0.005279114307437105
1,vix_change_top_5pct,market_observable,86,2024-08-02,2024-08-05,2,2024-08-05,1746,2024-08-05,2024-08-05,0.5001661916240487,-0.15817931088299453,-0.012773165762624217,-0.1454061451203703
1,vix_change_top_5pct,market_observable,87,2024-09-03,2024-09-03,1,2024-09-03,1766,2024-09-03,2024-09-03,0.3230492162890721,-0.011204440172322805,-0.004332950273532532,-0.006871489898790273
1,vix_change_top_5pct,market_observable,88,2024-10-01,2024-10-01,1,2024-10-01,1786,2024-10-01,2024-10-01,0.1408268913712467,-0.02765993681032697,0.010436598143315656,-0.038096534953642625
1,vix_change_top_5pct,market_observable,89,2024-10-07,2024-10-07,1,2024-10-07,1790,2024-10-07,2024-10-07,0.16428727655451691,0.016127428362043617,-0.003393514036765133,0.01952094239880875
1,vix_change_top_5pct,market_observable,90,2024-12-18,2024-12-18,1,2024-12-18,1841,2024-12-18,2024-12-18,0.5541096134428285,-0.0567288577781877,-0.019371499639531997,-0.037357358138655705
1,vix_change_top_5pct,market_observable,91,2025-01-27,2025-01-27,1,2025-01-27,1865,2025-01-27,2025-01-27,0.18680084759800053,-0.03368430568744607,-0.010459313683880644,-0.023224992003565426
1,vix_change_top_5pct,market_observable,92,2025-02-21,2025-02-21,1,2025-02-21,1883,2025-02-21,2025-02-21,0.1508612031768597,-0.03501156098902136,-0.0009229691054981615,-0.0340885918835232
1,vix_change_top_5pct,market_observable,93,2025-03-03,2025-03-03,1,2025-03-03,1889,2025-03-03,2025-03-03,0.14882394973066626,0.022125068145001592,0.013094284775934106,0.009030783369067485
1,vix_change_top_5pct,market_observable,94,2025-03-10,2025-03-10,1,2025-03-10,1894,2025-03-10,2025-03-10,0.17573881980089334,-0.09553789563127246,-0.008794495623059895,-0.08674340000821257
1,vix_change_top_5pct,market_observable,95,2025-03-28,2025-03-28,1,2025-03-28,1908,2025-03-28,2025-03-28,0.14701683298102708,-0.03827963045709026,0.007384788228781858,-0.04566441868587212
1,vix_change_top_5pct,market_observable,96,2025-04-03,2025-04-04,2,2025-04-04,1913,2025-04-04,2025-04-04,0.411663932473731,0.024097574805100663,-0.023670204732145095,0.04776777953724576
1,vix_change_top_5pct,market_observable,97,2025-04-10,2025-04-10,1,2025-04-10,1917,2025-04-10,2025-04-10,0.19159824426179783,-0.03315180882117197,0.024130092886814225,-0.057281901707986194
1,vix_change_top_5pct,market_observable,98,2025-05-21,2025-05-21,1,2025-05-21,1945,2025-05-21,2025-05-21,0.14295342168190528,0.014630118556452132,0.007351594562024388,0.0072785239944277436
1,vix_change_top_5pct,market_observable,99,2025-06-13,2025-06-13,1,2025-06-13,1961,2025-06-13,2025-06-13,0.14443181100663116,-0.015854900373481584,0.013015494091699331,-0.028870394465180915
1,vix_change_top_5pct,market_observable,100,2025-08-01,2025-08-01,1,2025-08-01,1994,2025-08-01,2025-08-01,0.19794842013802327,-0.030049135370356694,0.02009639782657313,-0.050145533196929826
1,vix_change_top_5pct,market_observable,101,2025-10-10,2025-10-10,1,2025-10-10,2043,2025-10-10,2025-10-10,0.2763583095236677,-0.03611487858687745,0.010047058859954383,-0.046161937446831836
1,vix_change_top_5pct,market_observable,102,2025-10-16,2025-10-16,1,2025-10-16,2047,2025-10-16,2025-10-16,0.2039686339436706,-0.028015395830854217,0.02311798516943142,-0.05113338100028564
1,vix_change_top_5pct,market_observable,103,2025-11-13,2025-11-13,1,2025-11-13,2067,2025-11-13,2025-11-13,0.1329601272562302,-0.03382276393029038,-0.008115943871202624,-0.025706820059087754
1,vix_change_top_5pct,market_observable,104,2026-01-20,2026-01-20,1,2026-01-20,2111,2026-01-20,2026-01-20,0.23642196262014137,-0.06283771274357086,0.03713794462564746,-0.09997565736921832
1,vix_change_top_5pct,market_observable,105,2026-02-05,2026-02-05,1,2026-02-05,2123,2026-02-05,2026-02-05,0.15522306598901103,-0.1421355374821136,-0.02699275619765107,-0.11514278128446254
1,vix_change_top_5pct,market_observable,106,2026-02-12,2026-02-12,1,2026-02-12,2128,2026-02-12,2026-02-12,0.1651782798075172,-0.03200261796108883,-0.03534565209196927,0.00334303413088044
1,vix_change_top_5pct,market_observable,107,2026-03-06,2026-03-06,1,2026-03-06,2143,2026-03-06,2026-03-06,0.2164686923465342,-0.044866300154925653,0.015708476698148566,-0.06057477685307422
1,vix_change_top_5pct,market_observable,108,2026-06-05,2026-06-05,1,2026-06-05,2206,2026-06-05,2026-06-05,0.33415043386005516,-0.05373922954098198,-0.03722984276849228,-0.016509386772489698
1,vix_level_ge_30,market_observable,1,2018-02-05,2018-02-05,1,2018-02-05,114,2018-02-05,2018-02-05,37.32,-0.1849701778973607,0.002528643755518978,-0.18749882165287968
1,vix_level_ge_30,market_observable,2,2018-12-21,2018-12-26,3,2018-12-24,335,2018-12-24,2018-12-24,36.07,0.0678004502159606,0.010890577890308784,0.05690987232565181
1,vix_level_ge_30,market_observable,3,2020-02-27,2020-05-07,50,2020-03-16,642,2020-03-16,2020-03-16,82.69,-0.08800161323411793,-0.011512126298224956,-0.07648948693589297
1,vix_level_ge_30,market_observable,4,2020-05-12,2020-05-15,4,2020-05-13,683,2020-05-13,2020-05-13,35.28,0.04002665455585053,0.009576645345897639,0.03045000920995289
1,vix_level_ge_30,market_observable,5,2020-05-19,2020-05-19,1,2020-05-19,687,2020-05-19,2020-05-19,30.53,-0.00586977601524552,0.009603940342588935,-0.015473716357834455
1,vix_level_ge_30,market_observable,6,2020-06-11,2020-06-30,14,2020-06-11,703,2020-06-11,2020-06-11,40.79,-0.05972997819492676,-0.007240232329264629,-0.05248974586566213
1,vix_level_ge_30,market_observable,7,2020-07-13,2020-07-13,1,2020-07-13,724,2020-07-13,2020-07-13,32.19,-0.00011044854029584883,0.0012403879870825918,-0.0013508365273784406
1,vix_level_ge_30,market_observable,8,2020-09-03,2020-09-08,3,2020-09-03,762,2020-09-03,2020-09-03,33.6,-0.06404174149008846,-0.008137254873337163,-0.05590448661675129
1,vix_level_ge_30,market_observable,9,2020-10-26,2020-11-03,7,2020-10-28,800,2020-10-28,2020-10-28,40.28,-0.036658788890001404,-0.01627516884164315,-0.020383620048358253
1,vix_level_ge_30,market_observable,10,2021-01-27,2021-02-01,4,2021-01-27,861,2021-01-27,2021-01-27,37.21,-0.014700334856421193,-0.0063557782954406505,-0.008344556560980543
1,vix_level_ge_30,market_observable,11,2021-12-01,2021-12-01,1,2021-12-01,1075,2021-12-01,2021-12-01,31.12,-0.010716901349828944,0.003980006790396118,-0.014696908140225062
1,vix_level_ge_30,market_observable,12,2021-12-03,2021-12-03,1,2021-12-03,1077,2021-12-03,2021-12-03,30.67,-0.06472319562919715,0.008376819081740372,-0.07310001471093752
1,vix_level_ge_30,market_observable,13,2022-01-25,2022-01-27,3,2022-01-26,1113,2022-01-26,2022-01-26,31.96,0.00420306040689411,-0.01629856790431372,0.02050162831120783
1,vix_level_ge_30,market_observable,14,2022-02-23,2022-02-24,2,2022-02-23,1132,2022-02-23,2022-02-23,31.02,-0.006112448197079345,0.004497100140273602,-0.010609548337352948
1,vix_level_ge_30,market_observable,15,2022-02-28,2022-03-14,11,2022-03-07,1140,2022-03-07,2022-03-07,36.45,-0.04878661712048782,0.014753495270293016,-0.06354011239078083
1,vix_level_ge_30,market_observable,16,2022-04-26,2022-04-27,2,2022-04-26,1175,2022-04-26,2022-04-26,33.52,-0.04984597219888798,0.0015238553873304639,-0.05136982758621844
1,vix_level_ge_30,market_observable,17,2022-04-29,2022-05-02,2,2022-04-29,1178,2022-04-29,2022-04-29,33.4,-0.04220030490129112,-0.00011298334784104469,-0.042087321553450074
1,vix_level_ge_30,market_observable,18,2022-05-05,2022-05-12,6,2022-05-09,1184,2022-05-09,2022-05-09,34.75,-0.15148627625671196,-0.014585347642546154,-0.1369009286141658
1,vix_level_ge_30,market_observable,19,2022-05-18,2022-05-18,1,2022-05-18,1191,2022-05-18,2022-05-18,30.96,-0.027641967316343496,0.0005313437048437564,-0.028173311021187253
1,vix_level_ge_30,market_observable,20,2022-06-13,2022-06-14,2,2022-06-13,1208,2022-06-13,2022-06-13,34.02,-0.221766568159957,-0.026767358824472787,-0.1949992093354842
1,vix_level_ge_30,market_observable,21,2022-06-16,2022-06-21,3,2022-06-16,1211,2022-06-16,2022-06-16,32.95,-0.035599822209373855,0.011180446816136502,-0.04678026902551036
1,vix_level_ge_30,market_observable,22,2022-09-26,2022-10-03,6,2022-09-27,1281,2022-09-27,2022-09-27,32.6,-0.006508424936296109,0.0020477436877319732,-0.008556168624028082
1,vix_level_ge_30,market_observable,23,2022-10-06,2022-10-19,10,2022-10-11,1291,2022-10-11,2022-10-11,33.63,-0.011197929059063583,-0.0020602123309396703,-0.009137716728123912
1,vix_level_ge_30,market_observable,24,2024-08-05,2024-08-05,1,2024-08-05,1746,2024-08-05,2024-08-05,38.57,-0.15817931088299453,-0.012773165762624217,-0.1454061451203703
1,vix_level_ge_30,market_observable,25,2025-04-03,2025-04-16,10,2025-04-08,1915,2025-04-08,2025-04-08,52.33,-0.01647144098020803,0.005429029902152216,-0.021900470882360246
1,vix_level_ge_30,market_observable,26,2025-04-21,2025-04-22,2,2025-04-21,1923,2025-04-21,2025-04-21,33.82,0.029794126831747647,0.030466725196562017,-0.0006725983648143696
1,vix_level_ge_30,market_observable,27,2026-03-27,2026-03-30,2,2026-03-27,2158,2026-03-27,2026-03-27,31.05,-0.03706490973446641,0.03449209165387579,-0.0715570013883422
1,baa_credit_widening_top_10pct,market_observable,1,2017-11-22,2017-11-22,1,2017-11-22,65,2017-11-22,2017-11-22,0.030000000000000027,0.0011057062281825125,0.009175087875408217,-0.008069381647225704
1,baa_credit_widening_top_10pct,market_observable,2,2017-11-27,2017-11-27,1,2017-11-27,67,2017-11-27,2017-11-27,0.030000000000000027,0.16337630243431,0.004160741332319695,0.1592155611019903
1,baa_credit_widening_top_10pct,market_observable,3,2018-02-05,2018-02-05,1,2018-02-05,114,2018-02-05,2018-02-05,0.04999999999999982,-0.1849701778973607,0.002528643755518978,-0.18749882165287968
1,baa_credit_widening_top_10pct,market_observable,4,2018-02-13,2018-02-13,1,2018-02-13,118,2018-02-13,2018-02-13,0.050000000000000044,-0.01939328910592586,0.0056472535967850845,-0.025040542702710944
1,baa_credit_widening_top_10pct,market_observable,5,2018-02-16,2018-02-16,1,2018-02-16,121,2018-02-16,2018-02-16,0.030000000000000027,-0.00803889958768167,-0.0032769459911659027,-0.004761953596515767
1,baa_credit_widening_top_10pct,market_observable,6,2018-03-01,2018-03-01,1,2018-03-01,129,2018-03-01,2018-03-01,0.040000000000000036,0.03311930265591201,-0.0022425027652310803,0.03536180542114309
1,baa_credit_widening_top_10pct,market_observable,7,2018-03-06,2018-03-06,1,2018-03-06,132,2018-03-06,2018-03-06,0.030000000000000027,-0.08705079125609849,0.010726720619182117,-0.09777751187528061
1,baa_credit_widening_top_10pct,market_observable,8,2018-03-21,2018-03-21,1,2018-03-21,143,2018-03-21,2018-03-21,0.030000000000000027,-0.009793047133515032,0.01730579327847348,-0.027098840411988512
1,baa_credit_widening_top_10pct,market_observable,9,2018-03-23,2018-03-23,1,2018-03-23,145,2018-03-23,2018-03-23,0.030000000000000027,0.001623536171598161,0.012855551688486955,-0.011232015516888794
1,baa_credit_widening_top_10pct,market_observable,10,2018-04-25,2018-04-25,1,2018-04-25,167,2018-04-25,2018-04-25,0.030000000000000027,-0.052390851736454636,-0.0065172673215023735,-0.04587358441495226
1,baa_credit_widening_top_10pct,market_observable,11,2018-05-01,2018-05-01,1,2018-05-01,171,2018-05-01,2018-05-01,0.030000000000000027,-0.03826815468138989,-0.007088207443339378,-0.03117994723805051
1,baa_credit_widening_top_10pct,market_observable,12,2018-05-03,2018-05-03,1,2018-05-03,173,2018-05-03,2018-05-03,0.030000000000000027,0.05691511963523155,0.0050820683949135415,0.05183305124031801
1,baa_credit_widening_top_10pct,market_observable,13,2018-05-29,2018-05-29,1,2018-05-29,190,2018-05-29,2018-05-29,0.10999999999999988,0.007519165689346963,-0.00016231041385150746,0.00768147610319847
1,baa_credit_widening_top_10pct,market_observable,14,2018-06-21,2018-06-21,1,2018-06-21,207,2018-06-21,2018-06-21,0.030000000000000027,-0.00511162813753252,-0.0017477352868704443,-0.0033638928506620758
1,baa_credit_widening_top_10pct,market_observable,15,2018-08-13,2018-08-13,1,2018-08-13,243,2018-08-13,2018-08-13,0.039999999999999813,-0.025851819653121666,-0.015199092023381766,-0.0106527276297399
1,baa_credit_widening_top_10pct,market_observable,16,2018-08-22,2018-08-22,1,2018-08-22,250,2018-08-22,2018-08-22,0.030000000000000027,3.417157236107471e-05,0.002209555076481351,-0.0021753835041202763
1,baa_credit_widening_top_10pct,market_observable,17,2018-10-18,2018-10-18,1,2018-10-18,290,2018-10-18,2018-10-18,0.040000000000000036,-0.011665196683365409,0.001122068685606159,-0.012787265368971568
1,baa_credit_widening_top_10pct,market_observable,18,2018-10-23,2018-10-24,2,2018-10-23,293,2018-10-23,2018-10-23,0.040000000000000036,0.0021264831170366705,0.0058595627338764444,-0.003733079616839774
1,baa_credit_widening_top_10pct,market_observable,19,2018-10-26,2018-10-26,1,2018-10-26,296,2018-10-26,2018-10-26,0.040000000000000036,-0.001227672249695999,0.003173610933107085,-0.004401283182803084
1,baa_credit_widening_top_10pct,market_observable,20,2018-11-13,2018-11-15,3,2018-11-13,308,2018-11-13,2018-11-13,0.06000000000000005,0.0051139152476622485,0.0003518058272167224,0.004762109420445526
1,baa_credit_widening_top_10pct,market_observable,21,2018-11-19,2018-11-19,1,2018-11-19,312,2018-11-19,2018-11-19,0.03000000000000025,-0.11637715424761197,0.0004323180677419103,-0.11680947231535388
1,baa_credit_widening_top_10pct,market_observable,22,2018-11-27,2018-11-27,1,2018-11-27,317,2018-11-27,2018-11-27,0.040000000000000036,0.0157217931967768,-0.005984687209490858,0.02170648040626766
1,baa_credit_widening_top_10pct,market_observable,23,2018-11-29,2018-11-29,1,2018-11-29,319,2018-11-29,2018-11-29,0.03999999999999959,-0.02626337934701617,0.003115272664462765,-0.029378652011478934
1,baa_credit_widening_top_10pct,market_observable,24,2018-12-06,2018-12-06,1,2018-12-06,323,2018-12-06,2018-12-06,0.040000000000000036,-0.061270657250954486,0.00017072178718180453,-0.06144137903813629
1,baa_credit_widening_top_10pct,market_observable,25,2018-12-21,2018-12-24,2,2018-12-24,335,2018-12-24,2018-12-24,0.040000000000000036,0.0678004502159606,0.010890577890308784,0.05690987232565181
1,baa_credit_widening_top_10pct,market_observable,26,2018-12-28,2018-12-28,1,2018-12-28,338,2018-12-28,2018-12-28,0.08000000000000007,0.07757572029458437,0.004055775698518893,0.07351994459606548
1,baa_credit_widening_top_10pct,market_observable,27,2019-01-14,2019-01-14,1,2019-01-14,348,2019-01-14,2019-01-14,0.040000000000000036,0.004957909442758535,0.002378067354322333,0.0025798420884362017
1,baa_credit_widening_top_10pct,market_observable,28,2019-02-07,2019-02-07,1,2019-02-07,365,2019-02-07,2019-02-07,0.03000000000000025,-5.8790675815600935e-05,0.0024273450059935087,-0.0024861356818091096
1,baa_credit_widening_top_10pct,market_observable,29,2019-05-06,2019-05-06,1,2019-05-06,425,2019-05-06,2019-05-06,0.03000000000000025,0.005510505004741262,0.0013252386046360698,0.004185266400105192
1,baa_credit_widening_top_10pct,market_observable,30,2019-05-09,2019-05-09,1,2019-05-09,428,2019-05-09,2019-05-09,0.040000000000000036,0.030667937339440954,0.0023955509816442344,0.02827238635779672
1,baa_credit_widening_top_10pct,market_observable,31,2019-05-13,2019-05-13,1,2019-05-13,430,2019-05-13,2019-05-13,0.04999999999999982,0.20203838433890198,0.010159840539079035,0.19187854379982294
1,baa_credit_widening_top_10pct,market_observable,32,2019-05-24,2019-05-24,1,2019-05-24,439,2019-05-24,2019-05-24,0.03000000000000025,0.033550507056540724,0.0010723379767867414,0.03247816907975398
1,baa_credit_widening_top_10pct,market_observable,33,2019-05-31,2019-06-03,2,2019-06-03,444,2019-06-03,2019-06-03,0.04999999999999982,0.01483018386269741,0.014329650783140302,0.0005005330795571084
1,baa_credit_widening_top_10pct,market_observable,34,2019-06-05,2019-06-05,1,2019-06-05,446,2019-06-05,2019-06-05,0.03000000000000025,0.020975064260561282,0.0025536658304687876,0.018421398430092495
1,baa_credit_widening_top_10pct,market_observable,35,2019-06-12,2019-06-12,1,2019-06-12,451,2019-06-12,2019-06-12,0.03000000000000025,0.031258741369269316,0.005179100221238464,0.026079641148030852
1,baa_credit_widening_top_10pct,market_observable,36,2019-08-01,2019-08-01,1,2019-08-01,486,2019-08-01,2019-08-01,0.040000000000000036,0.029734542202559666,0.023738202587374246,0.00599633961518542
1,baa_credit_widening_top_10pct,market_observable,37,2019-08-05,2019-08-05,1,2019-08-05,488,2019-08-05,2019-08-05,0.06000000000000005,0.11795324117996309,0.013885007839557595,0.10406823334040549
1,baa_credit_widening_top_10pct,market_observable,38,2019-08-15,2019-08-15,1,2019-08-15,496,2019-08-15,2019-08-15,0.040000000000000036,-0.00336438243759396,0.006632923311853389,-0.00999730574944735
1,baa_credit_widening_top_10pct,market_observable,39,2019-08-19,2019-08-19,1,2019-08-19,498,2019-08-19,2019-08-19,0.03000000000000025,0.02212667633633103,-0.011765243129746139,0.03389191946607717
1,baa_credit_widening_top_10pct,market_observable,40,2019-09-24,2019-09-24,1,2019-09-24,523,2019-09-24,2019-09-24,0.03000000000000025,-0.15930661895582077,0.005272991620432599,-0.16457961057625337
1,baa_credit_widening_top_10pct,market_observable,41,2019-10-02,2019-10-03,2,2019-10-02,529,2019-10-02,2019-10-02,0.03999999999999959,-0.00550133787607443,0.011606023170116941,-0.01710736104619137
1,baa_credit_widening_top_10pct,market_observable,42,2019-11-20,2019-11-20,1,2019-11-20,564,2019-11-20,2019-11-20,0.03000000000000025,-0.002228070902376089,0.0005045382424526679,-0.002732609144828757
1,baa_credit_widening_top_10pct,market_observable,43,2019-12-11,2019-12-11,1,2019-12-11,578,2019-12-11,2019-12-11,0.03000000000000025,-0.0049780237062027055,0.006861935627691551,-0.011839959333894257
1,baa_credit_widening_top_10pct,market_observable,44,2020-01-06,2020-01-06,1,2020-01-06,594,2020-01-06,2020-01-06,0.030000000000000027,0.03151001360458672,0.010434868967012179,0.02107514463757454
1,baa_credit_widening_top_10pct,market_observable,45,2020-01-27,2020-01-27,1,2020-01-27,608,2020-01-27,2020-01-27,0.06000000000000005,0.05722479055690677,0.0068021258430706055,0.05042266471383616
1,baa_credit_widening_top_10pct,market_observable,46,2020-01-30,2020-01-31,2,2020-01-31,612,2020-01-31,2020-01-31,0.04999999999999982,-0.026908592225039385,0.005775708477189667,-0.03268430070222905
1,baa_credit_widening_top_10pct,market_observable,47,2020-02-21,2020-02-25,3,2020-02-25,628,2020-02-25,2020-02-25,0.06000000000000005,-0.028032329514575238,-0.018035934723933167,-0.009996394790642071
1,baa_credit_widening_top_10pct,market_observable,48,2020-02-27,2020-03-03,4,2020-02-28,631,2020-02-28,2020-02-28,0.10999999999999988,-0.030800680261723556,-0.03717601874476628,0.006375338483042725
1,baa_credit_widening_top_10pct,market_observable,49,2020-03-05,2020-03-05,1,2020-03-05,635,2020-03-05,2020-03-05,0.04999999999999982,0.0458308371360463,0.021370951204574773,0.024459885931471526
1,baa_credit_widening_top_10pct,market_observable,50,2020-03-09,2020-03-09,1,2020-03-09,637,2020-03-09,2020-03-09,0.38000000000000034,-0.14857428980187315,0.0016488747161256256,-0.15022316451799878
1,baa_credit_widening_top_10pct,market_observable,51,2020-03-11,2020-03-23,9,2020-03-18,644,2020-03-18,2020-03-18,0.31999999999999984,-0.008598322109170553,-0.020123106842711458,0.011524784733540905
1,baa_credit_widening_top_10pct,market_observable,52,2020-03-31,2020-04-01,2,2020-03-31,653,2020-03-31,2020-03-31,0.040000000000000036,0.01540264026063376,-0.03236482169365207,0.04776746195428583
1,baa_credit_widening_top_10pct,market_observable,53,2020-05-06,2020-05-06,1,2020-05-06,678,2020-05-06,2020-05-06,0.03000000000000025,0.03668322728667839,-0.012938939248233972,0.04962216653491236
1,baa_credit_widening_top_10pct,market_observable,54,2020-05-08,2020-05-11,2,2020-05-11,681,2020-05-11,2020-05-11,0.040000000000000036,-0.12865976446616578,-0.006253147010599314,-0.12240661745556647
1,baa_credit_widening_top_10pct,market_observable,55,2020-05-13,2020-05-13,1,2020-05-13,683,2020-05-13,2020-05-13,0.03000000000000025,0.04002665455585053,0.009576645345897639,0.03045000920995289
1,baa_credit_widening_top_10pct,market_observable,56,2020-06-10,2020-06-11,2,2020-06-10,702,2020-06-10,2020-06-10,0.06000000000000005,0.012359655113792556,0.01422314285485271,-0.0018634877410601547
1,baa_credit_widening_top_10pct,market_observable,57,2020-07-29,2020-07-29,1,2020-07-29,736,2020-07-29,2020-07-29,0.040000000000000036,0.019007794686597634,0.007482169283186124,0.01152562540341151
1,baa_credit_widening_top_10pct,market_observable,58,2020-08-13,2020-08-13,1,2020-08-13,747,2020-08-13,2020-08-13,0.040000000000000036,-0.005443095956815469,0.023343474417206522,-0.02878657037402199
1,baa_credit_widening_top_10pct,market_observable,59,2020-08-17,2020-08-17,1,2020-08-17,749,2020-08-17,2020-08-17,0.03000000000000025,0.04365216391965632,0.02146194877539198,0.022190215144264336
1,baa_credit_widening_top_10pct,market_observable,60,2020-08-26,2020-08-27,2,2020-08-27,757,2020-08-27,2020-08-27,0.04999999999999982,-0.019023544400702974,-0.01162928674736019,-0.007394257653342784
1,baa_credit_widening_top_10pct,market_observable,61,2020-09-04,2020-09-04,1,2020-09-04,763,2020-09-04,2020-09-04,0.040000000000000036,-0.010592575710797192,0.002756493292222828,-0.01334906900302002
1,baa_credit_widening_top_10pct,market_observable,62,2020-09-25,2020-09-25,1,2020-09-25,777,2020-09-25,2020-09-25,0.040000000000000036,0.006041483262661629,-0.0028540460781512067,0.008895529340812836
1,baa_credit_widening_top_10pct,market_observable,63,2020-10-20,2020-10-20,1,2020-10-20,794,2020-10-20,2020-10-20,0.03000000000000025,0.01884948870440617,0.004809318137998453,0.014040170566407717
1,baa_credit_widening_top_10pct,market_observable,64,2021-01-05,2021-01-06,2,2021-01-05,846,2021-01-05,2021-01-05,0.040000000000000036,0.08357993159699362,0.0029572490918932104,0.08062268250510041
1,baa_credit_widening_top_10pct,market_observable,65,2021-02-23,2021-02-23,1,2021-02-23,879,2021-02-23,2021-02-23,0.040000000000000036,-0.1175967362481547,-0.00230339647421296,-0.11529333977394174
1,baa_credit_widening_top_10pct,market_observable,66,2021-03-17,2021-03-17,1,2021-03-17,895,2021-03-17,2021-03-17,0.040000000000000036,0.03761152724948502,0.0071195808075623646,0.030491946441922657
1,baa_credit_widening_top_10pct,market_observable,67,2021-06-10,2021-06-10,1,2021-06-10,954,2021-06-10,2021-06-10,0.040000000000000036,0.011370435059109951,0.004285131517665519,0.007085303541444432
1,baa_credit_widening_top_10pct,market_observable,68,2021-07-19,2021-07-19,1,2021-07-19,980,2021-07-19,2021-07-19,0.040000000000000036,-0.03723925722041166,0.0011798535126086307,-0.03841911073302029
1,baa_credit_widening_top_10pct,market_observable,69,2021-08-11,2021-08-11,1,2021-08-11,997,2021-08-11,2021-08-11,0.040000000000000036,0.020715147177542192,0.013690828071884376,0.007024319105657817
1,baa_credit_widening_top_10pct,market_observable,70,2021-09-30,2021-09-30,1,2021-09-30,1032,2021-09-30,2021-09-30,0.040000000000000036,0.05487439318999776,0.017816984307014394,0.03705740888298337
1,baa_credit_widening_top_10pct,market_observable,71,2021-10-20,2021-10-20,1,2021-10-20,1046,2021-10-20,2021-10-20,0.030000000000000027,0.03411606103775888,0.008725778175469046,0.025390282862289837
1,baa_credit_widening_top_10pct,market_observable,72,2021-11-04,2021-11-04,1,2021-11-04,1057,2021-11-04,2021-11-04,0.030000000000000027,-0.025002003648973314,0.011277125295739765,-0.03627912894471308
1,baa_credit_widening_top_10pct,market_observable,73,2021-11-12,2021-11-12,1,2021-11-12,1063,2021-11-12,2021-11-12,0.030000000000000027,-0.010497978242037576,0.00189346149789138,-0.012391439739928956
1,baa_credit_widening_top_10pct,market_observable,74,2021-11-26,2021-11-26,1,2021-11-26,1072,2021-11-26,2021-11-26,0.10000000000000009,-0.056929557413193166,-0.001616846252669113,-0.05531271116052405
1,baa_credit_widening_top_10pct,market_observable,75,2021-12-08,2021-12-08,1,2021-12-08,1080,2021-12-08,2021-12-08,0.040000000000000036,0.004893088613147967,0.0005393685677796967,0.00435372004536827
1,baa_credit_widening_top_10pct,market_observable,76,2021-12-16,2021-12-16,1,2021-12-16,1086,2021-12-16,2021-12-16,0.040000000000000036,-0.0264022345935242,0.012024970840539773,-0.03842720543406397
1,baa_credit_widening_top_10pct,market_observable,77,2022-01-13,2022-01-13,1,2022-01-13,1105,2022-01-13,2022-01-13,0.030000000000000027,-0.023622318386436802,-0.00340277134129785,-0.020219547045138953
1,baa_credit_widening_top_10pct,market_observable,78,2022-01-21,2022-01-24,2,2022-01-21,1110,2022-01-21,2022-01-21,0.050000000000000044,-0.10798357494595301,-0.0032677719138094474,-0.10471580303214356
1,baa_credit_widening_top_10pct,market_observable,79,2022-01-28,2022-01-28,1,2022-01-28,1115,2022-01-28,2022-01-28,0.04999999999999982,0.0593153265024462,-0.0029877523376660164,0.062303078840112214
1,baa_credit_widening_top_10pct,market_observable,80,2022-02-11,2022-02-11,1,2022-02-11,1125,2022-02-11,2022-02-11,0.09000000000000008,-0.04081404902987096,0.01887560786556186,-0.05968965689543282
1,baa_credit_widening_top_10pct,market_observable,81,2022-02-16,2022-02-17,2,2022-02-17,1129,2022-02-17,2022-02-17,0.07000000000000028,-0.0757064450391507,0.01357550816897568,-0.08928195320812637
1,baa_credit_widening_top_10pct,market_observable,82,2022-02-24,2022-02-24,1,2022-02-24,1133,2022-02-24,2022-02-24,0.14000000000000012,0.019553852741701405,-0.006471023453826774,0.02602487619552818
1,baa_credit_widening_top_10pct,market_observable,83,2022-02-28,2022-02-28,1,2022-02-28,1135,2022-02-28,2022-02-28,0.13999999999999968,0.06912449472742921,0.010311993951243714,0.058812500776185495
1,baa_credit_widening_top_10pct,market_observable,84,2022-03-04,2022-03-04,1,2022-03-04,1139,2022-03-04,2022-03-04,0.06999999999999984,-0.06286658790079436,0.015803608419049375,-0.07867019631984373
1,baa_credit_widening_top_10pct,market_observable,85,2022-03-08,2022-03-08,1,2022-03-08,1141,2022-03-08,2022-03-08,0.03000000000000025,0.02424480634669912,0.0269914293684268,-0.002746623021727679
1,baa_credit_widening_top_10pct,market_observable,86,2022-03-10,2022-03-10,1,2022-03-10,1143,2022-03-10,2022-03-10,0.06000000000000005,-0.05475713633773083,0.0031163668784781606,-0.05787350321620899
1,baa_credit_widening_top_10pct,market_observable,87,2022-04-11,2022-04-12,2,2022-04-12,1166,2022-04-12,2022-04-12,0.09999999999999987,-0.017209490764953372,0.007647435301758598,-0.02485692606671197
1,baa_credit_widening_top_10pct,market_observable,88,2022-04-22,2022-04-26,3,2022-04-25,1174,2022-04-25,2022-04-25,0.06999999999999984,0.018138462314572834,-0.01813443252023017,0.036272894834803004
1,baa_credit_widening_top_10pct,market_observable,89,2022-05-02,2022-05-02,1,2022-05-02,1179,2022-05-02,2022-05-02,0.03000000000000025,0.0060300639419725854,-0.018714522902945063,0.02474458684491765
1,baa_credit_widening_top_10pct,market_observable,90,2022-05-04,2022-05-04,1,2022-05-04,1181,2022-05-04,2022-05-04,0.03000000000000025,0.055229819254329016,0.009774616775434453,0.04545520247889456
1,baa_credit_widening_top_10pct,market_observable,91,2022-05-09,2022-05-09,1,2022-05-09,1184,2022-05-09,2022-05-09,0.08000000000000007,-0.15148627625671196,-0.014585347642546154,-0.1369009286141658
1,baa_credit_widening_top_10pct,market_observable,92,2022-05-12,2022-05-16,3,2022-05-16,1189,2022-05-16,2022-05-16,0.04999999999999982,-0.017009903791651126,0.00949327965207658,-0.026503183443727707
1,baa_credit_widening_top_10pct,market_observable,93,2022-05-18,2022-05-19,2,2022-05-19,1192,2022-05-19,2022-05-19,0.06000000000000005,0.02332326986318023,0.014590277160261067,0.008732992702919162
1,baa_credit_widening_top_10pct,market_observable,94,2022-06-15,2022-06-15,1,2022-06-15,1210,2022-06-15,2022-06-15,0.1100000000000001,-0.025508560142977643,0.012966509676610727,-0.03847506981958837
1,baa_credit_widening_top_10pct,market_observable,95,2022-06-22,2022-06-23,2,2022-06-22,1214,2022-06-22,2022-06-22,0.040000000000000036,-0.03762286206789689,0.003977268335422224,-0.04160013040331911
1,baa_credit_widening_top_10pct,market_observable,96,2022-06-28,2022-06-28,1,2022-06-28,1218,2022-06-28,2022-06-28,0.03000000000000025,-0.02920977817322523,-0.0016493806069401984,-0.027560397566285033
1,baa_credit_widening_top_10pct,market_observable,97,2022-06-30,2022-07-01,2,2022-07-01,1221,2022-07-01,2022-07-01,0.10999999999999988,0.024159327307486933,-0.0008313996785860311,0.024990726986072964
1,baa_credit_widening_top_10pct,market_observable,98,2022-07-22,2022-07-25,2,2022-07-22,1235,2022-07-22,2022-07-22,0.04999999999999982,-0.026718773135764096,0.0024926409954950657,-0.02921141413125916
1,baa_credit_widening_top_10pct,market_observable,99,2022-07-28,2022-07-28,1,2022-07-28,1239,2022-07-28,2022-07-28,0.1200000000000001,0.04375074424745051,0.01211168004371821,0.0316390642037323
1,baa_credit_widening_top_10pct,market_observable,100,2022-08-10,2022-08-10,1,2022-08-10,1248,2022-08-10,2022-08-10,0.03000000000000025,0.0250642929151752,-0.002515111058863262,0.027579403974038463
1,baa_credit_widening_top_10pct,market_observable,101,2022-09-01,2022-09-01,1,2022-09-01,1264,2022-09-01,2022-09-01,0.040000000000000036,-0.01780035902100252,-0.0088290234746502,-0.008971335546352321
1,baa_credit_widening_top_10pct,market_observable,102,2022-09-16,2022-09-16,1,2022-09-16,1274,2022-09-16,2022-09-16,0.06000000000000005,-0.008293351390584291,0.005533767627080799,-0.01382711901766509
1,baa_credit_widening_top_10pct,market_observable,103,2022-09-27,2022-09-28,2,2022-09-28,1282,2022-09-28,2022-09-28,0.16999999999999993,0.02429314964973628,0.020573557832177514,0.003719591817558765
1,baa_credit_widening_top_10pct,market_observable,104,2022-10-03,2022-10-03,1,2022-10-03,1285,2022-10-03,2022-10-03,0.04999999999999982,0.0035774343754333415,0.024019005945364214,-0.020441571569930872
1,baa_credit_widening_top_10pct,market_observable,105,2022-10-11,2022-10-12,2,2022-10-11,1291,2022-10-11,2022-10-11,0.06000000000000005,-0.011197929059063583,-0.0020602123309396703,-0.009137716728123912
1,baa_credit_widening_top_10pct,market_observable,106,2022-10-21,2022-10-21,1,2022-10-21,1299,2022-10-21,2022-10-21,0.11999999999999966,0.006597281188394533,0.01767059741452659,-0.011073316226132057
1,baa_credit_widening_top_10pct,market_observable,107,2022-10-25,2022-10-25,1,2022-10-25,1301,2022-10-25,2022-10-25,0.03000000000000025,0.04707103448162364,0.0022753535606359065,0.044795680920987735
1,baa_credit_widening_top_10pct,market_observable,108,2022-11-04,2022-11-04,1,2022-11-04,1309,2022-11-04,2022-11-04,0.03000000000000025,0.04090433030539309,0.03023458325284345,0.010669747052549639
1,baa_credit_widening_top_10pct,market_observable,109,2022-11-09,2022-11-09,1,2022-11-09,1312,2022-11-09,2022-11-09,0.10000000000000009,-0.11186746616524879,-0.00502989475916138,-0.1068375714060874
1,baa_credit_widening_top_10pct,market_observable,110,2022-11-25,2022-11-25,1,2022-11-25,1323,2022-11-25,2022-11-25,0.040000000000000036,-0.006517367385773909,0.0008581023409730548,-0.007375469726746964
1,baa_credit_widening_top_10pct,market_observable,111,2022-11-30,2022-11-30,1,2022-11-30,1326,2022-11-30,2022-11-30,0.08999999999999986,0.035880971574099974,0.0127009210150133,0.023180050559086673
1,baa_credit_widening_top_10pct,market_observable,112,2022-12-13,2022-12-14,2,2022-12-14,1336,2022-12-14,2022-12-14,0.040000000000000036,0.0009945290463608814,-0.0024359858905977916,0.003430514936958673
1,baa_credit_widening_top_10pct,market_observable,113,2023-01-03,2023-01-04,2,2023-01-04,1349,2023-01-04,2023-01-04,0.040000000000000036,0.008672255083794767,0.009367889939565721,-0.0006956348557709546
1,baa_credit_widening_top_10pct,market_observable,114,2023-01-06,2023-01-06,1,2023-01-06,1351,2023-01-06,2023-01-06,0.040000000000000036,0.0023070794408663886,0.018534663811199614,-0.016227584370333226
1,baa_credit_widening_top_10pct,market_observable,115,2023-01-18,2023-01-19,2,2023-01-18,1358,2023-01-18,2023-01-18,0.050000000000000044,-0.031361558626269215,-0.0028758838411491183,-0.028485674785120096
1,baa_credit_widening_top_10pct,market_observable,116,2023-02-08,2023-02-08,1,2023-02-08,1373,2023-02-08,2023-02-08,0.050000000000000044,-0.015839379405999665,0.002468544755507729,-0.018307924161507394
1,baa_credit_widening_top_10pct,market_observable,117,2023-02-17,2023-02-17,1,2023-02-17,1380,2023-02-17,2023-02-17,0.04999999999999982,0.010349525460872755,0.002982339072148399,0.007367186388724356
1,baa_credit_widening_top_10pct,market_observable,118,2023-03-09,2023-03-13,3,2023-03-13,1395,2023-03-13,2023-03-13,0.18000000000000016,0.1953431028296393,0.022688861946559058,0.17265424088308023
1,baa_credit_widening_top_10pct,market_observable,119,2023-03-15,2023-03-15,1,2023-03-15,1397,2023-03-15,2023-03-15,0.11000000000000032,-0.02745791739367931,0.007773838437142189,-0.0352317558308215
1,baa_credit_widening_top_10pct,market_observable,120,2023-03-17,2023-03-17,1,2023-03-17,1399,2023-03-17,2023-03-17,0.04999999999999982,0.07269968996094178,0.028704276731303935,0.04399541322963785
1,baa_credit_widening_top_10pct,market_observable,121,2023-03-22,2023-03-23,2,2023-03-23,1403,2023-03-23,2023-03-23,0.09999999999999964,0.06183156126433964,0.012460224063675973,0.04937133720066367
1,baa_credit_widening_top_10pct,market_observable,122,2023-04-05,2023-04-05,1,2023-04-05,1412,2023-04-05,2023-04-05,0.040000000000000036,0.001821375664805558,-0.0007982432900845993,0.002619618954890157
1,baa_credit_widening_top_10pct,market_observable,123,2023-04-12,2023-04-12,1,2023-04-12,1416,2023-04-12,2023-04-12,0.03000000000000025,-0.011060939976525574,0.004873245294512607,-0.01593418527103818
1,baa_credit_widening_top_10pct,market_observable,124,2023-04-20,2023-04-20,1,2023-04-20,1422,2023-04-20,2023-04-20,0.040000000000000036,-0.039169556391174254,0.003930524556986725,-0.04310008094816098
1,baa_credit_widening_top_10pct,market_observable,125,2023-04-25,2023-04-25,1,2023-04-25,1425,2023-04-25,2023-04-25,0.04999999999999982,0.008295760596530144,0.0050734265105614185,0.0032223340859687255
1,baa_credit_widening_top_10pct,market_observable,126,2023-05-02,2023-05-04,3,2023-05-02,1430,2023-05-02,2023-05-02,0.10000000000000009,0.029819572002265815,0.0191128216996459,0.010706750302619916
1,baa_credit_widening_top_10pct,market_observable,127,2023-05-10,2023-05-10,1,2023-05-10,1436,2023-05-10,2023-05-10,0.04999999999999982,-0.0008680964994898233,-0.00142946404099753,0.0005613675415077068
1,baa_credit_widening_top_10pct,market_observable,128,2023-05-15,2023-05-15,1,2023-05-15,1439,2023-05-15,2023-05-15,0.06000000000000005,0.03558831013118002,0.002138972799392569,0.033449337331787454
1,baa_credit_widening_top_10pct,market_observable,129,2023-05-30,2023-05-30,1,2023-05-30,1449,2023-05-30,2023-05-30,0.040000000000000036,0.03966250219069778,0.006171471778321447,0.03349103041237633
1,baa_credit_widening_top_10pct,market_observable,130,2023-06-12,2023-06-12,1,2023-06-12,1458,2023-06-12,2023-06-12,0.050000000000000266,-0.02232160832538277,-0.0008792504640151577,-0.02144235786136761
1,baa_credit_widening_top_10pct,market_observable,131,2023-06-15,2023-06-15,1,2023-06-15,1461,2023-06-15,2023-06-15,0.08000000000000007,-0.01632958274445251,0.007005982383035736,-0.023335565127488245
1,baa_credit_widening_top_10pct,market_observable,132,2023-07-10,2023-07-10,1,2023-07-10,1476,2023-07-10,2023-07-10,0.050000000000000044,0.019357351673892964,0.0007833887164983011,0.018573962957394663
1,baa_credit_widening_top_10pct,market_observable,133,2023-07-12,2023-07-13,2,2023-07-12,1478,2023-07-12,2023-07-12,0.039999999999999813,-0.009677174781955955,0.013450555215707816,-0.02312772999766377
1,baa_credit_widening_top_10pct,market_observable,134,2023-08-02,2023-08-02,1,2023-08-02,1493,2023-08-02,2023-08-02,0.050000000000000044,-0.004205326466792059,-0.004776993918500061,0.0005716674517080023
1,baa_credit_widening_top_10pct,market_observable,135,2023-08-04,2023-08-04,1,2023-08-04,1495,2023-08-04,2023-08-04,0.05999999999999983,-0.008549377897345778,0.0036138763540742858,-0.012163254251420064
1,baa_credit_widening_top_10pct,market_observable,136,2023-08-08,2023-08-08,1,2023-08-08,1497,2023-08-08,2023-08-08,0.030000000000000027,0.024707578789829654,-0.006361270240024197,0.03106884902985385
1,baa_credit_widening_top_10pct,market_observable,137,2023-08-17,2023-08-17,1,2023-08-17,1504,2023-08-17,2023-08-17,0.030000000000000027,-0.04272819978684517,-0.0015390561619561538,-0.04118914362488901
1,baa_credit_widening_top_10pct,market_observable,138,2023-08-28,2023-08-28,1,2023-08-28,1511,2023-08-28,2023-08-28,0.06000000000000005,0.0009197855354674545,0.002867238875764677,-0.0019474533402972227
1,baa_credit_widening_top_10pct,market_observable,139,2023-09-22,2023-09-22,1,2023-09-22,1529,2023-09-22,2023-09-22,0.07000000000000006,-0.0022525392921632914,0.0031961900557462286,-0.00544872934790952
1,baa_credit_widening_top_10pct,market_observable,140,2023-09-28,2023-09-28,1,2023-09-28,1533,2023-09-28,2023-09-28,0.030000000000000027,0.03118949271846283,-0.005009715204337795,0.036199207922800625
1,baa_credit_widening_top_10pct,market_observable,141,2023-10-03,2023-10-03,1,2023-10-03,1536,2023-10-03,2023-10-03,0.040000000000000036,-0.024983196554416054,-0.002892421000057155,-0.0220907755543589
1,baa_credit_widening_top_10pct,market_observable,142,2023-10-19,2023-10-20,2,2023-10-20,1549,2023-10-20,2023-10-20,0.05999999999999983,0.027805602397920737,0.002727175302074336,0.0250784270958464
1,baa_credit_widening_top_10pct,market_observable,143,2023-10-27,2023-10-27,1,2023-10-27,1554,2023-10-27,2023-10-27,0.05999999999999983,-0.01019988011188211,0.011562693424814086,-0.021762573536696195
1,baa_credit_widening_top_10pct,market_observable,144,2023-11-01,2023-11-01,1,2023-11-01,1557,2023-11-01,2023-11-01,0.05999999999999983,0.0005027644188633218,-0.0031556165767172573,0.003658380995580579
1,baa_credit_widening_top_10pct,market_observable,145,2023-11-14,2023-11-14,1,2023-11-14,1566,2023-11-14,2023-11-14,0.040000000000000036,-0.041609045363834696,0.008879636186604145,-0.05048868155043884
1,baa_credit_widening_top_10pct,market_observable,146,2023-11-28,2023-11-28,1,2023-11-28,1575,2023-11-28,2023-11-28,0.040000000000000036,0.037295513004602654,0.013243765854618061,0.024051747149984593
1,baa_credit_widening_top_10pct,market_observable,147,2023-12-01,2023-12-01,1,2023-12-01,1578,2023-12-01,2023-12-01,0.040000000000000036,0.026640766806650618,0.01712403726695122,0.009516729539699398
1,baa_credit_widening_top_10pct,market_observable,148,2023-12-20,2023-12-20,1,2023-12-20,1591,2023-12-20,2023-12-20,0.05999999999999983,0.028335504734718242,-0.005460866362358985,0.03379637109707723
1,baa_credit_widening_top_10pct,market_observable,149,2024-01-03,2024-01-03,1,2024-01-03,1599,2024-01-03,2024-01-03,0.039999999999999813,-0.047255204008846974,-0.008371755159892302,-0.03888344884895467
1,baa_credit_widening_top_10pct,market_observable,150,2024-01-11,2024-01-11,1,2024-01-11,1605,2024-01-11,2024-01-11,0.039999999999999813,0.002488067885156653,0.001971362878363081,0.0005167050067935719
1,baa_credit_widening_top_10pct,market_observable,151,2024-01-23,2024-01-23,1,2024-01-23,1612,2024-01-23,2024-01-23,0.030000000000000027,-0.02535864945125077,0.003891551309362029,-0.0292502007606128
1,baa_credit_widening_top_10pct,market_observable,152,2024-01-31,2024-01-31,1,2024-01-31,1618,2024-01-31,2024-01-31,0.030000000000000027,-0.02369176721849975,-0.0007426235867571407,-0.022949143631742608
1,baa_credit_widening_top_10pct,market_observable,153,2024-02-20,2024-02-20,1,2024-02-20,1631,2024-02-20,2024-02-20,0.030000000000000027,0.0029398466419134905,0.006045896751115443,-0.003106050109201952
1,baa_credit_widening_top_10pct,market_observable,154,2024-02-26,2024-02-26,1,2024-02-26,1635,2024-02-26,2024-02-26,0.040000000000000036,0.06387058503704779,-0.002229172292928183,0.06609975732997597
1,baa_credit_widening_top_10pct,market_observable,155,2024-03-20,2024-03-20,1,2024-03-20,1652,2024-03-20,2024-03-20,0.06000000000000005,0.021394390446069167,0.011841472011166587,0.00955291843490258
1,baa_credit_widening_top_10pct,market_observable,156,2024-04-12,2024-04-12,1,2024-04-12,1668,2024-04-12,2024-04-12,0.040000000000000036,-0.05267924225677767,-0.013327746093359849,-0.03935149616341782
1,baa_credit_widening_top_10pct,market_observable,157,2024-05-02,2024-05-02,1,2024-05-02,1682,2024-05-02,2024-05-02,0.040000000000000036,0.04121865386596646,-0.003091862325121042,0.0443105161910875
1,baa_credit_widening_top_10pct,market_observable,158,2024-06-05,2024-06-05,1,2024-06-05,1705,2024-06-05,2024-06-05,0.040000000000000036,0.012086505444814932,0.011775993219295344,0.000310512225519588
1,baa_credit_widening_top_10pct,market_observable,159,2024-06-13,2024-06-13,1,2024-06-13,1711,2024-06-13,2024-06-13,0.030000000000000027,-0.013850396749399252,-0.008183543017197259,-0.005666853732201993
1,baa_credit_widening_top_10pct,market_observable,160,2024-07-05,2024-07-05,1,2024-07-05,1725,2024-07-05,2024-07-05,0.030000000000000027,-0.06894884356388964,0.013396660734694699,-0.08234550429858434
1,baa_credit_widening_top_10pct,market_observable,161,2024-07-24,2024-07-24,1,2024-07-24,1738,2024-07-24,2024-07-24,0.05999999999999983,0.0017686072109750484,-0.0035105070964620566,0.005279114307437105
1,baa_credit_widening_top_10pct,market_observable,162,2024-07-31,2024-08-05,4,2024-08-02,1745,2024-08-02,2024-08-02,0.09000000000000008,-0.012509406071474771,-0.001906444389298656,-0.010602961682176115
1,baa_credit_widening_top_10pct,market_observable,163,2024-09-03,2024-09-03,1,2024-09-03,1766,2024-09-03,2024-09-03,0.040000000000000036,-0.011204440172322805,-0.004332950273532532,-0.006871489898790273
1,baa_credit_widening_top_10pct,market_observable,164,2024-11-07,2024-11-07,1,2024-11-07,1813,2024-11-07,2024-11-07,0.040000000000000036,0.004320501101465979,0.015948645391861582,-0.011628144290395603
1,baa_credit_widening_top_10pct,market_observable,165,2024-11-13,2024-11-13,1,2024-11-13,1817,2024-11-13,2024-11-13,0.04999999999999982,0.002455739973191484,-0.010132384997697308,0.012588124970888792
1,baa_credit_widening_top_10pct,market_observable,166,2024-12-20,2024-12-20,1,2024-12-20,1843,2024-12-20,2024-12-20,0.030000000000000027,0.0004389680267298246,0.01037999743966811,-0.009941029412938285
1,baa_credit_widening_top_10pct,market_observable,167,2024-12-30,2024-12-30,1,2024-12-30,1848,2024-12-30,2024-12-30,0.030000000000000027,-0.002639328950383657,-0.00319477904087595,0.0005554500904922932
1,baa_credit_widening_top_10pct,market_observable,168,2025-01-02,2025-01-02,1,2025-01-02,1850,2025-01-02,2025-01-02,0.030000000000000027,0.03921957859410341,0.013496228917031061,0.02572334967707235
1,baa_credit_widening_top_10pct,market_observable,169,2025-01-07,2025-01-07,1,2025-01-07,1853,2025-01-07,2025-01-07,0.030000000000000027,-0.05632771675404413,0.00561762673506383,-0.06194534348910796
1,baa_credit_widening_top_10pct,market_observable,170,2025-02-28,2025-03-03,2,2025-02-28,1888,2025-02-28,2025-02-28,0.050000000000000044,0.007971897392184957,-0.006285532695668117,0.014257430087853074
1,baa_credit_widening_top_10pct,market_observable,171,2025-03-11,2025-03-11,1,2025-03-11,1895,2025-03-11,2025-03-11,0.040000000000000036,0.04987527315749318,0.011659306390657598,0.038215966766835585
1,baa_credit_widening_top_10pct,market_observable,172,2025-03-13,2025-03-13,1,2025-03-13,1897,2025-03-13,2025-03-13,0.050000000000000044,-0.03317414123733364,0.017600345742840418,-0.05077448698017406
1,baa_credit_widening_top_10pct,market_observable,173,2025-03-21,2025-03-21,1,2025-03-21,1903,2025-03-21,2025-03-21,0.040000000000000036,-0.002623159497559868,-0.008082476604942102,0.005459317107382233
1,baa_credit_widening_top_10pct,market_observable,174,2025-03-28,2025-03-31,2,2025-03-28,1908,2025-03-28,2025-03-28,0.050000000000000044,-0.03827963045709026,0.007384788228781858,-0.04566441868587212
1,baa_credit_widening_top_10pct,market_observable,175,2025-04-03,2025-04-07,3,2025-04-03,1912,2025-04-03,2025-04-03,0.15999999999999992,-0.0579198827744829,-0.00605658220441363,-0.05186330057006927
1,baa_credit_widening_top_10pct,market_observable,176,2025-04-21,2025-04-21,1,2025-04-21,1923,2025-04-21,2025-04-21,0.040000000000000036,0.029794126831747647,0.030466725196562017,-0.0006725983648143696
1,baa_credit_widening_top_10pct,market_observable,177,2025-04-28,2025-04-28,1,2025-04-28,1928,2025-04-28,2025-04-28,0.030000000000000027,-0.005305947025588509,0.014141637459613499,-0.019447584485202007
1,baa_credit_widening_top_10pct,market_observable,178,2025-04-30,2025-04-30,1,2025-04-30,1930,2025-04-30,2025-04-30,0.08000000000000007,-0.012127496450961672,-0.007510353244041923,-0.004617143206919749
1,baa_credit_widening_top_10pct,market_observable,179,2025-05-06,2025-05-06,1,2025-05-06,1934,2025-05-06,2025-05-06,0.040000000000000036,0.00651143657385056,0.027638515747737458,-0.021127079173886898
1,baa_credit_widening_top_10pct,market_observable,180,2025-05-15,2025-05-15,1,2025-05-15,1941,2025-05-15,2025-05-15,0.030000000000000027,-0.0015930922055034102,0.015837869719407927,-0.017430961924911337
1,baa_credit_widening_top_10pct,market_observable,181,2025-05-21,2025-05-21,1,2025-05-21,1945,2025-05-21,2025-05-21,0.030000000000000027,0.014630118556452132,0.007351594562024388,0.0072785239944277436
1,baa_credit_widening_top_10pct,market_observable,182,2025-05-30,2025-05-30,1,2025-05-30,1951,2025-05-30,2025-05-30,0.030000000000000027,-0.01037456120253033,-0.006598665713002383,-0.0037758954895279473
1,baa_credit_widening_top_10pct,market_observable,183,2025-06-11,2025-06-11,1,2025-06-11,1959,2025-06-11,2025-06-11,0.030000000000000027,-0.007183196477861031,0.00539769697833048,-0.012580893456191511
1,baa_credit_widening_top_10pct,market_observable,184,2025-06-18,2025-06-18,1,2025-06-18,1964,2025-06-18,2025-06-18,0.030000000000000027,-0.008419551198596054,-0.005400182338402892,-0.003019368860193161
1,baa_credit_widening_top_10pct,market_observable,185,2025-07-07,2025-07-07,1,2025-07-07,1975,2025-07-07,2025-07-07,0.040000000000000036,-0.011335088411710714,0.0007485003525822265,-0.01208358876429294
1,baa_credit_widening_top_10pct,market_observable,186,2025-07-16,2025-07-16,1,2025-07-16,1982,2025-07-16,2025-07-16,0.030000000000000027,0.0238851585738864,0.0049756967893914705,0.01890946178449493
1,baa_credit_widening_top_10pct,market_observable,187,2025-08-01,2025-08-01,1,2025-08-01,1994,2025-08-01,2025-08-01,0.08000000000000007,-0.030049135370356694,0.02009639782657313,-0.050145533196929826
1,baa_credit_widening_top_10pct,market_observable,188,2025-08-06,2025-08-06,1,2025-08-06,1997,2025-08-06,2025-08-06,0.030000000000000027,0.014361615774463488,-0.002123359734255814,0.0164849755087193
1,baa_credit_widening_top_10pct,market_observable,189,2025-08-26,2025-08-26,1,2025-08-26,2011,2025-08-26,2025-08-26,0.050000000000000044,0.0036054324422245543,0.007235805547642471,-0.0036303731054179167
1,baa_credit_widening_top_10pct,market_observable,190,2025-08-29,2025-08-29,1,2025-08-29,2014,2025-08-29,2025-08-29,0.050000000000000044,-0.03352541054857916,0.009603638858147079,-0.04312904940672624
1,baa_credit_widening_top_10pct,market_observable,191,2025-09-30,2025-09-30,1,2025-09-30,2035,2025-09-30,2025-09-30,0.030000000000000027,0.0008260669498199036,0.008503744538253422,-0.007677677588433518
1,baa_credit_widening_top_10pct,market_observable,192,2025-10-10,2025-10-10,1,2025-10-10,2043,2025-10-10,2025-10-10,0.030000000000000027,-0.03611487858687745,0.010047058859954383,-0.046161937446831836
1,baa_credit_widening_top_10pct,market_observable,193,2025-10-16,2025-10-16,1,2025-10-16,2047,2025-10-16,2025-10-16,0.030000000000000027,-0.028015395830854217,0.02311798516943142,-0.05113338100028564
1,baa_credit_widening_top_10pct,market_observable,194,2025-10-31,2025-10-31,1,2025-10-31,2058,2025-10-31,2025-10-31,0.050000000000000044,0.03043599073489922,-0.00544534976587574,0.03588134050077496
1,baa_credit_widening_top_10pct,market_observable,195,2025-11-07,2025-11-07,1,2025-11-07,2063,2025-11-07,2025-11-07,0.030000000000000027,0.02803319265473725,0.006100376279774444,0.021932816374962805
1,baa_credit_widening_top_10pct,market_observable,196,2025-12-10,2025-12-10,1,2025-12-10,2085,2025-12-10,2025-12-10,0.030000000000000027,-0.007144155817176312,0.004250103468606881,-0.011394259285783193
1,baa_credit_widening_top_10pct,market_observable,197,2025-12-12,2025-12-12,1,2025-12-12,2087,2025-12-12,2025-12-12,0.030000000000000027,-0.017350311666586293,0.0055789875076310835,-0.022929299174217377
1,baa_credit_widening_top_10pct,market_observable,198,2026-02-05,2026-02-05,1,2026-02-05,2123,2026-02-05,2026-02-05,0.030000000000000027,-0.1421355374821136,-0.02699275619765107,-0.11514278128446254
1,baa_credit_widening_top_10pct,market_observable,199,2026-02-13,2026-02-13,1,2026-02-13,2129,2026-02-13,2026-02-13,0.040000000000000036,0.04991730734336386,0.02457422891441219,0.02534307842895167
1,baa_credit_widening_top_10pct,market_observable,200,2026-02-23,2026-02-23,1,2026-02-23,2134,2026-02-23,2026-02-23,0.040000000000000036,-0.049581660840985364,0.026657023717321593,-0.07623868455830696
1,baa_credit_widening_top_10pct,market_observable,201,2026-02-27,2026-02-27,1,2026-02-27,2138,2026-02-27,2026-02-27,0.050000000000000044,-0.02735930719235391,0.013045947108173195,-0.040405254300527105
1,baa_credit_widening_top_10pct,market_observable,202,2026-03-09,2026-03-09,1,2026-03-09,2144,2026-03-09,2026-03-09,0.030000000000000027,0.01285037350089091,-0.0020718179527898783,0.014922191453680789
1,baa_credit_widening_top_10pct,market_observable,203,2026-03-11,2026-03-11,1,2026-03-11,2146,2026-03-11,2026-03-11,0.07000000000000006,0.008503845242223917,-0.0033958635686852645,0.011899708810909182
1,baa_credit_widening_top_10pct,market_observable,204,2026-03-27,2026-03-27,1,2026-03-27,2158,2026-03-27,2026-03-27,0.050000000000000044,-0.03706490973446641,0.03449209165387579,-0.0715570013883422
1,baa_credit_widening_top_10pct,market_observable,205,2026-04-07,2026-04-07,1,2026-04-07,2164,2026-04-07,2026-04-07,0.050000000000000044,-0.010497044115769683,0.009680581273932454,-0.020177625389702136
1,baa_credit_widening_top_10pct,market_observable,206,2026-07-14,2026-07-14,1,2026-07-14,2231,2026-07-14,2026-07-14,0.040000000000000036,0.03597107353388651,0.013580960339774073,0.022390113194112438
1,baa_credit_widening_top_10pct,market_observable,207,2026-07-30,2026-07-30,1,2026-07-30,2243,2026-07-30,2026-07-30,0.039999999999999813,0.018857870016210754,0.01625187370765513,0.002605996308555625
1,baa_credit_widening_top_5pct,market_observable,1,2018-02-05,2018-02-05,1,2018-02-05,114,2018-02-05,2018-02-05,0.04999999999999982,-0.1849701778973607,0.002528643755518978,-0.18749882165287968
1,baa_credit_widening_top_5pct,market_observable,2,2018-02-13,2018-02-13,1,2018-02-13,118,2018-02-13,2018-02-13,0.050000000000000044,-0.01939328910592586,0.0056472535967850845,-0.025040542702710944
1,baa_credit_widening_top_5pct,market_observable,3,2018-03-01,2018-03-01,1,2018-03-01,129,2018-03-01,2018-03-01,0.040000000000000036,0.03311930265591201,-0.0022425027652310803,0.03536180542114309
1,baa_credit_widening_top_5pct,market_observable,4,2018-05-29,2018-05-29,1,2018-05-29,190,2018-05-29,2018-05-29,0.10999999999999988,0.007519165689346963,-0.00016231041385150746,0.00768147610319847
1,baa_credit_widening_top_5pct,market_observable,5,2018-10-18,2018-10-18,1,2018-10-18,290,2018-10-18,2018-10-18,0.040000000000000036,-0.011665196683365409,0.001122068685606159,-0.012787265368971568
1,baa_credit_widening_top_5pct,market_observable,6,2018-10-23,2018-10-23,1,2018-10-23,293,2018-10-23,2018-10-23,0.040000000000000036,0.0021264831170366705,0.0058595627338764444,-0.003733079616839774
1,baa_credit_widening_top_5pct,market_observable,7,2018-10-26,2018-10-26,1,2018-10-26,296,2018-10-26,2018-10-26,0.040000000000000036,-0.001227672249695999,0.003173610933107085,-0.004401283182803084
1,baa_credit_widening_top_5pct,market_observable,8,2018-11-13,2018-11-15,3,2018-11-13,308,2018-11-13,2018-11-13,0.06000000000000005,0.0051139152476622485,0.0003518058272167224,0.004762109420445526
1,baa_credit_widening_top_5pct,market_observable,9,2018-11-27,2018-11-27,1,2018-11-27,317,2018-11-27,2018-11-27,0.040000000000000036,0.0157217931967768,-0.005984687209490858,0.02170648040626766
1,baa_credit_widening_top_5pct,market_observable,10,2018-12-06,2018-12-06,1,2018-12-06,323,2018-12-06,2018-12-06,0.040000000000000036,-0.061270657250954486,0.00017072178718180453,-0.06144137903813629
1,baa_credit_widening_top_5pct,market_observable,11,2018-12-24,2018-12-24,1,2018-12-24,335,2018-12-24,2018-12-24,0.040000000000000036,0.0678004502159606,0.010890577890308784,0.05690987232565181
1,baa_credit_widening_top_5pct,market_observable,12,2018-12-28,2018-12-28,1,2018-12-28,338,2018-12-28,2018-12-28,0.08000000000000007,0.07757572029458437,0.004055775698518893,0.07351994459606548
1,baa_credit_widening_top_5pct,market_observable,13,2019-01-14,2019-01-14,1,2019-01-14,348,2019-01-14,2019-01-14,0.040000000000000036,0.004957909442758535,0.002378067354322333,0.0025798420884362017
1,baa_credit_widening_top_5pct,market_observable,14,2019-05-09,2019-05-09,1,2019-05-09,428,2019-05-09,2019-05-09,0.040000000000000036,0.030667937339440954,0.0023955509816442344,0.02827238635779672
1,baa_credit_widening_top_5pct,market_observable,15,2019-05-13,2019-05-13,1,2019-05-13,430,2019-05-13,2019-05-13,0.04999999999999982,0.20203838433890198,0.010159840539079035,0.19187854379982294
1,baa_credit_widening_top_5pct,market_observable,16,2019-05-31,2019-06-03,2,2019-06-03,444,2019-06-03,2019-06-03,0.04999999999999982,0.01483018386269741,0.014329650783140302,0.0005005330795571084
1,baa_credit_widening_top_5pct,market_observable,17,2019-08-01,2019-08-01,1,2019-08-01,486,2019-08-01,2019-08-01,0.040000000000000036,0.029734542202559666,0.023738202587374246,0.00599633961518542
1,baa_credit_widening_top_5pct,market_observable,18,2019-08-05,2019-08-05,1,2019-08-05,488,2019-08-05,2019-08-05,0.06000000000000005,0.11795324117996309,0.013885007839557595,0.10406823334040549
1,baa_credit_widening_top_5pct,market_observable,19,2019-08-15,2019-08-15,1,2019-08-15,496,2019-08-15,2019-08-15,0.040000000000000036,-0.00336438243759396,0.006632923311853389,-0.00999730574944735
1,baa_credit_widening_top_5pct,market_observable,20,2020-01-27,2020-01-27,1,2020-01-27,608,2020-01-27,2020-01-27,0.06000000000000005,0.05722479055690677,0.0068021258430706055,0.05042266471383616
1,baa_credit_widening_top_5pct,market_observable,21,2020-01-31,2020-01-31,1,2020-01-31,612,2020-01-31,2020-01-31,0.04999999999999982,-0.026908592225039385,0.005775708477189667,-0.03268430070222905
1,baa_credit_widening_top_5pct,market_observable,22,2020-02-21,2020-02-25,3,2020-02-25,628,2020-02-25,2020-02-25,0.06000000000000005,-0.028032329514575238,-0.018035934723933167,-0.009996394790642071
1,baa_credit_widening_top_5pct,market_observable,23,2020-02-27,2020-03-03,4,2020-02-28,631,2020-02-28,2020-02-28,0.10999999999999988,-0.030800680261723556,-0.03717601874476628,0.006375338483042725
1,baa_credit_widening_top_5pct,market_observable,24,2020-03-05,2020-03-05,1,2020-03-05,635,2020-03-05,2020-03-05,0.04999999999999982,0.0458308371360463,0.021370951204574773,0.024459885931471526
1,baa_credit_widening_top_5pct,market_observable,25,2020-03-09,2020-03-09,1,2020-03-09,637,2020-03-09,2020-03-09,0.38000000000000034,-0.14857428980187315,0.0016488747161256256,-0.15022316451799878
1,baa_credit_widening_top_5pct,market_observable,26,2020-03-11,2020-03-23,9,2020-03-18,644,2020-03-18,2020-03-18,0.31999999999999984,-0.008598322109170553,-0.020123106842711458,0.011524784733540905
1,baa_credit_widening_top_5pct,market_observable,27,2020-03-31,2020-04-01,2,2020-03-31,653,2020-03-31,2020-03-31,0.040000000000000036,0.01540264026063376,-0.03236482169365207,0.04776746195428583
1,baa_credit_widening_top_5pct,market_observable,28,2020-05-11,2020-05-11,1,2020-05-11,681,2020-05-11,2020-05-11,0.040000000000000036,-0.12865976446616578,-0.006253147010599314,-0.12240661745556647
1,baa_credit_widening_top_5pct,market_observable,29,2020-06-10,2020-06-11,2,2020-06-10,702,2020-06-10,2020-06-10,0.06000000000000005,0.012359655113792556,0.01422314285485271,-0.0018634877410601547
1,baa_credit_widening_top_5pct,market_observable,30,2020-07-29,2020-07-29,1,2020-07-29,736,2020-07-29,2020-07-29,0.040000000000000036,0.019007794686597634,0.007482169283186124,0.01152562540341151
1,baa_credit_widening_top_5pct,market_observable,31,2020-08-13,2020-08-13,1,2020-08-13,747,2020-08-13,2020-08-13,0.040000000000000036,-0.005443095956815469,0.023343474417206522,-0.02878657037402199
1,baa_credit_widening_top_5pct,market_observable,32,2020-08-27,2020-08-27,1,2020-08-27,757,2020-08-27,2020-08-27,0.04999999999999982,-0.019023544400702974,-0.01162928674736019,-0.007394257653342784
1,baa_credit_widening_top_5pct,market_observable,33,2020-09-04,2020-09-04,1,2020-09-04,763,2020-09-04,2020-09-04,0.040000000000000036,-0.010592575710797192,0.002756493292222828,-0.01334906900302002
1,baa_credit_widening_top_5pct,market_observable,34,2020-09-25,2020-09-25,1,2020-09-25,777,2020-09-25,2020-09-25,0.040000000000000036,0.006041483262661629,-0.0028540460781512067,0.008895529340812836
1,baa_credit_widening_top_5pct,market_observable,35,2021-01-05,2021-01-06,2,2021-01-05,846,2021-01-05,2021-01-05,0.040000000000000036,0.08357993159699362,0.0029572490918932104,0.08062268250510041
1,baa_credit_widening_top_5pct,market_observable,36,2021-02-23,2021-02-23,1,2021-02-23,879,2021-02-23,2021-02-23,0.040000000000000036,-0.1175967362481547,-0.00230339647421296,-0.11529333977394174
1,baa_credit_widening_top_5pct,market_observable,37,2021-03-17,2021-03-17,1,2021-03-17,895,2021-03-17,2021-03-17,0.040000000000000036,0.03761152724948502,0.0071195808075623646,0.030491946441922657
1,baa_credit_widening_top_5pct,market_observable,38,2021-06-10,2021-06-10,1,2021-06-10,954,2021-06-10,2021-06-10,0.040000000000000036,0.011370435059109951,0.004285131517665519,0.007085303541444432
1,baa_credit_widening_top_5pct,market_observable,39,2021-07-19,2021-07-19,1,2021-07-19,980,2021-07-19,2021-07-19,0.040000000000000036,-0.03723925722041166,0.0011798535126086307,-0.03841911073302029
1,baa_credit_widening_top_5pct,market_observable,40,2021-08-11,2021-08-11,1,2021-08-11,997,2021-08-11,2021-08-11,0.040000000000000036,0.020715147177542192,0.013690828071884376,0.007024319105657817
1,baa_credit_widening_top_5pct,market_observable,41,2021-09-30,2021-09-30,1,2021-09-30,1032,2021-09-30,2021-09-30,0.040000000000000036,0.05487439318999776,0.017816984307014394,0.03705740888298337
1,baa_credit_widening_top_5pct,market_observable,42,2021-11-26,2021-11-26,1,2021-11-26,1072,2021-11-26,2021-11-26,0.10000000000000009,-0.056929557413193166,-0.001616846252669113,-0.05531271116052405
1,baa_credit_widening_top_5pct,market_observable,43,2021-12-08,2021-12-08,1,2021-12-08,1080,2021-12-08,2021-12-08,0.040000000000000036,0.004893088613147967,0.0005393685677796967,0.00435372004536827
1,baa_credit_widening_top_5pct,market_observable,44,2021-12-16,2021-12-16,1,2021-12-16,1086,2021-12-16,2021-12-16,0.040000000000000036,-0.0264022345935242,0.012024970840539773,-0.03842720543406397
1,baa_credit_widening_top_5pct,market_observable,45,2022-01-21,2022-01-24,2,2022-01-21,1110,2022-01-21,2022-01-21,0.050000000000000044,-0.10798357494595301,-0.0032677719138094474,-0.10471580303214356
1,baa_credit_widening_top_5pct,market_observable,46,2022-01-28,2022-01-28,1,2022-01-28,1115,2022-01-28,2022-01-28,0.04999999999999982,0.0593153265024462,-0.0029877523376660164,0.062303078840112214
1,baa_credit_widening_top_5pct,market_observable,47,2022-02-11,2022-02-11,1,2022-02-11,1125,2022-02-11,2022-02-11,0.09000000000000008,-0.04081404902987096,0.01887560786556186,-0.05968965689543282
1,baa_credit_widening_top_5pct,market_observable,48,2022-02-16,2022-02-17,2,2022-02-17,1129,2022-02-17,2022-02-17,0.07000000000000028,-0.0757064450391507,0.01357550816897568,-0.08928195320812637
1,baa_credit_widening_top_5pct,market_observable,49,2022-02-24,2022-02-24,1,2022-02-24,1133,2022-02-24,2022-02-24,0.14000000000000012,0.019553852741701405,-0.006471023453826774,0.02602487619552818
1,baa_credit_widening_top_5pct,market_observable,50,2022-02-28,2022-02-28,1,2022-02-28,1135,2022-02-28,2022-02-28,0.13999999999999968,0.06912449472742921,0.010311993951243714,0.058812500776185495
1,baa_credit_widening_top_5pct,market_observable,51,2022-03-04,2022-03-04,1,2022-03-04,1139,2022-03-04,2022-03-04,0.06999999999999984,-0.06286658790079436,0.015803608419049375,-0.07867019631984373
1,baa_credit_widening_top_5pct,market_observable,52,2022-03-10,2022-03-10,1,2022-03-10,1143,2022-03-10,2022-03-10,0.06000000000000005,-0.05475713633773083,0.0031163668784781606,-0.05787350321620899
1,baa_credit_widening_top_5pct,market_observable,53,2022-04-11,2022-04-12,2,2022-04-12,1166,2022-04-12,2022-04-12,0.09999999999999987,-0.017209490764953372,0.007647435301758598,-0.02485692606671197
1,baa_credit_widening_top_5pct,market_observable,54,2022-04-25,2022-04-25,1,2022-04-25,1174,2022-04-25,2022-04-25,0.06999999999999984,0.018138462314572834,-0.01813443252023017,0.036272894834803004
1,baa_credit_widening_top_5pct,market_observable,55,2022-05-09,2022-05-09,1,2022-05-09,1184,2022-05-09,2022-05-09,0.08000000000000007,-0.15148627625671196,-0.014585347642546154,-0.1369009286141658
1,baa_credit_widening_top_5pct,market_observable,56,2022-05-13,2022-05-16,2,2022-05-16,1189,2022-05-16,2022-05-16,0.04999999999999982,-0.017009903791651126,0.00949327965207658,-0.026503183443727707
1,baa_credit_widening_top_5pct,market_observable,57,2022-05-18,2022-05-19,2,2022-05-19,1192,2022-05-19,2022-05-19,0.06000000000000005,0.02332326986318023,0.014590277160261067,0.008732992702919162
1,baa_credit_widening_top_5pct,market_observable,58,2022-06-15,2022-06-15,1,2022-06-15,1210,2022-06-15,2022-06-15,0.1100000000000001,-0.025508560142977643,0.012966509676610727,-0.03847506981958837
1,baa_credit_widening_top_5pct,market_observable,59,2022-06-22,2022-06-22,1,2022-06-22,1214,2022-06-22,2022-06-22,0.040000000000000036,-0.03762286206789689,0.003977268335422224,-0.04160013040331911
1,baa_credit_widening_top_5pct,market_observable,60,2022-06-30,2022-07-01,2,2022-07-01,1221,2022-07-01,2022-07-01,0.10999999999999988,0.024159327307486933,-0.0008313996785860311,0.024990726986072964
1,baa_credit_widening_top_5pct,market_observable,61,2022-07-22,2022-07-22,1,2022-07-22,1235,2022-07-22,2022-07-22,0.04999999999999982,-0.026718773135764096,0.0024926409954950657,-0.02921141413125916
1,baa_credit_widening_top_5pct,market_observable,62,2022-07-28,2022-07-28,1,2022-07-28,1239,2022-07-28,2022-07-28,0.1200000000000001,0.04375074424745051,0.01211168004371821,0.0316390642037323
1,baa_credit_widening_top_5pct,market_observable,63,2022-09-01,2022-09-01,1,2022-09-01,1264,2022-09-01,2022-09-01,0.040000000000000036,-0.01780035902100252,-0.0088290234746502,-0.008971335546352321
1,baa_credit_widening_top_5pct,market_observable,64,2022-09-16,2022-09-16,1,2022-09-16,1274,2022-09-16,2022-09-16,0.06000000000000005,-0.008293351390584291,0.005533767627080799,-0.01382711901766509
1,baa_credit_widening_top_5pct,market_observable,65,2022-09-27,2022-09-28,2,2022-09-28,1282,2022-09-28,2022-09-28,0.16999999999999993,0.02429314964973628,0.020573557832177514,0.003719591817558765
1,baa_credit_widening_top_5pct,market_observable,66,2022-10-03,2022-10-03,1,2022-10-03,1285,2022-10-03,2022-10-03,0.04999999999999982,0.0035774343754333415,0.024019005945364214,-0.020441571569930872
1,baa_credit_widening_top_5pct,market_observable,67,2022-10-11,2022-10-12,2,2022-10-11,1291,2022-10-11,2022-10-11,0.06000000000000005,-0.011197929059063583,-0.0020602123309396703,-0.009137716728123912
1,baa_credit_widening_top_5pct,market_observable,68,2022-10-21,2022-10-21,1,2022-10-21,1299,2022-10-21,2022-10-21,0.11999999999999966,0.006597281188394533,0.01767059741452659,-0.011073316226132057
1,baa_credit_widening_top_5pct,market_observable,69,2022-11-09,2022-11-09,1,2022-11-09,1312,2022-11-09,2022-11-09,0.10000000000000009,-0.11186746616524879,-0.00502989475916138,-0.1068375714060874
1,baa_credit_widening_top_5pct,market_observable,70,2022-11-25,2022-11-25,1,2022-11-25,1323,2022-11-25,2022-11-25,0.040000000000000036,-0.006517367385773909,0.0008581023409730548,-0.007375469726746964
1,baa_credit_widening_top_5pct,market_observable,71,2022-11-30,2022-11-30,1,2022-11-30,1326,2022-11-30,2022-11-30,0.08999999999999986,0.035880971574099974,0.0127009210150133,0.023180050559086673
1,baa_credit_widening_top_5pct,market_observable,72,2022-12-14,2022-12-14,1,2022-12-14,1336,2022-12-14,2022-12-14,0.040000000000000036,0.0009945290463608814,-0.0024359858905977916,0.003430514936958673
1,baa_credit_widening_top_5pct,market_observable,73,2023-01-04,2023-01-04,1,2023-01-04,1349,2023-01-04,2023-01-04,0.040000000000000036,0.008672255083794767,0.009367889939565721,-0.0006956348557709546
1,baa_credit_widening_top_5pct,market_observable,74,2023-01-06,2023-01-06,1,2023-01-06,1351,2023-01-06,2023-01-06,0.040000000000000036,0.0023070794408663886,0.018534663811199614,-0.016227584370333226
1,baa_credit_widening_top_5pct,market_observable,75,2023-01-18,2023-01-18,1,2023-01-18,1358,2023-01-18,2023-01-18,0.050000000000000044,-0.031361558626269215,-0.0028758838411491183,-0.028485674785120096
1,baa_credit_widening_top_5pct,market_observable,76,2023-02-08,2023-02-08,1,2023-02-08,1373,2023-02-08,2023-02-08,0.050000000000000044,-0.015839379405999665,0.002468544755507729,-0.018307924161507394
1,baa_credit_widening_top_5pct,market_observable,77,2023-02-17,2023-02-17,1,2023-02-17,1380,2023-02-17,2023-02-17,0.04999999999999982,0.010349525460872755,0.002982339072148399,0.007367186388724356
1,baa_credit_widening_top_5pct,market_observable,78,2023-03-09,2023-03-13,3,2023-03-13,1395,2023-03-13,2023-03-13,0.18000000000000016,0.1953431028296393,0.022688861946559058,0.17265424088308023
1,baa_credit_widening_top_5pct,market_observable,79,2023-03-15,2023-03-15,1,2023-03-15,1397,2023-03-15,2023-03-15,0.11000000000000032,-0.02745791739367931,0.007773838437142189,-0.0352317558308215
1,baa_credit_widening_top_5pct,market_observable,80,2023-03-17,2023-03-17,1,2023-03-17,1399,2023-03-17,2023-03-17,0.04999999999999982,0.07269968996094178,0.028704276731303935,0.04399541322963785
1,baa_credit_widening_top_5pct,market_observable,81,2023-03-22,2023-03-23,2,2023-03-23,1403,2023-03-23,2023-03-23,0.09999999999999964,0.06183156126433964,0.012460224063675973,0.04937133720066367
1,baa_credit_widening_top_5pct,market_observable,82,2023-04-05,2023-04-05,1,2023-04-05,1412,2023-04-05,2023-04-05,0.040000000000000036,0.001821375664805558,-0.0007982432900845993,0.002619618954890157
1,baa_credit_widening_top_5pct,market_observable,83,2023-04-20,2023-04-20,1,2023-04-20,1422,2023-04-20,2023-04-20,0.040000000000000036,-0.039169556391174254,0.003930524556986725,-0.04310008094816098
1,baa_credit_widening_top_5pct,market_observable,84,2023-04-25,2023-04-25,1,2023-04-25,1425,2023-04-25,2023-04-25,0.04999999999999982,0.008295760596530144,0.0050734265105614185,0.0032223340859687255
1,baa_credit_widening_top_5pct,market_observable,85,2023-05-02,2023-05-04,3,2023-05-02,1430,2023-05-02,2023-05-02,0.10000000000000009,0.029819572002265815,0.0191128216996459,0.010706750302619916
1,baa_credit_widening_top_5pct,market_observable,86,2023-05-10,2023-05-10,1,2023-05-10,1436,2023-05-10,2023-05-10,0.04999999999999982,-0.0008680964994898233,-0.00142946404099753,0.0005613675415077068
1,baa_credit_widening_top_5pct,market_observable,87,2023-05-15,2023-05-15,1,2023-05-15,1439,2023-05-15,2023-05-15,0.06000000000000005,0.03558831013118002,0.002138972799392569,0.033449337331787454
1,baa_credit_widening_top_5pct,market_observable,88,2023-05-30,2023-05-30,1,2023-05-30,1449,2023-05-30,2023-05-30,0.040000000000000036,0.03966250219069778,0.006171471778321447,0.03349103041237633
1,baa_credit_widening_top_5pct,market_observable,89,2023-06-12,2023-06-12,1,2023-06-12,1458,2023-06-12,2023-06-12,0.050000000000000266,-0.02232160832538277,-0.0008792504640151577,-0.02144235786136761
1,baa_credit_widening_top_5pct,market_observable,90,2023-06-15,2023-06-15,1,2023-06-15,1461,2023-06-15,2023-06-15,0.08000000000000007,-0.01632958274445251,0.007005982383035736,-0.023335565127488245
1,baa_credit_widening_top_5pct,market_observable,91,2023-07-10,2023-07-10,1,2023-07-10,1476,2023-07-10,2023-07-10,0.050000000000000044,0.019357351673892964,0.0007833887164983011,0.018573962957394663
1,baa_credit_widening_top_5pct,market_observable,92,2023-08-02,2023-08-02,1,2023-08-02,1493,2023-08-02,2023-08-02,0.050000000000000044,-0.004205326466792059,-0.004776993918500061,0.0005716674517080023
1,baa_credit_widening_top_5pct,market_observable,93,2023-08-04,2023-08-04,1,2023-08-04,1495,2023-08-04,2023-08-04,0.05999999999999983,-0.008549377897345778,0.0036138763540742858,-0.012163254251420064
1,baa_credit_widening_top_5pct,market_observable,94,2023-08-28,2023-08-28,1,2023-08-28,1511,2023-08-28,2023-08-28,0.06000000000000005,0.0009197855354674545,0.002867238875764677,-0.0019474533402972227
1,baa_credit_widening_top_5pct,market_observable,95,2023-09-22,2023-09-22,1,2023-09-22,1529,2023-09-22,2023-09-22,0.07000000000000006,-0.0022525392921632914,0.0031961900557462286,-0.00544872934790952
1,baa_credit_widening_top_5pct,market_observable,96,2023-10-03,2023-10-03,1,2023-10-03,1536,2023-10-03,2023-10-03,0.040000000000000036,-0.024983196554416054,-0.002892421000057155,-0.0220907755543589
1,baa_credit_widening_top_5pct,market_observable,97,2023-10-19,2023-10-20,2,2023-10-20,1549,2023-10-20,2023-10-20,0.05999999999999983,0.027805602397920737,0.002727175302074336,0.0250784270958464
1,baa_credit_widening_top_5pct,market_observable,98,2023-10-27,2023-10-27,1,2023-10-27,1554,2023-10-27,2023-10-27,0.05999999999999983,-0.01019988011188211,0.011562693424814086,-0.021762573536696195
1,baa_credit_widening_top_5pct,market_observable,99,2023-11-01,2023-11-01,1,2023-11-01,1557,2023-11-01,2023-11-01,0.05999999999999983,0.0005027644188633218,-0.0031556165767172573,0.003658380995580579
1,baa_credit_widening_top_5pct,market_observable,100,2023-11-14,2023-11-14,1,2023-11-14,1566,2023-11-14,2023-11-14,0.040000000000000036,-0.041609045363834696,0.008879636186604145,-0.05048868155043884
1,baa_credit_widening_top_5pct,market_observable,101,2023-11-28,2023-11-28,1,2023-11-28,1575,2023-11-28,2023-11-28,0.040000000000000036,0.037295513004602654,0.013243765854618061,0.024051747149984593
1,baa_credit_widening_top_5pct,market_observable,102,2023-12-01,2023-12-01,1,2023-12-01,1578,2023-12-01,2023-12-01,0.040000000000000036,0.026640766806650618,0.01712403726695122,0.009516729539699398
1,baa_credit_widening_top_5pct,market_observable,103,2023-12-20,2023-12-20,1,2023-12-20,1591,2023-12-20,2023-12-20,0.05999999999999983,0.028335504734718242,-0.005460866362358985,0.03379637109707723
1,baa_credit_widening_top_5pct,market_observable,104,2024-02-26,2024-02-26,1,2024-02-26,1635,2024-02-26,2024-02-26,0.040000000000000036,0.06387058503704779,-0.002229172292928183,0.06609975732997597
1,baa_credit_widening_top_5pct,market_observable,105,2024-03-20,2024-03-20,1,2024-03-20,1652,2024-03-20,2024-03-20,0.06000000000000005,0.021394390446069167,0.011841472011166587,0.00955291843490258
1,baa_credit_widening_top_5pct,market_observable,106,2024-04-12,2024-04-12,1,2024-04-12,1668,2024-04-12,2024-04-12,0.040000000000000036,-0.05267924225677767,-0.013327746093359849,-0.03935149616341782
1,baa_credit_widening_top_5pct,market_observable,107,2024-05-02,2024-05-02,1,2024-05-02,1682,2024-05-02,2024-05-02,0.040000000000000036,0.04121865386596646,-0.003091862325121042,0.0443105161910875
1,baa_credit_widening_top_5pct,market_observable,108,2024-06-05,2024-06-05,1,2024-06-05,1705,2024-06-05,2024-06-05,0.040000000000000036,0.012086505444814932,0.011775993219295344,0.000310512225519588
1,baa_credit_widening_top_5pct,market_observable,109,2024-07-24,2024-07-24,1,2024-07-24,1738,2024-07-24,2024-07-24,0.05999999999999983,0.0017686072109750484,-0.0035105070964620566,0.005279114307437105
1,baa_credit_widening_top_5pct,market_observable,110,2024-08-02,2024-08-05,2,2024-08-02,1745,2024-08-02,2024-08-02,0.09000000000000008,-0.012509406071474771,-0.001906444389298656,-0.010602961682176115
1,baa_credit_widening_top_5pct,market_observable,111,2024-09-03,2024-09-03,1,2024-09-03,1766,2024-09-03,2024-09-03,0.040000000000000036,-0.011204440172322805,-0.004332950273532532,-0.006871489898790273
1,baa_credit_widening_top_5pct,market_observable,112,2024-11-07,2024-11-07,1,2024-11-07,1813,2024-11-07,2024-11-07,0.040000000000000036,0.004320501101465979,0.015948645391861582,-0.011628144290395603
1,baa_credit_widening_top_5pct,market_observable,113,2024-11-13,2024-11-13,1,2024-11-13,1817,2024-11-13,2024-11-13,0.04999999999999982,0.002455739973191484,-0.010132384997697308,0.012588124970888792
1,baa_credit_widening_top_5pct,market_observable,114,2025-02-28,2025-03-03,2,2025-02-28,1888,2025-02-28,2025-02-28,0.050000000000000044,0.007971897392184957,-0.006285532695668117,0.014257430087853074
1,baa_credit_widening_top_5pct,market_observable,115,2025-03-11,2025-03-11,1,2025-03-11,1895,2025-03-11,2025-03-11,0.040000000000000036,0.04987527315749318,0.011659306390657598,0.038215966766835585
1,baa_credit_widening_top_5pct,market_observable,116,2025-03-13,2025-03-13,1,2025-03-13,1897,2025-03-13,2025-03-13,0.050000000000000044,-0.03317414123733364,0.017600345742840418,-0.05077448698017406
1,baa_credit_widening_top_5pct,market_observable,117,2025-03-21,2025-03-21,1,2025-03-21,1903,2025-03-21,2025-03-21,0.040000000000000036,-0.002623159497559868,-0.008082476604942102,0.005459317107382233
1,baa_credit_widening_top_5pct,market_observable,118,2025-03-28,2025-03-28,1,2025-03-28,1908,2025-03-28,2025-03-28,0.050000000000000044,-0.03827963045709026,0.007384788228781858,-0.04566441868587212
1,baa_credit_widening_top_5pct,market_observable,119,2025-04-03,2025-04-07,3,2025-04-03,1912,2025-04-03,2025-04-03,0.15999999999999992,-0.0579198827744829,-0.00605658220441363,-0.05186330057006927
1,baa_credit_widening_top_5pct,market_observable,120,2025-04-21,2025-04-21,1,2025-04-21,1923,2025-04-21,2025-04-21,0.040000000000000036,0.029794126831747647,0.030466725196562017,-0.0006725983648143696
1,baa_credit_widening_top_5pct,market_observable,121,2025-04-30,2025-04-30,1,2025-04-30,1930,2025-04-30,2025-04-30,0.08000000000000007,-0.012127496450961672,-0.007510353244041923,-0.004617143206919749
1,baa_credit_widening_top_5pct,market_observable,122,2025-05-06,2025-05-06,1,2025-05-06,1934,2025-05-06,2025-05-06,0.040000000000000036,0.00651143657385056,0.027638515747737458,-0.021127079173886898
1,baa_credit_widening_top_5pct,market_observable,123,2025-07-07,2025-07-07,1,2025-07-07,1975,2025-07-07,2025-07-07,0.040000000000000036,-0.011335088411710714,0.0007485003525822265,-0.01208358876429294
1,baa_credit_widening_top_5pct,market_observable,124,2025-08-01,2025-08-01,1,2025-08-01,1994,2025-08-01,2025-08-01,0.08000000000000007,-0.030049135370356694,0.02009639782657313,-0.050145533196929826
1,baa_credit_widening_top_5pct,market_observable,125,2025-08-26,2025-08-26,1,2025-08-26,2011,2025-08-26,2025-08-26,0.050000000000000044,0.0036054324422245543,0.007235805547642471,-0.0036303731054179167
1,baa_credit_widening_top_5pct,market_observable,126,2025-08-29,2025-08-29,1,2025-08-29,2014,2025-08-29,2025-08-29,0.050000000000000044,-0.03352541054857916,0.009603638858147079,-0.04312904940672624
1,baa_credit_widening_top_5pct,market_observable,127,2025-10-31,2025-10-31,1,2025-10-31,2058,2025-10-31,2025-10-31,0.050000000000000044,0.03043599073489922,-0.00544534976587574,0.03588134050077496
1,baa_credit_widening_top_5pct,market_observable,128,2026-02-13,2026-02-13,1,2026-02-13,2129,2026-02-13,2026-02-13,0.040000000000000036,0.04991730734336386,0.02457422891441219,0.02534307842895167
1,baa_credit_widening_top_5pct,market_observable,129,2026-02-23,2026-02-23,1,2026-02-23,2134,2026-02-23,2026-02-23,0.040000000000000036,-0.049581660840985364,0.026657023717321593,-0.07623868455830696
1,baa_credit_widening_top_5pct,market_observable,130,2026-02-27,2026-02-27,1,2026-02-27,2138,2026-02-27,2026-02-27,0.050000000000000044,-0.02735930719235391,0.013045947108173195,-0.040405254300527105
1,baa_credit_widening_top_5pct,market_observable,131,2026-03-11,2026-03-11,1,2026-03-11,2146,2026-03-11,2026-03-11,0.07000000000000006,0.008503845242223917,-0.0033958635686852645,0.011899708810909182
1,baa_credit_widening_top_5pct,market_observable,132,2026-03-27,2026-03-27,1,2026-03-27,2158,2026-03-27,2026-03-27,0.050000000000000044,-0.03706490973446641,0.03449209165387579,-0.0715570013883422
1,baa_credit_widening_top_5pct,market_observable,133,2026-04-07,2026-04-07,1,2026-04-07,2164,2026-04-07,2026-04-07,0.050000000000000044,-0.010497044115769683,0.009680581273932454,-0.020177625389702136
1,baa_credit_widening_top_5pct,market_observable,134,2026-07-14,2026-07-14,1,2026-07-14,2231,2026-07-14,2026-07-14,0.040000000000000036,0.03597107353388651,0.013580960339774073,0.022390113194112438
1,nfci_ex_post_stress_top_10pct,EX_POST_REVISED_NFCI,1,2018-03-02,2018-04-05,24,2018-03-16,140,2018-03-16,2018-03-16,2.741848375046174,0.038959505988160004,-0.0024048352412036067,0.04136434122936361
1,nfci_ex_post_stress_top_10pct,EX_POST_REVISED_NFCI,2,2018-11-23,2019-01-04,28,2018-12-14,329,2018-12-14,2018-12-14,3.0192440391223134,-0.02585022324848474,-0.004007006751401754,-0.021843216497082985
1,nfci_ex_post_stress_top_10pct,EX_POST_REVISED_NFCI,3,2020-02-21,2020-04-30,49,2020-03-06,636,2020-03-06,2020-03-06,7.216626786588091,-0.0013586906379376984,0.0003808885074381152,-0.0017395791453758136
1,nfci_ex_post_stress_top_10pct,EX_POST_REVISED_NFCI,4,2021-11-22,2021-12-30,27,2021-12-03,1077,2021-12-03,2021-12-03,2.884432216304011,-0.06472319562919715,0.008376819081740372,-0.07310001471093752
1,nfci_ex_post_stress_top_10pct,EX_POST_REVISED_NFCI,5,2022-02-04,2022-02-07,2,2022-02-04,1120,2022-02-04,2022-02-04,2.244741218091068,0.10979886254869875,0.0015408910869814108,0.10825797146171734
1,nfci_ex_post_stress_top_10pct,EX_POST_REVISED_NFCI,6,2022-02-11,2022-04-18,45,2022-03-04,1139,2022-03-04,2022-03-04,3.2351252751152493,-0.06286658790079436,0.015803608419049375,-0.07867019631984373
1,nfci_ex_post_stress_top_10pct,EX_POST_REVISED_NFCI,7,2022-04-22,2022-04-25,2,2022-04-22,1173,2022-04-22,2022-04-22,2.2501273448129657,-0.04252035494694084,-0.00976966135240076,-0.03275069359454008
1,nfci_ex_post_stress_top_10pct,EX_POST_REVISED_NFCI,8,2022-04-29,2022-05-02,2,2022-04-29,1178,2022-04-29,2022-04-29,2.240056930604502,-0.04220030490129112,-0.00011298334784104469,-0.042087321553450074
1,nfci_ex_post_stress_top_10pct,EX_POST_REVISED_NFCI,9,2022-05-06,2022-05-10,3,2022-05-06,1183,2022-05-06,2022-05-06,2.2538015991902394,-0.008702530884592719,0.001654504919470945,-0.010357035804063663
1,nfci_ex_post_stress_top_10pct,EX_POST_REVISED_NFCI,10,2022-05-13,2022-05-17,3,2022-05-13,1188,2022-05-13,2022-05-13,2.269555950144906,0.04919245089224766,-0.008142627698811467,0.05733507859105913
1,nfci_ex_post_stress_top_10pct,EX_POST_REVISED_NFCI,11,2022-05-20,2022-05-24,3,2022-05-20,1193,2022-05-20,2022-05-20,2.2782513140549696,-0.02281104562070091,0.0006977677571926577,-0.023508813377893567
1,nfci_ex_post_stress_top_10pct,EX_POST_REVISED_NFCI,12,2022-05-27,2022-07-06,26,2022-06-17,1212,2022-06-17,2022-06-17,2.3870331908483022,-0.017390179559622965,-0.008256810144045446,-0.00913336941557752
1,dollar_fall_bottom_10pct,market_observable,1,2017-08-25,2017-08-25,1,2017-08-25,5,2017-08-25,2017-08-25,-0.003750907549287419,0.025732797408014818,0.0036729988686285964,0.02205979853938622
1,dollar_fall_bottom_10pct,market_observable,2,2017-10-10,2017-10-10,1,2017-10-10,34,2017-10-10,2017-10-10,-0.004348511403719613,0.022161959659939612,0.002617800009599769,0.019544159650339843
1,dollar_fall_bottom_10pct,market_observable,3,2017-11-22,2017-11-24,2,2017-11-24,66,2017-11-24,2017-11-24,-0.004876963814090196,-0.007764510971624006,-0.002531110250715507,-0.005233400720908499
1,dollar_fall_bottom_10pct,market_observable,4,2017-12-29,2018-01-02,2,2017-12-29,90,2017-12-29,2017-12-29,-0.003962947011203255,0.043556454926854116,0.006490919761210634,0.03706553516564348
1,dollar_fall_bottom_10pct,market_observable,5,2018-01-12,2018-01-16,2,2018-01-12,99,2018-01-12,2018-01-12,-0.005383048287050052,0.034821903851572245,0.012044492942166585,0.02277741090940566
1,dollar_fall_bottom_10pct,market_observable,6,2018-01-24,2018-01-25,2,2018-01-24,106,2018-01-24,2018-01-24,-0.008533696077901887,0.007050682349062143,0.012104345577546027,-0.0050536632284838845
1,dollar_fall_bottom_10pct,market_observable,7,2018-02-15,2018-02-15,1,2018-02-15,120,2018-02-15,2018-02-15,-0.0044988367172065225,0.08385920356036003,0.0011691607653974145,0.08269004279496261
1,dollar_fall_bottom_10pct,market_observable,8,2018-03-06,2018-03-06,1,2018-03-06,132,2018-03-06,2018-03-06,-0.005223035925994601,-0.08705079125609849,0.010726720619182117,-0.09777751187528061
1,dollar_fall_bottom_10pct,market_observable,9,2018-03-22,2018-03-22,1,2018-03-22,144,2018-03-22,2018-03-22,-0.004635813942080347,-0.02893616671360988,-0.003961028602094352,-0.024975138111515527
1,dollar_fall_bottom_10pct,market_observable,10,2018-03-26,2018-03-26,1,2018-03-26,146,2018-03-26,2018-03-26,-0.005281697504372573,-0.086415015954449,0.005236622780198097,-0.0916516387346471
1,dollar_fall_bottom_10pct,market_observable,11,2018-05-10,2018-05-10,1,2018-05-10,178,2018-05-10,2018-05-10,-0.0043093464035477425,-0.022237421792176804,0.00681336824222889,-0.029050790034405694
1,dollar_fall_bottom_10pct,market_observable,12,2018-05-22,2018-05-22,1,2018-05-22,186,2018-05-22,2018-05-22,-0.003993114074287263,-0.023841445690408136,-0.000571682753271574,-0.023269762937136562
1,dollar_fall_bottom_10pct,market_observable,13,2018-05-30,2018-05-30,1,2018-05-30,191,2018-05-30,2018-05-30,-0.004820323976095331,-0.021370857531000098,0.001460093554237929,-0.022830951085238027
1,dollar_fall_bottom_10pct,market_observable,14,2018-06-06,2018-06-06,1,2018-06-06,196,2018-06-06,2018-06-06,-0.004566635840737909,-0.012799394974457812,0.0005696358194500206,-0.013369030793907832
1,dollar_fall_bottom_10pct,market_observable,15,2018-06-29,2018-06-29,1,2018-06-29,213,2018-06-29,2018-06-29,-0.005124646231425167,-0.03471410384990037,0.0036306900201950043,-0.03834479387009537
1,dollar_fall_bottom_10pct,market_observable,16,2018-07-03,2018-07-03,1,2018-07-03,215,2018-07-03,2018-07-03,-0.007429827641461273,-0.006283085449512171,0.010080153442110884,-0.016363238891623055
1,dollar_fall_bottom_10pct,market_observable,17,2018-07-20,2018-07-20,1,2018-07-20,227,2018-07-20,2018-07-20,-0.0055001379483838875,-0.013055320845927199,0.006455244826308437,-0.019510565672235636
1,dollar_fall_bottom_10pct,market_observable,18,2018-08-16,2018-08-16,1,2018-08-16,246,2018-08-16,2018-08-16,-0.004447465099604031,0.007114168630947049,-0.0008097887609235244,0.007923957391870573
1,dollar_fall_bottom_10pct,market_observable,19,2018-08-21,2018-08-21,1,2018-08-21,249,2018-08-21,2018-08-21,-0.00429428189201797,-0.0014155887844022885,0.0029240568705191095,-0.004339645654921398
1,dollar_fall_bottom_10pct,market_observable,20,2018-08-24,2018-08-24,1,2018-08-24,252,2018-08-24,2018-08-24,-0.00434535627267163,0.03144569265049668,0.017318039357996362,0.01412765329250032
1,dollar_fall_bottom_10pct,market_observable,21,2018-09-12,2018-09-12,1,2018-09-12,264,2018-09-12,2018-09-12,-0.004245077780622886,0.00709367685508866,0.008355710260063098,-0.0012620334049744386
1,dollar_fall_bottom_10pct,market_observable,22,2018-11-01,2018-11-01,1,2018-11-01,300,2018-11-01,2018-11-01,-0.005700683872610135,0.0013034222556562725,0.012770867635503613,-0.01146744537984734
1,dollar_fall_bottom_10pct,market_observable,23,2018-11-16,2018-11-16,1,2018-11-16,311,2018-11-16,2018-11-16,-0.003962781091843226,-0.0008587072371639692,0.007378878966228797,-0.008237586203392766
1,dollar_fall_bottom_10pct,market_observable,24,2018-11-29,2018-11-29,1,2018-11-29,319,2018-11-29,2018-11-29,-0.0054774106348958185,-0.02626337934701617,0.003115272664462765,-0.029378652011478934
1,dollar_fall_bottom_10pct,market_observable,25,2018-12-03,2018-12-03,1,2018-12-03,321,2018-12-03,2018-12-03,-0.004367283445696479,-0.032516500420300076,0.007501675441847766,-0.04001817586214784
1,dollar_fall_bottom_10pct,market_observable,26,2018-12-12,2018-12-12,1,2018-12-12,327,2018-12-12,2018-12-12,-0.004592720339872791,0.019829629552608807,0.002124676769657441,0.017704952782951366
1,dollar_fall_bottom_10pct,market_observable,27,2019-01-04,2019-01-07,2,2019-01-04,342,2019-01-04,2019-01-04,-0.004166739594889002,-0.004674944044966267,-0.008119106827352951,0.003444162782386684
1,dollar_fall_bottom_10pct,market_observable,28,2019-01-09,2019-01-09,1,2019-01-09,345,2019-01-09,2019-01-09,-0.005133959256293785,0.000403408809868111,0.006397649700216057,-0.005994240890347946
1,dollar_fall_bottom_10pct,market_observable,29,2019-01-25,2019-01-25,1,2019-01-25,356,2019-01-25,2019-01-25,-0.005224894855754059,-0.0030764332052957144,0.014511460180241187,-0.0175878933855369
1,dollar_fall_bottom_10pct,market_observable,30,2019-01-31,2019-01-31,1,2019-01-31,360,2019-01-31,2019-01-31,-0.0045926797431974364,-0.001895416501122682,0.000481058043325433,-0.002376474544448115
1,dollar_fall_bottom_10pct,market_observable,31,2019-02-19,2019-02-19,1,2019-02-19,372,2019-02-19,2019-02-19,-0.00367917969428877,0.09220353247583546,0.015109582852092629,0.07709394962374283
1,dollar_fall_bottom_10pct,market_observable,32,2019-06-20,2019-06-20,1,2019-06-20,457,2019-06-20,2019-06-20,-0.008537152853129726,0.03898985799138188,0.0248661554938181,0.014123702497563784
1,dollar_fall_bottom_10pct,market_observable,33,2019-09-04,2019-09-04,1,2019-09-04,509,2019-09-04,2019-09-04,-0.00541054492102333,0.004921045672153568,0.0062241824051145755,-0.0013031367329610077
1,dollar_fall_bottom_10pct,market_observable,34,2019-09-12,2019-09-12,1,2019-09-12,515,2019-09-12,2019-09-12,-0.004057233838025809,0.0222888319945298,0.002054249269613173,0.020234582724916628
1,dollar_fall_bottom_10pct,market_observable,35,2019-10-11,2019-10-11,1,2019-10-11,536,2019-10-11,2019-10-11,-0.003897418048969925,-0.02509316223494551,-0.005554769940673054,-0.019538392294272455
1,dollar_fall_bottom_10pct,market_observable,36,2019-12-27,2019-12-27,1,2019-12-27,589,2019-12-27,2019-12-27,-0.0035866863369831137,-0.004424336747456792,-0.00035125602256869115,-0.004073080724888101
1,dollar_fall_bottom_10pct,market_observable,37,2020-03-02,2020-03-02,1,2020-03-02,632,2020-03-02,2020-03-02,-0.007185561592076617,0.030646451610126135,0.00551108364665609,0.025135367963470046
1,dollar_fall_bottom_10pct,market_observable,38,2020-03-24,2020-03-26,3,2020-03-26,650,2020-03-26,2020-03-26,-0.019099173567123096,0.005408100915319736,0.012740714714697177,-0.007332613799377441
1,dollar_fall_bottom_10pct,market_observable,39,2020-03-31,2020-03-31,1,2020-03-31,653,2020-03-31,2020-03-31,-0.006168801069275531,0.01540264026063376,-0.03236482169365207,0.04776746195428583
1,dollar_fall_bottom_10pct,market_observable,40,2020-04-07,2020-04-07,1,2020-04-07,658,2020-04-07,2020-04-07,-0.008609767181439132,0.0029903523027066115,-0.005368871400719399,0.00835922370342601
1,dollar_fall_bottom_10pct,market_observable,41,2020-04-09,2020-04-09,1,2020-04-09,660,2020-04-09,2020-04-09,-0.006069267984245563,-0.006142588692398476,0.025788169295063668,-0.031930757987462144
1,dollar_fall_bottom_10pct,market_observable,42,2020-04-17,2020-04-17,1,2020-04-17,665,2020-04-17,2020-04-17,-0.004794342046529287,6.646637192808669e-05,-0.019608466717140338,0.019674933089068425
1,dollar_fall_bottom_10pct,market_observable,43,2020-04-28,2020-04-30,3,2020-04-29,673,2020-04-29,2020-04-29,-0.004802820554714593,0.1223541825766361,0.005518192454017523,0.11683599012261858
1,dollar_fall_bottom_10pct,market_observable,44,2020-05-07,2020-05-08,2,2020-05-08,680,2020-05-08,2020-05-08,-0.004778917419820061,0.008285790968255213,-0.006028427741239462,0.014314218709494675
1,dollar_fall_bottom_10pct,market_observable,45,2020-05-18,2020-05-18,1,2020-05-18,686,2020-05-18,2020-05-18,-0.006512306702093795,0.03822402395284463,-0.007592898231851386,0.04581692218469602
1,dollar_fall_bottom_10pct,market_observable,46,2020-05-20,2020-05-20,1,2020-05-20,688,2020-05-20,2020-05-20,-0.0037994668585383806,-0.011777841732039107,0.0023714668825753904,-0.014149308614614498
1,dollar_fall_bottom_10pct,market_observable,47,2020-05-26,2020-05-26,1,2020-05-26,691,2020-05-26,2020-05-26,-0.00767070839529449,-0.04159115318732631,-0.014316858429626933,-0.02727429475769938
1,dollar_fall_bottom_10pct,market_observable,48,2020-05-28,2020-05-28,1,2020-05-28,693,2020-05-28,2020-05-28,-0.004566720567139804,0.03140666347146315,0.003344744865694693,0.028061918605768454
1,dollar_fall_bottom_10pct,market_observable,49,2020-06-01,2020-06-03,3,2020-06-01,695,2020-06-01,2020-06-01,-0.005614936580914609,0.01765400488110558,0.004593203918142663,0.013060800962962915
1,dollar_fall_bottom_10pct,market_observable,50,2020-06-05,2020-06-05,1,2020-06-05,699,2020-06-05,2020-06-05,-0.004095502358088865,-0.009482924965769968,-0.020483689915413272,0.011000764949643305
1,dollar_fall_bottom_10pct,market_observable,51,2020-06-22,2020-06-23,2,2020-06-22,710,2020-06-22,2020-06-22,-0.0038787939540956273,0.0271493294716727,0.00644142707482942,0.02070790239684328
1,dollar_fall_bottom_10pct,market_observable,52,2020-07-06,2020-07-06,1,2020-07-06,719,2020-07-06,2020-07-06,-0.004769586115149771,0.02556509550399788,0.005970880083946639,0.019594215420051242
1,dollar_fall_bottom_10pct,market_observable,53,2020-07-21,2020-07-21,1,2020-07-21,730,2020-07-21,2020-07-21,-0.0054250983227825955,0.021143779704118515,0.0119789624776665,0.009164817226452016
1,dollar_fall_bottom_10pct,market_observable,54,2020-07-27,2020-07-27,1,2020-07-27,734,2020-07-27,2020-07-27,-0.0063349450436165355,0.11894382772126022,0.01956119696469827,0.09938263075656195
1,dollar_fall_bottom_10pct,market_observable,55,2020-08-05,2020-08-05,1,2020-08-05,741,2020-08-05,2020-08-05,-0.007753486535713172,0.037056016152568816,0.00924041727083491,0.027815598881733905
1,dollar_fall_bottom_10pct,market_observable,56,2020-08-28,2020-08-28,1,2020-08-28,758,2020-08-28,2020-08-28,-0.006119035509768445,0.022330449919904183,0.0172309262992405,0.005099523620663682
1,dollar_fall_bottom_10pct,market_observable,57,2020-09-14,2020-09-14,1,2020-09-14,768,2020-09-14,2020-09-14,-0.003830334369306243,0.03257356241461551,0.007861603277736329,0.02471195913687918
1,dollar_fall_bottom_10pct,market_observable,58,2020-09-30,2020-09-30,1,2020-09-30,780,2020-09-30,2020-09-30,-0.004947295907345328,-0.0030309468652554017,-0.006022969047958959,0.0029920221827035576
1,dollar_fall_bottom_10pct,market_observable,59,2020-10-05,2020-10-05,1,2020-10-05,783,2020-10-05,2020-10-05,-0.004769257776022329,0.020309634146785882,0.0048610816963101655,0.015448552450475717
1,dollar_fall_bottom_10pct,market_observable,60,2020-10-09,2020-10-09,1,2020-10-09,787,2020-10-09,2020-10-09,-0.0076909696107021475,0.01418901097479619,0.017998399966815626,-0.0038093889920194357
1,dollar_fall_bottom_10pct,market_observable,61,2020-11-03,2020-11-03,1,2020-11-03,804,2020-11-03,2020-11-03,-0.006524380731081081,0.0049790065145014495,0.005660943299978349,-0.0006819367854768998
1,dollar_fall_bottom_10pct,market_observable,62,2020-11-05,2020-11-06,2,2020-11-05,806,2020-11-05,2020-11-05,-0.006202352137812284,0.07087367958278534,0.022723771699055817,0.048149907883729526
1,dollar_fall_bottom_10pct,market_observable,63,2020-11-16,2020-11-16,1,2020-11-16,813,2020-11-16,2020-11-16,-0.003582223219478209,0.0377687649595142,-5.65028686549951e-05,0.037825267828169196
1,dollar_fall_bottom_10pct,market_observable,64,2020-12-01,2020-12-01,1,2020-12-01,823,2020-12-01,2020-12-01,-0.0037101000431043474,-0.02157656057924129,0.02084085881536435,-0.04241741939460564
1,dollar_fall_bottom_10pct,market_observable,65,2020-12-03,2020-12-03,1,2020-12-03,825,2020-12-03,2020-12-03,-0.0052342785455792296,0.014858330713835244,0.00784266853055371,0.007015662183281535
1,dollar_fall_bottom_10pct,market_observable,66,2020-12-17,2020-12-17,1,2020-12-17,835,2020-12-17,2020-12-17,-0.00442365267978051,0.09131139019874013,0.01046541004295598,0.08084598015578415
1,dollar_fall_bottom_10pct,market_observable,67,2020-12-29,2020-12-29,1,2020-12-29,842,2020-12-29,2020-12-29,-0.00409857911174516,0.004568775926594881,0.0036357443125671907,0.0009330316140276906
1,dollar_fall_bottom_10pct,market_observable,68,2021-02-05,2021-02-05,1,2021-02-05,868,2021-02-05,2021-02-05,-0.004524757836214199,0.0033728957369678625,0.00982374869269087,-0.006450852955723008
1,dollar_fall_bottom_10pct,market_observable,69,2021-02-19,2021-02-19,1,2021-02-19,877,2021-02-19,2021-02-19,-0.004060468507382176,0.06019625478093715,0.004139970385630853,0.0560562843953063
1,dollar_fall_bottom_10pct,market_observable,70,2021-03-11,2021-03-11,1,2021-03-11,891,2021-03-11,2021-03-11,-0.005886745812470728,0.02095266240809579,-0.000866386502682559,0.02181904891077835
1,dollar_fall_bottom_10pct,market_observable,71,2021-05-07,2021-05-07,1,2021-05-07,931,2021-05-07,2021-05-07,-0.00731567213985862,0.02560264537805068,0.008956587353821988,0.016646058024228694
1,dollar_fall_bottom_10pct,market_observable,72,2021-05-14,2021-05-14,1,2021-05-14,936,2021-05-14,2021-05-14,-0.004132348600876412,0.03184017941407191,0.009074563611958908,0.022765615802113004
1,dollar_fall_bottom_10pct,market_observable,73,2021-06-04,2021-06-04,1,2021-06-04,950,2021-06-04,2021-06-04,-0.0038399490612830434,-0.047640466421036365,0.010725633264657475,-0.05836609968569384
1,dollar_fall_bottom_10pct,market_observable,74,2021-06-23,2021-06-23,1,2021-06-23,963,2021-06-23,2021-06-23,-0.004753685505584748,0.014656877771010102,-0.000661876798756289,0.01531875456976639
1,dollar_fall_bottom_10pct,market_observable,75,2021-07-29,2021-07-29,1,2021-07-29,988,2021-07-29,2021-07-29,-0.006180001332035445,-0.01820872573207133,0.01104402302009877,-0.0292527487521701
1,dollar_fall_bottom_10pct,market_observable,76,2021-08-23,2021-08-23,1,2021-08-23,1005,2021-08-23,2021-08-23,-0.004894891509636068,0.011352783895544505,0.012104007439095454,-0.0007512235435509496
1,dollar_fall_bottom_10pct,market_observable,77,2021-08-27,2021-08-27,1,2021-08-27,1009,2021-08-27,2021-08-27,-0.0039440245165183185,0.02855365631294937,0.014917723322636078,0.013635932990313293
1,dollar_fall_bottom_10pct,market_observable,78,2021-12-08,2021-12-08,1,2021-12-08,1080,2021-12-08,2021-12-08,-0.0035772180752555727,0.004893088613147967,0.0005393685677796967,0.00435372004536827
1,dollar_fall_bottom_10pct,market_observable,79,2021-12-16,2021-12-16,1,2021-12-16,1086,2021-12-16,2021-12-16,-0.006093847273444197,-0.0264022345935242,0.012024970840539773,-0.03842720543406397
1,dollar_fall_bottom_10pct,market_observable,80,2022-01-12,2022-01-12,1,2022-01-12,1104,2022-01-12,2022-01-12,-0.004172995764559317,0.023588671089550317,0.002639137142411485,0.020949533947138832
1,dollar_fall_bottom_10pct,market_observable,81,2022-01-31,2022-01-31,1,2022-01-31,1116,2022-01-31,2022-01-31,-0.004087131502248376,0.018177446886250337,0.0059070563312300095,0.012270390555020327
1,dollar_fall_bottom_10pct,market_observable,82,2022-02-25,2022-02-25,1,2022-02-25,1134,2022-02-25,2022-02-25,-0.005918712639284784,0.017724462033861244,-0.003336237275936682,0.021060699309797926
1,dollar_fall_bottom_10pct,market_observable,83,2022-03-09,2022-03-09,1,2022-03-09,1142,2022-03-09,2022-03-09,-0.0087228584579373,0.08290915200642779,-0.030161495266206373,0.11307064727263416
1,dollar_fall_bottom_10pct,market_observable,84,2022-03-16,2022-03-17,2,2022-03-17,1148,2022-03-17,2022-03-17,-0.0065328721439055215,-0.00020329770474525333,0.004876733952654533,-0.005080031657399786
1,dollar_fall_bottom_10pct,market_observable,85,2022-03-29,2022-03-30,2,2022-03-29,1156,2022-03-29,2022-03-29,-0.005378013385184843,-0.005327128210115717,0.00044668806848946474,-0.005773816278605182
1,dollar_fall_bottom_10pct,market_observable,86,2022-04-29,2022-04-29,1,2022-04-29,1178,2022-04-29,2022-04-29,-0.004793781784073303,-0.04220030490129112,-0.00011298334784104469,-0.042087321553450074
1,dollar_fall_bottom_10pct,market_observable,87,2022-05-13,2022-05-13,1,2022-05-13,1188,2022-05-13,2022-05-13,-0.0035965111180384923,0.04919245089224766,-0.008142627698811467,0.05733507859105913
1,dollar_fall_bottom_10pct,market_observable,88,2022-05-17,2022-05-17,1,2022-05-17,1190,2022-05-17,2022-05-17,-0.006659065106486395,0.01744193240531189,-0.006299094085683521,0.02374102649099541
1,dollar_fall_bottom_10pct,market_observable,89,2022-05-19,2022-05-19,1,2022-05-19,1192,2022-05-19,2022-05-19,-0.005008045372908221,0.02332326986318023,0.014590277160261067,0.008732992702919162
1,dollar_fall_bottom_10pct,market_observable,90,2022-05-23,2022-05-23,1,2022-05-23,1194,2022-05-23,2022-05-23,-0.00546697788027295,-0.006907699868847317,0.004639589893868923,-0.01154728976271624
1,dollar_fall_bottom_10pct,market_observable,91,2022-05-27,2022-05-27,1,2022-05-27,1198,2022-05-27,2022-05-27,-0.004094464280128385,-0.01715668786541258,0.0005208853826914606,-0.01767757324810404
1,dollar_fall_bottom_10pct,market_observable,92,2022-06-02,2022-06-02,1,2022-06-02,1201,2022-06-02,2022-06-02,-0.0053184515373940755,0.005504509037756122,0.012234040087981235,-0.006729531050225113
1,dollar_fall_bottom_10pct,market_observable,93,2022-06-16,2022-06-16,1,2022-06-16,1211,2022-06-16,2022-06-16,-0.007997180192445441,-0.035599822209373855,0.011180446816136502,-0.04678026902551036
1,dollar_fall_bottom_10pct,market_observable,94,2022-06-21,2022-06-21,1,2022-06-21,1213,2022-06-21,2022-06-21,-0.004913198097796112,0.018019906874993552,-0.0037437854344899435,0.021763692309483496
1,dollar_fall_bottom_10pct,market_observable,95,2022-07-15,2022-07-18,2,2022-07-18,1231,2022-07-18,2022-07-18,-0.0057161762667119476,0.02113356655826948,0.0009429497894322125,0.020190616768837266
1,dollar_fall_bottom_10pct,market_observable,96,2022-07-22,2022-07-22,1,2022-07-22,1235,2022-07-22,2022-07-22,-0.0036861036983824036,-0.026718773135764096,0.0024926409954950657,-0.02921141413125916
1,dollar_fall_bottom_10pct,market_observable,97,2022-07-28,2022-07-28,1,2022-07-28,1239,2022-07-28,2022-07-28,-0.00572239683795317,0.04375074424745051,0.01211168004371821,0.0316390642037323
1,dollar_fall_bottom_10pct,market_observable,98,2022-08-04,2022-08-04,1,2022-08-04,1244,2022-08-04,2022-08-04,-0.004549145699697554,-0.0439709539663351,0.016404693683583993,-0.060375647649919095
1,dollar_fall_bottom_10pct,market_observable,99,2022-08-08,2022-08-08,1,2022-08-08,1246,2022-08-08,2022-08-08,-0.0036257309908345192,0.04250110443405042,0.008434348290836446,0.03406675614321397
1,dollar_fall_bottom_10pct,market_observable,100,2022-08-10,2022-08-10,1,2022-08-10,1248,2022-08-10,2022-08-10,-0.00912643068314356,0.0250642929151752,-0.002515111058863262,0.027579403974038463
1,dollar_fall_bottom_10pct,market_observable,101,2022-08-23,2022-08-23,1,2022-08-23,1257,2022-08-23,2022-08-23,-0.004462025316855467,0.02191527362960244,0.006966551217581163,0.014948722412021276
1,dollar_fall_bottom_10pct,market_observable,102,2022-09-02,2022-09-02,1,2022-09-02,1265,2022-09-02,2022-09-02,-0.0050472576362246,0.0018878407332643121,0.008766173723187443,-0.0068783329899231305
1,dollar_fall_bottom_10pct,market_observable,103,2022-09-09,2022-09-12,2,2022-09-09,1269,2022-09-09,2022-09-09,-0.006366447744805548,0.09549815874428447,0.005269846503476394,0.09022831224080807
1,dollar_fall_bottom_10pct,market_observable,104,2022-09-29,2022-09-29,1,2022-09-29,1283,2022-09-29,2022-09-29,-0.004261599575078989,-0.00739887352830948,-0.00019394717180531984,-0.00720492635650416
1,dollar_fall_bottom_10pct,market_observable,105,2022-10-04,2022-10-04,1,2022-10-04,1286,2022-10-04,2022-10-04,-0.007102522442355763,0.03404363624171758,0.014226444596111776,0.019817191645605803
1,dollar_fall_bottom_10pct,market_observable,106,2022-10-17,2022-10-17,1,2022-10-17,1295,2022-10-17,2022-10-17,-0.0053731456229177965,0.018580309501881942,0.002872080630747398,0.015708228871134544
1,dollar_fall_bottom_10pct,market_observable,107,2022-10-25,2022-10-26,2,2022-10-26,1302,2022-10-26,2022-10-26,-0.007128666301083442,0.02379501742574419,0.0063434463543528,0.017451571071391392
1,dollar_fall_bottom_10pct,market_observable,108,2022-11-04,2022-11-08,3,2022-11-04,1309,2022-11-04,2022-11-04,-0.008048731945461185,0.04090433030539309,0.03023458325284345,0.010669747052549639
1,dollar_fall_bottom_10pct,market_observable,109,2022-11-10,2022-11-10,1,2022-11-10,1313,2022-11-10,2022-11-10,-0.010225446659000603,0.10885573878685051,0.029990153003992326,0.07886558578285818
1,dollar_fall_bottom_10pct,market_observable,110,2022-11-14,2022-11-14,1,2022-11-14,1315,2022-11-14,2022-11-14,-0.010290577208107443,-0.02128326416445603,0.002185266227277438,-0.023468530391733466
1,dollar_fall_bottom_10pct,market_observable,111,2022-11-22,2022-11-23,2,2022-11-23,1322,2022-11-23,2022-11-23,-0.0038638095214533763,0.02947302270582064,0.006212503317279072,0.023260519388541567
1,dollar_fall_bottom_10pct,market_observable,112,2022-12-01,2022-12-01,1,2022-12-01,1327,2022-12-01,2022-12-01,-0.012324917135421387,-0.01066114823221831,0.018217842396307304,-0.028878990628525614
1,dollar_fall_bottom_10pct,market_observable,113,2022-12-13,2022-12-13,1,2022-12-13,1335,2022-12-13,2022-12-13,-0.0075390542784958825,0.03583498654267814,0.016936889733695004,0.018898096808983134
1,dollar_fall_bottom_10pct,market_observable,114,2023-01-04,2023-01-04,1,2023-01-04,1349,2023-01-04,2023-01-04,-0.004841725890815773,0.008672255083794767,0.009367889939565721,-0.0006956348557709546
1,dollar_fall_bottom_10pct,market_observable,115,2023-01-06,2023-01-09,2,2023-01-06,1351,2023-01-06,2023-01-06,-0.008359873990302802,0.0023070794408663886,0.018534663811199614,-0.016227584370333226
1,dollar_fall_bottom_10pct,market_observable,116,2023-01-12,2023-01-12,1,2023-01-12,1355,2023-01-12,2023-01-12,-0.006174075222404873,0.0819255539264816,0.011501603213231348,0.07042395071325025
1,dollar_fall_bottom_10pct,market_observable,117,2023-03-01,2023-03-01,1,2023-03-01,1387,2023-03-01,2023-03-01,-0.005780926696138167,0.00645254447831789,0.0057555556009338815,0.0006969888773840083
1,dollar_fall_bottom_10pct,market_observable,118,2023-03-20,2023-03-20,1,2023-03-20,1400,2023-03-20,2023-03-20,-0.004536273167691007,0.034778669438427556,0.00038079522406508914,0.03439787421436247
1,dollar_fall_bottom_10pct,market_observable,119,2023-03-23,2023-03-23,1,2023-03-23,1403,2023-03-23,2023-03-23,-0.007180316762936734,0.06183156126433964,0.012460224063675973,0.04937133720066367
1,dollar_fall_bottom_10pct,market_observable,120,2023-03-28,2023-03-28,1,2023-03-28,1406,2023-03-28,2023-03-28,-0.004503109899420821,0.016805276689279225,0.008155744573005386,0.00864953211627384
1,dollar_fall_bottom_10pct,market_observable,121,2023-04-12,2023-04-13,2,2023-04-13,1417,2023-04-13,2023-04-13,-0.0051517735454940095,0.017845369908190634,0.013425150587981882,0.004420219320208751
1,dollar_fall_bottom_10pct,market_observable,122,2023-05-03,2023-05-03,1,2023-05-03,1431,2023-05-03,2023-05-03,-0.0040815391566138,-0.01274059448102527,0.008443330394000803,-0.021183924875026072
1,dollar_fall_bottom_10pct,market_observable,123,2023-05-05,2023-05-05,1,2023-05-05,1433,2023-05-05,2023-05-05,-0.004138872151897566,0.022798953260201316,-0.01577167201286489,0.038570625273066206
1,dollar_fall_bottom_10pct,market_observable,124,2023-06-01,2023-06-01,1,2023-06-01,1451,2023-06-01,2023-06-01,-0.0076103419685455975,-0.00549030813968443,0.007867103377943607,-0.013357411517628037
1,dollar_fall_bottom_10pct,market_observable,125,2023-06-13,2023-06-13,1,2023-06-13,1459,2023-06-13,2023-06-13,-0.0037491538822926884,0.00303903065412392,-0.0073948331208413265,0.010433863774965246
1,dollar_fall_bottom_10pct,market_observable,126,2023-07-07,2023-07-07,1,2023-07-07,1475,2023-07-07,2023-07-07,-0.006221990022692303,-0.0021028446011683855,0.0074730048154894035,-0.009575849416657789
1,dollar_fall_bottom_10pct,market_observable,127,2023-07-12,2023-07-13,2,2023-07-12,1478,2023-07-12,2023-07-12,-0.00927270302465466,-0.009677174781955955,0.013450555215707816,-0.02312772999766377
1,dollar_fall_bottom_10pct,market_observable,128,2023-08-04,2023-08-04,1,2023-08-04,1495,2023-08-04,2023-08-04,-0.0048300532199005985,-0.008549377897345778,0.0036138763540742858,-0.012163254251420064
1,dollar_fall_bottom_10pct,market_observable,129,2023-08-30,2023-08-30,1,2023-08-30,1513,2023-08-30,2023-08-30,-0.003942342999020632,-0.023744607595586942,0.0024987503158229174,-0.02624335791140986
1,dollar_fall_bottom_10pct,market_observable,130,2023-09-11,2023-09-11,1,2023-09-11,1520,2023-09-11,2023-09-11,-0.005005639626796565,-0.0343723450132245,0.001851395103543041,-0.036223740116767544
1,dollar_fall_bottom_10pct,market_observable,131,2023-09-28,2023-09-28,1,2023-09-28,1533,2023-09-28,2023-09-28,-0.0037088111811458546,0.03118949271846283,-0.005009715204337795,0.036199207922800625
1,dollar_fall_bottom_10pct,market_observable,132,2023-10-06,2023-10-06,1,2023-10-06,1539,2023-10-06,2023-10-06,-0.004392223051334021,0.017360179470209403,0.0051398519222738415,0.012220327547935561
1,dollar_fall_bottom_10pct,market_observable,133,2023-11-02,2023-11-03,2,2023-11-03,1559,2023-11-03,2023-11-03,-0.009200590413344756,-0.013498988468610307,0.003632316427605531,-0.017131304896215838
1,dollar_fall_bottom_10pct,market_observable,134,2023-11-14,2023-11-14,1,2023-11-14,1566,2023-11-14,2023-11-14,-0.008831100923185176,-0.041609045363834696,0.008879636186604145,-0.05048868155043884
1,dollar_fall_bottom_10pct,market_observable,135,2023-11-20,2023-11-20,1,2023-11-20,1570,2023-11-20,2023-11-20,-0.004930723673942872,0.028784699214606135,-0.0016347162383043568,0.030419415452910492
1,dollar_fall_bottom_10pct,market_observable,136,2023-11-24,2023-11-24,1,2023-11-24,1573,2023-11-24,2023-11-24,-0.003899698869675561,0.006202019774528722,0.00518811533968222,0.001013904434846502
1,dollar_fall_bottom_10pct,market_observable,137,2023-11-28,2023-11-28,1,2023-11-28,1575,2023-11-28,2023-11-28,-0.004859800508643097,0.037295513004602654,0.013243765854618061,0.024051747149984593
1,dollar_fall_bottom_10pct,market_observable,138,2023-12-14,2023-12-14,1,2023-12-14,1587,2023-12-14,2023-12-14,-0.013200294363103104,0.0010697513073498754,0.005845435089188555,-0.00477568378183868
1,dollar_fall_bottom_10pct,market_observable,139,2023-12-19,2023-12-19,1,2023-12-19,1590,2023-12-19,2023-12-19,-0.0037347551530597656,0.00610624913558766,0.006790830606181686,-0.0006845814705940256
1,dollar_fall_bottom_10pct,market_observable,140,2023-12-27,2023-12-27,1,2023-12-27,1595,2023-12-27,2023-12-27,-0.003493425370439951,0.030613232114601985,0.004527577262521731,0.026085654852080253
1,dollar_fall_bottom_10pct,market_observable,141,2024-01-24,2024-01-24,1,2024-01-24,1613,2024-01-24,2024-01-24,-0.005037435365219167,0.00938351617373634,-0.008281084265806093,0.017664600439542433
1,dollar_fall_bottom_10pct,market_observable,142,2024-05-02,2024-05-02,1,2024-05-02,1682,2024-05-02,2024-05-02,-0.004712885044469317,0.04121865386596646,-0.003091862325121042,0.0443105161910875
1,dollar_fall_bottom_10pct,market_observable,143,2024-05-15,2024-05-15,1,2024-05-15,1691,2024-05-15,2024-05-15,-0.0046966564041825976,0.06914391842067502,0.012757032448187822,0.0563868859724872
1,dollar_fall_bottom_10pct,market_observable,144,2024-07-03,2024-07-03,1,2024-07-03,1724,2024-07-03,2024-07-03,-0.004151278694748406,-0.02357456240060607,0.01120993363706102,-0.03478449603766709
1,dollar_fall_bottom_10pct,market_observable,145,2024-07-31,2024-07-31,1,2024-07-31,1743,2024-07-31,2024-07-31,-0.00522905902143922,-0.010278480578909566,0.017948680176280263,-0.02822716075518983
1,dollar_fall_bottom_10pct,market_observable,146,2024-08-09,2024-08-09,1,2024-08-09,1750,2024-08-09,2024-08-09,-0.004213109714410024,0.021105012115082644,0.0024522519879104365,0.018652760127172208
1,dollar_fall_bottom_10pct,market_observable,147,2024-08-14,2024-08-14,1,2024-08-14,1753,2024-08-14,2024-08-14,-0.004766059812205903,-0.03223082786975162,-0.008189191333500823,-0.0240416365362508
1,dollar_fall_bottom_10pct,market_observable,148,2024-08-19,2024-08-19,1,2024-08-19,1756,2024-08-19,2024-08-19,-0.004244385680455487,-0.012066634215914362,-0.0016393656726290118,-0.01042726854328535
1,dollar_fall_bottom_10pct,market_observable,149,2024-08-23,2024-08-23,1,2024-08-23,1760,2024-08-23,2024-08-23,-0.007406247313634928,0.05360222758287847,0.011487194343258622,0.04211503323961985
1,dollar_fall_bottom_10pct,market_observable,150,2024-09-13,2024-09-13,1,2024-09-13,1774,2024-09-13,2024-09-13,-0.006449906709724118,0.022958210710140037,0.009894570827460036,0.01306363988268
1,dollar_fall_bottom_10pct,market_observable,151,2024-11-07,2024-11-07,1,2024-11-07,1813,2024-11-07,2024-11-07,-0.0074138439260797995,0.004320501101465979,0.015948645391861582,-0.011628144290395603
1,dollar_fall_bottom_10pct,market_observable,152,2024-11-25,2024-11-25,1,2024-11-25,1825,2024-11-25,2024-11-25,-0.0037443159918417734,-0.0433625772165982,-0.0299014831873059,-0.013461094029292298
1,dollar_fall_bottom_10pct,market_observable,153,2024-11-27,2024-11-27,1,2024-11-27,1827,2024-11-27,2024-11-27,-0.004795278108526979,0.05811137976025371,0.002220248187002838,0.055891131573250874
1,dollar_fall_bottom_10pct,market_observable,154,2024-12-20,2024-12-20,1,2024-12-20,1843,2024-12-20,2024-12-20,-0.005797397904081514,0.0004389680267298246,0.01037999743966811,-0.009941029412938285
1,dollar_fall_bottom_10pct,market_observable,155,2025-01-06,2025-01-06,1,2025-01-06,1852,2025-01-06,2025-01-06,-0.007097162835106197,0.0380750468205413,-0.0012328556129919122,0.039307902433533215
1,dollar_fall_bottom_10pct,market_observable,156,2025-01-14,2025-01-14,1,2025-01-14,1857,2025-01-14,2025-01-14,-0.005089006733067336,0.03083605765645281,0.005235693007988651,0.025600364648464158
1,dollar_fall_bottom_10pct,market_observable,157,2025-01-21,2025-01-21,1,2025-01-21,1861,2025-01-21,2025-01-21,-0.00830400931533859,0.013706125115302115,0.015366546556983884,-0.0016604214416817697
1,dollar_fall_bottom_10pct,market_observable,158,2025-01-24,2025-01-24,1,2025-01-24,1864,2025-01-24,2025-01-24,-0.005906681550391646,0.015137832937332618,0.006199449222330067,0.008938383715002551
1,dollar_fall_bottom_10pct,market_observable,159,2025-02-04,2025-02-04,1,2025-02-04,1871,2025-02-04,2025-02-04,-0.007781008889123697,-0.02432580228770931,0.009800237486044416,-0.034126039773753725
1,dollar_fall_bottom_10pct,market_observable,160,2025-02-14,2025-02-14,1,2025-02-14,1879,2025-02-14,2025-02-14,-0.005834345143298059,0.009630768271680523,-0.01498346692654895,0.024614235198229473
1,dollar_fall_bottom_10pct,market_observable,161,2025-02-20,2025-02-20,1,2025-02-20,1882,2025-02-20,2025-02-20,-0.004858662468836705,0.02335655098712408,0.0005166991544358623,0.02283985183268822
1,dollar_fall_bottom_10pct,market_observable,162,2025-03-03,2025-03-03,1,2025-03-03,1889,2025-03-03,2025-03-03,-0.004144043457273483,0.022125068145001592,0.013094284775934106,0.009030783369067485
1,dollar_fall_bottom_10pct,market_observable,163,2025-03-05,2025-03-05,1,2025-03-05,1891,2025-03-05,2025-03-05,-0.011729772845812114,0.0414481644686866,0.0020791481693782643,0.039369016299308335
1,dollar_fall_bottom_10pct,market_observable,164,2025-04-03,2025-04-03,1,2025-04-03,1912,2025-04-03,2025-04-03,-0.013137716453083925,-0.0579198827744829,-0.00605658220441363,-0.05186330057006927
1,dollar_fall_bottom_10pct,market_observable,165,2025-04-10,2025-04-11,2,2025-04-10,1917,2025-04-10,2025-04-10,-0.012228170341593625,-0.03315180882117197,0.024130092886814225,-0.057281901707986194
1,dollar_fall_bottom_10pct,market_observable,166,2025-04-16,2025-04-16,1,2025-04-16,1921,2025-04-16,2025-04-16,-0.004076939559584325,0.003986044575750469,0.03202257075367587,-0.028036526177925403
1,dollar_fall_bottom_10pct,market_observable,167,2025-04-21,2025-04-21,1,2025-04-21,1923,2025-04-21,2025-04-21,-0.006643486922822461,0.029794126831747647,0.030466725196562017,-0.0006725983648143696
1,dollar_fall_bottom_10pct,market_observable,168,2025-05-02,2025-05-02,1,2025-05-02,1932,2025-05-02,2025-05-02,-0.005245970798379851,0.0041455236688214825,0.001746673590377057,0.0023988500784444255
1,dollar_fall_bottom_10pct,market_observable,169,2025-05-13,2025-05-13,1,2025-05-13,1939,2025-05-13,2025-05-13,-0.004284945240212501,0.02838021378061839,0.004249948759953881,0.02413026502066451
1,dollar_fall_bottom_10pct,market_observable,170,2025-05-19,2025-05-19,1,2025-05-19,1943,2025-05-19,2025-05-19,-0.005337043605768699,0.014173831169564721,0.012798420816745093,0.0013754103528196282
1,dollar_fall_bottom_10pct,market_observable,171,2025-05-21,2025-05-21,1,2025-05-21,1945,2025-05-21,2025-05-21,-0.0046732675563196935,0.014630118556452132,0.007351594562024388,0.0072785239944277436
1,dollar_fall_bottom_10pct,market_observable,172,2025-05-23,2025-05-23,1,2025-05-23,1947,2025-05-23,2025-05-23,-0.0054160195424275415,-0.02250178965782368,0.021669792905121277,-0.044171582562944955
1,dollar_fall_bottom_10pct,market_observable,173,2025-05-29,2025-05-29,1,2025-05-29,1950,2025-05-29,2025-05-29,-0.003507284426142121,-0.011418902552314592,0.005907233361944542,-0.017326135914259133
1,dollar_fall_bottom_10pct,market_observable,174,2025-06-02,2025-06-02,1,2025-06-02,1952,2025-06-02,2025-06-02,-0.004768783566007961,-0.0020553312546045532,0.026233913208447035,-0.028289244463051588
1,dollar_fall_bottom_10pct,market_observable,175,2025-06-11,2025-06-11,1,2025-06-11,1959,2025-06-11,2025-06-11,-0.0038198076122313296,-0.007183196477861031,0.00539769697833048,-0.012580893456191511
1,dollar_fall_bottom_10pct,market_observable,176,2025-06-24,2025-06-24,1,2025-06-24,1967,2025-06-24,2025-06-24,-0.006664927611021554,0.023773595809000625,-0.015844238391270693,0.03961783420027132
1,dollar_fall_bottom_10pct,market_observable,177,2025-06-26,2025-06-26,1,2025-06-26,1969,2025-06-26,2025-06-26,-0.00573802499194187,-0.002124531163641308,-0.0011076604529494105,-0.0010168707106918973
1,dollar_fall_bottom_10pct,market_observable,178,2025-08-01,2025-08-01,1,2025-08-01,1994,2025-08-01,2025-08-01,-0.0041888119364204,-0.030049135370356694,0.02009639782657313,-0.050145533196929826
1,dollar_fall_bottom_10pct,market_observable,179,2025-08-22,2025-08-22,1,2025-08-22,2009,2025-08-22,2025-08-22,-0.006686255574970268,0.03900070198678662,0.01064951898275357,0.028351183004033054
1,dollar_fall_bottom_10pct,market_observable,180,2025-08-28,2025-08-28,1,2025-08-28,2013,2025-08-28,2025-08-28,-0.0038832035099476414,-0.0016012001525869124,0.007391652350960953,-0.008992852503547866
1,dollar_fall_bottom_10pct,market_observable,181,2025-09-05,2025-09-05,1,2025-09-05,2018,2025-09-05,2025-09-05,-0.005269613271214446,0.016390799123550792,0.013257668006979806,0.0031331311165709863
1,dollar_fall_bottom_10pct,market_observable,182,2025-09-15,2025-09-16,2,2025-09-15,2024,2025-09-15,2025-09-15,-0.004145641522886656,-0.011423150373081725,0.010351078276419123,-0.02177422864950085
1,dollar_fall_bottom_10pct,market_observable,183,2025-12-11,2025-12-11,1,2025-12-11,2086,2025-12-11,2025-12-11,-0.005777576664342199,-0.00717420963201576,0.010712248978542505,-0.017886458610558265
1,dollar_fall_bottom_10pct,market_observable,184,2026-01-20,2026-01-20,1,2026-01-20,2111,2026-01-20,2026-01-20,-0.005329631998318263,-0.06283771274357086,0.03713794462564746,-0.09997565736921832
1,dollar_fall_bottom_10pct,market_observable,185,2026-01-26,2026-01-27,2,2026-01-26,2115,2026-01-26,2026-01-26,-0.007133177689121695,-0.021165011942652967,0.01452287824537457,-0.03568789018802754
1,dollar_fall_bottom_10pct,market_observable,186,2026-02-09,2026-02-09,1,2026-02-09,2125,2026-02-09,2026-02-09,-0.005100064090101775,0.010495705770656727,0.02508561432489298,-0.014589908554236253
1,dollar_fall_bottom_10pct,market_observable,187,2026-03-10,2026-03-10,1,2026-03-10,2145,2026-03-10,2026-03-10,-0.006628617382223645,0.015128792366205346,0.011216537509720403,0.003912254856484942
1,dollar_fall_bottom_10pct,market_observable,188,2026-03-16,2026-03-16,1,2026-03-16,2149,2026-03-16,2026-03-16,-0.0037797864894324462,0.03821317092353205,-0.0008900836759426767,0.039103254599474724
1,dollar_fall_bottom_10pct,market_observable,189,2026-04-01,2026-04-01,1,2026-04-01,2161,2026-04-01,2026-04-01,-0.007590181856500955,0.004970762493371694,0.017348463901670108,-0.012377701408298414
1,dollar_fall_bottom_10pct,market_observable,190,2026-04-08,2026-04-08,1,2026-04-08,2165,2026-04-08,2026-04-08,-0.010530652132525908,0.03288522575601327,0.006279313363379835,0.026605912392633435
1,dollar_fall_bottom_10pct,market_observable,191,2026-04-14,2026-04-14,1,2026-04-14,2169,2026-04-14,2026-04-14,-0.005338127702120055,0.012217416766755917,0.022103259292038047,-0.00988584252528213
1,dollar_fall_bottom_10pct,market_observable,192,2026-04-30,2026-04-30,1,2026-04-30,2181,2026-04-30,2026-04-30,-0.0035875270057514896,0.011171962509184397,0.01486229443655418,-0.003690331927369783
1,dollar_fall_bottom_10pct,market_observable,193,2026-05-06,2026-05-06,1,2026-05-06,2185,2026-05-06,2026-05-06,-0.004414525824016913,-0.0017353159457886846,0.029888127796577457,-0.03162344374236614
1,dollar_fall_bottom_10pct,market_observable,194,2026-06-12,2026-06-12,1,2026-06-12,2211,2026-06-12,2026-06-12,-0.00509214048734119,-0.00025802907286376353,0.000569317139269998,-0.0008273462121337616
1,dollar_fall_bottom_10pct,market_observable,195,2026-07-02,2026-07-02,1,2026-07-02,2224,2026-07-02,2026-07-02,-0.003765370769802878,0.02387097418651507,0.02011473443068912,0.003756239755825952
1,dollar_fall_bottom_10pct,market_observable,196,2026-07-30,2026-07-30,1,2026-07-30,2243,2026-07-30,2026-07-30,-0.009264635465779492,0.018857870016210754,0.01625187370765513,0.002605996308555625
1,dollar_fall_bottom_10pct,market_observable,197,2026-08-07,2026-08-07,1,2026-08-07,2249,2026-08-07,2026-08-07,-0.0037422049722675155,0.007950958096516914,0.022331954604684512,-0.014380996508167598
1,dollar_fall_bottom_10pct,market_observable,198,2026-08-19,2026-08-19,1,2026-08-19,2257,2026-08-19,2026-08-19,-0.005480472464569175,0.05691914058108871,0.037646486600839246,0.019272653980249466
1,real_rate_rise_top_10pct,market_observable,1,2017-09-11,2017-09-11,1,2017-09-11,13,2017-09-11,2017-09-11,0.06,-0.0018798029357451895,-0.01400714397659808,0.01212734104085289
1,real_rate_rise_top_10pct,market_observable,2,2017-09-20,2017-09-20,1,2017-09-20,20,2017-09-20,2017-09-20,0.06,0.018569351660662647,-0.00805676270666389,0.026626114367326537
1,real_rate_rise_top_10pct,market_observable,3,2017-11-10,2017-11-10,1,2017-11-10,57,2017-11-10,2017-11-10,0.06,-0.13196657923729127,-0.008221702339946013,-0.12374487689734526
1,real_rate_rise_top_10pct,market_observable,4,2018-02-01,2018-02-01,1,2018-02-01,112,2018-02-01,2018-02-01,0.06000000000000005,-0.08027181594587063,0.0032848909860554443,-0.08355670693192607
1,real_rate_rise_top_10pct,market_observable,5,2018-07-23,2018-07-23,1,2018-07-23,228,2018-07-23,2018-07-23,0.06999999999999995,0.053436949963193925,-0.004815949835094813,0.05825289979828874
1,real_rate_rise_top_10pct,market_observable,6,2018-07-26,2018-07-26,1,2018-07-26,231,2018-07-26,2018-07-26,0.05999999999999994,0.01145977952919175,-0.007829712393953692,0.01928949192314544
1,real_rate_rise_top_10pct,market_observable,7,2018-10-03,2018-10-03,1,2018-10-03,279,2018-10-03,2018-10-03,0.05999999999999994,-0.013421084740118161,-0.003959744500981799,-0.009461340239136362
1,real_rate_rise_top_10pct,market_observable,8,2018-10-25,2018-10-25,1,2018-10-25,295,2018-10-25,2018-10-25,0.06000000000000005,-0.003657274710750613,-0.002231204310531254,-0.0014260704002193592
1,real_rate_rise_top_10pct,market_observable,9,2018-12-11,2018-12-11,1,2018-12-11,326,2018-12-11,2018-12-11,0.07000000000000006,-0.009658160045415087,-0.0011903699128756884,-0.008467790132539399
1,real_rate_rise_top_10pct,market_observable,10,2018-12-20,2018-12-20,1,2018-12-20,333,2018-12-20,2018-12-20,0.06000000000000005,0.03878122204445411,0.01529583691870684,0.02348538512574727
1,real_rate_rise_top_10pct,market_observable,11,2019-04-01,2019-04-01,1,2019-04-01,401,2019-04-01,2019-04-01,0.05999999999999994,0.012982678597905917,-0.003941890257643799,0.016924568855549715
1,real_rate_rise_top_10pct,market_observable,12,2019-05-02,2019-05-02,1,2019-05-02,423,2019-05-02,2019-05-02,0.07000000000000006,0.025761198093864124,-0.003827907452540913,0.029589105546405037
1,real_rate_rise_top_10pct,market_observable,13,2019-06-10,2019-06-10,1,2019-06-10,449,2019-06-10,2019-06-10,0.07,0.0012527235782329171,-0.010003215486539041,0.011255939064771958
1,real_rate_rise_top_10pct,market_observable,14,2019-06-21,2019-06-21,1,2019-06-21,458,2019-06-21,2019-06-21,0.07,0.04052081729413892,0.006613693416667843,0.03390712387747108
1,real_rate_rise_top_10pct,market_observable,15,2019-09-10,2019-09-10,1,2019-09-10,513,2019-09-10,2019-09-10,0.06,-0.02811213672323909,-0.0085947664634487,-0.01951737025979039
1,real_rate_rise_top_10pct,market_observable,16,2019-09-13,2019-09-13,1,2019-09-13,516,2019-09-13,2019-09-13,0.07,-0.008870893813375247,-0.008313640257218147,-0.0005572535561571001
1,real_rate_rise_top_10pct,market_observable,17,2019-09-18,2019-09-18,1,2019-09-18,519,2019-09-18,2019-09-18,0.06,-0.008396479892120112,-0.006305141849163753,-0.002091338042956359
1,real_rate_rise_top_10pct,market_observable,18,2019-09-25,2019-09-25,1,2019-09-25,524,2019-09-25,2019-09-25,0.07,-0.0014588348545263585,-0.018719501081169376,0.017260666226643018
1,real_rate_rise_top_10pct,market_observable,19,2019-10-28,2019-10-28,1,2019-10-28,547,2019-10-28,2019-10-28,0.06,0.08465951427437624,-0.008637230479381586,0.09329674475375782
1,real_rate_rise_top_10pct,market_observable,20,2019-11-07,2019-11-07,1,2019-11-07,555,2019-11-07,2019-11-07,0.08000000000000002,-0.010303615726739324,-0.015643205521890913,0.005339589795151589
1,real_rate_rise_top_10pct,market_observable,21,2019-12-12,2019-12-12,1,2019-12-12,579,2019-12-12,2019-12-12,0.07999999999999999,0.010855954599692907,-0.0035334849047758965,0.014389439504468804
1,real_rate_rise_top_10pct,market_observable,22,2020-02-04,2020-02-04,1,2020-02-04,614,2020-02-04,2020-02-04,0.06,-0.012211996498805888,-0.01309430818678159,0.0008823116879757009
1,real_rate_rise_top_10pct,market_observable,23,2020-03-09,2020-03-13,5,2020-03-10,638,2020-03-10,2020-03-10,0.21000000000000002,0.017306565961817455,-0.021327151826289636,0.03863371778810709
1,real_rate_rise_top_10pct,market_observable,24,2020-03-17,2020-03-19,3,2020-03-17,643,2020-03-17,2020-03-17,0.39,0.08393380849736687,0.013464426338705593,0.07046938215866128
1,real_rate_rise_top_10pct,market_observable,25,2020-03-31,2020-03-31,1,2020-03-31,653,2020-03-31,2020-03-31,0.07999999999999999,0.01540264026063376,-0.03236482169365207,0.04776746195428583
1,real_rate_rise_top_10pct,market_observable,26,2020-04-16,2020-04-17,2,2020-04-16,664,2020-04-16,2020-04-16,0.14000000000000007,0.04942669730859528,-0.0008653689753943539,0.050292066283989634
1,real_rate_rise_top_10pct,market_observable,27,2020-04-30,2020-04-30,1,2020-04-30,674,2020-04-30,2020-04-30,0.08000000000000002,0.013076280899525727,-0.018282683683788825,0.03135896458331455
1,real_rate_rise_top_10pct,market_observable,28,2020-05-06,2020-05-06,1,2020-05-06,678,2020-05-06,2020-05-06,0.06,0.03668322728667839,-0.012938939248233972,0.04962216653491236
1,real_rate_rise_top_10pct,market_observable,29,2020-06-03,2020-06-03,1,2020-06-03,697,2020-06-03,2020-06-03,0.06,0.007282240549038477,-0.01862251139241966,0.025904751941458137
1,real_rate_rise_top_10pct,market_observable,30,2021-01-08,2021-01-08,1,2021-01-08,849,2021-01-08,2021-01-08,0.07999999999999996,-0.001239795068176619,-0.03480879472366194,0.03356899965548532
1,real_rate_rise_top_10pct,market_observable,31,2021-02-16,2021-02-16,1,2021-02-16,874,2021-02-16,2021-02-16,0.07000000000000006,0.02474085621326516,-0.014457496034196105,0.039198352247461266
1,real_rate_rise_top_10pct,market_observable,32,2021-02-19,2021-02-19,1,2021-02-19,877,2021-02-19,2021-02-19,0.06999999999999995,0.06019625478093715,0.004139970385630853,0.0560562843953063
1,real_rate_rise_top_10pct,market_observable,33,2021-02-25,2021-02-25,1,2021-02-25,881,2021-02-25,2021-02-25,0.19000000000000006,0.0010214495088476383,-0.01899580806530743,0.020017257574155067
1,real_rate_rise_top_10pct,market_observable,34,2021-03-04,2021-03-04,1,2021-03-04,886,2021-03-04,2021-03-04,0.07999999999999996,-0.046652474609741645,-0.00988559566723346,-0.036766878942508185
1,real_rate_rise_top_10pct,market_observable,35,2021-03-12,2021-03-12,1,2021-03-12,892,2021-03-12,2021-03-12,0.12,-0.013325159362350902,-0.00018574519969138947,-0.013139414162659513
1,real_rate_rise_top_10pct,market_observable,36,2021-03-18,2021-03-18,1,2021-03-18,896,2021-03-18,2021-03-18,0.10999999999999999,-0.009956531252500511,-0.005826967579591447,-0.0041295636729090646
1,real_rate_rise_top_10pct,market_observable,37,2021-05-19,2021-05-19,1,2021-05-19,939,2021-05-19,2021-05-19,0.07999999999999996,-0.0951138405542018,0.0006853819629943914,-0.09579922251719619
1,real_rate_rise_top_10pct,market_observable,38,2021-06-03,2021-06-03,1,2021-06-03,949,2021-06-03,2021-06-03,0.05999999999999994,0.018621315999741483,-0.019772420864664575,0.03839373686440606
1,real_rate_rise_top_10pct,market_observable,39,2021-06-16,2021-06-16,1,2021-06-16,958,2021-06-16,2021-06-16,0.12,-0.03249764025593649,-0.017036003680355627,-0.015461636575580862
1,real_rate_rise_top_10pct,market_observable,40,2021-09-23,2021-09-23,1,2021-09-23,1027,2021-09-23,2021-09-23,0.05999999999999994,0.031371624202600756,-0.011613566243419804,0.04298519044602056
1,real_rate_rise_top_10pct,market_observable,41,2021-10-19,2021-10-19,1,2021-10-19,1045,2021-10-19,2021-10-19,0.05999999999999994,0.04357100476259568,0.0032085191864092977,0.04036248557618638
1,real_rate_rise_top_10pct,market_observable,42,2021-10-28,2021-10-28,1,2021-10-28,1052,2021-10-28,2021-10-28,0.1100000000000001,0.03700527207096549,-0.0002379136626089462,0.037243185733574435
1,real_rate_rise_top_10pct,market_observable,43,2021-11-22,2021-11-22,1,2021-11-22,1069,2021-11-22,2021-11-22,0.13000000000000012,-0.03375247024623995,-0.02267561664312101,-0.011076853603118941
1,real_rate_rise_top_10pct,market_observable,44,2021-12-01,2021-12-01,1,2021-12-01,1075,2021-12-01,2021-12-01,0.06000000000000005,-0.010716901349828944,0.003980006790396118,-0.014696908140225062
1,real_rate_rise_top_10pct,market_observable,45,2021-12-06,2021-12-06,1,2021-12-06,1078,2021-12-06,2021-12-06,0.07000000000000006,-0.09038752997879484,-0.002463595385072459,-0.08792393459372239
1,real_rate_rise_top_10pct,market_observable,46,2022-01-03,2022-01-06,4,2022-01-05,1099,2022-01-05,2022-01-05,0.09000000000000008,-0.05094442655973985,-0.0030121970522101194,-0.04793222950752973
1,real_rate_rise_top_10pct,market_observable,47,2022-01-14,2022-01-18,2,2022-01-18,1107,2022-01-18,2022-01-18,0.07000000000000006,-0.031008101124500698,-0.001651618267930921,-0.029356482856569777
1,real_rate_rise_top_10pct,market_observable,48,2022-01-20,2022-01-20,1,2022-01-20,1109,2022-01-20,2022-01-20,0.06999999999999995,0.02594882216760297,-0.0025020112544043016,0.02845083342200727
1,real_rate_rise_top_10pct,market_observable,49,2022-01-26,2022-01-26,1,2022-01-26,1113,2022-01-26,2022-01-26,0.09999999999999998,0.00420306040689411,-0.01629856790431372,0.02050162831120783
1,real_rate_rise_top_10pct,market_observable,50,2022-02-03,2022-02-04,2,2022-02-04,1120,2022-02-04,2022-02-04,0.08000000000000007,0.10979886254869875,0.0015408910869814108,0.10825797146171734
1,real_rate_rise_top_10pct,market_observable,51,2022-02-10,2022-02-10,1,2022-02-10,1124,2022-02-10,2022-02-10,0.06,-0.014916398978767731,-0.0038037857675305986,-0.011112613211237132
1,real_rate_rise_top_10pct,market_observable,52,2022-02-15,2022-02-15,1,2022-02-15,1127,2022-02-15,2022-02-15,0.07,0.045425352607331604,-0.009545260370239284,0.05497061297757089
1,real_rate_rise_top_10pct,market_observable,53,2022-03-09,2022-03-09,1,2022-03-09,1142,2022-03-09,2022-03-09,0.14,0.08290915200642779,-0.030161495266206373,0.11307064727263416
1,real_rate_rise_top_10pct,market_observable,54,2022-03-14,2022-03-16,3,2022-03-14,1145,2022-03-14,2022-03-14,0.1499999999999999,0.011642664697273375,-0.01518847505814147,0.026831139755414846
1,real_rate_rise_top_10pct,market_observable,55,2022-03-21,2022-03-21,1,2022-03-21,1150,2022-03-21,2022-03-21,0.14,-0.020720191672488397,0.007611755019546251,-0.02833194669203465
1,real_rate_rise_top_10pct,market_observable,56,2022-03-25,2022-03-25,1,2022-03-25,1154,2022-03-25,2022-03-25,0.10999999999999999,0.012147523692636497,-0.004103860537691517,0.016251384230328014
1,real_rate_rise_top_10pct,market_observable,57,2022-04-01,2022-04-01,1,2022-04-01,1159,2022-04-01,2022-04-01,0.11000000000000004,0.0169607929719362,-0.0063862158789014245,0.023347008850837625
1,real_rate_rise_top_10pct,market_observable,58,2022-04-05,2022-04-07,3,2022-04-05,1161,2022-04-05,2022-04-05,0.08000000000000002,0.00232105409369332,-0.006284549046099208,0.008605603139792528
1,real_rate_rise_top_10pct,market_observable,59,2022-04-19,2022-04-19,1,2022-04-19,1170,2022-04-19,2022-04-19,0.07,0.017943690954258074,-0.015228268112133847,0.03317195906639192
1,real_rate_rise_top_10pct,market_observable,60,2022-04-29,2022-05-02,2,2022-05-02,1179,2022-05-02,2022-05-02,0.16999999999999998,0.0060300639419725854,-0.018714522902945063,0.02474458684491765
1,real_rate_rise_top_10pct,market_observable,61,2022-05-05,2022-05-06,2,2022-05-05,1182,2022-05-05,2022-05-05,0.10999999999999999,-0.09309530611622563,-0.0038184194446895248,-0.0892768866715361
1,real_rate_rise_top_10pct,market_observable,62,2022-05-17,2022-05-17,1,2022-05-17,1190,2022-05-17,2022-05-17,0.07,0.01744193240531189,-0.006299094085683521,0.02374102649099541
1,real_rate_rise_top_10pct,market_observable,63,2022-05-19,2022-05-19,1,2022-05-19,1192,2022-05-19,2022-05-19,0.07999999999999999,0.02332326986318023,0.014590277160261067,0.008732992702919162
1,real_rate_rise_top_10pct,market_observable,64,2022-05-31,2022-06-01,2,2022-05-31,1199,2022-05-31,2022-05-31,0.09999999999999999,0.09082108336393446,-0.009942270255165475,0.10076335361909994
1,real_rate_rise_top_10pct,market_observable,65,2022-06-06,2022-06-06,1,2022-06-06,1203,2022-06-06,2022-06-06,0.060000000000000026,0.06221203800538966,-0.0044134478528645715,0.06662548585825423
1,real_rate_rise_top_10pct,market_observable,66,2022-06-10,2022-06-14,3,2022-06-13,1208,2022-06-13,2022-06-13,0.29999999999999993,-0.221766568159957,-0.026767358824472787,-0.1949992093354842
1,real_rate_rise_top_10pct,market_observable,67,2022-06-27,2022-06-28,2,2022-06-27,1217,2022-06-27,2022-06-27,0.08000000000000007,-0.01892328387559239,-0.0011176944418576085,-0.01780558943373478
1,real_rate_rise_top_10pct,market_observable,68,2022-07-06,2022-07-06,1,2022-07-06,1223,2022-07-06,2022-07-06,0.12,-0.0034208499734003084,-0.015969017587404544,0.012548167614004235
1,real_rate_rise_top_10pct,market_observable,69,2022-08-02,2022-08-02,1,2022-08-02,1242,2022-08-02,2022-08-02,0.18000000000000002,-0.00018123763570976337,-0.005955990148902579,0.005774752513192816
1,real_rate_rise_top_10pct,market_observable,70,2022-08-05,2022-08-05,1,2022-08-05,1245,2022-08-05,2022-08-05,0.15,0.0211521087956843,-0.011309781450743017,0.032461890246427316
1,real_rate_rise_top_10pct,market_observable,71,2022-08-19,2022-08-19,1,2022-08-19,1255,2022-08-19,2022-08-19,0.07,-0.0902795645879344,-0.007347552958115067,-0.08293201162981934
1,real_rate_rise_top_10pct,market_observable,72,2022-08-29,2022-08-29,1,2022-08-29,1261,2022-08-29,2022-08-29,0.07000000000000006,-0.02672411468373781,0.0006180465249858713,-0.02734216120872368
1,real_rate_rise_top_10pct,market_observable,73,2022-08-31,2022-09-01,2,2022-09-01,1264,2022-09-01,2022-09-01,0.14,-0.01780035902100252,-0.0088290234746502,-0.008971335546352321
1,real_rate_rise_top_10pct,market_observable,74,2022-09-06,2022-09-06,1,2022-09-06,1266,2022-09-06,2022-09-06,0.12,-0.05607841656098422,-0.005856578259355594,-0.05022183830162863
1,real_rate_rise_top_10pct,market_observable,75,2022-09-08,2022-09-08,1,2022-09-08,1268,2022-09-08,2022-09-08,0.06000000000000005,0.01877808976359674,-0.006020378897494183,0.024798468661090922
1,real_rate_rise_top_10pct,market_observable,76,2022-09-15,2022-09-15,1,2022-09-15,1273,2022-09-15,2022-09-15,0.07000000000000006,-0.008613648058666712,-0.018855801737618805,0.010242153678952093
1,real_rate_rise_top_10pct,market_observable,77,2022-09-19,2022-09-19,1,2022-09-19,1275,2022-09-19,2022-09-19,0.07999999999999985,-0.005240716949765911,0.0007697907679808935,-0.006010507717746805
1,real_rate_rise_top_10pct,market_observable,78,2022-09-22,2022-09-22,1,2022-09-22,1278,2022-09-22,2022-09-22,0.16000000000000014,0.016009345845827028,-0.0005778441890038621,0.01658719003483089
1,real_rate_rise_top_10pct,market_observable,79,2022-09-26,2022-09-27,2,2022-09-26,1280,2022-09-26,2022-09-26,0.24,0.020763324341324108,-0.01170141432179772,0.03246473866312183
1,real_rate_rise_top_10pct,market_observable,80,2022-09-29,2022-09-30,2,2022-09-29,1283,2022-09-29,2022-09-29,0.18000000000000016,-0.00739887352830948,-0.00019394717180531984,-0.00720492635650416
1,real_rate_rise_top_10pct,market_observable,81,2022-10-05,2022-10-06,2,2022-10-05,1287,2022-10-05,2022-10-05,0.16000000000000014,-0.005096026140927634,-0.005553659432976588,0.0004576332920489534
1,real_rate_rise_top_10pct,market_observable,82,2022-10-19,2022-10-19,1,2022-10-19,1297,2022-10-19,2022-10-19,0.11999999999999988,0.0007199068593362057,-0.013488925988339062,0.014208832847675268
1,real_rate_rise_top_10pct,market_observable,83,2022-10-31,2022-10-31,1,2022-10-31,1305,2022-10-31,2022-10-31,0.07000000000000006,-0.011606106861037802,-0.008194886192774753,-0.0034112206682630486
1,real_rate_rise_top_10pct,market_observable,84,2022-11-03,2022-11-03,1,2022-11-03,1308,2022-11-03,2022-11-03,0.16999999999999993,0.0005849943925912982,-0.0038132974339371017,0.0043982918265284
1,real_rate_rise_top_10pct,market_observable,85,2022-11-09,2022-11-09,1,2022-11-09,1312,2022-11-09,2022-11-09,0.06000000000000005,-0.11186746616524879,-0.00502989475916138,-0.1068375714060874
1,real_rate_rise_top_10pct,market_observable,86,2022-11-14,2022-11-14,1,2022-11-14,1315,2022-11-14,2022-11-14,0.08000000000000007,-0.02128326416445603,0.002185266227277438,-0.023468530391733466
1,real_rate_rise_top_10pct,market_observable,87,2022-11-17,2022-11-18,2,2022-11-17,1318,2022-11-17,2022-11-17,0.1100000000000001,0.00673688960142016,-0.007293959961672591,0.014030849563092751
1,real_rate_rise_top_10pct,market_observable,88,2022-11-28,2022-11-29,2,2022-11-29,1325,2022-11-29,2022-11-29,0.07000000000000006,0.014619794366815597,0.004928261563008185,0.009691532803807412
1,real_rate_rise_top_10pct,market_observable,89,2022-12-05,2022-12-05,1,2022-12-05,1329,2022-12-05,2022-12-05,0.1299999999999999,-0.005360329884922521,-0.017307805302720247,0.011947475417797726
1,real_rate_rise_top_10pct,market_observable,90,2022-12-09,2022-12-09,1,2022-12-09,1333,2022-12-09,2022-12-09,0.1100000000000001,-0.005516496083549427,0.0035378943750199454,-0.009054390458569372
1,real_rate_rise_top_10pct,market_observable,91,2022-12-16,2022-12-19,2,2022-12-16,1338,2022-12-16,2022-12-16,0.07000000000000006,-0.031741049411952105,0.008671019495159804,-0.04041206890711191
1,real_rate_rise_top_10pct,market_observable,92,2022-12-22,2022-12-23,2,2022-12-22,1342,2022-12-22,2022-12-22,0.07000000000000006,-7.270191918529179e-05,-0.01215898016893302,0.012086278249747728
1,real_rate_rise_top_10pct,market_observable,93,2023-01-10,2023-01-10,1,2023-01-10,1353,2023-01-10,2023-01-10,0.06000000000000005,0.014793677376305325,0.0036693044744913195,0.011124372901814006
1,real_rate_rise_top_10pct,market_observable,94,2023-01-13,2023-01-13,1,2023-01-13,1356,2023-01-13,2023-01-13,0.09000000000000008,0.022110367151942256,0.01193033370259311,0.010180033449349146
1,real_rate_rise_top_10pct,market_observable,95,2023-01-20,2023-01-20,1,2023-01-20,1360,2023-01-20,2023-01-20,0.06000000000000005,0.05470057174301246,-0.0033409804213135885,0.05804155216432605
1,real_rate_rise_top_10pct,market_observable,96,2023-01-30,2023-01-30,1,2023-01-30,1366,2023-01-30,2023-01-30,0.07000000000000006,-0.017945037631319494,-0.0025700149312912757,-0.015375022700028218
1,real_rate_rise_top_10pct,market_observable,97,2023-02-03,2023-02-06,2,2023-02-03,1370,2023-02-03,2023-02-03,0.13000000000000012,-0.02266969521278206,-0.025274496401227253,0.002604801188445194
1,real_rate_rise_top_10pct,market_observable,98,2023-02-10,2023-02-10,1,2023-02-10,1375,2023-02-10,2023-02-10,0.06999999999999984,-0.012297614242811505,0.0019053779351274613,-0.014202992177938967
1,real_rate_rise_top_10pct,market_observable,99,2023-02-21,2023-02-21,1,2023-02-21,1381,2023-02-21,2023-02-21,0.07000000000000006,-0.014471525183790135,-0.0037440046605539123,-0.010727520523236223
1,real_rate_rise_top_10pct,market_observable,100,2023-02-24,2023-02-24,1,2023-02-24,1384,2023-02-24,2023-02-24,0.08000000000000007,-0.030970242312047702,-0.0072206822499252254,-0.023749560062122477
1,real_rate_rise_top_10pct,market_observable,101,2023-03-01,2023-03-01,1,2023-03-01,1387,2023-03-01,2023-03-01,0.08000000000000007,0.00645254447831789,0.0057555556009338815,0.0006969888773840083
1,real_rate_rise_top_10pct,market_observable,102,2023-03-07,2023-03-08,2,2023-03-07,1391,2023-03-07,2023-03-07,0.10000000000000009,-0.013355056570015122,-0.017635068390636555,0.004280011820621432
1,real_rate_rise_top_10pct,market_observable,103,2023-03-16,2023-03-16,1,2023-03-16,1398,2023-03-16,2023-03-16,0.1200000000000001,0.02365083462190576,0.0020180543660703876,0.02163278025583537
1,real_rate_rise_top_10pct,market_observable,104,2023-03-27,2023-03-27,1,2023-03-27,1405,2023-03-27,2023-03-27,0.13000000000000012,-0.031126875336280335,-0.009299831745516407,-0.021827043590763928
1,real_rate_rise_top_10pct,market_observable,105,2023-04-10,2023-04-10,1,2023-04-10,1414,2023-04-10,2023-04-10,0.07999999999999985,0.04040638616085168,-0.007427401530065936,0.04783378769091762
1,real_rate_rise_top_10pct,market_observable,106,2023-04-14,2023-04-17,2,2023-04-14,1418,2023-04-14,2023-04-14,0.06000000000000005,-0.00036400072806408446,-0.01786901721989853,0.017505016491834446
1,real_rate_rise_top_10pct,market_observable,107,2023-04-27,2023-04-27,1,2023-04-27,1427,2023-04-27,2023-04-27,0.08000000000000007,0.0622085542386106,5.4098929280321784e-05,0.06215445530933028
1,real_rate_rise_top_10pct,market_observable,108,2023-05-01,2023-05-01,1,2023-05-01,1429,2023-05-01,2023-05-01,0.10000000000000009,-0.051966603714742376,-0.004501468248395035,-0.04746513546634734
1,real_rate_rise_top_10pct,market_observable,109,2023-05-08,2023-05-08,1,2023-05-08,1434,2023-05-08,2023-05-08,0.06000000000000005,-0.07810108548285655,0.0012261535425386327,-0.07932723902539518
1,real_rate_rise_top_10pct,market_observable,110,2023-05-18,2023-05-18,1,2023-05-18,1442,2023-05-18,2023-05-18,0.06999999999999984,-0.0240621670962593,-0.013057794413406931,-0.01100437268285237
1,real_rate_rise_top_10pct,market_observable,111,2023-05-25,2023-05-25,1,2023-05-25,1447,2023-05-25,2023-05-25,0.10000000000000009,0.008206641493858413,-0.009664579046816613,0.017871220540675026
1,real_rate_rise_top_10pct,market_observable,112,2023-06-02,2023-06-02,1,2023-06-02,1452,2023-06-02,2023-06-02,0.06000000000000005,0.01391290851209348,-0.014857275420165017,0.028770183932258497
1,real_rate_rise_top_10pct,market_observable,113,2023-06-07,2023-06-07,1,2023-06-07,1455,2023-06-07,2023-06-07,0.08000000000000007,-0.022318385118838435,-0.012083252758881002,-0.010235132359957433
1,real_rate_rise_top_10pct,market_observable,114,2023-06-13,2023-06-13,1,2023-06-13,1459,2023-06-13,2023-06-13,0.07999999999999985,0.00303903065412392,-0.0073948331208413265,0.010433863774965246
1,real_rate_rise_top_10pct,market_observable,115,2023-06-29,2023-06-29,1,2023-06-29,1470,2023-06-29,2023-06-29,0.11999999999999988,0.015984526207954985,-0.0010723394318450374,0.017056865639800023
1,real_rate_rise_top_10pct,market_observable,116,2023-07-05,2023-07-06,2,2023-07-06,1474,2023-07-06,2023-07-06,0.09000000000000008,-0.004019311381803448,-0.002984649764026237,-0.0010346616177772106
1,real_rate_rise_top_10pct,market_observable,117,2023-07-14,2023-07-14,1,2023-07-14,1480,2023-07-14,2023-07-14,0.07000000000000006,-0.0483176124212612,-0.003191736429074332,-0.04512587599218687
1,real_rate_rise_top_10pct,market_observable,118,2023-07-27,2023-07-27,1,2023-07-27,1489,2023-07-27,2023-07-27,0.1399999999999999,-0.008131075625700035,-0.015836715414990543,0.007705639789290508
1,real_rate_rise_top_10pct,market_observable,119,2023-08-01,2023-08-01,1,2023-08-01,1492,2023-08-01,2023-08-01,0.07999999999999985,0.004002270543052688,-0.010418766955582193,0.014421037498634881
1,real_rate_rise_top_10pct,market_observable,120,2023-08-03,2023-08-03,1,2023-08-03,1494,2023-08-03,2023-08-03,0.1100000000000001,0.004440999349824892,-0.000334202918323534,0.004775202268148426
1,real_rate_rise_top_10pct,market_observable,121,2023-08-10,2023-08-10,1,2023-08-10,1499,2023-08-10,2023-08-10,0.10000000000000009,0.0009619317389688575,-0.0010691758408611918,0.0020311075798300493
1,real_rate_rise_top_10pct,market_observable,122,2023-08-16,2023-08-16,1,2023-08-16,1503,2023-08-16,2023-08-16,0.07000000000000006,-0.002403016796879598,-0.005792775189195076,0.0033897583923154784
1,real_rate_rise_top_10pct,market_observable,123,2023-08-21,2023-08-21,1,2023-08-21,1506,2023-08-21,2023-08-21,0.06000000000000005,0.001254535489945141,0.0027339296425665793,-0.0014793941526214383
1,real_rate_rise_top_10pct,market_observable,124,2023-08-24,2023-08-24,1,2023-08-24,1509,2023-08-24,2023-08-24,0.06999999999999984,-0.022501564028006626,-0.0002248455933200333,-0.022276718434686593
1,real_rate_rise_top_10pct,market_observable,125,2023-09-01,2023-09-05,2,2023-09-01,1515,2023-09-01,2023-09-01,0.06999999999999984,-0.019964205686907377,0.0004997991755413267,-0.020464004862448704
1,real_rate_rise_top_10pct,market_observable,126,2023-09-21,2023-09-21,1,2023-09-21,1528,2023-09-21,2023-09-21,0.10999999999999988,-0.012354593123170332,-0.007274811145922655,-0.005079781977247677
1,real_rate_rise_top_10pct,market_observable,127,2023-09-25,2023-09-25,1,2023-09-25,1530,2023-09-25,2023-09-25,0.11000000000000032,-0.007877943464331238,-0.005163898932471156,-0.0027140445318600825
1,real_rate_rise_top_10pct,market_observable,128,2023-10-02,2023-10-03,2,2023-10-03,1536,2023-10-03,2023-10-03,0.11000000000000032,-0.024983196554416054,-0.002892421000057155,-0.0220907755543589
1,real_rate_rise_top_10pct,market_observable,129,2023-10-06,2023-10-06,1,2023-10-06,1539,2023-10-06,2023-10-06,0.06000000000000005,0.017360179470209403,0.0051398519222738415,0.012220327547935561
1,real_rate_rise_top_10pct,market_observable,130,2023-10-12,2023-10-12,1,2023-10-12,1543,2023-10-12,2023-10-12,0.10000000000000009,-0.0018804667811043174,-0.003054310387323511,0.0011738436062191937
1,real_rate_rise_top_10pct,market_observable,131,2023-10-17,2023-10-17,1,2023-10-17,1546,2023-10-17,2023-10-17,0.08999999999999986,0.0016709567559800576,0.0018525567250016195,-0.00018159996902156195
1,real_rate_rise_top_10pct,market_observable,132,2023-10-25,2023-10-25,1,2023-10-25,1552,2023-10-25,2023-10-25,0.08999999999999986,0.027492486615967593,0.004199991317573648,0.023292495298393945
1,real_rate_rise_top_10pct,market_observable,133,2023-11-06,2023-11-06,1,2023-11-06,1560,2023-11-06,2023-11-06,0.06999999999999984,0.014140211412659198,-0.00782308105070495,0.021963292463364148
1,real_rate_rise_top_10pct,market_observable,134,2023-11-09,2023-11-09,1,2023-11-09,1563,2023-11-09,2023-11-09,0.14000000000000012,0.025921117218688394,0.0039750574137906725,0.021946059804897722
1,real_rate_rise_top_10pct,market_observable,135,2023-11-15,2023-11-15,1,2023-11-15,1567,2023-11-15,2023-11-15,0.06000000000000005,0.061683654849778335,-0.0026390807860945387,0.06432273563587287
1,real_rate_rise_top_10pct,market_observable,136,2023-11-30,2023-11-30,1,2023-11-30,1577,2023-11-30,2023-11-30,0.08000000000000007,0.0015394448573662345,-0.004176660491013173,0.005716105348379408
1,real_rate_rise_top_10pct,market_observable,137,2023-12-04,2023-12-04,1,2023-12-04,1579,2023-12-04,2023-12-04,0.06999999999999984,0.07492239495505082,-0.021850417580745685,0.0967728125357965
1,real_rate_rise_top_10pct,market_observable,138,2024-01-04,2024-01-05,2,2024-01-04,1600,2024-01-04,2024-01-04,0.06000000000000005,0.03207886765969725,0.001004108607433274,0.03107475905226398
1,real_rate_rise_top_10pct,market_observable,139,2024-01-16,2024-01-16,1,2024-01-16,1607,2024-01-16,2024-01-16,0.08000000000000007,-0.010440215768699801,-0.00953348146491706,-0.0009067343037827413
1,real_rate_rise_top_10pct,market_observable,140,2024-02-02,2024-02-05,2,2024-02-02,1620,2024-02-02,2024-02-02,0.14000000000000012,-0.0013768479574132186,-0.009498266920116016,0.008121418962702798
1,real_rate_rise_top_10pct,market_observable,141,2024-02-13,2024-02-13,1,2024-02-13,1627,2024-02-13,2024-02-13,0.09000000000000008,-0.015338826726978283,-0.013884637194948368,-0.0014541895320299147
1,real_rate_rise_top_10pct,market_observable,142,2024-03-14,2024-03-14,1,2024-03-14,1648,2024-03-14,2024-03-14,0.10000000000000009,-0.055127864218123435,-0.004183879789555256,-0.05094398442856818
1,real_rate_rise_top_10pct,market_observable,143,2024-04-01,2024-04-01,1,2024-04-01,1659,2024-04-01,2024-04-01,0.10000000000000009,-0.01638029573741484,0.01015632882706452,-0.02653662456447936
1,real_rate_rise_top_10pct,market_observable,144,2024-04-10,2024-04-10,1,2024-04-10,1666,2024-04-10,2024-04-10,0.1499999999999999,0.01557671374364844,-0.009508923035404848,0.02508563677905329
1,real_rate_rise_top_10pct,market_observable,145,2024-04-15,2024-04-15,1,2024-04-15,1669,2024-04-15,2024-04-15,0.0900000000000003,-0.05445838259556446,0.0185461080043563,-0.07300449059992076
1,real_rate_rise_top_10pct,market_observable,146,2024-05-23,2024-05-23,1,2024-05-23,1697,2024-05-23,2024-05-23,0.06999999999999984,-0.035629978235300896,-0.020146148039186684,-0.015483830196114212
1,real_rate_rise_top_10pct,market_observable,147,2024-05-28,2024-05-28,1,2024-05-28,1699,2024-05-28,2024-05-28,0.06000000000000005,-0.010058230680712654,0.01045829379441443,-0.020516524475127085
1,real_rate_rise_top_10pct,market_observable,148,2024-06-07,2024-06-07,1,2024-06-07,1707,2024-06-07,2024-06-07,0.1299999999999999,-0.017526256485439262,-0.03633551284065817,0.018809256355218906
1,real_rate_rise_top_10pct,market_observable,149,2024-07-01,2024-07-01,1,2024-07-01,1722,2024-07-01,2024-07-01,0.08000000000000007,0.050323340038337605,0.0026012036358746826,0.04772213640246292
1,real_rate_rise_top_10pct,market_observable,150,2024-08-06,2024-08-07,2,2024-08-06,1747,2024-08-06,2024-08-06,0.07000000000000006,0.059885419758229474,-0.008032891286850585,0.06791831104508006
1,real_rate_rise_top_10pct,market_observable,151,2024-09-25,2024-09-25,1,2024-09-25,1782,2024-09-25,2024-09-25,0.06000000000000005,-0.01742895554754398,-0.001382723256375229,-0.01604623229116875
1,real_rate_rise_top_10pct,market_observable,152,2024-10-04,2024-10-04,1,2024-10-04,1789,2024-10-04,2024-10-04,0.1100000000000001,0.021588469295661383,-0.0019980250389979304,0.023586494334659314
1,real_rate_rise_top_10pct,market_observable,153,2024-10-21,2024-10-21,1,2024-10-21,1800,2024-10-21,2024-10-21,0.10999999999999988,-0.012378358856160787,-0.00019902108052338718,-0.0121793377756374
1,real_rate_rise_top_10pct,market_observable,154,2024-11-01,2024-11-01,1,2024-11-01,1809,2024-11-01,2024-11-01,0.09000000000000008,-0.011826624443209255,-0.004110813705941574,-0.007715810737267681
1,real_rate_rise_top_10pct,market_observable,155,2024-11-12,2024-11-12,1,2024-11-12,1816,2024-11-12,2024-11-12,0.13000000000000012,0.02890708116492391,-0.008668821068980037,0.037575902233903946
1,real_rate_rise_top_10pct,market_observable,156,2024-12-13,2024-12-13,1,2024-12-13,1838,2024-12-13,2024-12-13,0.06999999999999984,0.016380378489548875,-0.012165276223374377,0.028545654712923252
1,real_rate_rise_top_10pct,market_observable,157,2024-12-18,2024-12-19,2,2024-12-19,1842,2024-12-19,2024-12-19,0.09999999999999964,-0.04499608058006643,0.0014200879312813441,-0.04641616851134778
1,real_rate_rise_top_10pct,market_observable,158,2025-01-10,2025-01-10,1,2025-01-10,1855,2025-01-10,2025-01-10,0.06999999999999984,0.007283849888439775,0.009512918374949386,-0.002229068486509611
1,real_rate_rise_top_10pct,market_observable,159,2025-02-12,2025-02-12,1,2025-02-12,1877,2025-02-12,2025-02-12,0.08000000000000007,0.017902066154984908,0.0010466070727144228,0.016855459082270485
1,real_rate_rise_top_10pct,market_observable,160,2025-02-18,2025-02-18,1,2025-02-18,1880,2025-02-18,2025-02-18,0.06000000000000005,-0.031344694957537556,0.016425269144477284,-0.04776996410201484
1,real_rate_rise_top_10pct,market_observable,161,2025-03-04,2025-03-05,2,2025-03-04,1890,2025-03-04,2025-03-04,0.07000000000000006,0.008690433125932984,0.008660029400338942,3.0403725594041475e-05
1,real_rate_rise_top_10pct,market_observable,162,2025-03-11,2025-03-11,1,2025-03-11,1895,2025-03-11,2025-03-11,0.06000000000000005,0.04987527315749318,0.011659306390657598,0.038215966766835585
1,real_rate_rise_top_10pct,market_observable,163,2025-03-24,2025-03-24,1,2025-03-24,1904,2025-03-24,2025-03-24,0.06000000000000005,0.049559457441430865,-0.004462490783133433,0.0540219482245643
1,real_rate_rise_top_10pct,market_observable,164,2025-04-07,2025-04-08,2,2025-04-07,1914,2025-04-07,2025-04-07,0.1299999999999999,-0.07255622973548093,-0.02171998668570385,-0.050836243049777075
1,real_rate_rise_top_10pct,market_observable,165,2025-04-10,2025-04-11,2,2025-04-10,1917,2025-04-10,2025-04-10,0.14000000000000012,-0.03315180882117197,0.024130092886814225,-0.057281901707986194
1,real_rate_rise_top_10pct,market_observable,166,2025-04-21,2025-04-21,1,2025-04-21,1923,2025-04-21,2025-04-21,0.0900000000000003,0.029794126831747647,0.030466725196562017,-0.0006725983648143696
1,real_rate_rise_top_10pct,market_observable,167,2025-05-01,2025-05-02,2,2025-05-01,1931,2025-05-01,2025-05-01,0.06000000000000005,0.0248734117832079,-0.020991066503797562,0.04586447828700546
1,real_rate_rise_top_10pct,market_observable,168,2025-05-08,2025-05-08,1,2025-05-08,1936,2025-05-08,2025-05-08,0.07000000000000028,0.05186497540512036,-0.01989078892817897,0.07175576433329933
1,real_rate_rise_top_10pct,market_observable,169,2025-05-12,2025-05-12,1,2025-05-12,1938,2025-05-12,2025-05-12,0.08000000000000007,-0.01296468239772608,-0.02859555174099615,0.01563086934327007
1,real_rate_rise_top_10pct,market_observable,170,2025-05-21,2025-05-21,1,2025-05-21,1945,2025-05-21,2025-05-21,0.10000000000000009,0.014630118556452132,0.007351594562024388,0.0072785239944277436
1,real_rate_rise_top_10pct,market_observable,171,2025-06-02,2025-06-02,1,2025-06-02,1952,2025-06-02,2025-06-02,0.06000000000000005,-0.0020553312546045532,0.026233913208447035,-0.028289244463051588
1,real_rate_rise_top_10pct,market_observable,172,2025-06-06,2025-06-06,1,2025-06-06,1956,2025-06-06,2025-06-06,0.0900000000000003,0.022365352832439456,-0.013506882324947789,0.035872235157387244
1,real_rate_rise_top_10pct,market_observable,173,2025-07-23,2025-07-23,1,2025-07-23,1987,2025-07-23,2025-07-23,0.06999999999999984,-0.007476354979258915,-0.012478717461641864,0.005002362482382949
1,real_rate_rise_top_10pct,market_observable,174,2025-10-29,2025-10-29,1,2025-10-29,2056,2025-10-29,2025-10-29,0.07000000000000006,-0.027184962897468523,-0.0037944582730187193,-0.023390504624449804
1,real_rate_rise_top_10pct,market_observable,175,2025-11-05,2025-11-05,1,2025-11-05,2061,2025-11-05,2025-11-05,0.06000000000000005,0.030070700316388255,0.011498013266248108,0.018572687050140146
1,real_rate_rise_top_10pct,market_observable,176,2025-12-01,2025-12-01,1,2025-12-01,2078,2025-12-01,2025-12-01,0.06000000000000005,-0.05840656577718306,0.004809481913079061,-0.06321604769026212
1,real_rate_rise_top_10pct,market_observable,177,2026-01-20,2026-01-20,1,2026-01-20,2111,2026-01-20,2026-01-20,0.06000000000000005,-0.06283771274357086,0.03713794462564746,-0.09997565736921832
1,real_rate_rise_top_10pct,market_observable,178,2026-03-20,2026-03-20,1,2026-03-20,2153,2026-03-20,2026-03-20,0.1299999999999999,-0.0013406922699115142,-0.031034054726858606,0.029693362456947092
1,real_rate_rise_top_10pct,market_observable,179,2026-03-26,2026-03-26,1,2026-03-26,2157,2026-03-26,2026-03-26,0.06000000000000005,-0.03369977367135846,-0.03831884826591203,0.004619074594553574
1,real_rate_rise_top_10pct,market_observable,180,2026-05-15,2026-05-15,1,2026-05-15,2192,2026-05-15,2026-05-15,0.10000000000000009,-0.028317307057928787,-0.023494231397838128,-0.004823075660090659
1,real_rate_rise_top_10pct,market_observable,181,2026-06-05,2026-06-05,1,2026-06-05,2206,2026-06-05,2026-06-05,0.08000000000000007,-0.05373922954098198,-0.03722984276849228,-0.016509386772489698
1,real_rate_rise_top_10pct,market_observable,182,2026-06-17,2026-06-17,1,2026-06-17,2214,2026-06-17,2026-06-17,0.08999999999999986,-0.021143484845708826,-0.022971384282330476,0.0018278994366216494
1,real_rate_rise_top_10pct,market_observable,183,2026-06-22,2026-06-22,1,2026-06-22,2216,2026-06-22,2026-06-22,0.06999999999999984,0.02388562134746053,-0.006556887617395368,0.030442508964855897
1,real_rate_rise_top_10pct,market_observable,184,2026-07-31,2026-07-31,1,2026-07-31,2244,2026-07-31,2026-07-31,0.06000000000000005,-0.028615420205847286,-0.015012957345256872,-0.013602462860590414
1,hy_oas_recent_widening_top_10pct,recent_window_only,1,2023-09-21,2023-09-21,1,2023-09-21,1528,2023-09-21,2023-09-21,0.1200000000000001,-0.012354593123170332,-0.007274811145922655,-0.005079781977247677
1,hy_oas_recent_widening_top_10pct,recent_window_only,2,2023-09-26,2023-09-26,1,2023-09-26,1531,2023-09-26,2023-09-26,0.06999999999999984,-0.0032004871789030886,-0.008023084937964775,0.004822597759061686
1,hy_oas_recent_widening_top_10pct,recent_window_only,3,2023-10-02,2023-10-04,3,2023-10-03,1536,2023-10-03,2023-10-03,0.14999999999999947,-0.024983196554416054,-0.002892421000057155,-0.0220907755543589
1,hy_oas_recent_widening_top_10pct,recent_window_only,4,2023-10-18,2023-10-18,1,2023-10-18,1547,2023-10-18,2023-10-18,0.07000000000000028,-0.00954305973339764,0.014367113783494645,-0.023910173516892286
1,hy_oas_recent_widening_top_10pct,recent_window_only,5,2023-10-20,2023-10-20,1,2023-10-20,1549,2023-10-20,2023-10-20,0.14999999999999947,0.027805602397920737,0.002727175302074336,0.0250784270958464
1,hy_oas_recent_widening_top_10pct,recent_window_only,6,2023-10-26,2023-10-26,1,2023-10-26,1553,2023-10-26,2023-10-26,0.1299999999999999,-0.020195340357805236,0.001577208003793018,-0.021772548361598254
1,hy_oas_recent_widening_top_10pct,recent_window_only,7,2023-11-07,2023-11-07,1,2023-11-07,1561,2023-11-07,2023-11-07,0.08000000000000007,0.01687672362643866,-0.004153745714032375,0.021030469340471036
1,hy_oas_recent_widening_top_10pct,recent_window_only,8,2023-11-16,2023-11-16,1,2023-11-16,1568,2023-11-16,2023-11-16,0.12999999999999945,-0.042900943351925847,0.011222864579353953,-0.0541238079312798
1,hy_oas_recent_widening_top_10pct,recent_window_only,9,2024-01-02,2024-01-03,2,2024-01-02,1598,2024-01-02,2024-01-02,0.20000000000000018,0.06363471972523804,-0.0023566846852940415,0.06599140441053208
1,hy_oas_recent_widening_top_10pct,recent_window_only,10,2024-01-31,2024-01-31,1,2024-01-31,1618,2024-01-31,2024-01-31,0.16999999999999993,-0.02369176721849975,-0.0007426235867571407,-0.022949143631742608
1,hy_oas_recent_widening_top_10pct,recent_window_only,11,2024-04-02,2024-04-02,1,2024-04-02,1660,2024-04-02,2024-04-02,0.10999999999999988,-0.055089460574896165,0.014664311961913867,-0.06975377253681003
1,hy_oas_recent_widening_top_10pct,recent_window_only,12,2024-04-12,2024-04-12,1,2024-04-12,1668,2024-04-12,2024-04-12,0.08999999999999986,-0.05267924225677767,-0.013327746093359849,-0.03935149616341782
1,hy_oas_recent_widening_top_10pct,recent_window_only,13,2024-04-16,2024-04-16,1,2024-04-16,1670,2024-04-16,2024-04-16,0.08000000000000007,-0.009199689014268486,0.0012212692273934067,-0.010420958241661893
1,hy_oas_recent_widening_top_10pct,recent_window_only,14,2024-06-13,2024-06-14,2,2024-06-13,1711,2024-06-13,2024-06-13,0.11000000000000032,-0.013850396749399252,-0.008183543017197259,-0.005666853732201993
1,hy_oas_recent_widening_top_10pct,recent_window_only,15,2024-07-24,2024-07-24,1,2024-07-24,1738,2024-07-24,2024-07-24,0.08000000000000007,0.0017686072109750484,-0.0035105070964620566,0.005279114307437105
1,hy_oas_recent_widening_top_10pct,recent_window_only,16,2024-07-30,2024-07-30,1,2024-07-30,1742,2024-07-30,2024-07-30,0.07000000000000028,-0.0205963594556291,0.009935936183544491,-0.03053229563917359
1,hy_oas_recent_widening_top_10pct,recent_window_only,17,2024-08-01,2024-08-05,3,2024-08-02,1745,2024-08-02,2024-08-02,0.3700000000000001,-0.012509406071474771,-0.001906444389298656,-0.010602961682176115
1,hy_oas_recent_widening_top_10pct,recent_window_only,18,2024-09-03,2024-09-03,1,2024-09-03,1766,2024-09-03,2024-09-03,0.18000000000000016,-0.011204440172322805,-0.004332950273532532,-0.006871489898790273
1,hy_oas_recent_widening_top_10pct,recent_window_only,19,2024-09-06,2024-09-06,1,2024-09-06,1769,2024-09-06,2024-09-06,0.10000000000000009,-0.04610053615848386,-0.007430165851405768,-0.038670370307078095
1,hy_oas_recent_widening_top_10pct,recent_window_only,20,2024-09-10,2024-09-10,1,2024-09-10,1771,2024-09-10,2024-09-10,0.10000000000000009,0.014994516930475044,0.004394427867848272,0.010600089062626772
1,hy_oas_recent_widening_top_10pct,recent_window_only,21,2024-10-31,2024-10-31,1,2024-10-31,1808,2024-10-31,2024-10-31,0.08000000000000007,-0.024381311506454395,-0.015616471787271102,-0.008764839719183293
1,hy_oas_recent_widening_top_10pct,recent_window_only,22,2024-11-15,2024-11-15,1,2024-11-15,1819,2024-11-15,2024-11-15,0.1200000000000001,0.04284477318475588,-0.0017736414154017055,0.044618414600157585
1,hy_oas_recent_widening_top_10pct,recent_window_only,23,2024-12-19,2024-12-19,1,2024-12-19,1842,2024-12-19,2024-12-19,0.18000000000000016,-0.04499608058006643,0.0014200879312813441,-0.04641616851134778
1,hy_oas_recent_widening_top_10pct,recent_window_only,24,2024-12-30,2024-12-30,1,2024-12-30,1848,2024-12-30,2024-12-30,0.10000000000000009,-0.002639328950383657,-0.00319477904087595,0.0005554500904922932
1,hy_oas_recent_widening_top_10pct,recent_window_only,25,2025-02-21,2025-02-21,1,2025-02-21,1883,2025-02-21,2025-02-21,0.11999999999999966,-0.03501156098902136,-0.0009229691054981615,-0.0340885918835232
1,hy_oas_recent_widening_top_10pct,recent_window_only,26,2025-03-03,2025-03-03,1,2025-03-03,1889,2025-03-03,2025-03-03,0.06999999999999984,0.022125068145001592,0.013094284775934106,0.009030783369067485
1,hy_oas_recent_widening_top_10pct,recent_window_only,27,2025-03-06,2025-03-06,1,2025-03-06,1892,2025-03-06,2025-03-06,0.11000000000000032,-0.016178745065822397,-0.005094160642131307,-0.01108458442369109
1,hy_oas_recent_widening_top_10pct,recent_window_only,28,2025-03-10,2025-03-10,1,2025-03-10,1894,2025-03-10,2025-03-10,0.18999999999999995,-0.09553789563127246,-0.008794495623059895,-0.08674340000821257
1,hy_oas_recent_widening_top_10pct,recent_window_only,29,2025-03-13,2025-03-13,1,2025-03-13,1897,2025-03-13,2025-03-13,0.19999999999999973,-0.03317414123733364,0.017600345742840418,-0.05077448698017406
1,hy_oas_recent_widening_top_10pct,recent_window_only,30,2025-03-26,2025-03-31,4,2025-03-28,1908,2025-03-28,2025-03-28,0.20000000000000018,-0.03827963045709026,0.007384788228781858,-0.04566441868587212
1,hy_oas_recent_widening_top_10pct,recent_window_only,31,2025-04-03,2025-04-07,3,2025-04-03,1912,2025-04-03,2025-04-03,0.5899999999999999,-0.0579198827744829,-0.00605658220441363,-0.05186330057006927
1,hy_oas_recent_widening_top_10pct,recent_window_only,32,2025-04-16,2025-04-16,1,2025-04-16,1921,2025-04-16,2025-04-16,0.07000000000000028,0.003986044575750469,0.03202257075367587,-0.028036526177925403
1,hy_oas_recent_widening_top_10pct,recent_window_only,33,2025-04-21,2025-04-21,1,2025-04-21,1923,2025-04-21,2025-04-21,0.14000000000000057,0.029794126831747647,0.030466725196562017,-0.0006725983648143696
1,hy_oas_recent_widening_top_10pct,recent_window_only,34,2025-04-30,2025-04-30,1,2025-04-30,1930,2025-04-30,2025-04-30,0.19999999999999973,-0.012127496450961672,-0.007510353244041923,-0.004617143206919749
1,hy_oas_recent_widening_top_10pct,recent_window_only,35,2025-05-15,2025-05-15,1,2025-05-15,1941,2025-05-15,2025-05-15,0.10000000000000009,-0.0015930922055034102,0.015837869719407927,-0.017430961924911337
1,hy_oas_recent_widening_top_10pct,recent_window_only,36,2025-05-22,2025-05-23,2,2025-05-23,1947,2025-05-23,2025-05-23,0.08000000000000007,-0.02250178965782368,0.021669792905121277,-0.044171582562944955
1,hy_oas_recent_widening_top_10pct,recent_window_only,37,2025-05-30,2025-05-30,1,2025-05-30,1951,2025-05-30,2025-05-30,0.08999999999999986,-0.01037456120253033,-0.006598665713002383,-0.0037758954895279473
1,hy_oas_recent_widening_top_10pct,recent_window_only,38,2025-06-17,2025-06-17,1,2025-06-17,1963,2025-06-17,2025-06-17,0.06999999999999984,-0.03718366645827409,0.0005130624809401851,-0.037696728939214275
1,hy_oas_recent_widening_top_10pct,recent_window_only,39,2025-08-01,2025-08-01,1,2025-08-01,1994,2025-08-01,2025-08-01,0.27,-0.030049135370356694,0.02009639782657313,-0.050145533196929826
1,hy_oas_recent_widening_top_10pct,recent_window_only,40,2025-08-29,2025-09-02,2,2025-09-02,2015,2025-09-02,2025-09-02,0.10000000000000009,0.023688656315290046,0.02336740250914282,0.0003212538061472259
1,hy_oas_recent_widening_top_10pct,recent_window_only,41,2025-10-09,2025-10-10,2,2025-10-10,2043,2025-10-10,2025-10-10,0.22999999999999998,-0.03611487858687745,0.010047058859954383,-0.046161937446831836
1,hy_oas_recent_widening_top_10pct,recent_window_only,42,2025-10-16,2025-10-16,1,2025-10-16,2047,2025-10-16,2025-10-16,0.08999999999999986,-0.028015395830854217,0.02311798516943142,-0.05113338100028564
1,hy_oas_recent_widening_top_10pct,recent_window_only,43,2025-10-30,2025-11-04,4,2025-11-03,2059,2025-11-03,2025-11-03,0.10000000000000009,-0.02929937293944107,0.001791298260436669,-0.03109067119987774
1,hy_oas_recent_widening_top_10pct,recent_window_only,44,2025-11-06,2025-11-06,1,2025-11-06,2062,2025-11-06,2025-11-06,0.08000000000000007,-0.02849693721243618,-0.0012012407765737976,-0.027295696435862382
1,hy_oas_recent_widening_top_10pct,recent_window_only,45,2025-11-13,2025-11-13,1,2025-11-13,2067,2025-11-13,2025-11-13,0.06999999999999984,-0.03382276393029038,-0.008115943871202624,-0.025706820059087754
1,hy_oas_recent_widening_top_10pct,recent_window_only,46,2025-11-18,2025-11-18,1,2025-11-18,2070,2025-11-18,2025-11-18,0.07000000000000028,0.009413847313343382,0.007238670232445621,0.002175177080897761
1,hy_oas_recent_widening_top_10pct,recent_window_only,47,2025-12-16,2025-12-16,1,2025-12-16,2089,2025-12-16,2025-12-16,0.06999999999999984,0.020607297307819294,0.000227429563539161,0.020379867744280133
1,hy_oas_recent_widening_top_10pct,recent_window_only,48,2026-01-20,2026-01-20,1,2026-01-20,2111,2026-01-20,2026-01-20,0.08000000000000007,-0.06283771274357086,0.03713794462564746,-0.09997565736921832
1,hy_oas_recent_widening_top_10pct,recent_window_only,49,2026-02-05,2026-02-05,1,2026-02-05,2123,2026-02-05,2026-02-05,0.11000000000000032,-0.1421355374821136,-0.02699275619765107,-0.11514278128446254
1,hy_oas_recent_widening_top_10pct,recent_window_only,50,2026-02-12,2026-02-12,1,2026-02-12,2128,2026-02-12,2026-02-12,0.08000000000000007,-0.03200261796108883,-0.03534565209196927,0.00334303413088044
1,hy_oas_recent_widening_top_10pct,recent_window_only,51,2026-02-23,2026-02-23,1,2026-02-23,2134,2026-02-23,2026-02-23,0.0900000000000003,-0.049581660840985364,0.026657023717321593,-0.07623868455830696
1,hy_oas_recent_widening_top_10pct,recent_window_only,52,2026-02-27,2026-02-27,1,2026-02-27,2138,2026-02-27,2026-02-27,0.1200000000000001,-0.02735930719235391,0.013045947108173195,-0.040405254300527105
1,hy_oas_recent_widening_top_10pct,recent_window_only,53,2026-03-06,2026-03-06,1,2026-03-06,2143,2026-03-06,2026-03-06,0.1299999999999999,-0.044866300154925653,0.015708476698148566,-0.06057477685307422
1,hy_oas_recent_widening_top_10pct,recent_window_only,54,2026-03-12,2026-03-13,2,2026-03-13,2148,2026-03-13,2026-03-13,0.10999999999999988,0.010699406535595202,-0.01302137256955227,0.02372077910514747
1,hy_oas_recent_widening_top_10pct,recent_window_only,55,2026-03-19,2026-03-19,1,2026-03-19,2152,2026-03-19,2026-03-19,0.06999999999999984,-0.011325367941392273,-0.04208848647076113,0.03076311852936886
1,hy_oas_recent_widening_top_10pct,recent_window_only,56,2026-03-27,2026-03-27,1,2026-03-27,2158,2026-03-27,2026-03-27,0.20999999999999996,-0.03706490973446641,0.03449209165387579,-0.0715570013883422
1,hy_oas_recent_widening_top_10pct,recent_window_only,57,2026-04-07,2026-04-07,1,2026-04-07,2164,2026-04-07,2026-04-07,0.07000000000000028,-0.010497044115769683,0.009680581273932454,-0.020177625389702136
1,hy_oas_recent_widening_top_10pct,recent_window_only,58,2026-07-23,2026-07-23,1,2026-07-23,2238,2026-07-23,2026-07-23,0.08999999999999986,-0.01646070679419509,-0.020250095841770843,0.003789389047575753
5,equity_bottom_10pct,market_observable,1,2018-02-02,2018-02-07,4,2018-02-05,106,2018-01-30,2018-02-05,-0.07439726436716043,-0.4507378762975698,-0.0050381858582504435,-0.44569969043931934
5,equity_bottom_10pct,market_observable,2,2018-03-19,2018-03-28,5,2018-03-23,133,2018-03-19,2018-03-23,-0.06134571851439308,0.010235425158739986,0.02387014842169588,-0.013634723262955895
5,equity_bottom_10pct,market_observable,3,2018-04-24,2018-04-25,2,2018-04-24,154,2018-04-18,2018-04-24,-0.026899458404296084,0.18266016680311736,-0.011969562725258065,0.19462972952837543
5,equity_bottom_10pct,market_observable,4,2018-10-10,2018-10-15,4,2018-10-11,273,2018-10-05,2018-10-11,-0.061561394072265685,-0.047929908619515516,0.02006518858518902,-0.06799509720470454
5,equity_bottom_10pct,market_observable,5,2018-10-23,2018-10-29,4,2018-10-24,282,2018-10-18,2018-10-24,-0.05604442352086991,-0.0210628802753714,0.0074855391858204,-0.0285484194611918
5,equity_bottom_10pct,market_observable,6,2018-11-14,2018-11-23,4,2018-11-14,297,2018-11-08,2018-11-14,-0.04073108062379571,-0.13056896110536442,-0.01205198964302756,-0.11851697146233686
5,equity_bottom_10pct,market_observable,7,2018-12-07,2018-12-26,10,2018-12-24,323,2018-12-18,2018-12-24,-0.07961662973409833,0.13266848305202217,0.018076022051313423,0.11459246100070875
5,equity_bottom_10pct,market_observable,8,2019-05-13,2019-05-13,1,2019-05-13,418,2019-05-07,2019-05-13,-0.04199532887534563,0.303790716214694,0.015278764795160882,0.2885119514195331
5,equity_bottom_10pct,market_observable,9,2019-05-29,2019-06-03,3,2019-06-03,432,2019-05-28,2019-06-03,-0.029302824872296185,0.06594698988954484,0.030926514099061997,0.03502047579048284
5,equity_bottom_10pct,market_observable,10,2019-08-02,2019-08-07,4,2019-08-05,476,2019-07-30,2019-08-05,-0.06010629686721636,0.2137623006702487,0.023943524856836262,0.18981877581341244
5,equity_bottom_10pct,market_observable,11,2019-08-15,2019-08-15,1,2019-08-15,484,2019-08-09,2019-08-15,-0.03128317611865139,-0.13906547505084532,0.013803962814230353,-0.15286943786507567
5,equity_bottom_10pct,market_observable,12,2019-10-02,2019-10-02,1,2019-10-02,517,2019-09-26,2019-10-02,-0.0331270244470101,-0.011180984238251312,-0.004027045122851902,-0.00715393911539941
5,equity_bottom_10pct,market_observable,13,2020-01-27,2020-01-27,1,2020-01-27,596,2020-01-21,2020-01-27,-0.02616511033862068,0.011944497209821492,0.01630785947904556,-0.004363362269224069
5,equity_bottom_10pct,market_observable,14,2020-02-24,2020-03-24,19,2020-03-12,628,2020-03-06,2020-03-12,-0.19804402545050426,-0.41164405687020533,-0.06356969726788186,-0.34807435960232347
5,equity_bottom_10pct,market_observable,15,2020-04-02,2020-04-02,1,2020-04-02,643,2020-03-27,2020-04-02,-0.040017206797765326,0.02130930252434382,-0.008782986258666803,0.030092288783010623
5,equity_bottom_10pct,market_observable,16,2020-04-21,2020-04-21,1,2020-04-21,655,2020-04-15,2020-04-21,-0.03923392448697616,-0.007869651480300277,-0.025336673253181452,0.017467021772881175
5,equity_bottom_10pct,market_observable,17,2020-05-06,2020-05-06,1,2020-05-06,666,2020-04-30,2020-05-06,-0.03147844620656315,0.05753813060077739,-0.017338583557113374,0.07487671415789077
5,equity_bottom_10pct,market_observable,18,2020-06-11,2020-06-16,4,2020-06-15,693,2020-06-09,2020-06-15,-0.05265560662146562,-0.028889883068774935,0.016209021764792553,-0.04509890483356749
5,equity_bottom_10pct,market_observable,19,2020-06-26,2020-06-26,1,2020-06-26,702,2020-06-22,2020-06-26,-0.029048399033722916,-0.015216132772712498,0.015186150011386346,-0.030402282784098844
5,equity_bottom_10pct,market_observable,20,2020-09-08,2020-09-11,4,2020-09-10,754,2020-09-03,2020-09-10,-0.0698691471541526,-0.10343062867614172,-0.0008764567369317078,-0.10255417193921001
5,equity_bottom_10pct,market_observable,21,2020-09-21,2020-09-24,4,2020-09-23,763,2020-09-17,2020-09-23,-0.04487639176863212,-0.06481172776544142,-0.051187492537083656,-0.013624235228357762
5,equity_bottom_10pct,market_observable,22,2020-10-19,2020-10-19,1,2020-10-19,781,2020-10-13,2020-10-19,-0.030830725777796886,0.012312463847836241,-0.012090957646247347,0.024403421494083588
5,equity_bottom_10pct,market_observable,23,2020-10-28,2020-11-02,4,2020-10-30,790,2020-10-26,2020-10-30,-0.05804742800223828,0.04668466416132233,-0.013752907933018754,0.060437572094341085
5,equity_bottom_10pct,market_observable,24,2021-01-27,2021-01-29,2,2021-01-29,851,2021-01-25,2021-01-29,-0.033681024647505,0.03153356263882934,-0.007445668327775934,0.03897923096660527
5,equity_bottom_10pct,market_observable,25,2021-03-03,2021-03-03,1,2021-03-03,873,2021-02-25,2021-03-03,-0.02729877787117907,0.028564018332346564,-0.05085741856253634,0.0794214368948829
5,equity_bottom_10pct,market_observable,26,2021-05-12,2021-05-12,1,2021-05-12,922,2021-05-06,2021-05-12,-0.025406469191203485,-0.048391021210322904,0.018715313395986755,-0.06710633460630966
5,equity_bottom_10pct,market_observable,27,2021-07-19,2021-07-19,1,2021-07-19,968,2021-07-13,2021-07-19,-0.029190606349237314,-0.06540274389247358,0.003602972559233031,-0.06900571645170661
5,equity_bottom_10pct,market_observable,28,2021-09-20,2021-09-20,1,2021-09-20,1012,2021-09-14,2021-09-20,-0.02515297234779368,-0.020124410531913384,-0.016833408097357783,-0.003291002434555601
5,equity_bottom_10pct,market_observable,29,2021-09-30,2021-10-04,2,2021-10-04,1022,2021-09-28,2021-10-04,-0.03263258797156254,0.13807052227614847,0.010456029733204808,0.12761449254294366
5,equity_bottom_10pct,market_observable,30,2021-11-30,2021-12-02,3,2021-12-01,1063,2021-11-24,2021-12-01,-0.038610840962869375,-0.018203733845828296,-0.006717846215500423,-0.011485887630327873
5,equity_bottom_10pct,market_observable,31,2022-01-10,2022-01-10,1,2022-01-10,1090,2022-01-04,2022-01-10,-0.026677826065016674,-0.09604035774963826,-0.00041597983297148033,-0.09562437791666678
5,equity_bottom_10pct,market_observable,32,2022-01-19,2022-01-27,7,2022-01-21,1098,2022-01-14,2022-01-21,-0.05767102248925404,-0.10967815170153017,0.005450520018432492,-0.11512867171996266
5,equity_bottom_10pct,market_observable,33,2022-02-17,2022-02-24,3,2022-02-23,1120,2022-02-16,2022-02-23,-0.0564901565795779,-0.15830777969396692,0.02965747445375211,-0.18796525414771903
5,equity_bottom_10pct,market_observable,34,2022-03-07,2022-03-11,4,2022-03-07,1128,2022-03-01,2022-03-07,-0.040320189310998344,-0.10874059085620935,0.04403243491545439,-0.15277302577166374
5,equity_bottom_10pct,market_observable,35,2022-04-06,2022-04-12,3,2022-04-11,1153,2022-04-05,2022-04-11,-0.03782703017116518,-0.13851351049130223,0.011027294043513436,-0.14954080453481566
5,equity_bottom_10pct,market_observable,36,2022-04-22,2022-05-12,10,2022-05-11,1174,2022-05-05,2022-05-11,-0.08869793264948456,-0.30530500775626734,-0.01709636981646412,-0.2882086379398032
5,equity_bottom_10pct,market_observable,37,2022-05-20,2022-05-24,2,2022-05-24,1183,2022-05-18,2022-05-24,-0.036707469629247313,-0.023719221897238185,0.02795269024170466,-0.051671912138942844
5,equity_bottom_10pct,market_observable,38,2022-06-09,2022-06-17,7,2022-06-14,1197,2022-06-08,2022-06-14,-0.10780219806946967,-0.33622783407251866,-0.025593590408015565,-0.3106342436645031
5,equity_bottom_10pct,market_observable,39,2022-07-14,2022-07-14,1,2022-07-14,1217,2022-07-08,2022-07-14,-0.0291818445337384,-0.056784547436613764,-0.018037520491849257,-0.03874702694476451
5,equity_bottom_10pct,market_observable,40,2022-08-22,2022-09-06,10,2022-09-01,1252,2022-08-26,2022-09-01,-0.05690265065789113,-0.08373330395919787,-0.03656899590105045,-0.04716430805814742
5,equity_bottom_10pct,market_observable,41,2022-09-15,2022-09-30,10,2022-09-26,1268,2022-09-20,2022-09-26,-0.06484131055531606,-0.016150379347202204,-0.030797778651806773,0.01464739930460457
5,equity_bottom_10pct,market_observable,42,2022-10-11,2022-10-12,2,2022-10-12,1280,2022-10-06,2022-10-12,-0.05605851108551896,-0.04994185077658919,-0.0241936564744627,-0.025748194302126493
5,equity_bottom_10pct,market_observable,43,2022-11-04,2022-11-04,1,2022-11-04,1297,2022-10-31,2022-11-04,-0.034027431664481966,0.023939634673249444,0.021381155596036372,0.0025584790772130717
5,equity_bottom_10pct,market_observable,44,2022-12-07,2022-12-09,3,2022-12-07,1319,2022-12-01,2022-12-07,-0.036487564613201684,-0.016317579035977303,0.009180497378380004,-0.025498076414357307
5,equity_bottom_10pct,market_observable,45,2022-12-19,2022-12-21,3,2022-12-20,1328,2022-12-14,2022-12-20,-0.05052041767395288,-0.051414528925402436,0.0033769239141010488,-0.054791452839503485
5,equity_bottom_10pct,market_observable,46,2023-02-21,2023-02-24,4,2023-02-22,1370,2023-02-15,2023-02-22,-0.03570621387025419,0.06724891657759002,-0.017238261970034863,0.08448717854762489
5,equity_bottom_10pct,market_observable,47,2023-03-10,2023-03-15,3,2023-03-13,1383,2023-03-07,2023-03-13,-0.04875854739633567,0.08261628976361557,0.03571402547546221,0.04690226428815336
5,equity_bottom_10pct,market_observable,48,2023-09-21,2023-09-27,5,2023-09-21,1516,2023-09-15,2023-09-21,-0.039642546357809394,-0.0029347925493468097,0.004954713586348802,-0.007889506135695612
5,equity_bottom_10pct,market_observable,49,2023-10-23,2023-10-27,5,2023-10-23,1538,2023-10-17,2023-10-23,-0.03645986777736354,0.0965443876380565,0.027763367983403953,0.06878101965465255
5,equity_bottom_10pct,market_observable,50,2024-04-15,2024-04-19,5,2024-04-18,1660,2024-04-12,2024-04-18,-0.03681839700912626,-0.10436222368218573,0.0024537354378839638,-0.10681595912006969
5,equity_bottom_10pct,market_observable,51,2024-07-24,2024-07-25,2,2024-07-24,1726,2024-07-18,2024-07-24,-0.02925930895442619,0.016373954469223406,-0.024186612906024862,0.04056056737524827
5,equity_bottom_10pct,market_observable,52,2024-08-05,2024-08-07,3,2024-08-07,1736,2024-08-01,2024-08-07,-0.06023197305606942,-0.1753530011313611,-0.026841244195735747,-0.14851175693562535
5,equity_bottom_10pct,market_observable,53,2024-09-06,2024-09-09,2,2024-09-06,1757,2024-08-30,2024-09-06,-0.03337285338314011,-0.10157861366600152,-0.010009109214112577,-0.09156950445188894
5,equity_bottom_10pct,market_observable,54,2024-12-18,2024-12-19,2,2024-12-18,1829,2024-12-12,2024-12-18,-0.0354710644663232,-0.004204376654660891,-0.04774278685137645,0.04353841019671556
5,equity_bottom_10pct,market_observable,55,2025-01-02,2025-01-02,1,2025-01-02,1838,2024-12-26,2025-01-02,-0.028803049854852603,-0.015206617550227008,0.016350015956105857,-0.031556633506332865
5,equity_bottom_10pct,market_observable,56,2025-02-25,2025-03-13,9,2025-02-27,1875,2025-02-21,2025-02-27,-0.042739299844688716,-0.16447516310682886,-0.022616271290059053,-0.1418588918167698
5,equity_bottom_10pct,market_observable,57,2025-03-31,2025-04-09,7,2025-04-08,1903,2025-04-02,2025-04-08,-0.12266862530575118,-0.10041362179656943,-0.043968183915462866,-0.056445437881106564
5,equity_bottom_10pct,market_observable,58,2025-04-16,2025-04-21,2,2025-04-21,1911,2025-04-14,2025-04-21,-0.03900296292982297,0.04153969106282318,0.057585356187947134,-0.016045665125123953
5,equity_bottom_10pct,market_observable,59,2025-05-23,2025-05-23,1,2025-05-23,1935,2025-05-19,2025-05-23,-0.026454625760472084,0.044016361105464696,0.05136979284255894,-0.00735343173709424
5,equity_bottom_10pct,market_observable,60,2025-11-18,2025-11-20,3,2025-11-18,2058,2025-11-12,2025-11-18,-0.03406318511974149,-0.10260821068350623,-0.014637871091017551,-0.08797033959248868
5,equity_bottom_10pct,market_observable,61,2026-01-20,2026-01-20,1,2026-01-20,2099,2026-01-13,2026-01-20,-0.02619698195935527,-0.019323864922171197,0.03490918227560602,-0.05423304719777722
5,equity_bottom_10pct,market_observable,62,2026-02-05,2026-02-05,1,2026-02-05,2111,2026-01-30,2026-02-05,-0.024785887003043072,-0.2780241195811666,-0.1153359181329705,-0.16268820144819607
5,equity_bottom_10pct,market_observable,63,2026-03-30,2026-03-30,1,2026-03-30,2147,2026-03-24,2026-03-30,-0.03672136230714251,-0.06019461859782638,0.025752023072913133,-0.08594664167073951
5,equity_bottom_10pct,market_observable,64,2026-06-05,2026-06-11,5,2026-06-10,2197,2026-06-04,2026-06-10,-0.03869268618040422,-0.05526394068508722,-0.08514312175491145,0.029879181069824234
5,equity_bottom_10pct,market_observable,65,2026-06-23,2026-06-23,1,2026-06-23,2205,2026-06-16,2026-06-23,-0.02531410827640812,-0.06556368547206226,-0.0497084525534337,-0.01585523291862856
5,equity_bottom_5pct,market_observable,1,2018-02-02,2018-02-07,4,2018-02-05,106,2018-01-30,2018-02-05,-0.07439726436716043,-0.4507378762975698,-0.0050381858582504435,-0.44569969043931934
5,equity_bottom_5pct,market_observable,2,2018-03-22,2018-03-28,4,2018-03-23,133,2018-03-19,2018-03-23,-0.06134571851439308,0.010235425158739986,0.02387014842169588,-0.013634723262955895
5,equity_bottom_5pct,market_observable,3,2018-10-10,2018-10-15,4,2018-10-11,273,2018-10-05,2018-10-11,-0.061561394072265685,-0.047929908619515516,0.02006518858518902,-0.06799509720470454
5,equity_bottom_5pct,market_observable,4,2018-10-24,2018-10-29,3,2018-10-24,282,2018-10-18,2018-10-24,-0.05604442352086991,-0.0210628802753714,0.0074855391858204,-0.0285484194611918
5,equity_bottom_5pct,market_observable,5,2018-11-14,2018-11-14,1,2018-11-14,297,2018-11-08,2018-11-14,-0.04073108062379571,-0.13056896110536442,-0.01205198964302756,-0.11851697146233686
5,equity_bottom_5pct,market_observable,6,2018-12-07,2018-12-11,3,2018-12-11,314,2018-12-04,2018-12-11,-0.056615727775146674,-0.14135495114080854,0.009660235254707494,-0.15101518639551603
5,equity_bottom_5pct,market_observable,7,2018-12-19,2018-12-24,4,2018-12-24,323,2018-12-18,2018-12-24,-0.07961662973409833,0.13266848305202217,0.018076022051313423,0.11459246100070875
5,equity_bottom_5pct,market_observable,8,2019-05-13,2019-05-13,1,2019-05-13,418,2019-05-07,2019-05-13,-0.04199532887534563,0.303790716214694,0.015278764795160882,0.2885119514195331
5,equity_bottom_5pct,market_observable,9,2019-08-05,2019-08-06,2,2019-08-05,476,2019-07-30,2019-08-05,-0.06010629686721636,0.2137623006702487,0.023943524856836262,0.18981877581341244
5,equity_bottom_5pct,market_observable,10,2020-02-24,2020-03-23,17,2020-03-12,628,2020-03-06,2020-03-12,-0.19804402545050426,-0.41164405687020533,-0.06356969726788186,-0.34807435960232347
5,equity_bottom_5pct,market_observable,11,2020-04-02,2020-04-02,1,2020-04-02,643,2020-03-27,2020-04-02,-0.040017206797765326,0.02130930252434382,-0.008782986258666803,0.030092288783010623
5,equity_bottom_5pct,market_observable,12,2020-04-21,2020-04-21,1,2020-04-21,655,2020-04-15,2020-04-21,-0.03923392448697616,-0.007869651480300277,-0.025336673253181452,0.017467021772881175
5,equity_bottom_5pct,market_observable,13,2020-06-12,2020-06-15,2,2020-06-15,693,2020-06-09,2020-06-15,-0.05265560662146562,-0.028889883068774935,0.016209021764792553,-0.04509890483356749
5,equity_bottom_5pct,market_observable,14,2020-09-08,2020-09-10,3,2020-09-10,754,2020-09-03,2020-09-10,-0.0698691471541526,-0.10343062867614172,-0.0008764567369317078,-0.10255417193921001
5,equity_bottom_5pct,market_observable,15,2020-09-23,2020-09-23,1,2020-09-23,763,2020-09-17,2020-09-23,-0.04487639176863212,-0.06481172776544142,-0.051187492537083656,-0.013624235228357762
5,equity_bottom_5pct,market_observable,16,2020-10-28,2020-10-30,3,2020-10-30,790,2020-10-26,2020-10-30,-0.05804742800223828,0.04668466416132233,-0.013752907933018754,0.060437572094341085
5,equity_bottom_5pct,market_observable,17,2021-12-01,2021-12-01,1,2021-12-01,1063,2021-11-24,2021-12-01,-0.038610840962869375,-0.018203733845828296,-0.006717846215500423,-0.011485887630327873
5,equity_bottom_5pct,market_observable,18,2022-01-19,2022-01-26,6,2022-01-21,1098,2022-01-14,2022-01-21,-0.05767102248925404,-0.10967815170153017,0.005450520018432492,-0.11512867171996266
5,equity_bottom_5pct,market_observable,19,2022-02-23,2022-02-24,2,2022-02-23,1120,2022-02-16,2022-02-23,-0.0564901565795779,-0.15830777969396692,0.02965747445375211,-0.18796525414771903
5,equity_bottom_5pct,market_observable,20,2022-03-07,2022-03-07,1,2022-03-07,1128,2022-03-01,2022-03-07,-0.040320189310998344,-0.10874059085620935,0.04403243491545439,-0.15277302577166374
5,equity_bottom_5pct,market_observable,21,2022-04-11,2022-04-11,1,2022-04-11,1153,2022-04-05,2022-04-11,-0.03782703017116518,-0.13851351049130223,0.011027294043513436,-0.14954080453481566
5,equity_bottom_5pct,market_observable,22,2022-04-26,2022-04-27,2,2022-04-26,1163,2022-04-20,2022-04-26,-0.06648189765261137,-0.07902989448463948,-0.025061175794568236,-0.05396871869007125
5,equity_bottom_5pct,market_observable,23,2022-05-09,2022-05-12,4,2022-05-11,1174,2022-05-05,2022-05-11,-0.08869793264948456,-0.30530500775626734,-0.01709636981646412,-0.2882086379398032
5,equity_bottom_5pct,market_observable,24,2022-06-09,2022-06-17,7,2022-06-14,1197,2022-06-08,2022-06-14,-0.10780219806946967,-0.33622783407251866,-0.025593590408015565,-0.3106342436645031
5,equity_bottom_5pct,market_observable,25,2022-08-22,2022-09-01,5,2022-09-01,1252,2022-08-26,2022-09-01,-0.05690265065789113,-0.08373330395919787,-0.03656899590105045,-0.04716430805814742
5,equity_bottom_5pct,market_observable,26,2022-09-16,2022-09-27,7,2022-09-26,1268,2022-09-20,2022-09-26,-0.06484131055531606,-0.016150379347202204,-0.030797778651806773,0.01464739930460457
5,equity_bottom_5pct,market_observable,27,2022-10-11,2022-10-12,2,2022-10-12,1280,2022-10-06,2022-10-12,-0.05605851108551896,-0.04994185077658919,-0.0241936564744627,-0.025748194302126493
5,equity_bottom_5pct,market_observable,28,2022-12-19,2022-12-20,2,2022-12-20,1328,2022-12-14,2022-12-20,-0.05052041767395288,-0.051414528925402436,0.0033769239141010488,-0.054791452839503485
5,equity_bottom_5pct,market_observable,29,2023-03-10,2023-03-13,2,2023-03-13,1383,2023-03-07,2023-03-13,-0.04875854739633567,0.08261628976361557,0.03571402547546221,0.04690226428815336
5,equity_bottom_5pct,market_observable,30,2023-09-21,2023-09-26,2,2023-09-21,1516,2023-09-15,2023-09-21,-0.039642546357809394,-0.0029347925493468097,0.004954713586348802,-0.007889506135695612
5,equity_bottom_5pct,market_observable,31,2024-04-18,2024-04-18,1,2024-04-18,1660,2024-04-12,2024-04-18,-0.03681839700912626,-0.10436222368218573,0.0024537354378839638,-0.10681595912006969
5,equity_bottom_5pct,market_observable,32,2024-08-05,2024-08-07,3,2024-08-07,1736,2024-08-01,2024-08-07,-0.06023197305606942,-0.1753530011313611,-0.026841244195735747,-0.14851175693562535
5,equity_bottom_5pct,market_observable,33,2025-02-27,2025-02-27,1,2025-02-27,1875,2025-02-21,2025-02-27,-0.042739299844688716,-0.16447516310682886,-0.022616271290059053,-0.1418588918167698
5,equity_bottom_5pct,market_observable,34,2025-03-10,2025-03-13,3,2025-03-12,1884,2025-03-06,2025-03-12,-0.042539448004202285,-0.08751854928432223,0.0026298430904754255,-0.09014839237479766
5,equity_bottom_5pct,market_observable,35,2025-04-03,2025-04-09,5,2025-04-08,1903,2025-04-02,2025-04-08,-0.12266862530575118,-0.10041362179656943,-0.043968183915462866,-0.056445437881106564
5,equity_bottom_5pct,market_observable,36,2025-04-21,2025-04-21,1,2025-04-21,1911,2025-04-14,2025-04-21,-0.03900296292982297,0.04153969106282318,0.057585356187947134,-0.016045665125123953
5,equity_bottom_5pct,market_observable,37,2026-06-10,2026-06-10,1,2026-06-10,2197,2026-06-04,2026-06-10,-0.03869268618040422,-0.05526394068508722,-0.08514312175491145,0.029879181069824234
5,vix_change_top_10pct,market_observable,1,2017-11-10,2017-11-15,3,2017-11-15,52,2017-11-09,2017-11-15,0.29456020426797913,0.03410111713864339,-0.0018103493298475826,0.03591146646849097
5,vix_change_top_10pct,market_observable,2,2018-01-16,2018-01-18,2,2018-01-18,94,2018-01-11,2018-01-18,0.2186528313770748,-0.22859409197743474,0.00661648420460903,-0.23521057618204377
5,vix_change_top_10pct,market_observable,3,2018-01-29,2018-02-07,6,2018-02-05,106,2018-01-30,2018-02-05,0.9919664257896192,-0.4507378762975698,-0.0050381858582504435,-0.44569969043931934
5,vix_change_top_10pct,market_observable,4,2018-03-19,2018-03-28,5,2018-03-23,133,2018-03-19,2018-03-23,0.45365231778239234,0.010235425158739986,0.02387014842169588,-0.013634723262955895
5,vix_change_top_10pct,market_observable,5,2018-05-29,2018-05-31,2,2018-05-29,178,2018-05-22,2018-05-29,0.2633047771161756,-0.11313989265931745,0.0057801200346583315,-0.11892001269397579
5,vix_change_top_10pct,market_observable,6,2018-06-21,2018-06-27,3,2018-06-25,197,2018-06-19,2018-06-25,0.3420271635311525,-0.0678111706281026,-0.010124577943972923,-0.05768659268412968
5,vix_change_top_10pct,market_observable,7,2018-08-13,2018-08-15,3,2018-08-15,233,2018-08-09,2018-08-15,0.2995924285466973,0.004722629627259778,-0.03290877346668797,0.037631403093947746
5,vix_change_top_10pct,market_observable,8,2018-10-05,2018-10-15,7,2018-10-10,272,2018-10-04,2018-10-10,0.6818867757415656,0.02491557735984884,-0.004772443229178691,0.02968802058902753
5,vix_change_top_10pct,market_observable,9,2018-10-24,2018-10-29,4,2018-10-24,282,2018-10-18,2018-10-24,0.3715635564324833,-0.0210628802753714,0.0074855391858204,-0.0285484194611918
5,vix_change_top_10pct,market_observable,10,2018-11-14,2018-11-14,1,2018-11-14,297,2018-11-08,2018-11-14,0.2615175641958247,-0.13056896110536442,-0.01205198964302756,-0.11851697146233686
5,vix_change_top_10pct,market_observable,11,2018-12-07,2018-12-11,3,2018-12-11,314,2018-12-04,2018-12-11,0.2803560323597081,-0.14135495114080854,0.009660235254707494,-0.15101518639551603
5,vix_change_top_10pct,market_observable,12,2018-12-20,2018-12-24,3,2018-12-24,323,2018-12-18,2018-12-24,0.38597238384743715,0.13266848305202217,0.018076022051313423,0.11459246100070875
5,vix_change_top_10pct,market_observable,13,2019-03-22,2019-03-25,2,2019-03-22,383,2019-03-18,2019-03-22,0.24647180380511813,0.016354718106875055,0.00809917758562495,0.008255540521250104
5,vix_change_top_10pct,market_observable,14,2019-05-07,2019-05-13,5,2019-05-07,414,2019-05-01,2019-05-07,0.387003045268429,0.11262265701203944,8.2522473493718e-05,0.11254013453854572
5,vix_change_top_10pct,market_observable,15,2019-07-31,2019-08-07,6,2019-08-05,476,2019-07-30,2019-08-05,0.650553677600556,0.2137623006702487,0.023943524856836262,0.18981877581341244
5,vix_change_top_10pct,market_observable,16,2019-08-15,2019-08-15,1,2019-08-15,484,2019-08-09,2019-08-15,0.2251521772627716,-0.13906547505084532,0.013803962814230353,-0.15286943786507567
5,vix_change_top_10pct,market_observable,17,2019-08-28,2019-08-28,1,2019-08-28,493,2019-08-22,2019-08-28,0.2026824794428701,-0.04264006014148691,0.02370115946593465,-0.06634121960742156
5,vix_change_top_10pct,market_observable,18,2019-10-02,2019-10-02,1,2019-10-02,517,2019-09-26,2019-10-02,0.25326184856530176,-0.011180984238251312,-0.004027045122851902,-0.00715393911539941
5,vix_change_top_10pct,market_observable,19,2019-12-02,2019-12-05,4,2019-12-03,560,2019-11-26,2019-12-03,0.2960713834000863,0.019544145565150828,0.01470028109505428,0.004843864470096548
5,vix_change_top_10pct,market_observable,20,2020-01-27,2020-01-31,4,2020-01-27,596,2020-01-21,2020-01-27,0.40986313608787617,0.011944497209821492,0.01630785947904556,-0.004363362269224069
5,vix_change_top_10pct,market_observable,21,2020-02-21,2020-03-18,16,2020-02-27,618,2020-02-21,2020-02-27,0.922952298912064,-0.07573059444810681,0.010378320487858694,-0.08610891493596551
5,vix_change_top_10pct,market_observable,22,2020-04-21,2020-04-21,1,2020-04-21,655,2020-04-15,2020-04-21,0.18448200383255964,-0.007869651480300277,-0.025336673253181452,0.017467021772881175
5,vix_change_top_10pct,market_observable,23,2020-06-11,2020-06-17,5,2020-06-11,691,2020-06-05,2020-06-11,0.4576749395989448,-0.05622002889800548,0.006858868404282958,-0.06307889730228844
5,vix_change_top_10pct,market_observable,24,2020-09-03,2020-09-04,2,2020-09-03,750,2020-08-28,2020-09-03,0.31707818951457867,-0.051217982804564244,-0.0005519405304204028,-0.05066604227414384
5,vix_change_top_10pct,market_observable,25,2020-10-28,2020-10-30,3,2020-10-28,788,2020-10-22,2020-10-28,0.34070162468961307,0.03750179259947828,-0.025062288311672454,0.06256408091115073
5,vix_change_top_10pct,market_observable,26,2021-01-04,2021-01-04,1,2021-01-04,833,2020-12-28,2021-01-04,0.22527782577536692,0.2900942204678376,0.033347550801344994,0.2567466696664926
5,vix_change_top_10pct,market_observable,27,2021-01-27,2021-02-01,4,2021-01-27,849,2021-01-21,2021-01-27,0.5448105825285428,-0.10349441557791472,-0.016498865745417923,-0.0869955498324968
5,vix_change_top_10pct,market_observable,28,2021-02-25,2021-03-03,3,2021-02-25,869,2021-02-19,2021-02-25,0.25042474850691976,-0.058488621086352666,-0.003010780728899931,-0.055477840357452735
5,vix_change_top_10pct,market_observable,29,2021-05-12,2021-05-13,2,2021-05-12,922,2021-05-06,2021-05-12,0.36515067260253975,-0.048391021210322904,0.018715313395986755,-0.06710633460630966
5,vix_change_top_10pct,market_observable,30,2021-06-18,2021-06-18,1,2021-06-18,948,2021-06-14,2021-06-18,0.27966278328516125,-0.05301224989701758,-0.06348456427301574,0.01047231437599816
5,vix_change_top_10pct,market_observable,31,2021-07-19,2021-07-19,1,2021-07-19,968,2021-07-13,2021-07-19,0.33035763562135845,-0.06540274389247358,0.003602972559233031,-0.06900571645170661
5,vix_change_top_10pct,market_observable,32,2021-08-18,2021-08-19,2,2021-08-19,991,2021-08-13,2021-08-19,0.32929913247858256,0.051354141994737645,0.015545496008706472,0.03580864598603117
5,vix_change_top_10pct,market_observable,33,2021-09-10,2021-09-10,1,2021-09-10,1006,2021-09-03,2021-09-10,0.24424774126614723,-0.07773753940010053,-0.012305879331751868,-0.06543166006834866
5,vix_change_top_10pct,market_observable,34,2021-09-20,2021-09-21,2,2021-09-20,1012,2021-09-14,2021-09-20,0.2831545438588936,-0.020124410531913384,-0.016833408097357783,-0.003291002434555601
5,vix_change_top_10pct,market_observable,35,2021-09-30,2021-10-04,2,2021-09-30,1020,2021-09-24,2021-09-30,0.21678953715203342,-0.02798011926481081,0.004332882762767554,-0.032313002027578364
5,vix_change_top_10pct,market_observable,36,2021-11-10,2021-11-10,1,2021-11-10,1049,2021-11-04,2021-11-10,0.21543177263511826,0.04727659108973903,0.04355692438835579,0.0037196667013832396
5,vix_change_top_10pct,market_observable,37,2021-11-26,2021-12-02,5,2021-11-26,1060,2021-11-19,2021-11-26,0.48677521537883806,-0.06691908859220952,-0.04161518441929246,-0.025303904172917058
5,vix_change_top_10pct,market_observable,38,2022-01-19,2022-01-26,6,2022-01-24,1099,2022-01-18,2022-01-24,0.44346917037703193,-0.1467372450279285,0.013813509850085559,-0.16055075487801407
5,vix_change_top_10pct,market_observable,39,2022-02-14,2022-02-24,4,2022-02-24,1121,2022-02-17,2022-02-24,0.2217428177600902,-0.1376854091140931,0.012954719692586991,-0.1506401288066801
5,vix_change_top_10pct,market_observable,40,2022-03-07,2022-03-07,1,2022-03-07,1128,2022-03-01,2022-03-07,0.18975653528147296,-0.10874059085620935,0.04403243491545439,-0.15277302577166374
5,vix_change_top_10pct,market_observable,41,2022-04-11,2022-04-11,1,2022-04-11,1153,2022-04-05,2022-04-11,0.2718054922725006,-0.13851351049130223,0.011027294043513436,-0.14954080453481566
5,vix_change_top_10pct,market_observable,42,2022-04-22,2022-04-28,5,2022-04-26,1163,2022-04-20,2022-04-26,0.4501542062828259,-0.07902989448463948,-0.025061175794568236,-0.05396871869007125
5,vix_change_top_10pct,market_observable,43,2022-05-11,2022-05-11,1,2022-05-11,1174,2022-05-05,2022-05-11,0.24754827537303115,-0.30530500775626734,-0.01709636981646412,-0.2882086379398032
5,vix_change_top_10pct,market_observable,44,2022-06-13,2022-06-16,4,2022-06-14,1197,2022-06-08,2022-06-14,0.30818240408428155,-0.33622783407251866,-0.025593590408015565,-0.3106342436645031
5,vix_change_top_10pct,market_observable,45,2022-08-23,2022-08-26,2,2022-08-26,1248,2022-08-22,2022-08-26,0.21573755371379866,-0.03272136022070704,-0.0059172184886815415,-0.0268041417320255
5,vix_change_top_10pct,market_observable,46,2022-09-26,2022-09-26,1,2022-09-26,1268,2022-09-20,2022-09-26,0.22500517146090981,-0.016150379347202204,-0.030797778651806773,0.01464739930460457
5,vix_change_top_10pct,market_observable,47,2022-12-12,2022-12-12,1,2022-12-12,1322,2022-12-06,2022-12-12,0.1863295781914931,0.01086378767364593,0.00781652307171754,0.00304726460192839
5,vix_change_top_10pct,market_observable,48,2023-03-10,2023-03-15,4,2023-03-13,1383,2023-03-07,2023-03-13,0.35420009466350244,0.08261628976361557,0.03571402547546221,0.04690226428815336
5,vix_change_top_10pct,market_observable,49,2023-08-02,2023-08-04,2,2023-08-04,1483,2023-07-31,2023-08-04,0.24906132931799707,-0.00973304991678603,-0.009225300366138889,-0.0005077495506471408
5,vix_change_top_10pct,market_observable,50,2023-09-21,2023-09-27,5,2023-09-21,1516,2023-09-15,2023-09-21,0.31347753545151313,-0.0029347925493468097,0.004954713586348802,-0.007889506135695612
5,vix_change_top_10pct,market_observable,51,2023-10-19,2023-10-19,1,2023-10-19,1536,2023-10-13,2023-10-19,0.24858118435406196,0.07351688471258555,0.0551844904655745,0.018332394247011052
5,vix_change_top_10pct,market_observable,52,2024-02-13,2024-02-13,1,2024-02-13,1615,2024-02-07,2024-02-13,0.19361537647500437,0.1365157503453993,-0.021551194616583835,0.15806694496198315
5,vix_change_top_10pct,market_observable,53,2024-04-04,2024-04-05,2,2024-04-04,1650,2024-03-28,2024-04-04,0.24634644839387398,-0.002216665468381507,0.04062107822405814,-0.042837743692439645
5,vix_change_top_10pct,market_observable,54,2024-04-15,2024-04-18,3,2024-04-15,1657,2024-04-09,2024-04-15,0.23583424299300715,-0.12550796175397316,0.020438273078341673,-0.14594623483231484
5,vix_change_top_10pct,market_observable,55,2024-05-29,2024-05-29,1,2024-05-29,1688,2024-05-22,2024-05-29,0.1856885633418588,-0.029576217169244856,-0.03665340057796751,0.007077183408722654
5,vix_change_top_10pct,market_observable,56,2024-07-18,2024-07-24,3,2024-07-19,1723,2024-07-15,2024-07-19,0.282048254733525,0.153930896489765,-0.006204519922820673,0.16013541641258566
5,vix_change_top_10pct,market_observable,57,2024-08-02,2024-08-08,5,2024-08-05,1734,2024-07-30,2024-08-05,0.8430720768576387,-0.2300833099632733,0.009756122498018271,-0.23983943246129158
5,vix_change_top_10pct,market_observable,58,2024-09-03,2024-09-09,4,2024-09-06,1757,2024-08-30,2024-09-06,0.357696785897617,-0.10157861366600152,-0.010009109214112577,-0.09156950445188894
5,vix_change_top_10pct,market_observable,59,2024-10-01,2024-10-07,4,2024-10-07,1778,2024-10-01,2024-10-07,0.3025147383362494,-0.0016711599752134987,0.004556380109767666,-0.006227540084981165
5,vix_change_top_10pct,market_observable,60,2024-10-31,2024-10-31,1,2024-10-31,1796,2024-10-25,2024-10-31,0.19378598668465408,0.025756569014546926,0.0028045739719910756,0.02295199504255585
5,vix_change_top_10pct,market_observable,61,2024-11-20,2024-11-20,1,2024-11-20,1810,2024-11-14,2024-11-20,0.20209621245337228,0.049802535852839114,0.028991103406149854,0.02081143244668926
5,vix_change_top_10pct,market_observable,62,2024-12-18,2024-12-20,3,2024-12-18,1829,2024-12-12,2024-12-18,0.7099420258505962,-0.004204376654660891,-0.04774278685137645,0.04353841019671556
5,vix_change_top_10pct,market_observable,63,2025-01-02,2025-01-02,1,2025-01-02,1838,2024-12-26,2025-01-02,0.22831585612829652,-0.015206617550227008,0.016350015956105857,-0.031556633506332865
5,vix_change_top_10pct,market_observable,64,2025-02-21,2025-03-10,7,2025-02-27,1875,2025-02-21,2025-02-27,0.2995841410653086,-0.16447516310682886,-0.022616271290059053,-0.1418588918167698
5,vix_change_top_10pct,market_observable,65,2025-03-31,2025-04-10,8,2025-04-08,1903,2025-04-02,2025-04-08,0.8770369451376605,-0.10041362179656943,-0.043968183915462866,-0.056445437881106564
5,vix_change_top_10pct,market_observable,66,2025-05-23,2025-05-23,1,2025-05-23,1935,2025-05-19,2025-05-23,0.25690588216223054,0.044016361105464696,0.05136979284255894,-0.00735343173709424
5,vix_change_top_10pct,market_observable,67,2025-06-13,2025-06-17,2,2025-06-17,1951,2025-06-11,2025-06-17,0.24242548086366034,-0.04519816322277315,0.01690822156986105,-0.062106384792634195
5,vix_change_top_10pct,market_observable,68,2025-08-01,2025-08-01,1,2025-08-01,1982,2025-07-28,2025-08-01,0.3111814162434796,-0.0292166671088534,0.00554734196611939,-0.03476400907497279
5,vix_change_top_10pct,market_observable,69,2025-10-10,2025-10-16,4,2025-10-16,2035,2025-10-10,2025-10-16,0.4320906425078559,-0.11143162572271592,0.0814752381720174,-0.19290686389473333
5,vix_change_top_10pct,market_observable,70,2025-11-17,2025-11-20,4,2025-11-18,2058,2025-11-12,2025-11-18,0.35684853998117827,-0.10260821068350623,-0.014637871091017551,-0.08797033959248868
5,vix_change_top_10pct,market_observable,71,2026-01-20,2026-01-20,1,2026-01-20,2099,2026-01-13,2026-01-20,0.2842038080754561,-0.019323864922171197,0.03490918227560602,-0.05423304719777722
5,vix_change_top_10pct,market_observable,72,2026-02-05,2026-02-05,1,2026-02-05,2111,2026-01-30,2026-02-05,0.254403386078645,-0.2780241195811666,-0.1153359181329705,-0.16268820144819607
5,vix_change_top_10pct,market_observable,73,2026-03-03,2026-03-06,3,2026-03-06,2131,2026-03-02,2026-03-06,0.39534356421015815,0.03764472508559891,-0.021395191992782614,0.05903991707838152
5,vix_change_top_10pct,market_observable,74,2026-03-24,2026-03-24,1,2026-03-24,2143,2026-03-18,2026-03-24,0.1862625218529681,-0.07138942677652693,-0.12790162802994764,0.05651220125342071
5,vix_change_top_10pct,market_observable,75,2026-06-05,2026-06-11,4,2026-06-05,2194,2026-06-01,2026-06-05,0.3393587789671937,-0.19822533871982628,-0.051353874844928704,-0.14687146387489758
5,vix_change_top_10pct,market_observable,76,2026-06-23,2026-06-23,1,2026-06-23,2205,2026-06-16,2026-06-23,0.1848902712811311,-0.06556368547206226,-0.0497084525534337,-0.01585523291862856
5,vix_change_top_10pct,market_observable,77,2026-07-17,2026-07-17,1,2026-07-17,2222,2026-07-13,2026-07-17,0.22221164683353445,0.0037932978585271115,-0.023075279836679563,0.026868577695206675
5,vix_change_top_10pct,market_observable,78,2026-07-29,2026-07-29,1,2026-07-29,2230,2026-07-23,2026-07-29,0.2163900282984299,-0.03604254307863464,-0.021435128180481655,-0.014607414898152982
5,vix_change_top_5pct,market_observable,1,2017-11-15,2017-11-15,1,2017-11-15,52,2017-11-09,2017-11-15,0.29456020426797913,0.03410111713864339,-0.0018103493298475826,0.03591146646849097
5,vix_change_top_5pct,market_observable,2,2018-01-30,2018-02-07,5,2018-02-05,106,2018-01-30,2018-02-05,0.9919664257896192,-0.4507378762975698,-0.0050381858582504435,-0.44569969043931934
5,vix_change_top_5pct,market_observable,3,2018-03-22,2018-03-23,2,2018-03-23,133,2018-03-19,2018-03-23,0.45365231778239234,0.010235425158739986,0.02387014842169588,-0.013634723262955895
5,vix_change_top_5pct,market_observable,4,2018-06-25,2018-06-27,2,2018-06-25,197,2018-06-19,2018-06-25,0.3420271635311525,-0.0678111706281026,-0.010124577943972923,-0.05768659268412968
5,vix_change_top_5pct,market_observable,5,2018-08-13,2018-08-15,2,2018-08-15,233,2018-08-09,2018-08-15,0.2995924285466973,0.004722629627259778,-0.03290877346668797,0.037631403093947746
5,vix_change_top_5pct,market_observable,6,2018-10-08,2018-10-15,6,2018-10-10,272,2018-10-04,2018-10-10,0.6818867757415656,0.02491557735984884,-0.004772443229178691,0.02968802058902753
5,vix_change_top_5pct,market_observable,7,2018-10-24,2018-10-24,1,2018-10-24,282,2018-10-18,2018-10-24,0.3715635564324833,-0.0210628802753714,0.0074855391858204,-0.0285484194611918
5,vix_change_top_5pct,market_observable,8,2018-12-11,2018-12-11,1,2018-12-11,314,2018-12-04,2018-12-11,0.2803560323597081,-0.14135495114080854,0.009660235254707494,-0.15101518639551603
5,vix_change_top_5pct,market_observable,9,2018-12-20,2018-12-24,3,2018-12-24,323,2018-12-18,2018-12-24,0.38597238384743715,0.13266848305202217,0.018076022051313423,0.11459246100070875
5,vix_change_top_5pct,market_observable,10,2019-05-07,2019-05-13,4,2019-05-07,414,2019-05-01,2019-05-07,0.387003045268429,0.11262265701203944,8.2522473493718e-05,0.11254013453854572
5,vix_change_top_5pct,market_observable,11,2019-07-31,2019-08-06,5,2019-08-05,476,2019-07-30,2019-08-05,0.650553677600556,0.2137623006702487,0.023943524856836262,0.18981877581341244
5,vix_change_top_5pct,market_observable,12,2019-12-03,2019-12-03,1,2019-12-03,560,2019-11-26,2019-12-03,0.2960713834000863,0.019544145565150828,0.01470028109505428,0.004843864470096548
5,vix_change_top_5pct,market_observable,13,2020-01-27,2020-01-27,1,2020-01-27,596,2020-01-21,2020-01-27,0.40986313608787617,0.011944497209821492,0.01630785947904556,-0.004363362269224069
5,vix_change_top_5pct,market_observable,14,2020-02-24,2020-03-18,14,2020-02-27,618,2020-02-21,2020-02-27,0.922952298912064,-0.07573059444810681,0.010378320487858694,-0.08610891493596551
5,vix_change_top_5pct,market_observable,15,2020-06-11,2020-06-15,3,2020-06-11,691,2020-06-05,2020-06-11,0.4576749395989448,-0.05622002889800548,0.006858868404282958,-0.06307889730228844
5,vix_change_top_5pct,market_observable,16,2020-09-03,2020-09-04,2,2020-09-03,750,2020-08-28,2020-09-03,0.31707818951457867,-0.051217982804564244,-0.0005519405304204028,-0.05066604227414384
5,vix_change_top_5pct,market_observable,17,2020-10-28,2020-10-30,3,2020-10-28,788,2020-10-22,2020-10-28,0.34070162468961307,0.03750179259947828,-0.025062288311672454,0.06256408091115073
5,vix_change_top_5pct,market_observable,18,2021-01-27,2021-01-29,3,2021-01-27,849,2021-01-21,2021-01-27,0.5448105825285428,-0.10349441557791472,-0.016498865745417923,-0.0869955498324968
5,vix_change_top_5pct,market_observable,19,2021-05-12,2021-05-12,1,2021-05-12,922,2021-05-06,2021-05-12,0.36515067260253975,-0.048391021210322904,0.018715313395986755,-0.06710633460630966
5,vix_change_top_5pct,market_observable,20,2021-06-18,2021-06-18,1,2021-06-18,948,2021-06-14,2021-06-18,0.27966278328516125,-0.05301224989701758,-0.06348456427301574,0.01047231437599816
5,vix_change_top_5pct,market_observable,21,2021-07-19,2021-07-19,1,2021-07-19,968,2021-07-13,2021-07-19,0.33035763562135845,-0.06540274389247358,0.003602972559233031,-0.06900571645170661
5,vix_change_top_5pct,market_observable,22,2021-08-18,2021-08-19,2,2021-08-19,991,2021-08-13,2021-08-19,0.32929913247858256,0.051354141994737645,0.015545496008706472,0.03580864598603117
5,vix_change_top_5pct,market_observable,23,2021-09-20,2021-09-20,1,2021-09-20,1012,2021-09-14,2021-09-20,0.2831545438588936,-0.020124410531913384,-0.016833408097357783,-0.003291002434555601
5,vix_change_top_5pct,market_observable,24,2021-11-26,2021-12-02,4,2021-11-26,1060,2021-11-19,2021-11-26,0.48677521537883806,-0.06691908859220952,-0.04161518441929246,-0.025303904172917058
5,vix_change_top_5pct,market_observable,25,2022-01-20,2022-01-26,5,2022-01-24,1099,2022-01-18,2022-01-24,0.44346917037703193,-0.1467372450279285,0.013813509850085559,-0.16055075487801407
5,vix_change_top_5pct,market_observable,26,2022-04-11,2022-04-11,1,2022-04-11,1153,2022-04-05,2022-04-11,0.2718054922725006,-0.13851351049130223,0.011027294043513436,-0.14954080453481566
5,vix_change_top_5pct,market_observable,27,2022-04-26,2022-04-28,3,2022-04-26,1163,2022-04-20,2022-04-26,0.4501542062828259,-0.07902989448463948,-0.025061175794568236,-0.05396871869007125
5,vix_change_top_5pct,market_observable,28,2022-06-13,2022-06-14,2,2022-06-14,1197,2022-06-08,2022-06-14,0.30818240408428155,-0.33622783407251866,-0.025593590408015565,-0.3106342436645031
5,vix_change_top_5pct,market_observable,29,2023-03-10,2023-03-15,3,2023-03-13,1383,2023-03-07,2023-03-13,0.35420009466350244,0.08261628976361557,0.03571402547546221,0.04690226428815336
5,vix_change_top_5pct,market_observable,30,2023-09-21,2023-09-26,2,2023-09-21,1516,2023-09-15,2023-09-21,0.31347753545151313,-0.0029347925493468097,0.004954713586348802,-0.007889506135695612
5,vix_change_top_5pct,market_observable,31,2024-07-19,2024-07-19,1,2024-07-19,1723,2024-07-15,2024-07-19,0.282048254733525,0.153930896489765,-0.006204519922820673,0.16013541641258566
5,vix_change_top_5pct,market_observable,32,2024-08-02,2024-08-07,4,2024-08-05,1734,2024-07-30,2024-08-05,0.8430720768576387,-0.2300833099632733,0.009756122498018271,-0.23983943246129158
5,vix_change_top_5pct,market_observable,33,2024-09-04,2024-09-06,2,2024-09-06,1757,2024-08-30,2024-09-06,0.357696785897617,-0.10157861366600152,-0.010009109214112577,-0.09156950445188894
5,vix_change_top_5pct,market_observable,34,2024-10-03,2024-10-07,2,2024-10-07,1778,2024-10-01,2024-10-07,0.3025147383362494,-0.0016711599752134987,0.004556380109767666,-0.006227540084981165
5,vix_change_top_5pct,market_observable,35,2024-12-18,2024-12-20,3,2024-12-18,1829,2024-12-12,2024-12-18,0.7099420258505962,-0.004204376654660891,-0.04774278685137645,0.04353841019671556
5,vix_change_top_5pct,market_observable,36,2025-02-27,2025-02-27,1,2025-02-27,1875,2025-02-21,2025-02-27,0.2995841410653086,-0.16447516310682886,-0.022616271290059053,-0.1418588918167698
5,vix_change_top_5pct,market_observable,37,2025-04-03,2025-04-10,6,2025-04-08,1903,2025-04-02,2025-04-08,0.8770369451376605,-0.10041362179656943,-0.043968183915462866,-0.056445437881106564
5,vix_change_top_5pct,market_observable,38,2025-08-01,2025-08-01,1,2025-08-01,1982,2025-07-28,2025-08-01,0.3111814162434796,-0.0292166671088534,0.00554734196611939,-0.03476400907497279
5,vix_change_top_5pct,market_observable,39,2025-10-16,2025-10-16,1,2025-10-16,2035,2025-10-10,2025-10-16,0.4320906425078559,-0.11143162572271592,0.0814752381720174,-0.19290686389473333
5,vix_change_top_5pct,market_observable,40,2025-11-18,2025-11-20,3,2025-11-18,2058,2025-11-12,2025-11-18,0.35684853998117827,-0.10260821068350623,-0.014637871091017551,-0.08797033959248868
5,vix_change_top_5pct,market_observable,41,2026-01-20,2026-01-20,1,2026-01-20,2099,2026-01-13,2026-01-20,0.2842038080754561,-0.019323864922171197,0.03490918227560602,-0.05423304719777722
5,vix_change_top_5pct,market_observable,42,2026-03-06,2026-03-06,1,2026-03-06,2131,2026-03-02,2026-03-06,0.39534356421015815,0.03764472508559891,-0.021395191992782614,0.05903991707838152
5,vix_change_top_5pct,market_observable,43,2026-06-05,2026-06-10,2,2026-06-05,2194,2026-06-01,2026-06-05,0.3393587789671937,-0.19822533871982628,-0.051353874844928704,-0.14687146387489758
5,vix_level_ge_30,market_observable,1,2018-02-05,2018-02-05,1,2018-02-05,106,2018-01-30,2018-02-05,37.32,-0.4507378762975698,-0.0050381858582504435,-0.44569969043931934
5,vix_level_ge_30,market_observable,2,2018-12-21,2018-12-26,3,2018-12-24,323,2018-12-18,2018-12-24,36.07,0.13266848305202217,0.018076022051313423,0.11459246100070875
5,vix_level_ge_30,market_observable,3,2020-02-27,2020-05-19,55,2020-03-16,630,2020-03-10,2020-03-16,82.69,-0.4616277285341024,-0.10810313935497184,-0.35352458917913054
5,vix_level_ge_30,market_observable,4,2020-06-11,2020-06-30,14,2020-06-11,691,2020-06-05,2020-06-11,40.79,-0.05622002889800548,0.006858868404282958,-0.06307889730228844
5,vix_level_ge_30,market_observable,5,2020-07-13,2020-07-13,1,2020-07-13,712,2020-07-07,2020-07-13,32.19,-0.005944680104384759,0.008417846924617223,-0.014362527029001981
5,vix_level_ge_30,market_observable,6,2020-09-03,2020-09-08,3,2020-09-03,750,2020-08-28,2020-09-03,33.6,-0.051217982804564244,-0.0005519405304204028,-0.05066604227414384
5,vix_level_ge_30,market_observable,7,2020-10-26,2020-11-03,7,2020-10-28,788,2020-10-22,2020-10-28,40.28,0.03750179259947828,-0.025062288311672454,0.06256408091115073
5,vix_level_ge_30,market_observable,8,2021-01-27,2021-02-01,4,2021-01-27,849,2021-01-21,2021-01-27,37.21,-0.10349441557791472,-0.016498865745417923,-0.0869955498324968
5,vix_level_ge_30,market_observable,9,2021-12-01,2021-12-03,2,2021-12-01,1063,2021-11-24,2021-12-01,31.12,-0.018203733845828296,-0.006717846215500423,-0.011485887630327873
5,vix_level_ge_30,market_observable,10,2022-01-25,2022-01-27,3,2022-01-26,1101,2022-01-20,2022-01-26,31.96,-0.11748086064701901,-0.013397155814454997,-0.10408370483256402
5,vix_level_ge_30,market_observable,11,2022-02-23,2022-03-14,13,2022-03-07,1128,2022-03-01,2022-03-07,36.45,-0.10874059085620935,0.04403243491545439,-0.15277302577166374
5,vix_level_ge_30,market_observable,12,2022-04-26,2022-05-18,11,2022-05-09,1172,2022-05-03,2022-05-09,34.75,-0.2202334970869213,-0.004328886035414925,-0.21590461105150638
5,vix_level_ge_30,market_observable,13,2022-06-13,2022-06-21,5,2022-06-13,1196,2022-06-07,2022-06-13,34.02,-0.30421718581818347,-0.011060915392560489,-0.293156270425623
5,vix_level_ge_30,market_observable,14,2022-09-26,2022-10-19,16,2022-10-11,1279,2022-10-05,2022-10-11,33.63,-0.0623608509338478,-0.03508238757914839,-0.02727846335469941
5,vix_level_ge_30,market_observable,15,2024-08-05,2024-08-05,1,2024-08-05,1734,2024-07-30,2024-08-05,38.57,-0.2300833099632733,0.009756122498018271,-0.23983943246129158
5,vix_level_ge_30,market_observable,16,2025-04-03,2025-04-22,12,2025-04-08,1903,2025-04-02,2025-04-08,52.33,-0.10041362179656943,-0.043968183915462866,-0.056445437881106564
5,vix_level_ge_30,market_observable,17,2026-03-27,2026-03-30,2,2026-03-27,2146,2026-03-23,2026-03-27,31.05,-0.060762272653924754,0.003188118092535497,-0.06395039074646025
5,baa_credit_widening_top_10pct,market_observable,1,2018-03-07,2018-03-07,1,2018-03-07,121,2018-03-01,2018-03-07,0.09000000000000008,-0.08955358495998844,0.005743484336762528,-0.09529706929675097
5,baa_credit_widening_top_10pct,market_observable,2,2018-03-23,2018-03-23,1,2018-03-23,133,2018-03-19,2018-03-23,0.08000000000000007,0.010235425158739986,0.02387014842169588,-0.013634723262955895
5,baa_credit_widening_top_10pct,market_observable,3,2018-05-07,2018-05-07,1,2018-05-07,163,2018-05-01,2018-05-07,0.08000000000000007,0.010148011952216152,-0.00016051246931869656,0.010308524421534848
5,baa_credit_widening_top_10pct,market_observable,4,2018-05-29,2018-05-30,2,2018-05-29,178,2018-05-22,2018-05-29,0.1299999999999999,-0.11313989265931745,0.0057801200346583315,-0.11892001269397579
5,baa_credit_widening_top_10pct,market_observable,5,2018-06-22,2018-06-26,3,2018-06-22,196,2018-06-18,2018-06-22,0.09999999999999987,-0.05427862328274635,-0.00827545297274046,-0.04600317031000589
5,baa_credit_widening_top_10pct,market_observable,6,2018-08-13,2018-08-14,2,2018-08-13,231,2018-08-07,2018-08-13,0.08999999999999986,-0.10712028815883023,-0.012055253929349696,-0.09506503422948054
5,baa_credit_widening_top_10pct,market_observable,7,2018-10-23,2018-10-29,4,2018-10-24,282,2018-10-18,2018-10-24,0.1100000000000001,-0.0210628802753714,0.0074855391858204,-0.0285484194611918
5,baa_credit_widening_top_10pct,market_observable,8,2018-11-14,2018-11-21,6,2018-11-19,300,2018-11-13,2018-11-19,0.18000000000000016,-0.2525745155377912,0.01752972538848674,-0.27010424092627794
5,baa_credit_widening_top_10pct,market_observable,9,2018-11-29,2018-12-03,3,2018-12-03,309,2018-11-27,2018-12-03,0.09999999999999964,0.03161082384054659,0.006636561848753608,0.02497426199179298
5,baa_credit_widening_top_10pct,market_observable,10,2018-12-24,2019-01-04,8,2018-12-28,326,2018-12-21,2018-12-28,0.16000000000000014,-0.006103877859956697,0.01514801940214383,-0.021251897262100528
5,baa_credit_widening_top_10pct,market_observable,11,2019-05-09,2019-05-15,5,2019-05-13,418,2019-05-07,2019-05-13,0.10999999999999988,0.303790716214694,0.015278764795160882,0.2885119514195331
5,baa_credit_widening_top_10pct,market_observable,12,2019-05-28,2019-06-06,8,2019-06-05,434,2019-05-30,2019-06-05,0.1200000000000001,-0.10878389169666924,0.03735108530584785,-0.1461349770025171
5,baa_credit_widening_top_10pct,market_observable,13,2019-08-05,2019-08-08,4,2019-08-05,476,2019-07-30,2019-08-05,0.11000000000000032,0.2137623006702487,0.023943524856836262,0.18981877581341244
5,baa_credit_widening_top_10pct,market_observable,14,2019-08-20,2019-08-20,1,2019-08-20,487,2019-08-14,2019-08-20,0.07999999999999963,-0.0186694288505862,0.0030283337785084186,-0.02169776262909462
5,baa_credit_widening_top_10pct,market_observable,15,2019-10-03,2019-10-08,4,2019-10-03,518,2019-09-27,2019-10-03,0.10999999999999988,0.0015998037447833013,0.0007754987545158798,0.0008243049902674215
5,baa_credit_widening_top_10pct,market_observable,16,2020-01-29,2020-01-31,3,2020-01-31,600,2020-01-27,2020-01-31,0.1499999999999999,0.09377793512995147,0.00908153370545417,0.0846964014244973
5,baa_credit_widening_top_10pct,market_observable,17,2020-02-24,2020-03-25,23,2020-03-20,634,2020-03-16,2020-03-20,0.9300000000000006,0.1361781233611783,-0.022372916493381467,0.15855103985455976
5,baa_credit_widening_top_10pct,market_observable,18,2020-05-07,2020-05-14,6,2020-05-11,669,2020-05-05,2020-05-11,0.13000000000000034,-0.00952426628336056,-0.005754320261106116,-0.0037699460222544445
5,baa_credit_widening_top_10pct,market_observable,19,2020-06-15,2020-06-16,2,2020-06-15,693,2020-06-09,2020-06-15,0.1200000000000001,-0.028889883068774935,0.016209021764792553,-0.04509890483356749
5,baa_credit_widening_top_10pct,market_observable,20,2020-06-29,2020-06-29,1,2020-06-29,703,2020-06-23,2020-06-29,0.08000000000000007,-0.04331608090018335,0.009285057296579247,-0.0526011381967626
5,baa_credit_widening_top_10pct,market_observable,21,2020-08-17,2020-08-19,2,2020-08-19,739,2020-08-13,2020-08-19,0.10000000000000009,0.006960775810801678,0.017380186695863387,-0.010419410885061708
5,baa_credit_widening_top_10pct,market_observable,22,2020-09-25,2020-09-29,3,2020-09-28,766,2020-09-22,2020-09-28,0.09999999999999964,0.03464350584208553,-0.01583328407888196,0.05047678992096749
5,baa_credit_widening_top_10pct,market_observable,23,2021-02-24,2021-02-24,1,2021-02-24,868,2021-02-18,2021-02-24,0.0900000000000003,-0.061965226445707344,0.01592493711206444,-0.07789016355777179
5,baa_credit_widening_top_10pct,market_observable,24,2021-05-13,2021-05-13,1,2021-05-13,923,2021-05-07,2021-05-13,0.08000000000000007,-0.14463684092572215,0.006272228520627365,-0.15090906944634952
5,baa_credit_widening_top_10pct,market_observable,25,2021-11-17,2021-11-17,1,2021-11-17,1054,2021-11-11,2021-11-17,0.08000000000000007,-0.08631674089897245,0.007766506043925148,-0.0940832469428976
5,baa_credit_widening_top_10pct,market_observable,26,2021-11-26,2021-12-02,5,2021-11-30,1062,2021-11-23,2021-11-30,0.10000000000000009,0.02737117763787822,-0.019387906474374716,0.046759084112252935
5,baa_credit_widening_top_10pct,market_observable,27,2022-01-24,2022-01-25,2,2022-01-25,1100,2022-01-19,2022-01-25,0.1299999999999999,-0.12541517920116796,0.018657162694992735,-0.1440723418961607
5,baa_credit_widening_top_10pct,market_observable,28,2022-02-11,2022-03-10,16,2022-02-17,1117,2022-02-11,2022-02-17,0.2100000000000002,-0.07590577373975194,0.03847403874881827,-0.11437981248857021
5,baa_credit_widening_top_10pct,market_observable,29,2022-04-12,2022-04-29,10,2022-04-13,1155,2022-04-07,2022-04-13,0.16999999999999993,-0.0635782291701279,0.027395912059445138,-0.09097414122957304
5,baa_credit_widening_top_10pct,market_observable,30,2022-05-09,2022-05-20,10,2022-05-19,1180,2022-05-13,2022-05-19,0.16999999999999993,0.04530578205274516,0.010173178732686416,0.03513260332005874
5,baa_credit_widening_top_10pct,market_observable,31,2022-06-17,2022-07-07,12,2022-07-05,1210,2022-06-28,2022-07-05,0.2200000000000002,-0.022164796630709915,-0.03078081937110433,0.008616022740394413
5,baa_credit_widening_top_10pct,market_observable,32,2022-07-27,2022-07-29,3,2022-07-28,1227,2022-07-22,2022-07-28,0.18999999999999995,0.02544272257719804,0.020808969667975852,0.0046337529092221885
5,baa_credit_widening_top_10pct,market_observable,33,2022-09-06,2022-09-07,2,2022-09-06,1254,2022-08-30,2022-09-06,0.08000000000000007,-0.065547621896199,-0.022050293760274897,-0.04349732813592411
5,baa_credit_widening_top_10pct,market_observable,34,2022-09-28,2022-10-04,5,2022-10-03,1273,2022-09-27,2022-10-03,0.28000000000000025,0.0176102556731923,0.04651098064571446,-0.028900724972522163
5,baa_credit_widening_top_10pct,market_observable,35,2022-10-13,2022-10-27,7,2022-10-13,1281,2022-10-07,2022-10-13,0.11999999999999966,-0.032540752782837856,-0.030014341106190834,-0.0025264116766470224
5,baa_credit_widening_top_10pct,market_observable,36,2022-11-09,2022-11-11,3,2022-11-10,1301,2022-11-04,2022-11-10,0.16999999999999993,-0.1125763871119414,0.07406090969898216,-0.18663729681092356
5,baa_credit_widening_top_10pct,market_observable,37,2022-11-30,2022-11-30,1,2022-11-30,1314,2022-11-23,2022-11-30,0.08000000000000007,0.058001608427352025,0.016764894570902023,0.04123671385645
5,baa_credit_widening_top_10pct,market_observable,38,2022-12-16,2022-12-20,3,2022-12-19,1327,2022-12-13,2022-12-19,0.10000000000000009,-0.031070651681650574,0.0038555147063563666,-0.03492616638800694
5,baa_credit_widening_top_10pct,market_observable,39,2023-03-10,2023-03-28,8,2023-03-15,1385,2023-03-09,2023-03-15,0.43000000000000016,0.09777629053690085,0.05578959735016209,0.041986693186738755
5,baa_credit_widening_top_10pct,market_observable,40,2023-04-25,2023-05-08,7,2023-05-04,1420,2023-04-28,2023-05-04,0.17000000000000037,-0.026591269325743738,0.030333637317824902,-0.05692490664356864
5,baa_credit_widening_top_10pct,market_observable,41,2023-07-13,2023-07-13,1,2023-07-13,1467,2023-07-07,2023-07-13,0.10999999999999988,0.0418732440144467,0.02616200114199696,0.015711242872449738
5,baa_credit_widening_top_10pct,market_observable,42,2023-08-04,2023-08-09,4,2023-08-08,1485,2023-08-02,2023-08-08,0.15999999999999992,0.02061681934898907,-0.010136579655292799,0.030753399004281867
5,baa_credit_widening_top_10pct,market_observable,43,2023-09-28,2023-09-28,1,2023-09-28,1521,2023-09-22,2023-09-28,0.14000000000000012,0.018624391799017204,-0.027444260236346274,0.04606865203536348
5,baa_credit_widening_top_10pct,market_observable,44,2023-11-01,2023-11-01,1,2023-11-01,1545,2023-10-26,2023-11-01,0.07999999999999985,-0.00522021076576884,-0.0011437341132447543,-0.004076476652524086
5,baa_credit_widening_top_10pct,market_observable,45,2023-12-22,2023-12-22,1,2023-12-22,1581,2023-12-18,2023-12-22,0.07999999999999985,0.03319972642346869,0.017335521652449337,0.015864204771019352
5,baa_credit_widening_top_10pct,market_observable,46,2024-03-01,2024-03-01,1,2024-03-01,1627,2024-02-26,2024-03-01,0.08000000000000007,0.20755016108632773,0.022385691843198607,0.18516446924312913
5,baa_credit_widening_top_10pct,market_observable,47,2024-04-17,2024-04-17,1,2024-04-17,1659,2024-04-11,2024-04-17,0.08000000000000007,-0.13845416824022294,0.01829093160159445,-0.1567450998418174
5,baa_credit_widening_top_10pct,market_observable,48,2024-07-24,2024-08-07,8,2024-08-05,1734,2024-07-30,2024-08-05,0.19000000000000017,-0.2300833099632733,0.009756122498018271,-0.23983943246129158
5,baa_credit_widening_top_10pct,market_observable,49,2025-02-28,2025-03-04,3,2025-03-03,1877,2025-02-25,2025-03-03,0.13000000000000012,-0.08830014403283393,-0.02029943126128586,-0.06800071277154807
5,baa_credit_widening_top_10pct,market_observable,50,2025-03-12,2025-03-13,2,2025-03-13,1885,2025-03-07,2025-03-13,0.10999999999999988,-0.10451394545583348,0.02532434947544715,-0.12983829493128063
5,baa_credit_widening_top_10pct,market_observable,51,2025-03-31,2025-04-10,7,2025-04-09,1904,2025-04-03,2025-04-09,0.29000000000000004,-0.053997322174200946,-0.009694251523951536,-0.04430307065024941
5,baa_credit_widening_top_10pct,market_observable,52,2025-04-30,2025-05-01,2,2025-04-30,1918,2025-04-24,2025-04-30,0.09999999999999987,0.0069718415457931115,0.00039509769887224877,0.006576743846920863
5,baa_credit_widening_top_10pct,market_observable,53,2025-09-02,2025-09-02,1,2025-09-02,2003,2025-08-26,2025-09-02,0.1100000000000001,0.0008114764955973186,0.04961519325424302,-0.0488037167586457
5,baa_credit_widening_top_10pct,market_observable,54,2025-11-03,2025-11-06,3,2025-11-05,2049,2025-10-30,2025-11-05,0.08999999999999986,-0.06351499113424808,0.009622998464134724,-0.0731379895983828
5,baa_credit_widening_top_10pct,market_observable,55,2026-02-27,2026-02-27,1,2026-02-27,2126,2026-02-23,2026-02-27,0.1100000000000001,-0.03233592115233819,0.0317760492762611,-0.06411197042859929
5,baa_credit_widening_top_10pct,market_observable,56,2026-03-11,2026-03-17,4,2026-03-11,2134,2026-03-05,2026-03-11,0.10000000000000009,-0.03310695196226199,0.009366767239197493,-0.04247371920145948
5,baa_credit_widening_top_5pct,market_observable,1,2018-05-29,2018-05-29,1,2018-05-29,178,2018-05-22,2018-05-29,0.1299999999999999,-0.11313989265931745,0.0057801200346583315,-0.11892001269397579
5,baa_credit_widening_top_5pct,market_observable,2,2018-10-24,2018-10-24,1,2018-10-24,282,2018-10-18,2018-10-24,0.1100000000000001,-0.0210628802753714,0.0074855391858204,-0.0285484194611918
5,baa_credit_widening_top_5pct,market_observable,3,2018-11-14,2018-11-20,5,2018-11-19,300,2018-11-13,2018-11-19,0.18000000000000016,-0.2525745155377912,0.01752972538848674,-0.27010424092627794
5,baa_credit_widening_top_5pct,market_observable,4,2018-12-28,2019-01-03,3,2018-12-28,326,2018-12-21,2018-12-28,0.16000000000000014,-0.006103877859956697,0.01514801940214383,-0.021251897262100528
5,baa_credit_widening_top_5pct,market_observable,5,2019-05-13,2019-05-13,1,2019-05-13,418,2019-05-07,2019-05-13,0.10999999999999988,0.303790716214694,0.015278764795160882,0.2885119514195331
5,baa_credit_widening_top_5pct,market_observable,6,2019-06-03,2019-06-06,3,2019-06-05,434,2019-05-30,2019-06-05,0.1200000000000001,-0.10878389169666924,0.03735108530584785,-0.1461349770025171
5,baa_credit_widening_top_5pct,market_observable,7,2019-08-05,2019-08-06,2,2019-08-05,476,2019-07-30,2019-08-05,0.11000000000000032,0.2137623006702487,0.023943524856836262,0.18981877581341244
5,baa_credit_widening_top_5pct,market_observable,8,2019-10-03,2019-10-03,1,2019-10-03,518,2019-09-27,2019-10-03,0.10999999999999988,0.0015998037447833013,0.0007754987545158798,0.0008243049902674215
5,baa_credit_widening_top_5pct,market_observable,9,2020-01-31,2020-01-31,1,2020-01-31,600,2020-01-27,2020-01-31,0.1499999999999999,0.09377793512995147,0.00908153370545417,0.0846964014244973
5,baa_credit_widening_top_5pct,market_observable,10,2020-02-25,2020-03-25,22,2020-03-20,634,2020-03-16,2020-03-20,0.9300000000000006,0.1361781233611783,-0.022372916493381467,0.15855103985455976
5,baa_credit_widening_top_5pct,market_observable,11,2020-05-07,2020-05-13,5,2020-05-11,669,2020-05-05,2020-05-11,0.13000000000000034,-0.00952426628336056,-0.005754320261106116,-0.0037699460222544445
5,baa_credit_widening_top_5pct,market_observable,12,2020-06-15,2020-06-15,1,2020-06-15,693,2020-06-09,2020-06-15,0.1200000000000001,-0.028889883068774935,0.016209021764792553,-0.04509890483356749
5,baa_credit_widening_top_5pct,market_observable,13,2022-01-25,2022-01-25,1,2022-01-25,1100,2022-01-19,2022-01-25,0.1299999999999999,-0.12541517920116796,0.018657162694992735,-0.1440723418961607
5,baa_credit_widening_top_5pct,market_observable,14,2022-02-16,2022-03-10,11,2022-02-17,1117,2022-02-11,2022-02-17,0.2100000000000002,-0.07590577373975194,0.03847403874881827,-0.11437981248857021
5,baa_credit_widening_top_5pct,market_observable,15,2022-04-12,2022-04-18,4,2022-04-13,1155,2022-04-07,2022-04-13,0.16999999999999993,-0.0635782291701279,0.027395912059445138,-0.09097414122957304
5,baa_credit_widening_top_5pct,market_observable,16,2022-04-26,2022-04-28,3,2022-04-26,1163,2022-04-20,2022-04-26,0.15000000000000013,-0.07902989448463948,-0.025061175794568236,-0.05396871869007125
5,baa_credit_widening_top_5pct,market_observable,17,2022-05-10,2022-05-20,7,2022-05-19,1180,2022-05-13,2022-05-19,0.16999999999999993,0.04530578205274516,0.010173178732686416,0.03513260332005874
5,baa_credit_widening_top_5pct,market_observable,18,2022-06-21,2022-06-22,2,2022-06-22,1202,2022-06-15,2022-06-22,0.17999999999999994,-0.0981015171048778,0.016123629249634064,-0.11422514635451186
5,baa_credit_widening_top_5pct,market_observable,19,2022-06-30,2022-07-06,4,2022-07-05,1210,2022-06-28,2022-07-05,0.2200000000000002,-0.022164796630709915,-0.03078081937110433,0.008616022740394413
5,baa_credit_widening_top_5pct,market_observable,20,2022-07-28,2022-07-28,1,2022-07-28,1227,2022-07-22,2022-07-28,0.18999999999999995,0.02544272257719804,0.020808969667975852,0.0046337529092221885
5,baa_credit_widening_top_5pct,market_observable,21,2022-09-28,2022-10-04,5,2022-10-03,1273,2022-09-27,2022-10-03,0.28000000000000025,0.0176102556731923,0.04651098064571446,-0.028900724972522163
5,baa_credit_widening_top_5pct,market_observable,22,2022-10-13,2022-10-17,3,2022-10-13,1281,2022-10-07,2022-10-13,0.11999999999999966,-0.032540752782837856,-0.030014341106190834,-0.0025264116766470224
5,baa_credit_widening_top_5pct,market_observable,23,2022-11-09,2022-11-11,3,2022-11-10,1301,2022-11-04,2022-11-10,0.16999999999999993,-0.1125763871119414,0.07406090969898216,-0.18663729681092356
5,baa_credit_widening_top_5pct,market_observable,24,2023-03-10,2023-03-17,6,2023-03-15,1385,2023-03-09,2023-03-15,0.43000000000000016,0.09777629053690085,0.05578959735016209,0.041986693186738755
5,baa_credit_widening_top_5pct,market_observable,25,2023-05-04,2023-05-08,3,2023-05-04,1420,2023-04-28,2023-05-04,0.17000000000000037,-0.026591269325743738,0.030333637317824902,-0.05692490664356864
5,baa_credit_widening_top_5pct,market_observable,26,2023-07-13,2023-07-13,1,2023-07-13,1467,2023-07-07,2023-07-13,0.10999999999999988,0.0418732440144467,0.02616200114199696,0.015711242872449738
5,baa_credit_widening_top_5pct,market_observable,27,2023-08-07,2023-08-08,2,2023-08-08,1485,2023-08-02,2023-08-08,0.15999999999999992,0.02061681934898907,-0.010136579655292799,0.030753399004281867
5,baa_credit_widening_top_5pct,market_observable,28,2023-09-28,2023-09-28,1,2023-09-28,1521,2023-09-22,2023-09-28,0.14000000000000012,0.018624391799017204,-0.027444260236346274,0.04606865203536348
5,baa_credit_widening_top_5pct,market_observable,29,2024-08-02,2024-08-07,4,2024-08-05,1734,2024-07-30,2024-08-05,0.19000000000000017,-0.2300833099632733,0.009756122498018271,-0.23983943246129158
5,baa_credit_widening_top_5pct,market_observable,30,2025-03-03,2025-03-04,2,2025-03-03,1877,2025-02-25,2025-03-03,0.13000000000000012,-0.08830014403283393,-0.02029943126128586,-0.06800071277154807
5,baa_credit_widening_top_5pct,market_observable,31,2025-03-13,2025-03-13,1,2025-03-13,1885,2025-03-07,2025-03-13,0.10999999999999988,-0.10451394545583348,0.02532434947544715,-0.12983829493128063
5,baa_credit_widening_top_5pct,market_observable,32,2025-03-31,2025-04-09,6,2025-04-09,1904,2025-04-03,2025-04-09,0.29000000000000004,-0.053997322174200946,-0.009694251523951536,-0.04430307065024941
5,baa_credit_widening_top_5pct,market_observable,33,2025-09-02,2025-09-02,1,2025-09-02,2003,2025-08-26,2025-09-02,0.1100000000000001,0.0008114764955973186,0.04961519325424302,-0.0488037167586457
5,baa_credit_widening_top_5pct,market_observable,34,2026-02-27,2026-02-27,1,2026-02-27,2126,2026-02-23,2026-02-27,0.1100000000000001,-0.03233592115233819,0.0317760492762611,-0.06411197042859929
5,nfci_ex_post_stress_top_10pct,EX_POST_REVISED_NFCI,1,2018-03-02,2018-04-05,24,2018-03-16,128,2018-03-12,2018-03-16,2.741848375046174,-0.0456838644512203,-0.007515846074966248,-0.038168018376254054
5,nfci_ex_post_stress_top_10pct,EX_POST_REVISED_NFCI,2,2018-11-23,2019-01-04,28,2018-12-14,317,2018-12-10,2018-12-14,3.0192440391223134,-0.04631893687075639,-0.008760411594966655,-0.037558525275789734
5,nfci_ex_post_stress_top_10pct,EX_POST_REVISED_NFCI,3,2020-02-21,2020-04-30,49,2020-03-06,624,2020-03-02,2020-03-06,7.216626786588091,0.05466709440541884,0.05996630390451063,-0.005299209499091795
5,nfci_ex_post_stress_top_10pct,EX_POST_REVISED_NFCI,4,2021-11-22,2021-12-30,27,2021-12-03,1065,2021-11-29,2021-12-03,2.884432216304011,-0.014097972532422176,-0.0013194269243843593,-0.012778545608037817
5,nfci_ex_post_stress_top_10pct,EX_POST_REVISED_NFCI,5,2022-02-04,2022-07-06,86,2022-03-04,1127,2022-02-28,2022-03-04,3.2351252751152493,0.009170520991707676,0.03959093359640509,-0.03042041260469741
5,dollar_fall_bottom_10pct,market_observable,1,2017-11-24,2017-11-28,2,2017-11-24,58,2017-11-17,2017-11-24,-0.011130703427413735,0.047892216472973814,0.0075496679314932535,0.04034254854148056
5,dollar_fall_bottom_10pct,market_observable,2,2018-01-02,2018-01-05,4,2018-01-02,83,2017-12-26,2018-01-02,-0.013184682364772549,0.04606275007492577,0.03421845503819565,0.011844295036730124
5,dollar_fall_bottom_10pct,market_observable,3,2018-01-16,2018-01-29,8,2018-01-17,93,2018-01-10,2018-01-17,-0.016050416309199456,-0.3027434238898703,0.011240968345601843,-0.31398439223547214
5,dollar_fall_bottom_10pct,market_observable,4,2018-02-16,2018-02-16,1,2018-02-16,109,2018-02-02,2018-02-16,-0.011354822382680041,0.15914715064518425,0.025245692408568665,0.1339014582366156
5,dollar_fall_bottom_10pct,market_observable,5,2018-03-26,2018-03-28,3,2018-03-27,135,2018-03-21,2018-03-27,-0.010743684436048895,-0.1265644968313282,0.02525948723000493,-0.15182398406133313
5,dollar_fall_bottom_10pct,market_observable,6,2018-07-06,2018-07-10,2,2018-07-10,207,2018-07-03,2018-07-10,-0.01400616598579596,-0.038892633020596534,0.012437245005167519,-0.05132987802576405
5,dollar_fall_bottom_10pct,market_observable,7,2018-07-26,2018-07-26,1,2018-07-26,219,2018-07-20,2018-07-26,-0.009066278807396522,0.1033437181876593,-0.0003454608940902659,0.10368917908174957
5,dollar_fall_bottom_10pct,market_observable,8,2018-08-22,2018-08-27,2,2018-08-22,238,2018-08-16,2018-08-22,-0.013020275225661848,0.011725441864161468,0.018533847903833944,-0.006808406039672477
5,dollar_fall_bottom_10pct,market_observable,9,2018-11-07,2018-11-07,1,2018-11-07,292,2018-11-01,2018-11-07,-0.011012277996951703,0.03132773281387102,0.007613128320950402,0.02371460449292062
5,dollar_fall_bottom_10pct,market_observable,10,2019-01-04,2019-01-10,4,2019-01-09,333,2019-01-03,2019-01-09,-0.014164940777459556,0.030126621600434333,0.008044664383159095,0.02208195721727524
5,dollar_fall_bottom_10pct,market_observable,11,2019-01-31,2019-01-31,1,2019-01-31,348,2019-01-25,2019-01-31,-0.009349344115783254,-0.034468524440651294,0.029777694108225283,-0.06424621854887658
5,dollar_fall_bottom_10pct,market_observable,12,2019-06-07,2019-06-10,2,2019-06-07,436,2019-06-03,2019-06-07,-0.008521797509842166,-0.06191531362651226,0.02608978429514952,-0.08800509792166178
5,dollar_fall_bottom_10pct,market_observable,13,2019-06-21,2019-06-26,4,2019-06-24,447,2019-06-18,2019-06-24,-0.011382271253876475,0.16523241338058625,0.057307737267078274,0.10792467611350798
5,dollar_fall_bottom_10pct,market_observable,14,2019-09-09,2019-09-10,2,2019-09-10,501,2019-09-04,2019-09-10,-0.01038751905903279,-0.06006965288185917,-0.038965566407095586,-0.021104086474763584
5,dollar_fall_bottom_10pct,market_observable,15,2019-10-16,2019-10-17,2,2019-10-16,527,2019-10-10,2019-10-16,-0.008885116022076645,-0.0752069581894439,-0.011612389575791582,-0.06359456861365231
5,dollar_fall_bottom_10pct,market_observable,16,2019-12-31,2019-12-31,1,2019-12-31,579,2019-12-24,2019-12-31,-0.009865796419173734,-0.030805987248157862,0.0208598480686204,-0.051665835316778264
5,dollar_fall_bottom_10pct,market_observable,17,2020-03-26,2020-03-31,4,2020-03-31,641,2020-03-25,2020-03-31,-0.023949841296585284,-0.03526538997094342,-0.03549877398429668,0.00023338401335326608
5,dollar_fall_bottom_10pct,market_observable,18,2020-04-09,2020-04-14,3,2020-04-14,650,2020-04-07,2020-04-14,-0.016631581129142425,-0.04903393653350108,0.036303823004181446,-0.08533775953768252
5,dollar_fall_bottom_10pct,market_observable,19,2020-04-29,2020-04-30,2,2020-04-30,662,2020-04-24,2020-04-30,-0.01159955333768714,0.16100335724290282,-0.028188327479313102,0.18919168472221592
5,dollar_fall_bottom_10pct,market_observable,20,2020-05-20,2020-06-09,13,2020-06-03,685,2020-05-28,2020-06-03,-0.019202220413926163,0.044538098410230376,-0.009850984196839718,0.054389082607070094
5,dollar_fall_bottom_10pct,market_observable,21,2020-07-06,2020-07-07,2,2020-07-06,707,2020-06-29,2020-07-06,-0.010406309950360182,0.013308295545279236,0.008609418769307098,0.004698876775972138
5,dollar_fall_bottom_10pct,market_observable,22,2020-07-24,2020-07-28,3,2020-07-27,722,2020-07-21,2020-07-27,-0.014053976275595126,0.1641074228581374,0.06395697003241985,0.10015045282571755
5,dollar_fall_bottom_10pct,market_observable,23,2020-08-28,2020-09-01,3,2020-09-01,748,2020-08-26,2020-09-01,-0.010774266375645603,0.05707955863643477,0.02091430579375242,0.03616525284268235
5,dollar_fall_bottom_10pct,market_observable,24,2020-10-02,2020-10-09,4,2020-10-09,775,2020-10-05,2020-10-09,-0.012554915226810515,0.048200177401652056,0.014126304532672052,0.034073872868980004
5,dollar_fall_bottom_10pct,market_observable,25,2020-10-22,2020-10-22,1,2020-10-22,784,2020-10-16,2020-10-22,-0.008482302226805238,0.1263431110076656,-0.0005031241916926277,0.12684623519935823
5,dollar_fall_bottom_10pct,market_observable,26,2020-11-05,2020-11-11,5,2020-11-09,796,2020-11-03,2020-11-09,-0.018640239332308184,0.11793915789260367,-0.016034802249656366,0.13397396014226004
5,dollar_fall_bottom_10pct,market_observable,27,2020-12-01,2020-12-08,5,2020-12-04,814,2020-11-30,2020-12-04,-0.012486820988886649,0.12538701308368339,0.02664009842357462,0.09874691466010876
5,dollar_fall_bottom_10pct,market_observable,28,2021-01-05,2021-01-05,1,2021-01-05,834,2020-12-29,2021-01-05,-0.009131074340034573,0.23454068372063475,0.039940544205805395,0.19460013951482935
5,dollar_fall_bottom_10pct,market_observable,29,2021-02-11,2021-02-11,1,2021-02-11,860,2021-02-05,2021-02-11,-0.010876976209564404,0.22337408136207948,0.018034510542712212,0.20533957081936727
5,dollar_fall_bottom_10pct,market_observable,30,2021-03-15,2021-03-15,1,2021-03-15,881,2021-03-09,2021-03-15,-0.009452256820083882,0.08881418491342963,0.029468123800593382,0.059346061112836246
5,dollar_fall_bottom_10pct,market_observable,31,2021-04-07,2021-04-07,1,2021-04-07,897,2021-03-31,2021-04-07,-0.008436315954152285,-0.050458809223924206,0.032406838927131254,-0.08286564815105546
5,dollar_fall_bottom_10pct,market_observable,32,2021-04-19,2021-04-19,1,2021-04-19,905,2021-04-13,2021-04-19,-0.008856801400648706,-0.07173271242218249,0.022001683608886324,-0.09373439603106881
5,dollar_fall_bottom_10pct,market_observable,33,2021-05-07,2021-05-11,3,2021-05-11,921,2021-05-05,2021-05-11,-0.01252359190129404,0.03723731970560351,0.03283241017641991,0.004404909529183598
5,dollar_fall_bottom_10pct,market_observable,34,2021-06-25,2021-06-25,1,2021-06-25,953,2021-06-21,2021-06-25,-0.00955802736400102,-0.09187502103572243,0.010014584886841149,-0.10188960592256358
5,dollar_fall_bottom_10pct,market_observable,35,2021-07-29,2021-07-29,1,2021-07-29,976,2021-07-23,2021-07-29,-0.008728423140618169,0.2028929566495563,0.01222610811770064,0.19066684853185567
5,dollar_fall_bottom_10pct,market_observable,36,2021-08-27,2021-09-02,2,2021-08-27,997,2021-08-23,2021-08-27,-0.010187003286000973,-0.008053017271825169,0.020719702901903503,-0.028772720173728672
5,dollar_fall_bottom_10pct,market_observable,37,2021-10-19,2021-10-20,2,2021-10-19,1033,2021-10-13,2021-10-19,-0.009695296460262348,0.1482335694541117,0.004786251811712994,0.1434473176423987
5,dollar_fall_bottom_10pct,market_observable,38,2022-01-13,2022-01-13,1,2022-01-13,1093,2022-01-07,2022-01-13,-0.010694338744170473,-0.009889210362976186,0.018805229134037482,-0.02869443949701367
5,dollar_fall_bottom_10pct,market_observable,39,2022-02-03,2022-02-03,1,2022-02-03,1107,2022-01-28,2022-02-03,-0.00928176376125478,0.021791546597732747,0.005948857303774702,0.015842689293958045
5,dollar_fall_bottom_10pct,market_observable,40,2022-03-21,2022-03-22,2,2022-03-21,1138,2022-03-15,2022-03-21,-0.010389195699702647,0.0591801708943116,-0.008981545773889543,0.06816171666820114
5,dollar_fall_bottom_10pct,market_observable,41,2022-05-19,2022-05-27,6,2022-05-23,1182,2022-05-17,2022-05-23,-0.016467864475412597,-0.016595510537399605,0.014159884430482883,-0.030755394967882488
5,dollar_fall_bottom_10pct,market_observable,42,2022-06-22,2022-06-27,2,2022-06-22,1202,2022-06-15,2022-06-22,-0.009473757675167782,-0.0981015171048778,0.016123629249634064,-0.11422514635451186
5,dollar_fall_bottom_10pct,market_observable,43,2022-07-21,2022-07-21,1,2022-07-21,1222,2022-07-15,2022-07-21,-0.009385999080740781,0.11821405151178155,0.0058823850687463874,0.11233166644303516
5,dollar_fall_bottom_10pct,market_observable,44,2022-08-01,2022-08-01,1,2022-08-01,1229,2022-07-26,2022-08-01,-0.008598886051914612,0.04740047523748636,0.02951701180338251,0.017883463434103852
5,dollar_fall_bottom_10pct,market_observable,45,2022-08-10,2022-08-12,3,2022-08-10,1236,2022-08-04,2022-08-10,-0.013444959958893499,0.007577193188339493,0.014069017261891581,-0.006491824073552088
5,dollar_fall_bottom_10pct,market_observable,46,2022-10-03,2022-10-05,3,2022-10-04,1274,2022-09-28,2022-10-04,-0.01772645244760973,0.058162316851205986,0.058689681554094264,-0.0005273647028882777
5,dollar_fall_bottom_10pct,market_observable,47,2022-10-26,2022-10-27,2,2022-10-26,1290,2022-10-20,2022-10-26,-0.015102156969302172,0.07668944159664193,0.02145706806969372,0.05523237352694821
5,dollar_fall_bottom_10pct,market_observable,48,2022-11-07,2022-11-16,8,2022-11-10,1301,2022-11-04,2022-11-10,-0.027444919624708852,-0.1125763871119414,0.07406090969898216,-0.18663729681092356
5,dollar_fall_bottom_10pct,market_observable,49,2022-11-29,2022-12-02,3,2022-12-01,1315,2022-11-25,2022-12-01,-0.014265268341855375,0.017867437489313076,0.028770233649930255,-0.010902796160617179
5,dollar_fall_bottom_10pct,market_observable,50,2022-12-13,2022-12-13,1,2022-12-13,1323,2022-12-07,2022-12-13,-0.009554592583309152,0.04372537637126683,0.022019778359533504,0.02170559801173333
5,dollar_fall_bottom_10pct,market_observable,51,2023-01-09,2023-01-18,6,2023-01-12,1343,2023-01-06,2023-01-12,-0.022192540176287245,0.12212615680047101,0.03526114268089664,0.08686501411957437
5,dollar_fall_bottom_10pct,market_observable,52,2023-03-22,2023-03-31,5,2023-03-23,1391,2023-03-17,2023-03-23,-0.016261692582047793,0.12832343283376701,0.03936715369735655,0.08895627913641047
5,dollar_fall_bottom_10pct,market_observable,53,2023-06-07,2023-06-07,1,2023-06-07,1443,2023-06-01,2023-06-07,-0.009195115803080078,-0.01974677664688862,-0.011973621795840828,-0.007773154851047792
5,dollar_fall_bottom_10pct,market_observable,54,2023-06-14,2023-06-16,3,2023-06-14,1448,2023-06-08,2023-06-14,-0.009076685610629909,-0.02322047466030419,0.00271629370860893,-0.02593676836891312
5,dollar_fall_bottom_10pct,market_observable,55,2023-07-12,2023-07-18,5,2023-07-13,1467,2023-07-07,2023-07-13,-0.02224710574906652,0.0418732440144467,0.02616200114199696,0.015711242872449738
5,dollar_fall_bottom_10pct,market_observable,56,2023-11-02,2023-11-08,5,2023-11-03,1547,2023-10-30,2023-11-03,-0.01519001691489752,0.024394560043109692,-0.007332758673650019,0.03172731871675971
5,dollar_fall_bottom_10pct,market_observable,57,2023-11-15,2023-11-21,4,2023-11-20,1558,2023-11-14,2023-11-20,-0.017909681659029175,0.020543177791942924,0.015719795463861708,0.004823382328081216
5,dollar_fall_bottom_10pct,market_observable,58,2023-12-14,2023-12-28,7,2023-12-20,1579,2023-12-14,2023-12-20,-0.013407728710458144,0.013136695161815481,0.0025018042323265988,0.010634890929488883
5,dollar_fall_bottom_10pct,market_observable,59,2024-03-08,2024-03-08,1,2024-03-08,1632,2024-03-04,2024-03-08,-0.008598889182175107,0.09422176361575119,0.04431428379477875,0.049907479820972434
5,dollar_fall_bottom_10pct,market_observable,60,2024-07-09,2024-07-12,3,2024-07-10,1716,2024-07-03,2024-07-10,-0.008907402158515154,-0.07624620073825739,0.017474936857005297,-0.09372113759526268
5,dollar_fall_bottom_10pct,market_observable,61,2024-08-14,2024-08-20,3,2024-08-19,1744,2024-08-13,2024-08-19,-0.010947513488297034,-0.00129563629409013,0.01391264960128158,-0.01520828589537171
5,dollar_fall_bottom_10pct,market_observable,62,2024-09-16,2024-09-19,4,2024-09-17,1764,2024-09-11,2024-09-17,-0.011479614655543813,0.03419549884710982,0.02008749688680833,0.014108001960301486
5,dollar_fall_bottom_10pct,market_observable,63,2025-01-21,2025-01-27,3,2025-01-24,1852,2025-01-17,2025-01-24,-0.015375330476726567,0.044016122490710075,0.019951230833932243,0.02406489165677783
5,dollar_fall_bottom_10pct,market_observable,64,2025-02-14,2025-02-20,3,2025-02-18,1868,2025-02-11,2025-02-18,-0.01053115127820714,-0.032741511664491796,0.008644634530923234,-0.04138614619541503
5,dollar_fall_bottom_10pct,market_observable,65,2025-03-06,2025-03-11,4,2025-03-07,1881,2025-03-03,2025-03-07,-0.01808499553399212,0.03267337122746561,0.01926112135092861,0.013412249876536997
5,dollar_fall_bottom_10pct,market_observable,66,2025-04-03,2025-04-03,1,2025-04-03,1900,2025-03-28,2025-04-03,-0.012991323090693285,-0.05976386607444795,0.0156586253023141,-0.07542249137676205
5,dollar_fall_bottom_10pct,market_observable,67,2025-04-11,2025-04-22,7,2025-04-16,1909,2025-04-10,2025-04-16,-0.026857113460954984,0.02402427999456691,0.07455588286944348,-0.05053160287487657
5,dollar_fall_bottom_10pct,market_observable,68,2025-05-19,2025-05-23,2,2025-05-23,1935,2025-05-19,2025-05-23,-0.013826760198971222,0.044016361105464696,0.05136979284255894,-0.00735343173709424
5,dollar_fall_bottom_10pct,market_observable,69,2025-06-26,2025-07-02,5,2025-06-30,1959,2025-06-24,2025-06-30,-0.014636666425248634,0.04348254417491759,-0.020295870545862904,0.0637784147207805
5,dollar_fall_bottom_10pct,market_observable,70,2025-07-24,2025-07-24,1,2025-07-24,1976,2025-07-18,2025-07-24,-0.008925775980584305,-0.00013652618558168683,0.008675135295590053,-0.00881166148117174
5,dollar_fall_bottom_10pct,market_observable,71,2025-08-07,2025-08-07,1,2025-08-07,1986,2025-08-01,2025-08-07,-0.010046103630426018,0.005773475481474222,0.03298573266495186,-0.02721225718347764
5,dollar_fall_bottom_10pct,market_observable,72,2025-09-16,2025-09-16,1,2025-09-16,2013,2025-09-10,2025-09-16,-0.008542763630853933,0.048221178589463065,0.016418386558671116,0.03180279203079195
5,dollar_fall_bottom_10pct,market_observable,73,2026-01-23,2026-01-30,6,2026-01-26,2103,2026-01-20,2026-01-26,-0.01706039161965922,-0.08657283315489828,0.09807060942860613,-0.1846434425835044
5,dollar_fall_bottom_10pct,market_observable,74,2026-04-08,2026-04-14,5,2026-04-08,2153,2026-04-01,2026-04-08,-0.016455551899575482,0.05002118491718832,0.009805564559131952,0.04021562035805637
5,dollar_fall_bottom_10pct,market_observable,75,2026-05-06,2026-05-06,1,2026-05-06,2173,2026-04-30,2026-05-06,-0.008426003610629174,0.075193502726842,0.03194629758089462,0.043247205145947376
5,dollar_fall_bottom_10pct,market_observable,76,2026-07-30,2026-08-05,5,2026-08-05,2235,2026-07-30,2026-08-05,-0.011667346530439993,0.019479127613024616,0.04880563689803452,-0.029326509285009905
5,real_rate_rise_top_10pct,market_observable,1,2017-10-02,2017-10-02,1,2017-10-02,20,2017-09-26,2017-10-02,0.13,0.11404513237011038,-0.030658758439379596,0.14470389080948998
5,real_rate_rise_top_10pct,market_observable,2,2018-02-02,2018-02-07,2,2018-02-02,105,2018-01-29,2018-02-02,0.13,-0.24136217203015775,-0.013204686797240406,-0.22815748523291735
5,real_rate_rise_top_10pct,market_observable,3,2018-04-24,2018-04-25,2,2018-04-25,155,2018-04-19,2018-04-25,0.15000000000000002,0.09999685349134246,-0.01926929076522743,0.1192661442565699
5,real_rate_rise_top_10pct,market_observable,4,2018-05-17,2018-05-17,1,2018-05-17,171,2018-05-11,2018-05-17,0.1499999999999999,-0.10591102489275883,-0.022785179663586064,-0.08312584522917277
5,real_rate_rise_top_10pct,market_observable,5,2018-10-05,2018-10-05,1,2018-10-05,269,2018-10-01,2018-10-05,0.16000000000000003,-0.013339645870862782,0.009180863318239751,-0.022520509189102533
5,real_rate_rise_top_10pct,market_observable,6,2018-11-02,2018-11-02,1,2018-11-02,289,2018-10-29,2018-11-02,0.1399999999999999,-0.01756524065493892,-0.0010281477911000536,-0.016537092863838865
5,real_rate_rise_top_10pct,market_observable,7,2019-09-10,2019-09-13,4,2019-09-13,504,2019-09-09,2019-09-13,0.22,-0.015893645925752153,-0.01255027159833233,-0.0033433743274198235
5,real_rate_rise_top_10pct,market_observable,8,2019-10-11,2019-10-15,3,2019-10-11,524,2019-10-07,2019-10-11,0.18000000000000002,0.01924925985915138,-0.013265864502955083,0.03251512436210646
5,real_rate_rise_top_10pct,market_observable,9,2020-03-10,2020-03-20,9,2020-03-18,632,2020-03-12,2020-03-18,0.6900000000000001,-0.38452966835805746,-0.0898679636099704,-0.29466170474808706
5,real_rate_rise_top_10pct,market_observable,10,2020-04-17,2020-04-22,4,2020-04-20,654,2020-04-14,2020-04-20,0.19,-0.0005582772124217428,-0.010650698361781785,0.010092421149360042
5,real_rate_rise_top_10pct,market_observable,11,2020-05-06,2020-05-06,1,2020-05-06,666,2020-04-30,2020-05-06,0.13,0.05753813060077739,-0.017338583557113374,0.07487671415789077
5,real_rate_rise_top_10pct,market_observable,12,2020-06-05,2020-06-05,1,2020-06-05,687,2020-06-01,2020-06-05,0.14,0.03345846173813882,-0.030539636158671613,0.06399809789681044
5,real_rate_rise_top_10pct,market_observable,13,2021-01-08,2021-01-12,3,2021-01-11,838,2021-01-05,2021-01-11,0.17000000000000004,0.06701930125849742,-0.05252664759586523,0.11954594885436265
5,real_rate_rise_top_10pct,market_observable,14,2021-02-18,2021-02-25,6,2021-02-25,869,2021-02-19,2021-02-25,0.27,-0.058488621086352666,-0.003010780728899931,-0.055477840357452735
5,real_rate_rise_top_10pct,market_observable,15,2021-03-18,2021-03-18,1,2021-03-18,884,2021-03-12,2021-03-18,0.17999999999999994,-0.002845106836337763,0.00641814891545156,-0.009263255751789323
5,real_rate_rise_top_10pct,market_observable,16,2021-06-17,2021-06-17,1,2021-06-17,947,2021-06-11,2021-06-17,0.15000000000000002,0.02762915027722812,-0.0692380370214627,0.09686718729869082
5,real_rate_rise_top_10pct,market_observable,17,2021-08-09,2021-08-10,2,2021-08-10,984,2021-08-04,2021-08-10,0.1499999999999999,0.17980076353574326,-0.046618360687607385,0.22641912422335064
5,real_rate_rise_top_10pct,market_observable,18,2021-09-29,2021-09-29,1,2021-09-29,1019,2021-09-23,2021-09-29,0.14,-0.051482888252207815,-0.025097667787666644,-0.02638522046454117
5,real_rate_rise_top_10pct,market_observable,19,2021-11-03,2021-11-03,1,2021-11-03,1044,2021-10-28,2021-11-03,0.18000000000000005,0.06136192592090062,-0.014076669883100301,0.07543859580400092
5,real_rate_rise_top_10pct,market_observable,20,2021-11-22,2021-11-24,3,2021-11-23,1058,2021-11-17,2021-11-23,0.15000000000000013,-0.03214141999178466,-0.03316000138738939,0.001018581395604734
5,real_rate_rise_top_10pct,market_observable,21,2022-01-05,2022-01-10,4,2022-01-06,1088,2021-12-31,2022-01-06,0.33000000000000007,-0.0881227828720057,-0.01668732857039945,-0.07143545430160625
5,real_rate_rise_top_10pct,market_observable,22,2022-01-19,2022-01-21,3,2022-01-20,1097,2022-01-13,2022-01-20,0.24,-0.025316895142013962,0.0053155205909440895,-0.03063241573295805
5,real_rate_rise_top_10pct,market_observable,23,2022-02-04,2022-02-10,5,2022-02-04,1108,2022-01-31,2022-02-04,0.18000000000000005,0.0722750826439853,0.010477500728422129,0.06179758191556317
5,real_rate_rise_top_10pct,market_observable,24,2022-03-14,2022-03-25,9,2022-03-15,1134,2022-03-09,2022-03-15,0.3500000000000001,0.03126741568772218,-0.06816890950379406,0.09943632519151624
5,real_rate_rise_top_10pct,market_observable,25,2022-04-05,2022-04-12,6,2022-04-07,1151,2022-04-01,2022-04-07,0.36,-0.04930812353308056,-0.0017174860421693694,-0.04759063749091119
5,real_rate_rise_top_10pct,market_observable,26,2022-05-02,2022-05-11,7,2022-05-05,1170,2022-04-29,2022-05-05,0.3,-0.09621493090493516,-0.010225549563125824,-0.08598938134180933
5,real_rate_rise_top_10pct,market_observable,27,2022-06-06,2022-06-17,7,2022-06-14,1197,2022-06-08,2022-06-14,0.64,-0.33622783407251866,-0.025593590408015565,-0.3106342436645031
5,real_rate_rise_top_10pct,market_observable,28,2022-07-11,2022-07-11,1,2022-07-11,1214,2022-07-05,2022-07-11,0.13,0.05612049407525177,-0.04179540626442968,0.09791590033968145
5,real_rate_rise_top_10pct,market_observable,29,2022-08-05,2022-08-11,3,2022-08-05,1233,2022-08-01,2022-08-05,0.22999999999999998,-0.041175354030448474,0.007225431020622786,-0.04840078505107126
5,real_rate_rise_top_10pct,market_observable,30,2022-08-31,2022-10-11,24,2022-09-27,1269,2022-09-21,2022-09-27,0.47,0.004426482868327142,-0.02302710290878096,0.027453585777108103
5,real_rate_rise_top_10pct,market_observable,31,2022-11-03,2022-11-09,3,2022-11-03,1296,2022-10-28,2022-11-03,0.22999999999999998,-0.01795308528747519,-0.019116601757986018,0.001163516470510828
5,real_rate_rise_top_10pct,market_observable,32,2022-11-18,2022-11-18,1,2022-11-18,1307,2022-11-14,2022-11-18,0.14000000000000012,0.0007467151196038913,-0.010814245130823963,0.011560960250427854
5,real_rate_rise_top_10pct,market_observable,33,2022-12-09,2022-12-29,8,2022-12-09,1321,2022-12-05,2022-12-09,0.22999999999999998,0.004202649538186165,-0.0011964403975008864,0.005399089935687051
5,real_rate_rise_top_10pct,market_observable,34,2023-02-08,2023-02-16,4,2023-02-15,1366,2023-02-09,2023-02-15,0.16999999999999993,0.056073817174159046,-0.020388799190493856,0.0764626163646529
5,real_rate_rise_top_10pct,market_observable,35,2023-04-14,2023-04-19,4,2023-04-19,1409,2023-04-13,2023-04-19,0.18000000000000016,-0.019366084485472612,-0.009824273438723274,-0.009541811046749338
5,real_rate_rise_top_10pct,market_observable,36,2023-05-18,2023-05-25,5,2023-05-18,1430,2023-05-12,2023-05-18,0.18999999999999995,-0.004070776942112886,-0.02867642917775104,0.024605652235638154
5,real_rate_rise_top_10pct,market_observable,37,2023-06-13,2023-06-13,1,2023-06-13,1447,2023-06-07,2023-06-13,0.1399999999999999,-0.044447650203260025,-0.00992073339048627,-0.034526916812773756
5,real_rate_rise_top_10pct,market_observable,38,2023-07-06,2023-07-11,4,2023-07-06,1462,2023-06-29,2023-07-06,0.25,0.006948892443604748,0.0001692026265729396,0.006779689817031809
5,real_rate_rise_top_10pct,market_observable,39,2023-07-27,2023-08-03,4,2023-08-02,1481,2023-07-27,2023-08-02,0.21999999999999997,-0.008551547754180433,-0.020391981642599255,0.011840433888418822
5,real_rate_rise_top_10pct,market_observable,40,2023-08-11,2023-08-21,7,2023-08-16,1491,2023-08-10,2023-08-16,0.30000000000000004,-0.010406071222130109,-0.012565175267655881,0.0021591040455257726
5,real_rate_rise_top_10pct,market_observable,41,2023-09-06,2023-09-06,1,2023-09-06,1505,2023-08-30,2023-09-06,0.16999999999999993,-0.08007845938883662,-0.011406292541310314,-0.0686721668475263
5,real_rate_rise_top_10pct,market_observable,42,2023-09-21,2023-10-09,11,2023-09-27,1520,2023-09-21,2023-09-27,0.27,-0.02491969404261596,-0.029709356177931134,0.004789662135315176
5,real_rate_rise_top_10pct,market_observable,43,2023-10-18,2023-10-20,3,2023-10-18,1535,2023-10-12,2023-10-18,0.2100000000000004,0.05391131943304828,0.0399308790285966,0.013980440404451677
5,real_rate_rise_top_10pct,market_observable,44,2024-01-04,2024-01-05,2,2024-01-05,1589,2023-12-29,2024-01-05,0.15000000000000013,0.033512852494032686,-0.011133958178696446,0.04464681067272913
5,real_rate_rise_top_10pct,market_observable,45,2024-02-07,2024-02-13,3,2024-02-08,1612,2024-02-02,2024-02-08,0.22999999999999998,0.05615361185060408,-0.010983908290004507,0.06713752014060859
5,real_rate_rise_top_10pct,market_observable,46,2024-03-14,2024-03-19,4,2024-03-18,1638,2024-03-12,2024-03-18,0.19999999999999973,-0.07251242652641565,-0.009800348204644038,-0.06271207832177161
5,real_rate_rise_top_10pct,market_observable,47,2024-04-05,2024-04-16,5,2024-04-16,1658,2024-04-10,2024-04-16,0.2400000000000002,-0.09541463335405176,0.016177540977480476,-0.11159217433153223
5,real_rate_rise_top_10pct,market_observable,48,2024-05-29,2024-05-29,1,2024-05-29,1688,2024-05-22,2024-05-29,0.16000000000000014,-0.029576217169244856,-0.03665340057796751,0.007077183408722654
5,real_rate_rise_top_10pct,market_observable,49,2024-07-01,2024-07-01,1,2024-07-01,1710,2024-06-25,2024-07-01,0.13000000000000034,0.06400532390577496,-0.0002782818055768743,0.06428360571135183
5,real_rate_rise_top_10pct,market_observable,50,2024-10-04,2024-10-09,4,2024-10-08,1779,2024-10-02,2024-10-08,0.21999999999999997,0.007903140747146153,-0.013279450527893033,0.021182591275039186
5,real_rate_rise_top_10pct,market_observable,51,2024-10-21,2024-10-25,3,2024-10-25,1792,2024-10-21,2024-10-25,0.18999999999999995,-0.02595813780455991,0.008125465362409656,-0.03408360316696957
5,real_rate_rise_top_10pct,market_observable,52,2024-11-15,2024-11-18,2,2024-11-15,1807,2024-11-11,2024-11-15,0.15000000000000013,0.17728651040970078,-0.04693880016464913,0.2242253105743499
5,real_rate_rise_top_10pct,market_observable,53,2024-12-13,2024-12-24,8,2024-12-19,1830,2024-12-13,2024-12-19,0.2799999999999998,-0.03684508363961214,-0.03155040117227337,-0.005294682467338774
5,real_rate_rise_top_10pct,market_observable,54,2025-02-12,2025-02-12,1,2025-02-12,1865,2025-02-06,2025-02-12,0.15000000000000036,-0.0030550073354014273,0.01331350399238218,-0.016368511327783608
5,real_rate_rise_top_10pct,market_observable,55,2025-03-07,2025-03-07,1,2025-03-07,1881,2025-03-03,2025-03-07,0.1299999999999999,0.03267337122746561,0.01926112135092861,0.013412249876536997
5,real_rate_rise_top_10pct,market_observable,56,2025-04-08,2025-04-14,5,2025-04-11,1906,2025-04-07,2025-04-11,0.44999999999999973,-0.001807608218912904,0.06306942780000302,-0.06487703601891592
5,real_rate_rise_top_10pct,market_observable,57,2025-05-13,2025-05-14,2,2025-05-14,1928,2025-05-08,2025-05-14,0.15000000000000036,0.07162627633395502,-0.058270182841326346,0.12989645917528136
5,real_rate_rise_top_10pct,market_observable,58,2025-06-06,2025-06-06,1,2025-06-06,1944,2025-06-02,2025-06-06,0.13000000000000034,-0.00402843995787272,0.0051906768386400515,-0.009219116796512772
5,real_rate_rise_top_10pct,market_observable,59,2026-03-23,2026-03-26,4,2026-03-24,2143,2026-03-18,2026-03-24,0.22999999999999998,-0.07138942677652693,-0.12790162802994764,0.05651220125342071
5,real_rate_rise_top_10pct,market_observable,60,2026-05-15,2026-05-21,5,2026-05-19,2182,2026-05-13,2026-05-19,0.19000000000000017,-0.050965260682351854,-0.05076701508118209,-0.00019824560116976642
5,real_rate_rise_top_10pct,market_observable,61,2026-06-08,2026-06-09,2,2026-06-08,2195,2026-06-02,2026-06-08,0.14000000000000012,-0.12200630999856976,-0.03460951901441511,-0.08739679098415465
5,real_rate_rise_top_10pct,market_observable,62,2026-06-23,2026-06-23,1,2026-06-23,2205,2026-06-16,2026-06-23,0.14000000000000012,-0.06556368547206226,-0.0497084525534337,-0.01585523291862856
5,real_rate_rise_top_10pct,market_observable,63,2026-07-07,2026-07-07,1,2026-07-07,2214,2026-06-30,2026-07-07,0.13999999999999968,0.054491695271741136,0.023886304429195704,0.030605390842545432
5,hy_oas_recent_widening_top_10pct,recent_window_only,1,2023-09-25,2023-10-09,9,2023-10-04,1525,2023-09-28,2023-10-04,0.33999999999999986,0.050127119716407265,-0.0289031110861524,0.07903023080255966
5,hy_oas_recent_widening_top_10pct,recent_window_only,2,2023-10-20,2023-10-24,3,2023-10-23,1538,2023-10-17,2023-10-23,0.2400000000000002,0.0965443876380565,0.027763367983403953,0.06878101965465255
5,hy_oas_recent_widening_top_10pct,recent_window_only,3,2024-01-03,2024-01-08,4,2024-01-05,1589,2023-12-29,2024-01-05,0.3600000000000003,0.033512852494032686,-0.011133958178696446,0.04464681067272913
5,hy_oas_recent_widening_top_10pct,recent_window_only,4,2024-04-16,2024-04-18,3,2024-04-17,1659,2024-04-11,2024-04-17,0.31999999999999984,-0.13845416824022294,0.01829093160159445,-0.1567450998418174
5,hy_oas_recent_widening_top_10pct,recent_window_only,5,2024-07-30,2024-08-07,6,2024-08-05,1734,2024-07-30,2024-08-05,0.8000000000000003,-0.2300833099632733,0.009756122498018271,-0.23983943246129158
5,hy_oas_recent_widening_top_10pct,recent_window_only,6,2024-09-03,2024-09-09,4,2024-09-06,1757,2024-08-30,2024-09-06,0.2400000000000002,-0.10157861366600152,-0.010009109214112577,-0.09156950445188894
5,hy_oas_recent_widening_top_10pct,recent_window_only,7,2024-12-19,2024-12-23,3,2024-12-19,1830,2024-12-13,2024-12-19,0.25,-0.03684508363961214,-0.03155040117227337,-0.005294682467338774
5,hy_oas_recent_widening_top_10pct,recent_window_only,8,2025-02-24,2025-03-14,10,2025-03-13,1885,2025-03-07,2025-03-13,0.4099999999999997,-0.10451394545583348,0.02532434947544715,-0.12983829493128063
5,hy_oas_recent_widening_top_10pct,recent_window_only,9,2025-03-28,2025-04-10,10,2025-04-08,1903,2025-04-02,2025-04-08,1.0700000000000003,-0.10041362179656943,-0.043968183915462866,-0.056445437881106564
5,hy_oas_recent_widening_top_10pct,recent_window_only,10,2025-04-30,2025-04-30,1,2025-04-30,1918,2025-04-24,2025-04-30,0.18999999999999995,0.0069718415457931115,0.00039509769887224877,0.006576743846920863
5,hy_oas_recent_widening_top_10pct,recent_window_only,11,2025-05-23,2025-05-23,1,2025-05-23,1935,2025-05-19,2025-05-23,0.23999999999999977,0.044016361105464696,0.05136979284255894,-0.00735343173709424
5,hy_oas_recent_widening_top_10pct,recent_window_only,12,2025-07-11,2025-07-11,1,2025-07-11,1967,2025-07-07,2025-07-11,0.17000000000000037,0.07761541807992778,0.0064905787180729035,0.07112483936185487
5,hy_oas_recent_widening_top_10pct,recent_window_only,13,2025-08-01,2025-08-04,2,2025-08-01,1982,2025-07-28,2025-08-01,0.29000000000000004,-0.0292166671088534,0.00554734196611939,-0.03476400907497279
5,hy_oas_recent_widening_top_10pct,recent_window_only,14,2025-10-10,2025-10-14,3,2025-10-13,2032,2025-10-07,2025-10-13,0.4200000000000004,-0.07979201640760536,0.036934960293827146,-0.1167269767014325
5,hy_oas_recent_widening_top_10pct,recent_window_only,15,2025-11-03,2025-11-07,5,2025-11-04,2048,2025-10-29,2025-11-04,0.31000000000000005,-0.12077065434810486,-0.005669473075132103,-0.11510118127297275
5,hy_oas_recent_widening_top_10pct,recent_window_only,16,2025-11-18,2025-11-18,1,2025-11-18,2058,2025-11-12,2025-11-18,0.18000000000000016,-0.10260821068350623,-0.014637871091017551,-0.08797033959248868
5,hy_oas_recent_widening_top_10pct,recent_window_only,17,2026-02-05,2026-02-05,1,2026-02-05,2111,2026-01-30,2026-02-05,0.20000000000000018,-0.2780241195811666,-0.1153359181329705,-0.16268820144819607
5,hy_oas_recent_widening_top_10pct,recent_window_only,18,2026-02-27,2026-02-27,1,2026-02-27,2126,2026-02-23,2026-02-27,0.2400000000000002,-0.03233592115233819,0.0317760492762611,-0.06411197042859929
5,hy_oas_recent_widening_top_10pct,recent_window_only,19,2026-03-09,2026-03-17,3,2026-03-12,2135,2026-03-06,2026-03-12,0.16999999999999993,-0.011353077186246452,0.0016077001397487578,-0.01296077732599521
5,hy_oas_recent_widening_top_10pct,recent_window_only,20,2026-03-27,2026-03-30,2,2026-03-30,2147,2026-03-24,2026-03-30,0.27,-0.06019461859782638,0.025752023072913133,-0.08594664167073951
5,hy_oas_recent_widening_top_10pct,recent_window_only,21,2026-06-26,2026-06-26,1,2026-06-26,2208,2026-06-22,2026-06-26,0.16999999999999993,-0.052151316433301176,-0.035468693886610225,-0.01668262254669095
5,hy_oas_recent_widening_top_10pct,recent_window_only,22,2026-07-29,2026-07-29,1,2026-07-29,2230,2026-07-23,2026-07-29,0.18999999999999995,-0.03604254307863464,-0.021435128180481655,-0.014607414898152982
20,equity_bottom_10pct,market_observable,1,2018-03-23,2018-04-09,4,2018-04-09,105,2018-03-12,2018-04-09,-0.06425123186771486,-0.29132151833153763,0.010144315683416671,-0.3014658340149543
20,equity_bottom_10pct,market_observable,2,2018-10-11,2018-11-05,16,2018-10-29,247,2018-10-02,2018-10-29,-0.10190200997065535,-0.03897271380403211,0.03268377170471126,-0.07165648550874337
20,equity_bottom_10pct,market_observable,3,2018-12-07,2019-01-07,17,2019-01-03,291,2018-12-04,2019-01-03,-0.130947774527975,-0.030644746317760152,0.05042096685961184,-0.08106571317737199
20,equity_bottom_10pct,market_observable,4,2019-05-28,2019-06-03,5,2019-06-03,394,2019-05-06,2019-06-03,-0.07074542039363063,0.39768934405607936,0.036299550489634846,0.3613897935664445
20,equity_bottom_10pct,market_observable,5,2019-08-14,2019-08-27,5,2019-08-23,452,2019-07-29,2019-08-23,-0.060890903887154124,0.05564700954934487,0.07584353320172443,-0.02019652365237956
20,equity_bottom_10pct,market_observable,6,2020-02-26,2020-04-07,28,2020-03-20,596,2020-02-24,2020-03-20,-0.37025095860011437,-0.4496046592255212,-0.0990599051127079,-0.3505447541128133
20,equity_bottom_10pct,market_observable,7,2020-09-23,2020-10-01,6,2020-09-24,726,2020-08-27,2020-09-24,-0.06906206990543495,-0.07294299525139891,-0.044154318829543904,-0.02878867642185501
20,equity_bottom_10pct,market_observable,8,2021-09-30,2021-10-04,2,2021-10-04,984,2021-09-07,2021-10-04,-0.05319790343163788,-0.02299204961072121,-0.033889438815854156,0.010897389205132946
20,equity_bottom_10pct,market_observable,9,2022-01-21,2022-03-14,20,2022-01-27,1064,2021-12-30,2022-01-27,-0.10240782595583653,-0.2861064363528314,-0.005889485640585335,-0.28021695071224606
20,equity_bottom_10pct,market_observable,10,2022-04-22,2022-07-08,39,2022-05-18,1141,2022-04-21,2022-05-18,-0.12799545110355304,-0.3415030901049221,-0.07551940497398313,-0.26598368513093895
20,equity_bottom_10pct,market_observable,11,2022-08-31,2022-10-17,28,2022-10-10,1240,2022-09-13,2022-10-10,-0.12915317707581764,-0.15480758223390012,-0.0325865354627064,-0.12222104677119372
20,equity_bottom_10pct,market_observable,12,2022-12-22,2023-01-03,4,2023-01-03,1298,2022-12-05,2023-01-03,-0.06272699726618036,-0.021859552972390617,0.022464902769101514,-0.04432445574149213
20,equity_bottom_10pct,market_observable,13,2023-03-09,2023-03-15,5,2023-03-15,1347,2023-02-15,2023-03-15,-0.0608553894962931,0.090988504629955,0.03192794992430237,0.059060554705652635
20,equity_bottom_10pct,market_observable,14,2023-09-27,2023-10-03,5,2023-10-03,1486,2023-09-06,2023-10-03,-0.06130074313053768,0.06010502722322286,-0.054527569862168335,0.1146325970853912
20,equity_bottom_10pct,market_observable,15,2024-04-19,2024-04-19,1,2024-04-19,1623,2024-03-22,2024-04-19,-0.053751099776315314,-0.013870959637531044,0.09017925582427733,-0.10405021546180837
20,equity_bottom_10pct,market_observable,16,2024-08-05,2024-08-12,6,2024-08-07,1698,2024-07-11,2024-08-07,-0.08024122776754261,-0.04692772958775926,0.005410221791558811,-0.05233795137931807
20,equity_bottom_10pct,market_observable,17,2025-03-06,2025-04-23,25,2025-04-04,1863,2025-03-10,2025-04-04,-0.12856151425802942,-0.03481973890850476,0.04134790604146765,-0.07616764494997241
20,equity_bottom_10pct,market_observable,18,2026-03-20,2026-03-30,6,2026-03-30,2109,2026-03-03,2026-03-30,-0.08138874217713266,-0.037695504134193314,-0.1671394639220729,0.1294439597878796
20,equity_bottom_5pct,market_observable,1,2018-10-24,2018-10-31,6,2018-10-29,247,2018-10-02,2018-10-29,-0.10190200997065535,-0.03897271380403211,0.03268377170471126,-0.07165648550874337
20,equity_bottom_5pct,market_observable,2,2018-12-18,2019-01-03,10,2019-01-03,291,2018-12-04,2019-01-03,-0.130947774527975,-0.030644746317760152,0.05042096685961184,-0.08106571317737199
20,equity_bottom_5pct,market_observable,3,2019-06-03,2019-06-03,1,2019-06-03,394,2019-05-06,2019-06-03,-0.07074542039363063,0.39768934405607936,0.036299550489634846,0.3613897935664445
20,equity_bottom_5pct,market_observable,4,2020-02-27,2020-04-07,26,2020-03-20,596,2020-02-24,2020-03-20,-0.37025095860011437,-0.4496046592255212,-0.0990599051127079,-0.3505447541128133
20,equity_bottom_5pct,market_observable,5,2022-01-25,2022-01-28,4,2022-01-27,1064,2021-12-30,2022-01-27,-0.10240782595583653,-0.2861064363528314,-0.005889485640585335,-0.28021695071224606
20,equity_bottom_5pct,market_observable,6,2022-03-08,2022-03-10,2,2022-03-10,1093,2022-02-10,2022-03-10,-0.07410897830280305,-0.1222959488729849,0.085003957076359,-0.2072999059493439
20,equity_bottom_5pct,market_observable,7,2022-04-26,2022-07-01,24,2022-05-18,1141,2022-04-21,2022-05-18,-0.12799545110355304,-0.3415030901049221,-0.07551940497398313,-0.26598368513093895
20,equity_bottom_5pct,market_observable,8,2022-09-13,2022-10-14,18,2022-10-10,1240,2022-09-13,2022-10-10,-0.12915317707581764,-0.15480758223390012,-0.0325865354627064,-0.12222104677119372
20,equity_bottom_5pct,market_observable,9,2024-08-05,2024-08-07,2,2024-08-07,1698,2024-07-11,2024-08-07,-0.08024122776754261,-0.04692772958775926,0.005410221791558811,-0.05233795137931807
20,equity_bottom_5pct,market_observable,10,2025-03-10,2025-04-23,16,2025-04-04,1863,2025-03-10,2025-04-04,-0.12856151425802942,-0.03481973890850476,0.04134790604146765,-0.07616764494997241
20,equity_bottom_5pct,market_observable,11,2026-03-27,2026-03-30,2,2026-03-30,2109,2026-03-03,2026-03-30,-0.08138874217713266,-0.037695504134193314,-0.1671394639220729,0.1294439597878796
20,vix_change_top_10pct,market_observable,1,2018-01-29,2018-04-09,10,2018-02-05,83,2018-01-08,2018-02-05,1.3981543384106403,-0.8398151796832476,0.010950730352143445,-0.850765910035391
20,vix_change_top_10pct,market_observable,2,2018-09-06,2018-09-06,1,2018-09-06,210,2018-08-09,2018-09-06,0.30027525547660794,0.021478723774885466,-0.011994039332853035,0.0334727631077385
20,vix_change_top_10pct,market_observable,3,2018-10-10,2018-11-01,17,2018-10-29,247,2018-10-02,2018-10-29,0.7218965938459312,-0.03897271380403211,0.03268377170471126,-0.07165648550874337
20,vix_change_top_10pct,market_observable,4,2018-12-07,2019-01-03,10,2018-12-24,285,2018-11-26,2018-12-24,0.5164787596218643,-0.06929181141926222,0.036052932370520985,-0.1053447437897832
20,vix_change_top_10pct,market_observable,5,2019-05-07,2019-06-03,9,2019-05-13,380,2019-04-15,2019-05-13,0.5371213048503516,0.4442116441413706,0.006871162722085877,0.4373404814192847
20,vix_change_top_10pct,market_observable,6,2019-08-01,2019-08-27,13,2019-08-05,438,2019-07-09,2019-08-05,0.5661437588938747,-0.03627157279265525,0.04832217247212256,-0.08459374526477781
20,vix_change_top_10pct,market_observable,7,2019-10-08,2019-10-08,1,2019-10-08,483,2019-09-11,2019-10-08,0.2883397508707519,-0.2050903806923312,0.012336246835743303,-0.2174266275280745
20,vix_change_top_10pct,market_observable,8,2020-01-27,2020-04-01,30,2020-03-16,592,2020-02-18,2020-03-16,1.7991637635396711,-0.7395064714569894,-0.05065768301093154,-0.6888487884460579
20,vix_change_top_10pct,market_observable,9,2020-09-03,2020-09-08,3,2020-09-03,712,2020-08-07,2020-09-03,0.3943662150401157,-0.10487044409139124,-0.06802077521768624,-0.036849668873705
20,vix_change_top_10pct,market_observable,10,2020-10-28,2020-10-30,3,2020-10-28,750,2020-10-01,2020-10-28,0.42362806748516624,0.20673693388886072,-0.005605054925525543,0.21234198881438626
20,vix_change_top_10pct,market_observable,11,2021-01-27,2021-01-29,2,2021-01-27,811,2020-12-29,2021-01-27,0.5392652818121175,0.15973095904389467,-0.01832175043507167,0.17805270947896634
20,vix_change_top_10pct,market_observable,12,2021-05-12,2021-05-13,2,2021-05-12,884,2021-04-15,2021-05-12,0.4848284525453539,-0.13250723093420724,0.046293672460093305,-0.17880090339430055
20,vix_change_top_10pct,market_observable,13,2021-09-10,2021-10-04,7,2021-09-30,982,2021-09-02,2021-09-30,0.3621225245766473,-0.10076037270409266,-0.032825154542945434,-0.06793521816114723
20,vix_change_top_10pct,market_observable,14,2021-11-26,2021-12-06,7,2021-12-03,1027,2021-11-05,2021-12-03,0.6863234335295303,-0.13613162669969192,-0.006102621652087414,-0.1300290050476045
20,vix_change_top_10pct,market_observable,15,2022-01-21,2022-03-10,17,2022-01-26,1063,2021-12-29,2022-01-26,0.600001133954037,-0.2557970732940209,0.006796078051997334,-0.26259315134601824
20,vix_change_top_10pct,market_observable,16,2022-04-26,2022-05-18,13,2022-04-26,1125,2022-03-29,2022-04-26,0.5350832673255126,-0.22562267917267853,-0.009764880389496078,-0.21585779878318245
20,vix_change_top_10pct,market_observable,17,2022-09-13,2022-10-10,5,2022-10-07,1239,2022-09-12,2022-10-07,0.31921135222461405,-0.08998743539900467,-0.012212946052227558,-0.07777448934677711
20,vix_change_top_10pct,market_observable,18,2023-03-15,2023-03-15,1,2023-03-15,1347,2023-02-15,2023-03-15,0.3237758255257095,0.090988504629955,0.03192794992430237,0.059060554705652635
20,vix_change_top_10pct,market_observable,19,2023-10-02,2023-10-13,3,2023-10-03,1486,2023-09-06,2023-10-03,0.3448999658456504,0.06010502722322286,-0.054527569862168335,0.1146325970853912
20,vix_change_top_10pct,market_observable,20,2024-04-15,2024-04-19,3,2024-04-19,1623,2024-03-22,2024-04-19,0.37028164193154245,-0.013870959637531044,0.09017925582427733,-0.10405021546180837
20,vix_change_top_10pct,market_observable,21,2024-07-24,2024-08-13,15,2024-08-05,1696,2024-07-09,2024-08-05,1.13720058581574,-0.05471654238414203,0.019470936697993935,-0.07418747908213597
20,vix_change_top_10pct,market_observable,22,2024-12-18,2025-01-14,7,2024-12-18,1791,2024-11-20,2024-12-18,0.5243122506378834,0.08684696448650975,-0.016538917282329813,0.10338588176883956
20,vix_change_top_10pct,market_observable,23,2025-03-03,2025-04-24,24,2025-04-08,1865,2025-03-12,2025-04-08,0.6647003156075892,-0.07818478715041444,0.022192138490318314,-0.10037692564073275
20,vix_change_top_10pct,market_observable,24,2025-10-10,2025-10-17,3,2025-10-16,1997,2025-09-19,2025-10-16,0.47753886220277053,-0.0820546671136313,0.16657040748487262,-0.24862507459850391
20,vix_change_top_10pct,market_observable,25,2025-11-18,2025-11-21,3,2025-11-20,2022,2025-10-24,2025-11-20,0.42341479759044587,-0.2425807576683745,-0.010456022135073795,-0.2321247355333007
20,vix_change_top_10pct,market_observable,26,2026-02-05,2026-03-30,13,2026-03-27,2108,2026-03-02,2026-03-27,0.44689114976246147,0.00677601887409196,-0.154012847655844,0.16078886652993596
20,vix_change_top_5pct,market_observable,1,2018-02-02,2018-02-07,4,2018-02-05,83,2018-01-08,2018-02-05,1.3981543384106403,-0.8398151796832476,0.010950730352143445,-0.850765910035391
20,vix_change_top_5pct,market_observable,2,2018-10-10,2018-10-31,14,2018-10-29,247,2018-10-02,2018-10-29,0.7218965938459312,-0.03897271380403211,0.03268377170471126,-0.07165648550874337
20,vix_change_top_5pct,market_observable,3,2018-12-24,2019-01-03,5,2018-12-24,285,2018-11-26,2018-12-24,0.5164787596218643,-0.06929181141926222,0.036052932370520985,-0.1053447437897832
20,vix_change_top_5pct,market_observable,4,2019-05-13,2019-05-13,1,2019-05-13,380,2019-04-15,2019-05-13,0.5371213048503516,0.4442116441413706,0.006871162722085877,0.4373404814192847
20,vix_change_top_5pct,market_observable,5,2019-08-05,2019-08-23,5,2019-08-05,438,2019-07-09,2019-08-05,0.5661437588938747,-0.03627157279265525,0.04832217247212256,-0.08459374526477781
20,vix_change_top_5pct,market_observable,6,2020-01-31,2020-04-01,28,2020-03-16,592,2020-02-18,2020-03-16,1.7991637635396711,-0.7395064714569894,-0.05065768301093154,-0.6888487884460579
20,vix_change_top_5pct,market_observable,7,2020-10-28,2020-10-28,1,2020-10-28,750,2020-10-01,2020-10-28,0.42362806748516624,0.20673693388886072,-0.005605054925525543,0.21234198881438626
20,vix_change_top_5pct,market_observable,8,2021-01-27,2021-01-27,1,2021-01-27,811,2020-12-29,2021-01-27,0.5392652818121175,0.15973095904389467,-0.01832175043507167,0.17805270947896634
20,vix_change_top_5pct,market_observable,9,2021-05-12,2021-05-12,1,2021-05-12,884,2021-04-15,2021-05-12,0.4848284525453539,-0.13250723093420724,0.046293672460093305,-0.17880090339430055
20,vix_change_top_5pct,market_observable,10,2021-11-26,2021-12-06,6,2021-12-03,1027,2021-11-05,2021-12-03,0.6863234335295303,-0.13613162669969192,-0.006102621652087414,-0.1300290050476045
20,vix_change_top_5pct,market_observable,11,2022-01-21,2022-01-28,6,2022-01-26,1063,2021-12-29,2022-01-26,0.600001133954037,-0.2557970732940209,0.006796078051997334,-0.26259315134601824
20,vix_change_top_5pct,market_observable,12,2022-03-07,2022-03-10,4,2022-03-07,1090,2022-02-07,2022-03-07,0.45092748218492185,-0.07673439884074895,0.09887859567071366,-0.17561299451146262
20,vix_change_top_5pct,market_observable,13,2022-04-26,2022-05-18,8,2022-04-26,1125,2022-03-29,2022-04-26,0.5350832673255126,-0.22562267917267853,-0.009764880389496078,-0.21585779878318245
20,vix_change_top_5pct,market_observable,14,2024-08-01,2024-08-12,8,2024-08-05,1696,2024-07-09,2024-08-05,1.13720058581574,-0.05471654238414203,0.019470936697993935,-0.07418747908213597
20,vix_change_top_5pct,market_observable,15,2024-12-18,2024-12-18,1,2024-12-18,1791,2024-11-20,2024-12-18,0.5243122506378834,0.08684696448650975,-0.016538917282329813,0.10338588176883956
20,vix_change_top_5pct,market_observable,16,2025-03-06,2025-04-23,14,2025-04-08,1865,2025-03-12,2025-04-08,0.6647003156075892,-0.07818478715041444,0.022192138490318314,-0.10037692564073275
20,vix_change_top_5pct,market_observable,17,2025-10-16,2025-10-16,1,2025-10-16,1997,2025-09-19,2025-10-16,0.47753886220277053,-0.0820546671136313,0.16657040748487262,-0.24862507459850391
20,vix_change_top_5pct,market_observable,18,2025-11-20,2025-11-20,1,2025-11-20,2022,2025-10-24,2025-11-20,0.42341479759044587,-0.2425807576683745,-0.010456022135073795,-0.2321247355333007
20,vix_change_top_5pct,market_observable,19,2026-03-12,2026-03-27,2,2026-03-27,2108,2026-03-02,2026-03-27,0.44689114976246147,0.00677601887409196,-0.154012847655844,0.16078886652993596
20,vix_level_ge_30,market_observable,1,2018-02-05,2018-02-05,1,2018-02-05,83,2018-01-08,2018-02-05,37.32,-0.8398151796832476,0.010950730352143445,-0.850765910035391
20,vix_level_ge_30,market_observable,2,2018-12-21,2018-12-26,3,2018-12-24,285,2018-11-26,2018-12-24,36.07,-0.06929181141926222,0.036052932370520985,-0.1053447437897832
20,vix_level_ge_30,market_observable,3,2020-02-27,2020-07-13,70,2020-03-16,592,2020-02-18,2020-03-16,82.69,-0.7395064714569894,-0.05065768301093154,-0.6888487884460579
20,vix_level_ge_30,market_observable,4,2020-09-03,2020-09-08,3,2020-09-03,712,2020-08-07,2020-09-03,33.6,-0.10487044409139124,-0.06802077521768624,-0.036849668873705
20,vix_level_ge_30,market_observable,5,2020-10-26,2020-11-03,7,2020-10-28,750,2020-10-01,2020-10-28,40.28,0.20673693388886072,-0.005605054925525543,0.21234198881438626
20,vix_level_ge_30,market_observable,6,2021-01-27,2021-02-01,4,2021-01-27,811,2020-12-29,2021-01-27,37.21,0.15973095904389467,-0.01832175043507167,0.17805270947896634
20,vix_level_ge_30,market_observable,7,2021-12-01,2021-12-03,2,2021-12-01,1025,2021-11-03,2021-12-01,31.12,-0.11290228229054478,-0.006000257880010018,-0.10690202441053476
20,vix_level_ge_30,market_observable,8,2022-01-25,2022-03-14,16,2022-03-07,1090,2022-02-07,2022-03-07,36.45,-0.07673439884074895,0.09887859567071366,-0.17561299451146262
20,vix_level_ge_30,market_observable,9,2022-04-26,2022-06-21,16,2022-05-09,1134,2022-04-11,2022-05-09,34.75,-0.3228510240535023,-0.04849261707111019,-0.2743584069823921
20,vix_level_ge_30,market_observable,10,2022-09-26,2022-10-19,16,2022-10-11,1241,2022-09-14,2022-10-11,33.63,-0.06556046023040807,-0.021550018886997258,-0.04401044134341081
20,vix_level_ge_30,market_observable,11,2024-08-05,2024-08-05,1,2024-08-05,1696,2024-07-09,2024-08-05,38.57,-0.05471654238414203,0.019470936697993935,-0.07418747908213597
20,vix_level_ge_30,market_observable,12,2025-04-03,2025-04-22,12,2025-04-08,1865,2025-03-12,2025-04-08,52.33,-0.07818478715041444,0.022192138490318314,-0.10037692564073275
20,vix_level_ge_30,market_observable,13,2026-03-27,2026-03-30,2,2026-03-27,2108,2026-03-02,2026-03-27,31.05,0.00677601887409196,-0.154012847655844,0.16078886652993596
20,baa_credit_widening_top_10pct,market_observable,1,2018-03-13,2018-03-28,6,2018-03-23,95,2018-01-25,2018-03-23,0.19000000000000017,-0.1429965554597885,0.011586346132007819,-0.15458290159179633
20,baa_credit_widening_top_10pct,market_observable,2,2018-05-29,2018-05-29,1,2018-05-29,140,2018-05-01,2018-05-29,0.16999999999999993,-0.22274738024878715,-0.01130041812538618,-0.21144696212340097
20,baa_credit_widening_top_10pct,market_observable,3,2018-10-26,2019-01-17,41,2018-12-07,274,2018-11-08,2018-12-07,0.3500000000000001,-0.6718741212993926,0.017598246763144587,-0.6894723680625372
20,baa_credit_widening_top_10pct,market_observable,4,2019-05-24,2019-06-19,16,2019-06-03,394,2019-05-06,2019-06-03,0.31000000000000005,0.39768934405607936,0.036299550489634846,0.3613897935664445
20,baa_credit_widening_top_10pct,market_observable,5,2020-02-26,2020-04-09,32,2020-03-23,597,2020-02-25,2020-03-23,2.1799999999999997,-0.4260410459913455,-0.06477341162313,-0.3612676343682155
20,baa_credit_widening_top_10pct,market_observable,6,2021-12-10,2021-12-21,2,2021-12-10,1032,2021-11-12,2021-12-10,0.17000000000000015,-0.29111171268086444,-0.04426900314205717,-0.24684270953880727
20,baa_credit_widening_top_10pct,market_observable,7,2022-02-11,2022-03-16,23,2022-03-10,1093,2022-02-10,2022-03-10,0.45999999999999996,-0.1222959488729849,0.085003957076359,-0.2072999059493439
20,baa_credit_widening_top_10pct,market_observable,8,2022-05-02,2022-05-27,20,2022-05-19,1142,2022-04-22,2022-05-19,0.44000000000000017,-0.31878482402721176,-0.05736518431136162,-0.26141963971585014
20,baa_credit_widening_top_10pct,market_observable,9,2022-06-30,2022-07-28,12,2022-07-13,1178,2022-06-14,2022-07-13,0.33999999999999986,-0.16665365684054834,-0.050262360588352095,-0.11639129625219624
20,baa_credit_widening_top_10pct,market_observable,10,2022-10-20,2022-10-25,4,2022-10-24,1250,2022-09-27,2022-10-24,0.33000000000000007,0.007356936382199919,0.015875420341756374,-0.008518483959556455
20,baa_credit_widening_top_10pct,market_observable,11,2023-03-13,2023-04-06,19,2023-03-15,1347,2023-02-15,2023-03-15,0.41000000000000014,0.090988504629955,0.03192794992430237,0.059060554705652635
20,baa_credit_widening_top_10pct,market_observable,12,2023-05-09,2023-05-17,7,2023-05-16,1390,2023-04-19,2023-05-16,0.27,-0.11520005599311034,-0.007437008307456416,-0.10776304768565392
20,baa_credit_widening_top_10pct,market_observable,13,2023-10-19,2023-10-19,1,2023-10-19,1498,2023-09-22,2023-10-19,0.16000000000000014,0.07775451777298414,0.027913388359144697,0.04984112941383945
20,baa_credit_widening_top_10pct,market_observable,14,2024-08-01,2024-08-14,10,2024-08-05,1696,2024-07-09,2024-08-05,0.31000000000000005,-0.05471654238414203,0.019470936697993935,-0.07418747908213597
20,baa_credit_widening_top_10pct,market_observable,15,2025-03-03,2025-05-01,30,2025-04-07,1864,2025-03-11,2025-04-07,0.3800000000000001,-0.011838073012713224,0.028422414978823696,-0.04026048799153692
20,baa_credit_widening_top_10pct,market_observable,16,2025-11-21,2025-11-26,3,2025-11-21,2023,2025-10-27,2025-11-21,0.17000000000000015,-0.2684626717085479,-0.00864608558521418,-0.2598165861233337
20,baa_credit_widening_top_10pct,market_observable,17,2026-02-27,2026-03-12,4,2026-03-11,2096,2026-02-11,2026-03-11,0.18000000000000016,0.02709177101037774,0.02949160418093122,-0.002399833170553478
20,baa_credit_widening_top_5pct,market_observable,1,2018-12-06,2018-12-12,5,2018-12-07,274,2018-11-08,2018-12-07,0.3500000000000001,-0.6718741212993926,0.017598246763144587,-0.6894723680625372
20,baa_credit_widening_top_5pct,market_observable,2,2019-06-03,2019-06-06,4,2019-06-03,394,2019-05-06,2019-06-03,0.31000000000000005,0.39768934405607936,0.036299550489634846,0.3613897935664445
20,baa_credit_widening_top_5pct,market_observable,3,2020-02-28,2020-04-09,30,2020-03-23,597,2020-02-25,2020-03-23,2.1799999999999997,-0.4260410459913455,-0.06477341162313,-0.3612676343682155
20,baa_credit_widening_top_5pct,market_observable,4,2022-02-16,2022-03-15,17,2022-03-10,1093,2022-02-10,2022-03-10,0.45999999999999996,-0.1222959488729849,0.085003957076359,-0.2072999059493439
20,baa_credit_widening_top_5pct,market_observable,5,2022-05-02,2022-05-24,15,2022-05-19,1142,2022-04-22,2022-05-19,0.44000000000000017,-0.31878482402721176,-0.05736518431136162,-0.26141963971585014
20,baa_credit_widening_top_5pct,market_observable,6,2022-07-01,2022-07-14,7,2022-07-13,1178,2022-06-14,2022-07-13,0.33999999999999986,-0.16665365684054834,-0.050262360588352095,-0.11639129625219624
20,baa_credit_widening_top_5pct,market_observable,7,2022-10-21,2022-10-25,3,2022-10-24,1250,2022-09-27,2022-10-24,0.33000000000000007,0.007356936382199919,0.015875420341756374,-0.008518483959556455
20,baa_credit_widening_top_5pct,market_observable,8,2023-03-13,2023-04-05,17,2023-03-15,1347,2023-02-15,2023-03-15,0.41000000000000014,0.090988504629955,0.03192794992430237,0.059060554705652635
20,baa_credit_widening_top_5pct,market_observable,9,2023-05-16,2023-05-16,1,2023-05-16,1390,2023-04-19,2023-05-16,0.27,-0.11520005599311034,-0.007437008307456416,-0.10776304768565392
20,baa_credit_widening_top_5pct,market_observable,10,2024-08-05,2024-08-05,1,2024-08-05,1696,2024-07-09,2024-08-05,0.31000000000000005,-0.05471654238414203,0.019470936697993935,-0.07418747908213597
20,baa_credit_widening_top_5pct,market_observable,11,2025-04-03,2025-04-22,12,2025-04-07,1864,2025-03-11,2025-04-07,0.3800000000000001,-0.011838073012713224,0.028422414978823696,-0.04026048799153692
20,nfci_ex_post_stress_top_10pct,EX_POST_REVISED_NFCI,1,2018-03-12,2018-04-05,18,2018-03-16,90,2018-01-18,2018-03-16,2.741848375046174,-0.16751284130559263,-0.02988605981055681,-0.13762678149503582
20,nfci_ex_post_stress_top_10pct,EX_POST_REVISED_NFCI,2,2018-11-23,2019-01-04,28,2018-12-14,279,2018-11-15,2018-12-14,3.0192440391223134,-0.5876240970647846,0.020889824811205493,-0.6085139218759901
20,nfci_ex_post_stress_top_10pct,EX_POST_REVISED_NFCI,3,2020-02-21,2020-04-30,49,2020-03-06,586,2020-02-07,2020-03-06,7.216626786588091,-0.07261275535415379,0.06659294922597869,-0.13920570458013248
20,nfci_ex_post_stress_top_10pct,EX_POST_REVISED_NFCI,4,2021-11-22,2021-12-30,27,2021-12-03,1027,2021-11-05,2021-12-03,2.884432216304011,-0.13613162669969192,-0.006102621652087414,-0.1300290050476045
20,nfci_ex_post_stress_top_10pct,EX_POST_REVISED_NFCI,5,2022-02-04,2022-07-06,91,2022-03-04,1089,2022-02-04,2022-03-04,3.2351252751152493,0.08185108082843762,0.08566599148740206,-0.0038149106589644433
20,dollar_fall_bottom_10pct,market_observable,1,2017-11-27,2017-11-27,1,2017-11-27,36,2017-10-30,2017-11-27,-0.01832024247232944,0.5026634743815652,0.015837530216482598,0.4868259441650826
20,dollar_fall_bottom_10pct,market_observable,2,2018-01-11,2018-02-07,19,2018-01-25,76,2017-12-27,2018-01-25,-0.041118349276338506,-0.3357393348245523,0.049661879037389056,-0.38540121386194137
20,dollar_fall_bottom_10pct,market_observable,3,2019-01-09,2019-01-31,10,2019-01-10,296,2018-12-12,2019-01-10,-0.02345627154313057,0.057766840360606864,0.03387599021624421,0.023890850144362652
20,dollar_fall_bottom_10pct,market_observable,4,2019-06-26,2019-06-28,2,2019-06-28,413,2019-06-03,2019-06-28,-0.01854884847798921,0.3814667909856073,0.0769880307705062,0.3044787602151011
20,dollar_fall_bottom_10pct,market_observable,5,2019-10-29,2019-10-29,1,2019-10-29,498,2019-10-02,2019-10-29,-0.016926169421022763,0.10564761340983964,0.004430442479051777,0.10121717093078786
20,dollar_fall_bottom_10pct,market_observable,6,2019-12-30,2019-12-31,2,2019-12-31,541,2019-12-03,2019-12-31,-0.019822462537145924,-0.01617034807889084,0.036414303943573145,-0.052584652022463985
20,dollar_fall_bottom_10pct,market_observable,7,2020-04-17,2020-04-21,2,2020-04-21,617,2020-03-24,2020-04-21,-0.01771458485628763,0.09110179648478756,0.08078903387792913,0.010312762606858428
20,dollar_fall_bottom_10pct,market_observable,8,2020-05-26,2020-06-23,16,2020-06-09,651,2020-05-12,2020-06-09,-0.03841304351551145,0.10682138454886392,0.011475717678805175,0.09534566687005874
20,dollar_fall_bottom_10pct,market_observable,9,2020-07-24,2020-09-01,13,2020-07-28,685,2020-06-30,2020-07-28,-0.028128872811593375,0.1827091166727115,0.09780032323909271,0.08490879343361879
20,dollar_fall_bottom_10pct,market_observable,10,2020-10-21,2020-10-27,5,2020-10-23,747,2020-09-28,2020-10-23,-0.024522818262727064,0.1867359543912439,0.020929532167859755,0.16580642222338415
20,dollar_fall_bottom_10pct,market_observable,11,2020-11-25,2020-12-18,17,2020-12-01,773,2020-11-03,2020-12-01,-0.029951278857767605,0.33099503370784333,-0.044421167647398896,0.37541620135524223
20,dollar_fall_bottom_10pct,market_observable,12,2021-04-23,2021-05-11,8,2021-05-10,882,2021-04-13,2021-05-10,-0.021351694286414258,-0.07526436038155637,0.058810580012133684,-0.13407494039369006
20,dollar_fall_bottom_10pct,market_observable,13,2022-01-13,2022-01-13,1,2022-01-13,1055,2021-12-16,2022-01-13,-0.019470786043103594,-0.1396851954818743,0.023848234347915387,-0.1635334298297897
20,dollar_fall_bottom_10pct,market_observable,14,2022-06-07,2022-06-08,2,2022-06-08,1155,2022-05-11,2022-06-08,-0.019895350072756557,-0.038718266786492705,0.00790242707661637,-0.046620693863109075
20,dollar_fall_bottom_10pct,market_observable,15,2022-08-10,2022-08-12,3,2022-08-11,1199,2022-07-15,2022-08-11,-0.02733988818938826,0.16159462982243156,0.04305632983010099,0.11853829999233056
20,dollar_fall_bottom_10pct,market_observable,16,2022-11-09,2023-02-03,42,2022-12-02,1278,2022-11-04,2022-12-02,-0.04928640857565014,-0.1738209484049431,0.09691973224867478,-0.2707406806536179
20,dollar_fall_bottom_10pct,market_observable,17,2023-04-04,2023-04-17,7,2023-04-13,1367,2023-03-16,2023-04-13,-0.030908150756036257,0.2189548102492882,0.06258663958470034,0.15636817066458786
20,dollar_fall_bottom_10pct,market_observable,18,2023-07-12,2023-07-13,2,2023-07-13,1429,2023-06-14,2023-07-13,-0.01698035070453585,0.1989947468412936,0.008109277759444034,0.19088546908184956
20,dollar_fall_bottom_10pct,market_observable,19,2023-11-15,2023-12-01,12,2023-11-29,1526,2023-11-01,2023-11-29,-0.03300494157476841,0.08681397937289503,0.029175300054714803,0.05763867931818023
20,dollar_fall_bottom_10pct,market_observable,20,2024-08-23,2024-08-27,3,2024-08-26,1711,2024-07-30,2024-08-26,-0.019891354214239598,-0.06064130953521207,0.054926787964454604,-0.11556809749966668
20,dollar_fall_bottom_10pct,market_observable,21,2025-02-14,2025-03-14,8,2025-03-11,1845,2025-02-11,2025-03-11,-0.020359273190439175,-0.1580344481001088,0.002939404742167362,-0.16097385284227617
20,dollar_fall_bottom_10pct,market_observable,22,2025-04-16,2025-05-09,17,2025-05-06,1884,2025-04-08,2025-05-06,-0.03847062514230082,0.1951129976051753,0.14202620283997636,0.05308679476519895
20,dollar_fall_bottom_10pct,market_observable,23,2025-06-10,2025-07-02,8,2025-06-16,1912,2025-05-19,2025-06-16,-0.02398830316139744,0.043445894740193225,0.05790207930257196,-0.014456184562378738
20,dollar_fall_bottom_10pct,market_observable,24,2025-12-23,2025-12-24,2,2025-12-23,2044,2025-11-25,2025-12-23,-0.018305075088408174,-0.01581145615441315,0.08429860356907071,-0.10011005972348386
20,dollar_fall_bottom_10pct,market_observable,25,2026-01-27,2026-02-17,9,2026-02-11,2077,2026-01-14,2026-02-11,-0.02255986033625046,-0.3346766424168912,0.10354923160938423,-0.43822587402627544
20,dollar_fall_bottom_10pct,market_observable,26,2026-04-17,2026-05-01,5,2026-04-28,2129,2026-03-31,2026-04-28,-0.020940809398598326,0.13712430728967284,0.017526102645756936,0.1195982046439159
20,dollar_fall_bottom_10pct,market_observable,27,2026-08-19,2026-08-25,5,2026-08-24,2210,2026-07-28,2026-08-24,-0.02270351626832845,0.19223880101184498,0.13011887471051153,0.06211992630133345
20,real_rate_rise_top_10pct,market_observable,1,2020-03-17,2020-03-20,4,2020-03-19,595,2020-02-21,2020-03-19,0.73,-0.43279799170762345,-0.0990308323330833,-0.33376715937454016
20,real_rate_rise_top_10pct,market_observable,2,2021-02-25,2021-03-18,13,2021-02-25,831,2021-01-28,2021-02-25,0.44000000000000006,0.44427590645988957,-0.03961028968689462,0.4838861961467842
20,real_rate_rise_top_10pct,market_observable,3,2022-01-14,2022-02-10,15,2022-01-26,1063,2021-12-29,2022-01-26,0.48,-0.2557970732940209,0.006796078051997334,-0.26259315134601824
20,real_rate_rise_top_10pct,market_observable,4,2022-03-28,2022-07-11,57,2022-04-08,1114,2022-03-14,2022-04-08,0.7899999999999999,0.10777792869858338,-0.019751815969383024,0.1275297446679664
20,real_rate_rise_top_10pct,market_observable,5,2022-08-26,2022-10-21,40,2022-09-27,1231,2022-08-30,2022-09-27,1.0999999999999999,-0.052138300860521625,-0.06588219563944797,0.013743894778926347
20,real_rate_rise_top_10pct,market_observable,6,2022-12-30,2023-01-05,3,2023-01-03,1298,2022-12-05,2023-01-03,0.44999999999999996,-0.021859552972390617,0.022464902769101514,-0.04432445574149213
20,real_rate_rise_top_10pct,market_observable,7,2023-02-16,2023-03-09,10,2023-03-02,1338,2023-02-02,2023-03-02,0.4600000000000002,-0.004425237496745282,-0.06251854980468963,0.058093312307944345
20,real_rate_rise_top_10pct,market_observable,8,2023-05-23,2023-07-06,10,2023-06-02,1402,2023-05-05,2023-06-02,0.33000000000000007,-0.05902842696259469,-0.05056394407860232,-0.008464482883992375
20,real_rate_rise_top_10pct,market_observable,9,2023-08-15,2023-10-20,31,2023-10-06,1489,2023-09-11,2023-10-06,0.5400000000000003,0.07642704617772189,-0.04820074355250892,0.12462778973023081
20,real_rate_rise_top_10pct,market_observable,10,2024-04-10,2024-04-26,8,2024-04-25,1627,2024-03-28,2024-04-25,0.3999999999999999,-0.05856118991060377,0.06120946159138896,-0.11977065150199273
20,real_rate_rise_top_10pct,market_observable,11,2024-10-21,2024-11-15,14,2024-10-29,1756,2024-10-02,2024-10-29,0.42999999999999994,0.16089725425593748,0.04178401635434881,0.11911323790158868
20,real_rate_rise_top_10pct,market_observable,12,2024-12-27,2025-01-14,11,2025-01-10,1805,2024-12-11,2025-01-10,0.4099999999999999,-0.018479382974973646,-0.0015297491779042716,-0.016949633797069374
20,real_rate_rise_top_10pct,market_observable,13,2025-04-21,2025-05-02,2,2025-04-21,1873,2025-03-24,2025-04-21,0.28000000000000025,0.040370901295636585,0.1250617741740241,-0.0846908728783875
20,real_rate_rise_top_10pct,market_observable,14,2026-03-24,2026-03-30,4,2026-03-27,2108,2026-03-02,2026-03-27,0.4099999999999999,0.00677601887409196,-0.154012847655844,0.16078886652993596
20,real_rate_rise_top_10pct,market_observable,15,2026-06-08,2026-06-08,1,2026-06-08,2157,2026-05-11,2026-06-08,0.28,-0.2352518259031804,-0.08789829175602204,-0.14735353414715835
20,hy_oas_recent_widening_top_10pct,recent_window_only,1,2023-10-03,2023-10-30,20,2023-10-20,1499,2023-09-25,2023-10-20,0.5899999999999994,0.10781265946306817,0.027444373605472805,0.08036828585759537
20,hy_oas_recent_widening_top_10pct,recent_window_only,2,2024-04-19,2024-04-19,1,2024-04-19,1623,2024-03-22,2024-04-19,0.3200000000000003,-0.013870959637531044,0.09017925582427733,-0.10405021546180837
20,hy_oas_recent_widening_top_10pct,recent_window_only,3,2024-08-02,2024-08-14,7,2024-08-05,1696,2024-07-09,2024-08-05,0.73,-0.05471654238414203,0.019470936697993935,-0.07418747908213597
20,hy_oas_recent_widening_top_10pct,recent_window_only,4,2025-03-10,2025-05-01,34,2025-04-04,1863,2025-03-10,2025-04-04,1.48,-0.03481973890850476,0.04134790604146765,-0.07616764494997241
20,hy_oas_recent_widening_top_10pct,recent_window_only,5,2025-08-01,2025-08-01,1,2025-08-01,1944,2025-07-07,2025-08-01,0.33000000000000007,0.036301280897124144,0.006393435824749716,0.029907845072374428
20,hy_oas_recent_widening_top_10pct,recent_window_only,6,2025-10-10,2025-10-16,3,2025-10-13,1994,2025-09-16,2025-10-13,0.43000000000000016,0.004197831336860247,0.10939765661919765,-0.1051998252823374
20,hy_oas_recent_widening_top_10pct,recent_window_only,7,2025-11-24,2025-11-24,1,2025-11-24,2024,2025-10-28,2025-11-24,0.3500000000000001,-0.2547966777723154,0.03530833991283444,-0.29010501768514985
20,hy_oas_recent_widening_top_10pct,recent_window_only,8,2026-02-27,2026-03-30,7,2026-03-30,2109,2026-03-03,2026-03-30,0.43000000000000016,-0.037695504134193314,-0.1671394639220729,0.1294439597878796
