date,arcx_calendar_session,market_close_utc,market_close_et,is_early_close,btc_exact_close_available,btc_exact_close_price,status
2017-08-17,True,2017-08-17 20:00:00+00:00,2017-08-17T16:00:00-04:00,False,True,4307.56,OK
2017-08-18,True,2017-08-18 20:00:00+00:00,2017-08-18T16:00:00-04:00,False,True,4135.0,OK
2017-08-21,True,2017-08-21 20:00:00+00:00,2017-08-21T16:00:00-04:00,False,True,4027.05,OK
2017-08-22,True,2017-08-22 20:00:00+00:00,2017-08-22T16:00:00-04:00,False,True,3984.5,OK
2017-08-23,True,2017-08-23 20:00:00+00:00,2017-08-23T16:00:00-04:00,False,True,4136.48,OK
2017-08-24,True,2017-08-24 20:00:00+00:00,2017-08-24T16:00:00-04:00,False,True,4216.1,OK
2017-08-25,True,2017-08-25 20:00:00+00:00,2017-08-25T16:00:00-04:00,False,True,4326.0,OK
2017-08-28,True,2017-08-28 20:00:00+00:00,2017-08-28T16:00:00-04:00,False,True,4321.65,OK
2017-08-29,True,2017-08-29 20:00:00+00:00,2017-08-29T16:00:00-04:00,False,True,4540.0,OK
2017-08-30,True,2017-08-30 20:00:00+00:00,2017-08-30T16:00:00-04:00,False,True,4536.82,OK
2017-08-31,True,2017-08-31 20:00:00+00:00,2017-08-31T16:00:00-04:00,False,True,4688.47,OK
2017-09-01,True,2017-09-01 20:00:00+00:00,2017-09-01T16:00:00-04:00,False,True,4808.79,OK
2017-09-05,True,2017-09-05 20:00:00+00:00,2017-09-05T16:00:00-04:00,False,True,4442.09,OK
2017-09-06,True,2017-09-06 20:00:00+00:00,2017-09-06T16:00:00-04:00,False,False,,MISSING_BTC_EXACT_CLOSE
2017-09-07,True,2017-09-07 20:00:00+00:00,2017-09-07T16:00:00-04:00,False,True,4716.61,OK
2017-09-08,True,2017-09-08 20:00:00+00:00,2017-09-08T16:00:00-04:00,False,True,4195.87,OK
2017-09-11,True,2017-09-11 20:00:00+00:00,2017-09-11T16:00:00-04:00,False,True,4187.99,OK
2017-09-12,True,2017-09-12 20:00:00+00:00,2017-09-12T16:00:00-04:00,False,True,4158.27,OK
2017-09-13,True,2017-09-13 20:00:00+00:00,2017-09-13T16:00:00-04:00,False,True,3879.81,OK
2017-09-14,True,2017-09-14 20:00:00+00:00,2017-09-14T16:00:00-04:00,False,True,3368.73,OK
2017-09-15,True,2017-09-15 20:00:00+00:00,2017-09-15T16:00:00-04:00,False,True,3702.3,OK
2017-09-18,True,2017-09-18 20:00:00+00:00,2017-09-18T16:00:00-04:00,False,True,3969.5,OK
2017-09-19,True,2017-09-19 20:00:00+00:00,2017-09-19T16:00:00-04:00,False,True,3890.02,OK
2017-09-20,True,2017-09-20 20:00:00+00:00,2017-09-20T16:00:00-04:00,False,True,3962.93,OK
2017-09-21,True,2017-09-21 20:00:00+00:00,2017-09-21T16:00:00-04:00,False,True,3605.03,OK
2017-09-22,True,2017-09-22 20:00:00+00:00,2017-09-22T16:00:00-04:00,False,True,3590.0,OK
2017-09-25,True,2017-09-25 20:00:00+00:00,2017-09-25T16:00:00-04:00,False,True,3934.68,OK
2017-09-26,True,2017-09-26 20:00:00+00:00,2017-09-26T16:00:00-04:00,False,True,3911.06,OK
2017-09-27,True,2017-09-27 20:00:00+00:00,2017-09-27T16:00:00-04:00,False,True,4189.0,OK
2017-09-28,True,2017-09-28 20:00:00+00:00,2017-09-28T16:00:00-04:00,False,True,4143.12,OK
2017-09-29,True,2017-09-29 20:00:00+00:00,2017-09-29T16:00:00-04:00,False,True,4146.96,OK
2017-10-02,True,2017-10-02 20:00:00+00:00,2017-10-02T16:00:00-04:00,False,True,4410.0,OK
2017-10-03,True,2017-10-03 20:00:00+00:00,2017-10-03T16:00:00-04:00,False,True,4235.02,OK
2017-10-04,True,2017-10-04 20:00:00+00:00,2017-10-04T16:00:00-04:00,False,True,4170.05,OK
2017-10-05,True,2017-10-05 20:00:00+00:00,2017-10-05T16:00:00-04:00,False,True,4345.0,OK
2017-10-06,True,2017-10-06 20:00:00+00:00,2017-10-06T16:00:00-04:00,False,True,4331.02,OK
2017-10-09,True,2017-10-09 20:00:00+00:00,2017-10-09T16:00:00-04:00,False,True,4803.35,OK
2017-10-10,True,2017-10-10 20:00:00+00:00,2017-10-10T16:00:00-04:00,False,True,4910.99,OK
2017-10-11,True,2017-10-11 20:00:00+00:00,2017-10-11T16:00:00-04:00,False,True,4850.42,OK
2017-10-12,True,2017-10-12 20:00:00+00:00,2017-10-12T16:00:00-04:00,False,True,5300.06,OK
2017-10-13,True,2017-10-13 20:00:00+00:00,2017-10-13T16:00:00-04:00,False,True,5533.76,OK
2017-10-16,True,2017-10-16 20:00:00+00:00,2017-10-16T16:00:00-04:00,False,True,5718.78,OK
2017-10-17,True,2017-10-17 20:00:00+00:00,2017-10-17T16:00:00-04:00,False,True,5622.1,OK
2017-10-18,True,2017-10-18 20:00:00+00:00,2017-10-18T16:00:00-04:00,False,True,5382.99,OK
2017-10-19,True,2017-10-19 20:00:00+00:00,2017-10-19T16:00:00-04:00,False,True,5608.99,OK
2017-10-20,True,2017-10-20 20:00:00+00:00,2017-10-20T16:00:00-04:00,False,True,6060.91,OK
2017-10-23,True,2017-10-23 20:00:00+00:00,2017-10-23T16:00:00-04:00,False,True,5880.83,OK
2017-10-24,True,2017-10-24 20:00:00+00:00,2017-10-24T16:00:00-04:00,False,True,5635.07,OK
2017-10-25,True,2017-10-25 20:00:00+00:00,2017-10-25T16:00:00-04:00,False,True,5580.09,OK
2017-10-26,True,2017-10-26 20:00:00+00:00,2017-10-26T16:00:00-04:00,False,True,5834.59,OK
2017-10-27,True,2017-10-27 20:00:00+00:00,2017-10-27T16:00:00-04:00,False,True,5787.97,OK
2017-10-30,True,2017-10-30 20:00:00+00:00,2017-10-30T16:00:00-04:00,False,True,6111.38,OK
2017-10-31,True,2017-10-31 20:00:00+00:00,2017-10-31T16:00:00-04:00,False,True,6329.98,OK
2017-11-01,True,2017-11-01 20:00:00+00:00,2017-11-01T16:00:00-04:00,False,True,6622.98,OK
2017-11-02,True,2017-11-02 20:00:00+00:00,2017-11-02T16:00:00-04:00,False,True,6981.07,OK
2017-11-03,True,2017-11-03 20:00:00+00:00,2017-11-03T16:00:00-04:00,False,True,7269.73,OK
2017-11-06,True,2017-11-06 21:00:00+00:00,2017-11-06T16:00:00-05:00,False,True,7081.53,OK
2017-11-07,True,2017-11-07 21:00:00+00:00,2017-11-07T16:00:00-05:00,False,True,7017.98,OK
2017-11-08,True,2017-11-08 21:00:00+00:00,2017-11-08T16:00:00-05:00,False,True,6989.49,OK
2017-11-09,True,2017-11-09 21:00:00+00:00,2017-11-09T16:00:00-05:00,False,True,7149.98,OK
2017-11-10,True,2017-11-10 21:00:00+00:00,2017-11-10T16:00:00-05:00,False,True,6266.03,OK
2017-11-13,True,2017-11-13 21:00:00+00:00,2017-11-13T16:00:00-05:00,False,True,6345.87,OK
2017-11-14,True,2017-11-14 21:00:00+00:00,2017-11-14T16:00:00-05:00,False,True,6559.28,OK
2017-11-15,True,2017-11-15 21:00:00+00:00,2017-11-15T16:00:00-05:00,False,True,7231.95,OK
2017-11-16,True,2017-11-16 21:00:00+00:00,2017-11-16T16:00:00-05:00,False,True,7746.0,OK
2017-11-17,True,2017-11-17 21:00:00+00:00,2017-11-17T16:00:00-05:00,False,True,7696.59,OK
2017-11-20,True,2017-11-20 21:00:00+00:00,2017-11-20T16:00:00-05:00,False,True,8238.48,OK
2017-11-21,True,2017-11-21 21:00:00+00:00,2017-11-21T16:00:00-05:00,False,True,8180.29,OK
2017-11-22,True,2017-11-22 21:00:00+00:00,2017-11-22T16:00:00-05:00,False,True,8189.34,OK
2017-11-24,True,2017-11-24 18:00:00+00:00,2017-11-24T13:00:00-05:00,True,True,8126.0,OK
2017-11-27,True,2017-11-27 21:00:00+00:00,2017-11-27T16:00:00-05:00,False,True,9568.2,OK
2017-11-28,True,2017-11-28 21:00:00+00:00,2017-11-28T16:00:00-05:00,False,True,9840.01,OK
2017-11-29,True,2017-11-29 21:00:00+00:00,2017-11-29T16:00:00-05:00,False,True,9199.99,OK
2017-11-30,True,2017-11-30 21:00:00+00:00,2017-11-30T16:00:00-05:00,False,True,9358.39,OK
2017-12-01,True,2017-12-01 21:00:00+00:00,2017-12-01T16:00:00-05:00,False,True,10700.72,OK
2017-12-04,True,2017-12-04 21:00:00+00:00,2017-12-04T16:00:00-05:00,False,True,11399.96,OK
2017-12-05,True,2017-12-05 21:00:00+00:00,2017-12-05T16:00:00-05:00,False,True,11750.22,OK
2017-12-06,True,2017-12-06 21:00:00+00:00,2017-12-06T16:00:00-05:00,False,True,13095.0,OK
2017-12-07,True,2017-12-07 21:00:00+00:00,2017-12-07T16:00:00-05:00,False,True,15246.02,OK
2017-12-08,True,2017-12-08 21:00:00+00:00,2017-12-08T16:00:00-05:00,False,True,15028.67,OK
2017-12-11,True,2017-12-11 21:00:00+00:00,2017-12-11T16:00:00-05:00,False,True,17205.0,OK
2017-12-12,True,2017-12-12 21:00:00+00:00,2017-12-12T16:00:00-05:00,False,True,16400.02,OK
2017-12-13,True,2017-12-13 21:00:00+00:00,2017-12-13T16:00:00-05:00,False,True,15451.99,OK
2017-12-14,True,2017-12-14 21:00:00+00:00,2017-12-14T16:00:00-05:00,False,True,16227.95,OK
2017-12-15,True,2017-12-15 21:00:00+00:00,2017-12-15T16:00:00-05:00,False,True,17710.0,OK
2017-12-18,True,2017-12-18 21:00:00+00:00,2017-12-18T16:00:00-05:00,False,True,18588.05,OK
2017-12-19,True,2017-12-19 21:00:00+00:00,2017-12-19T16:00:00-05:00,False,True,17327.56,OK
2017-12-20,True,2017-12-20 21:00:00+00:00,2017-12-20T16:00:00-05:00,False,True,16800.01,OK
2017-12-21,True,2017-12-21 21:00:00+00:00,2017-12-21T16:00:00-05:00,False,True,14816.43,OK
2017-12-22,True,2017-12-22 21:00:00+00:00,2017-12-22T16:00:00-05:00,False,True,14086.94,OK
2017-12-26,True,2017-12-26 21:00:00+00:00,2017-12-26T16:00:00-05:00,False,True,15739.86,OK
2017-12-27,True,2017-12-27 21:00:00+00:00,2017-12-27T16:00:00-05:00,False,True,14771.89,OK
2017-12-28,True,2017-12-28 21:00:00+00:00,2017-12-28T16:00:00-05:00,False,True,13724.04,OK
2017-12-29,True,2017-12-29 21:00:00+00:00,2017-12-29T16:00:00-05:00,False,True,14335.02,OK
2018-01-02,True,2018-01-02 21:00:00+00:00,2018-01-02T16:00:00-05:00,False,True,14751.0,OK
2018-01-03,True,2018-01-03 21:00:00+00:00,2018-01-03T16:00:00-05:00,False,True,14939.11,OK
2018-01-04,True,2018-01-04 21:00:00+00:00,2018-01-04T16:00:00-05:00,False,True,14799.01,OK
2018-01-05,True,2018-01-05 21:00:00+00:00,2018-01-05T16:00:00-05:00,False,True,16673.0,OK
2018-01-08,True,2018-01-08 21:00:00+00:00,2018-01-08T16:00:00-05:00,False,True,14899.7,OK
2018-01-09,True,2018-01-09 21:00:00+00:00,2018-01-09T16:00:00-05:00,False,True,14755.33,OK
2018-01-10,True,2018-01-10 21:00:00+00:00,2018-01-10T16:00:00-05:00,False,True,14480.16,OK
2018-01-11,True,2018-01-11 21:00:00+00:00,2018-01-11T16:00:00-05:00,False,True,13405.0,OK
2018-01-12,True,2018-01-12 21:00:00+00:00,2018-01-12T16:00:00-05:00,False,True,13880.01,OK
2018-01-16,True,2018-01-16 21:00:00+00:00,2018-01-16T16:00:00-05:00,False,True,10680.27,OK
2018-01-17,True,2018-01-17 21:00:00+00:00,2018-01-17T16:00:00-05:00,False,True,10901.07,OK
2018-01-18,True,2018-01-18 21:00:00+00:00,2018-01-18T16:00:00-05:00,False,True,11521.16,OK
2018-01-19,True,2018-01-19 21:00:00+00:00,2018-01-19T16:00:00-05:00,False,True,11290.35,OK
2018-01-22,True,2018-01-22 21:00:00+00:00,2018-01-22T16:00:00-05:00,False,True,10349.92,OK
2018-01-23,True,2018-01-23 21:00:00+00:00,2018-01-23T16:00:00-05:00,False,True,11111.43,OK
2018-01-24,True,2018-01-24 21:00:00+00:00,2018-01-24T16:00:00-05:00,False,True,11190.05,OK
2018-01-25,True,2018-01-25 21:00:00+00:00,2018-01-25T16:00:00-05:00,False,True,11251.0,OK
2018-01-26,True,2018-01-26 21:00:00+00:00,2018-01-26T16:00:00-05:00,False,True,11026.57,OK
2018-01-29,True,2018-01-29 21:00:00+00:00,2018-01-29T16:00:00-05:00,False,True,11298.99,OK
2018-01-30,True,2018-01-30 21:00:00+00:00,2018-01-30T16:00:00-05:00,False,True,10174.21,OK
2018-01-31,True,2018-01-31 21:00:00+00:00,2018-01-31T16:00:00-05:00,False,True,10185.58,OK
2018-02-01,True,2018-02-01 21:00:00+00:00,2018-02-01T16:00:00-05:00,False,True,9399.92,OK
2018-02-02,True,2018-02-02 21:00:00+00:00,2018-02-02T16:00:00-05:00,False,True,8662.0,OK
2018-02-05,True,2018-02-05 21:00:00+00:00,2018-02-05T16:00:00-05:00,False,True,7199.24,OK
2018-02-06,True,2018-02-06 21:00:00+00:00,2018-02-06T16:00:00-05:00,False,True,7477.02,OK
2018-02-07,True,2018-02-07 21:00:00+00:00,2018-02-07T16:00:00-05:00,False,True,8126.96,OK
2018-02-08,True,2018-02-08 21:00:00+00:00,2018-02-08T16:00:00-05:00,False,False,,MISSING_BTC_EXACT_CLOSE
2018-02-09,True,2018-02-09 21:00:00+00:00,2018-02-09T16:00:00-05:00,False,True,8538.96,OK
2018-02-12,True,2018-02-12 21:00:00+00:00,2018-02-12T16:00:00-05:00,False,True,8872.02,OK
2018-02-13,True,2018-02-13 21:00:00+00:00,2018-02-13T16:00:00-05:00,False,True,8701.62,OK
2018-02-14,True,2018-02-14 21:00:00+00:00,2018-02-14T16:00:00-05:00,False,True,9280.97,OK
2018-02-15,True,2018-02-15 21:00:00+00:00,2018-02-15T16:00:00-05:00,False,True,10092.83,OK
2018-02-16,True,2018-02-16 21:00:00+00:00,2018-02-16T16:00:00-05:00,False,True,10012.02,OK
2018-02-20,True,2018-02-20 21:00:00+00:00,2018-02-20T16:00:00-05:00,False,True,11723.98,OK
2018-02-21,True,2018-02-21 21:00:00+00:00,2018-02-21T16:00:00-05:00,False,True,10375.35,OK
2018-02-22,True,2018-02-22 21:00:00+00:00,2018-02-22T16:00:00-05:00,False,True,10065.03,OK
2018-02-23,True,2018-02-23 21:00:00+00:00,2018-02-23T16:00:00-05:00,False,True,9949.72,OK
2018-02-26,True,2018-02-26 21:00:00+00:00,2018-02-26T16:00:00-05:00,False,True,10294.7,OK
2018-02-27,True,2018-02-27 21:00:00+00:00,2018-02-27T16:00:00-05:00,False,True,10675.0,OK
2018-02-28,True,2018-02-28 21:00:00+00:00,2018-02-28T16:00:00-05:00,False,True,10670.0,OK
2018-03-01,True,2018-03-01 21:00:00+00:00,2018-03-01T16:00:00-05:00,False,True,11029.3,OK
2018-03-02,True,2018-03-02 21:00:00+00:00,2018-03-02T16:00:00-05:00,False,True,11060.0,OK
2018-03-05,True,2018-03-05 21:00:00+00:00,2018-03-05T16:00:00-05:00,False,True,11625.0,OK
2018-03-06,True,2018-03-06 21:00:00+00:00,2018-03-06T16:00:00-05:00,False,True,10655.83,OK
2018-03-07,True,2018-03-07 21:00:00+00:00,2018-03-07T16:00:00-05:00,False,True,9756.0,OK
2018-03-08,True,2018-03-08 21:00:00+00:00,2018-03-08T16:00:00-05:00,False,True,9354.45,OK
2018-03-09,True,2018-03-09 21:00:00+00:00,2018-03-09T16:00:00-05:00,False,True,8935.18,OK
2018-03-12,True,2018-03-12 20:00:00+00:00,2018-03-12T16:00:00-04:00,False,True,8934.99,OK
2018-03-13,True,2018-03-13 20:00:00+00:00,2018-03-13T16:00:00-04:00,False,True,9072.57,OK
2018-03-14,True,2018-03-14 20:00:00+00:00,2018-03-14T16:00:00-04:00,False,True,8285.97,OK
2018-03-15,True,2018-03-15 20:00:00+00:00,2018-03-15T16:00:00-04:00,False,True,8210.0,OK
2018-03-16,True,2018-03-16 20:00:00+00:00,2018-03-16T16:00:00-04:00,False,True,8536.17,OK
2018-03-19,True,2018-03-19 20:00:00+00:00,2018-03-19T16:00:00-04:00,False,True,8395.0,OK
2018-03-20,True,2018-03-20 20:00:00+00:00,2018-03-20T16:00:00-04:00,False,True,8950.0,OK
2018-03-21,True,2018-03-21 20:00:00+00:00,2018-03-21T16:00:00-04:00,False,True,8862.78,OK
2018-03-22,True,2018-03-22 20:00:00+00:00,2018-03-22T16:00:00-04:00,False,True,8610.0,OK
2018-03-23,True,2018-03-23 20:00:00+00:00,2018-03-23T16:00:00-04:00,False,True,8623.99,OK
2018-03-26,True,2018-03-26 20:00:00+00:00,2018-03-26T16:00:00-04:00,False,True,7910.04,OK
2018-03-27,True,2018-03-27 20:00:00+00:00,2018-03-27T16:00:00-04:00,False,True,7886.0,OK
2018-03-28,True,2018-03-28 20:00:00+00:00,2018-03-28T16:00:00-04:00,False,True,7890.63,OK
2018-03-29,True,2018-03-29 20:00:00+00:00,2018-03-29T16:00:00-04:00,False,True,7341.0,OK
2018-04-02,True,2018-04-02 20:00:00+00:00,2018-04-02T16:00:00-04:00,False,True,6989.8,OK
2018-04-03,True,2018-04-03 20:00:00+00:00,2018-04-03T16:00:00-04:00,False,True,7467.12,OK
2018-04-04,True,2018-04-04 20:00:00+00:00,2018-04-04T16:00:00-04:00,False,True,6857.86,OK
2018-04-05,True,2018-04-05 20:00:00+00:00,2018-04-05T16:00:00-04:00,False,True,6760.96,OK
2018-04-06,True,2018-04-06 20:00:00+00:00,2018-04-06T16:00:00-04:00,False,True,6618.37,OK
2018-04-09,True,2018-04-09 20:00:00+00:00,2018-04-09T16:00:00-04:00,False,True,6677.04,OK
2018-04-10,True,2018-04-10 20:00:00+00:00,2018-04-10T16:00:00-04:00,False,True,6844.93,OK
2018-04-11,True,2018-04-11 20:00:00+00:00,2018-04-11T16:00:00-04:00,False,True,6914.97,OK
2018-04-12,True,2018-04-12 20:00:00+00:00,2018-04-12T16:00:00-04:00,False,True,7699.97,OK
2018-04-13,True,2018-04-13 20:00:00+00:00,2018-04-13T16:00:00-04:00,False,True,8093.82,OK
2018-04-16,True,2018-04-16 20:00:00+00:00,2018-04-16T16:00:00-04:00,False,True,7983.97,OK
2018-04-17,True,2018-04-17 20:00:00+00:00,2018-04-17T16:00:00-04:00,False,True,7874.0,OK
2018-04-18,True,2018-04-18 20:00:00+00:00,2018-04-18T16:00:00-04:00,False,True,8116.01,OK
2018-04-19,True,2018-04-19 20:00:00+00:00,2018-04-19T16:00:00-04:00,False,True,8249.95,OK
2018-04-20,True,2018-04-20 20:00:00+00:00,2018-04-20T16:00:00-04:00,False,True,8518.0,OK
2018-04-23,True,2018-04-23 20:00:00+00:00,2018-04-23T16:00:00-04:00,False,True,8847.37,OK
2018-04-24,True,2018-04-24 20:00:00+00:00,2018-04-24T16:00:00-04:00,False,True,9452.0,OK
2018-04-25,True,2018-04-25 20:00:00+00:00,2018-04-25T16:00:00-04:00,False,True,8969.55,OK
2018-04-26,True,2018-04-26 20:00:00+00:00,2018-04-26T16:00:00-04:00,False,True,8880.0,OK
2018-04-27,True,2018-04-27 20:00:00+00:00,2018-04-27T16:00:00-04:00,False,True,9089.12,OK
2018-04-30,True,2018-04-30 20:00:00+00:00,2018-04-30T16:00:00-04:00,False,True,9337.55,OK
2018-05-01,True,2018-05-01 20:00:00+00:00,2018-05-01T16:00:00-04:00,False,True,8986.97,OK
2018-05-02,True,2018-05-02 20:00:00+00:00,2018-05-02T16:00:00-04:00,False,True,9135.0,OK
2018-05-03,True,2018-05-03 20:00:00+00:00,2018-05-03T16:00:00-04:00,False,True,9670.0,OK
2018-05-04,True,2018-05-04 20:00:00+00:00,2018-05-04T16:00:00-04:00,False,True,9671.23,OK
2018-05-07,True,2018-05-07 20:00:00+00:00,2018-05-07T16:00:00-04:00,False,True,9432.79,OK
2018-05-08,True,2018-05-08 20:00:00+00:00,2018-05-08T16:00:00-04:00,False,True,9255.0,OK
2018-05-09,True,2018-05-09 20:00:00+00:00,2018-05-09T16:00:00-04:00,False,True,9289.29,OK
2018-05-10,True,2018-05-10 20:00:00+00:00,2018-05-10T16:00:00-04:00,False,True,9085.0,OK
2018-05-11,True,2018-05-11 20:00:00+00:00,2018-05-11T16:00:00-04:00,False,True,8596.56,OK
2018-05-14,True,2018-05-14 20:00:00+00:00,2018-05-14T16:00:00-04:00,False,True,8747.45,OK
2018-05-15,True,2018-05-15 20:00:00+00:00,2018-05-15T16:00:00-04:00,False,True,8555.0,OK
2018-05-16,True,2018-05-16 20:00:00+00:00,2018-05-16T16:00:00-04:00,False,True,8227.17,OK
2018-05-17,True,2018-05-17 20:00:00+00:00,2018-05-17T16:00:00-04:00,False,True,8172.0,OK
2018-05-18,True,2018-05-18 20:00:00+00:00,2018-05-18T16:00:00-04:00,False,True,8231.1,OK
2018-05-21,True,2018-05-21 20:00:00+00:00,2018-05-21T16:00:00-04:00,False,True,8368.18,OK
2018-05-22,True,2018-05-22 20:00:00+00:00,2018-05-22T16:00:00-04:00,False,True,8171.03,OK
2018-05-23,True,2018-05-23 20:00:00+00:00,2018-05-23T16:00:00-04:00,False,True,7590.85,OK
2018-05-24,True,2018-05-24 20:00:00+00:00,2018-05-24T16:00:00-04:00,False,True,7579.58,OK
2018-05-25,True,2018-05-25 20:00:00+00:00,2018-05-25T16:00:00-04:00,False,True,7417.02,OK
2018-05-29,True,2018-05-29 20:00:00+00:00,2018-05-29T16:00:00-04:00,False,True,7473.0,OK
2018-05-30,True,2018-05-30 20:00:00+00:00,2018-05-30T16:00:00-04:00,False,True,7314.99,OK
2018-05-31,True,2018-05-31 20:00:00+00:00,2018-05-31T16:00:00-04:00,False,True,7544.9,OK
2018-06-01,True,2018-06-01 20:00:00+00:00,2018-06-01T16:00:00-04:00,False,True,7440.14,OK
2018-06-04,True,2018-06-04 20:00:00+00:00,2018-06-04T16:00:00-04:00,False,True,7494.99,OK
2018-06-05,True,2018-06-05 20:00:00+00:00,2018-06-05T16:00:00-04:00,False,True,7620.01,OK
2018-06-06,True,2018-06-06 20:00:00+00:00,2018-06-06T16:00:00-04:00,False,True,7523.1,OK
2018-06-07,True,2018-06-07 20:00:00+00:00,2018-06-07T16:00:00-04:00,False,True,7695.16,OK
2018-06-08,True,2018-06-08 20:00:00+00:00,2018-06-08T16:00:00-04:00,False,True,7641.12,OK
2018-06-11,True,2018-06-11 20:00:00+00:00,2018-06-11T16:00:00-04:00,False,True,6747.67,OK
2018-06-12,True,2018-06-12 20:00:00+00:00,2018-06-12T16:00:00-04:00,False,True,6494.61,OK
2018-06-13,True,2018-06-13 20:00:00+00:00,2018-06-13T16:00:00-04:00,False,True,6274.0,OK
2018-06-14,True,2018-06-14 20:00:00+00:00,2018-06-14T16:00:00-04:00,False,True,6642.88,OK
2018-06-15,True,2018-06-15 20:00:00+00:00,2018-06-15T16:00:00-04:00,False,True,6539.05,OK
2018-06-18,True,2018-06-18 20:00:00+00:00,2018-06-18T16:00:00-04:00,False,True,6694.62,OK
2018-06-19,True,2018-06-19 20:00:00+00:00,2018-06-19T16:00:00-04:00,False,True,6742.03,OK
2018-06-20,True,2018-06-20 20:00:00+00:00,2018-06-20T16:00:00-04:00,False,True,6748.93,OK
2018-06-21,True,2018-06-21 20:00:00+00:00,2018-06-21T16:00:00-04:00,False,True,6714.52,OK
2018-06-22,True,2018-06-22 20:00:00+00:00,2018-06-22T16:00:00-04:00,False,True,6193.58,OK
2018-06-25,True,2018-06-25 20:00:00+00:00,2018-06-25T16:00:00-04:00,False,True,6255.7,OK
2018-06-26,True,2018-06-26 20:00:00+00:00,2018-06-26T16:00:00-04:00,False,True,6164.95,OK
2018-06-27,True,2018-06-27 20:00:00+00:00,2018-06-27T16:00:00-04:00,False,True,6144.84,OK
2018-06-28,True,2018-06-28 20:00:00+00:00,2018-06-28T16:00:00-04:00,False,True,6091.42,OK
2018-06-29,True,2018-06-29 20:00:00+00:00,2018-06-29T16:00:00-04:00,False,True,5883.59,OK
2018-07-02,True,2018-07-02 20:00:00+00:00,2018-07-02T16:00:00-04:00,False,True,6629.0,OK
2018-07-03,True,2018-07-03 17:00:00+00:00,2018-07-03T13:00:00-04:00,True,True,6587.48,OK
2018-07-05,True,2018-07-05 20:00:00+00:00,2018-07-05T16:00:00-04:00,False,True,6509.86,OK
2018-07-06,True,2018-07-06 20:00:00+00:00,2018-07-06T16:00:00-04:00,False,True,6570.01,OK
2018-07-09,True,2018-07-09 20:00:00+00:00,2018-07-09T16:00:00-04:00,False,True,6709.68,OK
2018-07-10,True,2018-07-10 20:00:00+00:00,2018-07-10T16:00:00-04:00,False,True,6376.13,OK
2018-07-11,True,2018-07-11 20:00:00+00:00,2018-07-11T16:00:00-04:00,False,True,6345.29,OK
2018-07-12,True,2018-07-12 20:00:00+00:00,2018-07-12T16:00:00-04:00,False,True,6173.98,OK
2018-07-13,True,2018-07-13 20:00:00+00:00,2018-07-13T16:00:00-04:00,False,True,6177.9,OK
2018-07-16,True,2018-07-16 20:00:00+00:00,2018-07-16T16:00:00-04:00,False,True,6681.95,OK
2018-07-17,True,2018-07-17 20:00:00+00:00,2018-07-17T16:00:00-04:00,False,True,7289.64,OK
2018-07-18,True,2018-07-18 20:00:00+00:00,2018-07-18T16:00:00-04:00,False,True,7396.83,OK
2018-07-19,True,2018-07-19 20:00:00+00:00,2018-07-19T16:00:00-04:00,False,True,7450.0,OK
2018-07-20,True,2018-07-20 20:00:00+00:00,2018-07-20T16:00:00-04:00,False,True,7353.37,OK
2018-07-23,True,2018-07-23 20:00:00+00:00,2018-07-23T16:00:00-04:00,False,True,7757.0,OK
2018-07-24,True,2018-07-24 20:00:00+00:00,2018-07-24T16:00:00-04:00,False,True,8266.24,OK
2018-07-25,True,2018-07-25 20:00:00+00:00,2018-07-25T16:00:00-04:00,False,True,8166.97,OK
2018-07-26,True,2018-07-26 20:00:00+00:00,2018-07-26T16:00:00-04:00,False,True,8261.1,OK
2018-07-27,True,2018-07-27 20:00:00+00:00,2018-07-27T16:00:00-04:00,False,True,8220.2,OK
2018-07-30,True,2018-07-30 20:00:00+00:00,2018-07-30T16:00:00-04:00,False,True,8121.21,OK
2018-07-31,True,2018-07-31 20:00:00+00:00,2018-07-31T16:00:00-04:00,False,True,7749.01,OK
2018-08-01,True,2018-08-01 20:00:00+00:00,2018-08-01T16:00:00-04:00,False,True,7564.84,OK
2018-08-02,True,2018-08-02 20:00:00+00:00,2018-08-02T16:00:00-04:00,False,True,7535.43,OK
2018-08-03,True,2018-08-03 20:00:00+00:00,2018-08-03T16:00:00-04:00,False,True,7377.18,OK
2018-08-06,True,2018-08-06 20:00:00+00:00,2018-08-06T16:00:00-04:00,False,True,6940.08,OK
2018-08-07,True,2018-08-07 20:00:00+00:00,2018-08-07T16:00:00-04:00,False,True,7007.96,OK
2018-08-08,True,2018-08-08 20:00:00+00:00,2018-08-08T16:00:00-04:00,False,True,6333.18,OK
2018-08-09,True,2018-08-09 20:00:00+00:00,2018-08-09T16:00:00-04:00,False,True,6466.21,OK
2018-08-10,True,2018-08-10 20:00:00+00:00,2018-08-10T16:00:00-04:00,False,True,6398.38,OK
2018-08-13,True,2018-08-13 20:00:00+00:00,2018-08-13T16:00:00-04:00,False,True,6235.09,OK
2018-08-14,True,2018-08-14 20:00:00+00:00,2018-08-14T16:00:00-04:00,False,True,6073.0,OK
2018-08-15,True,2018-08-15 20:00:00+00:00,2018-08-15T16:00:00-04:00,False,True,6363.16,OK
2018-08-16,True,2018-08-16 20:00:00+00:00,2018-08-16T16:00:00-04:00,False,True,6408.59,OK
2018-08-17,True,2018-08-17 20:00:00+00:00,2018-08-17T16:00:00-04:00,False,True,6493.5,OK
2018-08-20,True,2018-08-20 20:00:00+00:00,2018-08-20T16:00:00-04:00,False,True,6447.11,OK
2018-08-21,True,2018-08-21 20:00:00+00:00,2018-08-21T16:00:00-04:00,False,True,6437.99,OK
2018-08-22,True,2018-08-22 20:00:00+00:00,2018-08-22T16:00:00-04:00,False,True,6438.21,OK
2018-08-23,True,2018-08-23 20:00:00+00:00,2018-08-23T16:00:00-04:00,False,True,6416.9,OK
2018-08-24,True,2018-08-24 20:00:00+00:00,2018-08-24T16:00:00-04:00,False,True,6621.89,OK
2018-08-27,True,2018-08-27 20:00:00+00:00,2018-08-27T16:00:00-04:00,False,True,6743.56,OK
2018-08-28,True,2018-08-28 20:00:00+00:00,2018-08-28T16:00:00-04:00,False,True,7088.98,OK
2018-08-29,True,2018-08-29 20:00:00+00:00,2018-08-29T16:00:00-04:00,False,True,6999.99,OK
2018-08-30,True,2018-08-30 20:00:00+00:00,2018-08-30T16:00:00-04:00,False,True,6809.98,OK
2018-08-31,True,2018-08-31 20:00:00+00:00,2018-08-31T16:00:00-04:00,False,True,7045.68,OK
2018-09-04,True,2018-09-04 20:00:00+00:00,2018-09-04T16:00:00-04:00,False,True,7355.94,OK
2018-09-05,True,2018-09-05 20:00:00+00:00,2018-09-05T16:00:00-04:00,False,True,6912.76,OK
2018-09-06,True,2018-09-06 20:00:00+00:00,2018-09-06T16:00:00-04:00,False,True,6470.68,OK
2018-09-07,True,2018-09-07 20:00:00+00:00,2018-09-07T16:00:00-04:00,False,True,6419.0,OK
2018-09-10,True,2018-09-10 20:00:00+00:00,2018-09-10T16:00:00-04:00,False,True,6294.65,OK
2018-09-11,True,2018-09-11 20:00:00+00:00,2018-09-11T16:00:00-04:00,False,True,6269.23,OK
2018-09-12,True,2018-09-12 20:00:00+00:00,2018-09-12T16:00:00-04:00,False,True,6313.86,OK
2018-09-13,True,2018-09-13 20:00:00+00:00,2018-09-13T16:00:00-04:00,False,True,6449.93,OK
2018-09-14,True,2018-09-14 20:00:00+00:00,2018-09-14T16:00:00-04:00,False,True,6531.0,OK
2018-09-17,True,2018-09-17 20:00:00+00:00,2018-09-17T16:00:00-04:00,False,True,6269.99,OK
2018-09-18,True,2018-09-18 20:00:00+00:00,2018-09-18T16:00:00-04:00,False,True,6301.9,OK
2018-09-19,True,2018-09-19 20:00:00+00:00,2018-09-19T16:00:00-04:00,False,True,6412.14,OK
2018-09-20,True,2018-09-20 20:00:00+00:00,2018-09-20T16:00:00-04:00,False,True,6421.99,OK
2018-09-21,True,2018-09-21 20:00:00+00:00,2018-09-21T16:00:00-04:00,False,True,6749.14,OK
2018-09-24,True,2018-09-24 20:00:00+00:00,2018-09-24T16:00:00-04:00,False,True,6619.9,OK
2018-09-25,True,2018-09-25 20:00:00+00:00,2018-09-25T16:00:00-04:00,False,True,6362.91,OK
2018-09-26,True,2018-09-26 20:00:00+00:00,2018-09-26T16:00:00-04:00,False,True,6490.43,OK
2018-09-27,True,2018-09-27 20:00:00+00:00,2018-09-27T16:00:00-04:00,False,True,6669.36,OK
2018-09-28,True,2018-09-28 20:00:00+00:00,2018-09-28T16:00:00-04:00,False,True,6683.99,OK
2018-10-01,True,2018-10-01 20:00:00+00:00,2018-10-01T16:00:00-04:00,False,True,6587.91,OK
2018-10-02,True,2018-10-02 20:00:00+00:00,2018-10-02T16:00:00-04:00,False,True,6562.69,OK
2018-10-03,True,2018-10-03 20:00:00+00:00,2018-10-03T16:00:00-04:00,False,True,6475.2,OK
2018-10-04,True,2018-10-04 20:00:00+00:00,2018-10-04T16:00:00-04:00,False,True,6612.05,OK
2018-10-05,True,2018-10-05 20:00:00+00:00,2018-10-05T16:00:00-04:00,False,True,6595.42,OK
2018-10-08,True,2018-10-08 20:00:00+00:00,2018-10-08T16:00:00-04:00,False,True,6695.32,OK
2018-10-09,True,2018-10-09 20:00:00+00:00,2018-10-09T16:00:00-04:00,False,True,6658.24,OK
2018-10-10,True,2018-10-10 20:00:00+00:00,2018-10-10T16:00:00-04:00,False,True,6638.56,OK
2018-10-11,True,2018-10-11 20:00:00+00:00,2018-10-11T16:00:00-04:00,False,True,6302.61,OK
2018-10-12,True,2018-10-12 20:00:00+00:00,2018-10-12T16:00:00-04:00,False,True,6320.04,OK
2018-10-15,True,2018-10-15 20:00:00+00:00,2018-10-15T16:00:00-04:00,False,True,6741.0,OK
2018-10-16,True,2018-10-16 20:00:00+00:00,2018-10-16T16:00:00-04:00,False,True,6729.24,OK
2018-10-17,True,2018-10-17 20:00:00+00:00,2018-10-17T16:00:00-04:00,False,True,6717.01,OK
2018-10-18,True,2018-10-18 20:00:00+00:00,2018-10-18T16:00:00-04:00,False,True,6639.11,OK
2018-10-19,True,2018-10-19 20:00:00+00:00,2018-10-19T16:00:00-04:00,False,True,6555.38,OK
2018-10-22,True,2018-10-22 20:00:00+00:00,2018-10-22T16:00:00-04:00,False,True,6562.55,OK
2018-10-23,True,2018-10-23 20:00:00+00:00,2018-10-23T16:00:00-04:00,False,True,6576.52,OK
2018-10-24,True,2018-10-24 20:00:00+00:00,2018-10-24T16:00:00-04:00,False,True,6577.01,OK
2018-10-25,True,2018-10-25 20:00:00+00:00,2018-10-25T16:00:00-04:00,False,True,6553.0,OK
2018-10-26,True,2018-10-26 20:00:00+00:00,2018-10-26T16:00:00-04:00,False,True,6544.96,OK
2018-10-29,True,2018-10-29 20:00:00+00:00,2018-10-29T16:00:00-04:00,False,True,6336.1,OK
2018-10-30,True,2018-10-30 20:00:00+00:00,2018-10-30T16:00:00-04:00,False,True,6331.0,OK
2018-10-31,True,2018-10-31 20:00:00+00:00,2018-10-31T16:00:00-04:00,False,True,6371.37,OK
2018-11-01,True,2018-11-01 20:00:00+00:00,2018-11-01T16:00:00-04:00,False,True,6379.68,OK
2018-11-02,True,2018-11-02 20:00:00+00:00,2018-11-02T16:00:00-04:00,False,True,6431.0,OK
2018-11-05,True,2018-11-05 21:00:00+00:00,2018-11-05T16:00:00-05:00,False,True,6456.16,OK
2018-11-06,True,2018-11-06 21:00:00+00:00,2018-11-06T16:00:00-05:00,False,True,6488.53,OK
2018-11-07,True,2018-11-07 21:00:00+00:00,2018-11-07T16:00:00-05:00,False,True,6574.13,OK
2018-11-08,True,2018-11-08 21:00:00+00:00,2018-11-08T16:00:00-05:00,False,True,6492.05,OK
2018-11-09,True,2018-11-09 21:00:00+00:00,2018-11-09T16:00:00-05:00,False,True,6426.93,OK
2018-11-12,True,2018-11-12 21:00:00+00:00,2018-11-12T16:00:00-05:00,False,True,6456.0,OK
2018-11-13,True,2018-11-13 21:00:00+00:00,2018-11-13T16:00:00-05:00,False,True,6489.1,OK
2018-11-14,True,2018-11-14 21:00:00+00:00,2018-11-14T16:00:00-05:00,False,True,5769.43,OK
2018-11-15,True,2018-11-15 21:00:00+00:00,2018-11-15T16:00:00-05:00,False,True,5638.8,OK
2018-11-16,True,2018-11-16 21:00:00+00:00,2018-11-16T16:00:00-05:00,False,True,5633.96,OK
2018-11-19,True,2018-11-19 21:00:00+00:00,2018-11-19T16:00:00-05:00,False,True,5015.01,OK
2018-11-20,True,2018-11-20 21:00:00+00:00,2018-11-20T16:00:00-05:00,False,True,4496.0,OK
2018-11-21,True,2018-11-21 21:00:00+00:00,2018-11-21T16:00:00-05:00,False,True,4554.66,OK
2018-11-23,True,2018-11-23 18:00:00+00:00,2018-11-23T13:00:00-05:00,True,True,4346.96,OK
2018-11-26,True,2018-11-26 21:00:00+00:00,2018-11-26T16:00:00-05:00,False,True,3776.34,OK
2018-11-27,True,2018-11-27 21:00:00+00:00,2018-11-27T16:00:00-05:00,False,True,3836.18,OK
2018-11-28,True,2018-11-28 21:00:00+00:00,2018-11-28T16:00:00-05:00,False,True,4356.23,OK
2018-11-29,True,2018-11-29 21:00:00+00:00,2018-11-29T16:00:00-05:00,False,True,4243.31,OK
2018-11-30,True,2018-11-30 21:00:00+00:00,2018-11-30T16:00:00-05:00,False,True,4026.44,OK
2018-12-03,True,2018-12-03 21:00:00+00:00,2018-12-03T16:00:00-05:00,False,True,3897.62,OK
2018-12-04,True,2018-12-04 21:00:00+00:00,2018-12-04T16:00:00-05:00,False,True,3921.33,OK
2018-12-06,True,2018-12-06 21:00:00+00:00,2018-12-06T16:00:00-05:00,False,True,3688.28,OK
2018-12-07,True,2018-12-07 21:00:00+00:00,2018-12-07T16:00:00-05:00,False,True,3357.74,OK
2018-12-10,True,2018-12-10 21:00:00+00:00,2018-12-10T16:00:00-05:00,False,True,3416.68,OK
2018-12-11,True,2018-12-11 21:00:00+00:00,2018-12-11T16:00:00-05:00,False,True,3383.84,OK
2018-12-12,True,2018-12-12 21:00:00+00:00,2018-12-12T16:00:00-05:00,False,True,3451.61,OK
2018-12-13,True,2018-12-13 21:00:00+00:00,2018-12-13T16:00:00-05:00,False,True,3289.71,OK
2018-12-14,True,2018-12-14 21:00:00+00:00,2018-12-14T16:00:00-05:00,False,True,3205.76,OK
2018-12-17,True,2018-12-17 21:00:00+00:00,2018-12-17T16:00:00-05:00,False,True,3552.02,OK
2018-12-18,True,2018-12-18 21:00:00+00:00,2018-12-18T16:00:00-05:00,False,True,3512.23,OK
2018-12-19,True,2018-12-19 21:00:00+00:00,2018-12-19T16:00:00-05:00,False,True,3722.78,OK
2018-12-20,True,2018-12-20 21:00:00+00:00,2018-12-20T16:00:00-05:00,False,True,3869.99,OK
2018-12-21,True,2018-12-21 21:00:00+00:00,2018-12-21T16:00:00-05:00,False,True,3790.07,OK
2018-12-24,True,2018-12-24 18:00:00+00:00,2018-12-24T13:00:00-05:00,True,True,4055.95,OK
2018-12-26,True,2018-12-26 21:00:00+00:00,2018-12-26T16:00:00-05:00,False,True,3738.96,OK
2018-12-27,True,2018-12-27 21:00:00+00:00,2018-12-27T16:00:00-05:00,False,True,3559.33,OK
2018-12-28,True,2018-12-28 21:00:00+00:00,2018-12-28T16:00:00-05:00,False,True,3846.44,OK
2018-12-31,True,2018-12-31 21:00:00+00:00,2018-12-31T16:00:00-05:00,False,True,3672.0,OK
2019-01-02,True,2019-01-02 21:00:00+00:00,2019-01-02T16:00:00-05:00,False,True,3849.27,OK
2019-01-03,True,2019-01-03 21:00:00+00:00,2019-01-03T16:00:00-05:00,False,True,3779.99,OK
2019-01-04,True,2019-01-04 21:00:00+00:00,2019-01-04T16:00:00-05:00,False,True,3762.36,OK
2019-01-07,True,2019-01-07 21:00:00+00:00,2019-01-07T16:00:00-05:00,False,True,3969.88,OK
2019-01-08,True,2019-01-08 21:00:00+00:00,2019-01-08T16:00:00-05:00,False,True,3965.4,OK
2019-01-09,True,2019-01-09 21:00:00+00:00,2019-01-09T16:00:00-05:00,False,True,3967.0,OK
2019-01-10,True,2019-01-10 21:00:00+00:00,2019-01-10T16:00:00-05:00,False,True,3585.07,OK
2019-01-11,True,2019-01-11 21:00:00+00:00,2019-01-11T16:00:00-05:00,False,True,3611.51,OK
2019-01-14,True,2019-01-14 21:00:00+00:00,2019-01-14T16:00:00-05:00,False,True,3629.46,OK
2019-01-15,True,2019-01-15 21:00:00+00:00,2019-01-15T16:00:00-05:00,False,True,3534.42,OK
2019-01-16,True,2019-01-16 21:00:00+00:00,2019-01-16T16:00:00-05:00,False,True,3577.91,OK
2019-01-17,True,2019-01-17 21:00:00+00:00,2019-01-17T16:00:00-05:00,False,True,3606.05,OK
2019-01-18,True,2019-01-18 21:00:00+00:00,2019-01-18T16:00:00-05:00,False,True,3593.89,OK
2019-01-22,True,2019-01-22 21:00:00+00:00,2019-01-22T16:00:00-05:00,False,True,3584.28,OK
2019-01-23,True,2019-01-23 21:00:00+00:00,2019-01-23T16:00:00-05:00,False,True,3533.62,OK
2019-01-24,True,2019-01-24 21:00:00+00:00,2019-01-24T16:00:00-05:00,False,True,3568.05,OK
2019-01-25,True,2019-01-25 21:00:00+00:00,2019-01-25T16:00:00-05:00,False,True,3557.09,OK
2019-01-28,True,2019-01-28 21:00:00+00:00,2019-01-28T16:00:00-05:00,False,True,3427.43,OK
2019-01-29,True,2019-01-29 21:00:00+00:00,2019-01-29T16:00:00-05:00,False,True,3412.01,OK
2019-01-30,True,2019-01-30 21:00:00+00:00,2019-01-30T16:00:00-05:00,False,True,3453.7,OK
2019-01-31,True,2019-01-31 21:00:00+00:00,2019-01-31T16:00:00-05:00,False,True,3447.16,OK
2019-02-01,True,2019-02-01 21:00:00+00:00,2019-02-01T16:00:00-05:00,False,True,3476.17,OK
2019-02-04,True,2019-02-04 21:00:00+00:00,2019-02-04T16:00:00-05:00,False,True,3462.0,OK
2019-02-05,True,2019-02-05 21:00:00+00:00,2019-02-05T16:00:00-05:00,False,True,3461.74,OK
2019-02-06,True,2019-02-06 21:00:00+00:00,2019-02-06T16:00:00-05:00,False,True,3402.0,OK
2019-02-07,True,2019-02-07 21:00:00+00:00,2019-02-07T16:00:00-05:00,False,True,3401.8,OK
2019-02-08,True,2019-02-08 21:00:00+00:00,2019-02-08T16:00:00-05:00,False,True,3660.53,OK
2019-02-11,True,2019-02-11 21:00:00+00:00,2019-02-11T16:00:00-05:00,False,True,3643.65,OK
2019-02-12,True,2019-02-12 21:00:00+00:00,2019-02-12T16:00:00-05:00,False,True,3647.62,OK
2019-02-13,True,2019-02-13 21:00:00+00:00,2019-02-13T16:00:00-05:00,False,True,3601.16,OK
2019-02-14,True,2019-02-14 21:00:00+00:00,2019-02-14T16:00:00-05:00,False,True,3597.04,OK
2019-02-15,True,2019-02-15 21:00:00+00:00,2019-02-15T16:00:00-05:00,False,True,3601.69,OK
2019-02-19,True,2019-02-19 21:00:00+00:00,2019-02-19T16:00:00-05:00,False,True,3949.57,OK
2019-02-20,True,2019-02-20 21:00:00+00:00,2019-02-20T16:00:00-05:00,False,True,3964.37,OK
2019-02-21,True,2019-02-21 21:00:00+00:00,2019-02-21T16:00:00-05:00,False,True,3926.18,OK
2019-02-22,True,2019-02-22 21:00:00+00:00,2019-02-22T16:00:00-05:00,False,True,3955.76,OK
2019-02-25,True,2019-02-25 21:00:00+00:00,2019-02-25T16:00:00-05:00,False,True,3839.01,OK
2019-02-26,True,2019-02-26 21:00:00+00:00,2019-02-26T16:00:00-05:00,False,True,3805.7,OK
2019-02-27,True,2019-02-27 21:00:00+00:00,2019-02-27T16:00:00-05:00,False,True,3741.52,OK
2019-02-28,True,2019-02-28 21:00:00+00:00,2019-02-28T16:00:00-05:00,False,True,3822.02,OK
2019-03-01,True,2019-03-01 21:00:00+00:00,2019-03-01T16:00:00-05:00,False,True,3842.34,OK
2019-03-04,True,2019-03-04 21:00:00+00:00,2019-03-04T16:00:00-05:00,False,True,3714.79,OK
2019-03-05,True,2019-03-05 21:00:00+00:00,2019-03-05T16:00:00-05:00,False,True,3847.93,OK
2019-03-06,True,2019-03-06 21:00:00+00:00,2019-03-06T16:00:00-05:00,False,True,3852.75,OK
2019-03-07,True,2019-03-07 21:00:00+00:00,2019-03-07T16:00:00-05:00,False,True,3887.73,OK
2019-03-08,True,2019-03-08 21:00:00+00:00,2019-03-08T16:00:00-05:00,False,True,3914.44,OK
2019-03-11,True,2019-03-11 20:00:00+00:00,2019-03-11T16:00:00-04:00,False,True,3855.64,OK
2019-03-12,True,2019-03-12 20:00:00+00:00,2019-03-12T16:00:00-04:00,False,True,3880.75,OK
2019-03-13,True,2019-03-13 20:00:00+00:00,2019-03-13T16:00:00-04:00,False,True,3870.1,OK
2019-03-14,True,2019-03-14 20:00:00+00:00,2019-03-14T16:00:00-04:00,False,True,3873.48,OK
2019-03-15,True,2019-03-15 20:00:00+00:00,2019-03-15T16:00:00-04:00,False,True,3932.88,OK
2019-03-18,True,2019-03-18 20:00:00+00:00,2019-03-18T16:00:00-04:00,False,True,3979.89,OK
2019-03-19,True,2019-03-19 20:00:00+00:00,2019-03-19T16:00:00-04:00,False,True,4008.06,OK
2019-03-20,True,2019-03-20 20:00:00+00:00,2019-03-20T16:00:00-04:00,False,True,4023.92,OK
2019-03-21,True,2019-03-21 20:00:00+00:00,2019-03-21T16:00:00-04:00,False,True,3979.13,OK
2019-03-22,True,2019-03-22 20:00:00+00:00,2019-03-22T16:00:00-04:00,False,True,3997.73,OK
2019-03-25,True,2019-03-25 20:00:00+00:00,2019-03-25T16:00:00-04:00,False,True,3922.22,OK
2019-03-26,True,2019-03-26 20:00:00+00:00,2019-03-26T16:00:00-04:00,False,True,3933.59,OK
2019-03-27,True,2019-03-27 20:00:00+00:00,2019-03-27T16:00:00-04:00,False,True,4019.99,OK
2019-03-28,True,2019-03-28 20:00:00+00:00,2019-03-28T16:00:00-04:00,False,True,4024.89,OK
2019-03-29,True,2019-03-29 20:00:00+00:00,2019-03-29T16:00:00-04:00,False,True,4085.0,OK
2019-04-01,True,2019-04-01 20:00:00+00:00,2019-04-01T16:00:00-04:00,False,True,4138.38,OK
2019-04-02,True,2019-04-02 20:00:00+00:00,2019-04-02T16:00:00-04:00,False,True,4726.97,OK
2019-04-03,True,2019-04-03 20:00:00+00:00,2019-04-03T16:00:00-04:00,False,True,5105.5,OK
2019-04-04,True,2019-04-04 20:00:00+00:00,2019-04-04T16:00:00-04:00,False,True,4813.73,OK
2019-04-05,True,2019-04-05 20:00:00+00:00,2019-04-05T16:00:00-04:00,False,True,4979.61,OK
2019-04-08,True,2019-04-08 20:00:00+00:00,2019-04-08T16:00:00-04:00,False,True,5154.99,OK
2019-04-09,True,2019-04-09 20:00:00+00:00,2019-04-09T16:00:00-04:00,False,True,5165.84,OK
2019-04-10,True,2019-04-10 20:00:00+00:00,2019-04-10T16:00:00-04:00,False,True,5362.83,OK
2019-04-11,True,2019-04-11 20:00:00+00:00,2019-04-11T16:00:00-04:00,False,True,5043.82,OK
2019-04-12,True,2019-04-12 20:00:00+00:00,2019-04-12T16:00:00-04:00,False,True,5031.77,OK
2019-04-15,True,2019-04-15 20:00:00+00:00,2019-04-15T16:00:00-04:00,False,True,5006.83,OK
2019-04-16,True,2019-04-16 20:00:00+00:00,2019-04-16T16:00:00-04:00,False,True,5157.0,OK
2019-04-17,True,2019-04-17 20:00:00+00:00,2019-04-17T16:00:00-04:00,False,True,5210.48,OK
2019-04-18,True,2019-04-18 20:00:00+00:00,2019-04-18T16:00:00-04:00,False,True,5262.73,OK
2019-04-22,True,2019-04-22 20:00:00+00:00,2019-04-22T16:00:00-04:00,False,True,5354.69,OK
2019-04-23,True,2019-04-23 20:00:00+00:00,2019-04-23T16:00:00-04:00,False,True,5568.5,OK
2019-04-24,True,2019-04-24 20:00:00+00:00,2019-04-24T16:00:00-04:00,False,True,5400.0,OK
2019-04-25,True,2019-04-25 20:00:00+00:00,2019-04-25T16:00:00-04:00,False,True,5469.0,OK
2019-04-26,True,2019-04-26 20:00:00+00:00,2019-04-26T16:00:00-04:00,False,True,5260.46,OK
2019-04-29,True,2019-04-29 20:00:00+00:00,2019-04-29T16:00:00-04:00,False,True,5239.89,OK
2019-04-30,True,2019-04-30 20:00:00+00:00,2019-04-30T16:00:00-04:00,False,True,5292.53,OK
2019-05-01,True,2019-05-01 20:00:00+00:00,2019-05-01T16:00:00-04:00,False,True,5365.98,OK
2019-05-02,True,2019-05-02 20:00:00+00:00,2019-05-02T16:00:00-04:00,False,True,5506.01,OK
2019-05-03,True,2019-05-03 20:00:00+00:00,2019-05-03T16:00:00-04:00,False,True,5758.53,OK
2019-05-06,True,2019-05-06 20:00:00+00:00,2019-05-06T16:00:00-04:00,False,True,5790.35,OK
2019-05-07,True,2019-05-07 20:00:00+00:00,2019-05-07T16:00:00-04:00,False,True,5923.45,OK
2019-05-08,True,2019-05-08 20:00:00+00:00,2019-05-08T16:00:00-04:00,False,True,5951.57,OK
2019-05-09,True,2019-05-09 20:00:00+00:00,2019-05-09T16:00:00-04:00,False,True,6136.92,OK
2019-05-10,True,2019-05-10 20:00:00+00:00,2019-05-10T16:00:00-04:00,False,True,6410.55,OK
2019-05-13,True,2019-05-13 20:00:00+00:00,2019-05-13T16:00:00-04:00,False,True,7845.84,OK
2019-05-14,True,2019-05-14 20:00:00+00:00,2019-05-14T16:00:00-04:00,False,True,7738.25,OK
2019-05-15,True,2019-05-15 20:00:00+00:00,2019-05-15T16:00:00-04:00,False,True,8167.0,OK
2019-05-16,True,2019-05-16 20:00:00+00:00,2019-05-16T16:00:00-04:00,False,True,7856.75,OK
2019-05-17,True,2019-05-17 20:00:00+00:00,2019-05-17T16:00:00-04:00,False,True,7135.73,OK
2019-05-20,True,2019-05-20 20:00:00+00:00,2019-05-20T16:00:00-04:00,False,True,7802.09,OK
2019-05-21,True,2019-05-21 20:00:00+00:00,2019-05-21T16:00:00-04:00,False,True,7966.44,OK
2019-05-22,True,2019-05-22 20:00:00+00:00,2019-05-22T16:00:00-04:00,False,True,7901.2,OK
2019-05-23,True,2019-05-23 20:00:00+00:00,2019-05-23T16:00:00-04:00,False,True,7759.16,OK
2019-05-24,True,2019-05-24 20:00:00+00:00,2019-05-24T16:00:00-04:00,False,True,8023.9,OK
2019-05-28,True,2019-05-28 20:00:00+00:00,2019-05-28T16:00:00-04:00,False,True,8689.66,OK
2019-05-29,True,2019-05-29 20:00:00+00:00,2019-05-29T16:00:00-04:00,False,True,8677.5,OK
2019-05-30,True,2019-05-30 20:00:00+00:00,2019-05-30T16:00:00-04:00,False,True,8620.21,OK
2019-05-31,True,2019-05-31 20:00:00+00:00,2019-05-31T16:00:00-04:00,False,True,8444.72,OK
2019-06-03,True,2019-06-03 20:00:00+00:00,2019-06-03T16:00:00-04:00,False,True,8570.89,OK
2019-06-04,True,2019-06-04 20:00:00+00:00,2019-06-04T16:00:00-04:00,False,True,7621.51,OK
2019-06-05,True,2019-06-05 20:00:00+00:00,2019-06-05T16:00:00-04:00,False,True,7783.06,OK
2019-06-06,True,2019-06-06 20:00:00+00:00,2019-06-06T16:00:00-04:00,False,True,7592.95,OK
2019-06-07,True,2019-06-07 20:00:00+00:00,2019-06-07T16:00:00-04:00,False,True,7937.72,OK
2019-06-10,True,2019-06-10 20:00:00+00:00,2019-06-10T16:00:00-04:00,False,True,7947.67,OK
2019-06-11,True,2019-06-11 20:00:00+00:00,2019-06-11T16:00:00-04:00,False,True,7868.69,OK
2019-06-12,True,2019-06-12 20:00:00+00:00,2019-06-12T16:00:00-04:00,False,True,8118.54,OK
2019-06-13,True,2019-06-13 20:00:00+00:00,2019-06-13T16:00:00-04:00,False,True,8225.62,OK
2019-06-14,True,2019-06-14 20:00:00+00:00,2019-06-14T16:00:00-04:00,False,True,8385.86,OK
2019-06-17,True,2019-06-17 20:00:00+00:00,2019-06-17T16:00:00-04:00,False,True,9278.04,OK
2019-06-18,True,2019-06-18 20:00:00+00:00,2019-06-18T16:00:00-04:00,False,True,9071.63,OK
2019-06-19,True,2019-06-19 20:00:00+00:00,2019-06-19T16:00:00-04:00,False,True,9134.32,OK
2019-06-20,True,2019-06-20 20:00:00+00:00,2019-06-20T16:00:00-04:00,False,True,9497.5,OK
2019-06-21,True,2019-06-21 20:00:00+00:00,2019-06-21T16:00:00-04:00,False,True,9890.25,OK
2019-06-24,True,2019-06-24 20:00:00+00:00,2019-06-24T16:00:00-04:00,False,True,10945.0,OK
2019-06-25,True,2019-06-25 20:00:00+00:00,2019-06-25T16:00:00-04:00,False,True,11411.76,OK
2019-06-26,True,2019-06-26 20:00:00+00:00,2019-06-26T16:00:00-04:00,False,True,13960.76,OK
2019-06-27,True,2019-06-27 20:00:00+00:00,2019-06-27T16:00:00-04:00,False,True,11029.96,OK
2019-06-28,True,2019-06-28 20:00:00+00:00,2019-06-28T16:00:00-04:00,False,True,12366.71,OK
2019-07-01,True,2019-07-01 20:00:00+00:00,2019-07-01T16:00:00-04:00,False,True,10259.0,OK
2019-07-02,True,2019-07-02 20:00:00+00:00,2019-07-02T16:00:00-04:00,False,True,10785.1,OK
2019-07-03,True,2019-07-03 17:00:00+00:00,2019-07-03T13:00:00-04:00,True,True,11174.48,OK
2019-07-05,True,2019-07-05 20:00:00+00:00,2019-07-05T16:00:00-04:00,False,True,11110.47,OK
2019-07-08,True,2019-07-08 20:00:00+00:00,2019-07-08T16:00:00-04:00,False,True,12185.57,OK
2019-07-09,True,2019-07-09 20:00:00+00:00,2019-07-09T16:00:00-04:00,False,True,12494.47,OK
2019-07-10,True,2019-07-10 20:00:00+00:00,2019-07-10T16:00:00-04:00,False,True,12070.96,OK
2019-07-11,True,2019-07-11 20:00:00+00:00,2019-07-11T16:00:00-04:00,False,True,11563.42,OK
2019-07-12,True,2019-07-12 20:00:00+00:00,2019-07-12T16:00:00-04:00,False,True,11590.64,OK
2019-07-15,True,2019-07-15 20:00:00+00:00,2019-07-15T16:00:00-04:00,False,True,10844.99,OK
2019-07-16,True,2019-07-16 20:00:00+00:00,2019-07-16T16:00:00-04:00,False,True,9694.73,OK
2019-07-17,True,2019-07-17 20:00:00+00:00,2019-07-17T16:00:00-04:00,False,True,9731.55,OK
2019-07-18,True,2019-07-18 20:00:00+00:00,2019-07-18T16:00:00-04:00,False,True,10492.54,OK
2019-07-19,True,2019-07-19 20:00:00+00:00,2019-07-19T16:00:00-04:00,False,True,10391.96,OK
2019-07-22,True,2019-07-22 20:00:00+00:00,2019-07-22T16:00:00-04:00,False,True,10163.75,OK
2019-07-23,True,2019-07-23 20:00:00+00:00,2019-07-23T16:00:00-04:00,False,True,10147.69,OK
2019-07-24,True,2019-07-24 20:00:00+00:00,2019-07-24T16:00:00-04:00,False,True,9650.97,OK
2019-07-25,True,2019-07-25 20:00:00+00:00,2019-07-25T16:00:00-04:00,False,True,9857.21,OK
2019-07-26,True,2019-07-26 20:00:00+00:00,2019-07-26T16:00:00-04:00,False,True,9838.98,OK
2019-07-29,True,2019-07-29 20:00:00+00:00,2019-07-29T16:00:00-04:00,False,True,9489.81,OK
2019-07-30,True,2019-07-30 20:00:00+00:00,2019-07-30T16:00:00-04:00,False,True,9598.87,OK
2019-07-31,True,2019-07-31 20:00:00+00:00,2019-07-31T16:00:00-04:00,False,True,9982.43,OK
2019-08-01,True,2019-08-01 20:00:00+00:00,2019-08-01T16:00:00-04:00,False,True,10283.71,OK
2019-08-02,True,2019-08-02 20:00:00+00:00,2019-08-02T16:00:00-04:00,False,True,10444.0,OK
2019-08-05,True,2019-08-05 20:00:00+00:00,2019-08-05T16:00:00-04:00,False,True,11751.5,OK
2019-08-06,True,2019-08-06 20:00:00+00:00,2019-08-06T16:00:00-04:00,False,True,11709.62,OK
2019-08-07,True,2019-08-07 20:00:00+00:00,2019-08-07T16:00:00-04:00,False,True,11792.25,OK
2019-08-08,True,2019-08-08 20:00:00+00:00,2019-08-08T16:00:00-04:00,False,True,11614.59,OK
2019-08-09,True,2019-08-09 20:00:00+00:00,2019-08-09T16:00:00-04:00,False,True,11837.21,OK
2019-08-12,True,2019-08-12 20:00:00+00:00,2019-08-12T16:00:00-04:00,False,True,11446.1,OK
2019-08-13,True,2019-08-13 20:00:00+00:00,2019-08-13T16:00:00-04:00,False,True,10936.28,OK
2019-08-14,True,2019-08-14 20:00:00+00:00,2019-08-14T16:00:00-04:00,False,True,10140.74,OK
2019-08-15,True,2019-08-15 20:00:00+00:00,2019-08-15T16:00:00-04:00,False,True,10106.68,OK
2019-08-16,True,2019-08-16 20:00:00+00:00,2019-08-16T16:00:00-04:00,False,True,10451.75,OK
2019-08-19,True,2019-08-19 20:00:00+00:00,2019-08-19T16:00:00-04:00,False,True,10685.59,OK
2019-08-20,True,2019-08-20 20:00:00+00:00,2019-08-20T16:00:00-04:00,False,True,10734.0,OK
2019-08-21,True,2019-08-21 20:00:00+00:00,2019-08-21T16:00:00-04:00,False,True,10107.14,OK
2019-08-22,True,2019-08-22 20:00:00+00:00,2019-08-22T16:00:00-04:00,False,True,10164.91,OK
2019-08-23,True,2019-08-23 20:00:00+00:00,2019-08-23T16:00:00-04:00,False,True,10402.01,OK
2019-08-26,True,2019-08-26 20:00:00+00:00,2019-08-26T16:00:00-04:00,False,True,10325.0,OK
2019-08-27,True,2019-08-27 20:00:00+00:00,2019-08-27T16:00:00-04:00,False,True,10163.99,OK
2019-08-28,True,2019-08-28 20:00:00+00:00,2019-08-28T16:00:00-04:00,False,True,9685.23,OK
2019-08-29,True,2019-08-29 20:00:00+00:00,2019-08-29T16:00:00-04:00,False,True,9509.99,OK
2019-08-30,True,2019-08-30 20:00:00+00:00,2019-08-30T16:00:00-04:00,False,True,9572.13,OK
2019-09-03,True,2019-09-03 20:00:00+00:00,2019-09-03T16:00:00-04:00,False,True,10646.29,OK
2019-09-04,True,2019-09-04 20:00:00+00:00,2019-09-04T16:00:00-04:00,False,True,10698.81,OK
2019-09-05,True,2019-09-05 20:00:00+00:00,2019-09-05T16:00:00-04:00,False,True,10532.94,OK
2019-09-06,True,2019-09-06 20:00:00+00:00,2019-09-06T16:00:00-04:00,False,True,10374.17,OK
2019-09-09,True,2019-09-09 20:00:00+00:00,2019-09-09T16:00:00-04:00,False,True,10311.44,OK
2019-09-10,True,2019-09-10 20:00:00+00:00,2019-09-10T16:00:00-04:00,False,True,10025.6,OK
2019-09-11,True,2019-09-11 20:00:00+00:00,2019-09-11T16:00:00-04:00,False,True,10074.5,OK
2019-09-12,True,2019-09-12 20:00:00+00:00,2019-09-12T16:00:00-04:00,False,True,10301.57,OK
2019-09-13,True,2019-09-13 20:00:00+00:00,2019-09-13T16:00:00-04:00,False,True,10210.59,OK
2019-09-16,True,2019-09-16 20:00:00+00:00,2019-09-16T16:00:00-04:00,False,True,10121.39,OK
2019-09-17,True,2019-09-17 20:00:00+00:00,2019-09-17T16:00:00-04:00,False,True,10257.94,OK
2019-09-18,True,2019-09-18 20:00:00+00:00,2019-09-18T16:00:00-04:00,False,True,10172.17,OK
2019-09-19,True,2019-09-19 20:00:00+00:00,2019-09-19T16:00:00-04:00,False,True,10086.41,OK
2019-09-20,True,2019-09-20 20:00:00+00:00,2019-09-20T16:00:00-04:00,False,True,10161.35,OK
2019-09-23,True,2019-09-23 20:00:00+00:00,2019-09-23T16:00:00-04:00,False,True,9806.19,OK
2019-09-24,True,2019-09-24 20:00:00+00:00,2019-09-24T16:00:00-04:00,False,True,8362.08,OK
2019-09-25,True,2019-09-25 20:00:00+00:00,2019-09-25T16:00:00-04:00,False,True,8349.89,OK
2019-09-26,True,2019-09-26 20:00:00+00:00,2019-09-26T16:00:00-04:00,False,True,8131.99,OK
2019-09-27,True,2019-09-27 20:00:00+00:00,2019-09-27T16:00:00-04:00,False,True,7991.65,OK
2019-09-30,True,2019-09-30 20:00:00+00:00,2019-09-30T16:00:00-04:00,False,True,8269.34,OK
2019-10-01,True,2019-10-01 20:00:00+00:00,2019-10-01T16:00:00-04:00,False,True,8302.6,OK
2019-10-02,True,2019-10-02 20:00:00+00:00,2019-10-02T16:00:00-04:00,False,True,8257.05,OK
2019-10-03,True,2019-10-03 20:00:00+00:00,2019-10-03T16:00:00-04:00,False,True,8145.01,OK
2019-10-04,True,2019-10-04 20:00:00+00:00,2019-10-04T16:00:00-04:00,False,True,8183.9,OK
2019-10-07,True,2019-10-07 20:00:00+00:00,2019-10-07T16:00:00-04:00,False,True,8211.0,OK
2019-10-08,True,2019-10-08 20:00:00+00:00,2019-10-08T16:00:00-04:00,False,True,8166.59,OK
2019-10-09,True,2019-10-09 20:00:00+00:00,2019-10-09T16:00:00-04:00,False,True,8579.75,OK
2019-10-10,True,2019-10-10 20:00:00+00:00,2019-10-10T16:00:00-04:00,False,True,8554.96,OK
2019-10-11,True,2019-10-11 20:00:00+00:00,2019-10-11T16:00:00-04:00,False,True,8342.96,OK
2019-10-14,True,2019-10-14 20:00:00+00:00,2019-10-14T16:00:00-04:00,False,True,8327.96,OK
2019-10-15,True,2019-10-15 20:00:00+00:00,2019-10-15T16:00:00-04:00,False,True,8177.1,OK
2019-10-16,True,2019-10-16 20:00:00+00:00,2019-10-16T16:00:00-04:00,False,True,7958.16,OK
2019-10-17,True,2019-10-17 20:00:00+00:00,2019-10-17T16:00:00-04:00,False,True,8059.32,OK
2019-10-18,True,2019-10-18 20:00:00+00:00,2019-10-18T16:00:00-04:00,False,True,7941.55,OK
2019-10-21,True,2019-10-21 20:00:00+00:00,2019-10-21T16:00:00-04:00,False,True,8183.56,OK
2019-10-22,True,2019-10-22 20:00:00+00:00,2019-10-22T16:00:00-04:00,False,True,8167.91,OK
2019-10-23,True,2019-10-23 20:00:00+00:00,2019-10-23T16:00:00-04:00,False,True,7482.9,OK
2019-10-24,True,2019-10-24 20:00:00+00:00,2019-10-24T16:00:00-04:00,False,True,7471.3,OK
2019-10-25,True,2019-10-25 20:00:00+00:00,2019-10-25T16:00:00-04:00,False,True,8634.87,OK
2019-10-28,True,2019-10-28 20:00:00+00:00,2019-10-28T16:00:00-04:00,False,True,9397.73,OK
2019-10-29,True,2019-10-29 20:00:00+00:00,2019-10-29T16:00:00-04:00,False,True,9227.76,OK
2019-10-30,True,2019-10-30 20:00:00+00:00,2019-10-30T16:00:00-04:00,False,True,9201.17,OK
2019-10-31,True,2019-10-31 20:00:00+00:00,2019-10-31T16:00:00-04:00,False,True,9211.02,OK
2019-11-01,True,2019-11-01 20:00:00+00:00,2019-11-01T16:00:00-04:00,False,True,9170.09,OK
2019-11-04,True,2019-11-04 21:00:00+00:00,2019-11-04T16:00:00-05:00,False,True,9448.07,OK
2019-11-05,True,2019-11-05 21:00:00+00:00,2019-11-05T16:00:00-05:00,False,True,9350.18,OK
2019-11-06,True,2019-11-06 21:00:00+00:00,2019-11-06T16:00:00-05:00,False,True,9293.01,OK
2019-11-07,True,2019-11-07 21:00:00+00:00,2019-11-07T16:00:00-05:00,False,True,9197.75,OK
2019-11-08,True,2019-11-08 21:00:00+00:00,2019-11-08T16:00:00-05:00,False,True,8810.97,OK
2019-11-11,True,2019-11-11 21:00:00+00:00,2019-11-11T16:00:00-05:00,False,True,8724.36,OK
2019-11-12,True,2019-11-12 21:00:00+00:00,2019-11-12T16:00:00-05:00,False,True,8793.1,OK
2019-11-13,True,2019-11-13 21:00:00+00:00,2019-11-13T16:00:00-05:00,False,True,8763.43,OK
2019-11-14,True,2019-11-14 21:00:00+00:00,2019-11-14T16:00:00-05:00,False,True,8666.75,OK
2019-11-15,True,2019-11-15 21:00:00+00:00,2019-11-15T16:00:00-05:00,False,True,8480.99,OK
2019-11-18,True,2019-11-18 21:00:00+00:00,2019-11-18T16:00:00-05:00,False,True,8217.18,OK
2019-11-19,True,2019-11-19 21:00:00+00:00,2019-11-19T16:00:00-05:00,False,True,8114.7,OK
2019-11-20,True,2019-11-20 21:00:00+00:00,2019-11-20T16:00:00-05:00,False,True,8096.64,OK
2019-11-21,True,2019-11-21 21:00:00+00:00,2019-11-21T16:00:00-05:00,False,True,7600.0,OK
2019-11-22,True,2019-11-22 21:00:00+00:00,2019-11-22T16:00:00-05:00,False,True,7314.13,OK
2019-11-25,True,2019-11-25 21:00:00+00:00,2019-11-25T16:00:00-05:00,False,True,7160.38,OK
2019-11-26,True,2019-11-26 21:00:00+00:00,2019-11-26T16:00:00-05:00,False,True,7104.5,OK
2019-11-27,True,2019-11-27 21:00:00+00:00,2019-11-27T16:00:00-05:00,False,True,7554.61,OK
2019-11-29,True,2019-11-29 18:00:00+00:00,2019-11-29T13:00:00-05:00,True,True,7747.73,OK
2019-12-02,True,2019-12-02 21:00:00+00:00,2019-12-02T16:00:00-05:00,False,True,7293.5,OK
2019-12-03,True,2019-12-03 21:00:00+00:00,2019-12-03T16:00:00-05:00,False,True,7301.7,OK
2019-12-04,True,2019-12-04 21:00:00+00:00,2019-12-04T16:00:00-05:00,False,True,7199.97,OK
2019-12-05,True,2019-12-05 21:00:00+00:00,2019-12-05T16:00:00-05:00,False,True,7377.76,OK
2019-12-06,True,2019-12-06 21:00:00+00:00,2019-12-06T16:00:00-05:00,False,True,7426.66,OK
2019-12-09,True,2019-12-09 21:00:00+00:00,2019-12-09T16:00:00-05:00,False,True,7302.05,OK
2019-12-10,True,2019-12-10 21:00:00+00:00,2019-12-10T16:00:00-05:00,False,True,7207.51,OK
2019-12-11,True,2019-12-11 21:00:00+00:00,2019-12-11T16:00:00-05:00,False,True,7171.72,OK
2019-12-12,True,2019-12-12 21:00:00+00:00,2019-12-12T16:00:00-05:00,False,True,7250.0,OK
2019-12-13,True,2019-12-13 21:00:00+00:00,2019-12-13T16:00:00-05:00,False,True,7257.27,OK
2019-12-16,True,2019-12-16 21:00:00+00:00,2019-12-16T16:00:00-05:00,False,True,6860.94,OK
2019-12-17,True,2019-12-17 21:00:00+00:00,2019-12-17T16:00:00-05:00,False,True,6584.69,OK
2019-12-18,True,2019-12-18 21:00:00+00:00,2019-12-18T16:00:00-05:00,False,True,7111.69,OK
2019-12-19,True,2019-12-19 21:00:00+00:00,2019-12-19T16:00:00-05:00,False,True,7151.07,OK
2019-12-20,True,2019-12-20 21:00:00+00:00,2019-12-20T16:00:00-05:00,False,True,7203.49,OK
2019-12-23,True,2019-12-23 21:00:00+00:00,2019-12-23T16:00:00-05:00,False,True,7401.03,OK
2019-12-24,True,2019-12-24 18:00:00+00:00,2019-12-24T13:00:00-05:00,True,True,7228.74,OK
2019-12-26,True,2019-12-26 21:00:00+00:00,2019-12-26T16:00:00-05:00,False,True,7255.53,OK
2019-12-27,True,2019-12-27 21:00:00+00:00,2019-12-27T16:00:00-05:00,False,True,7223.5,OK
2019-12-30,True,2019-12-30 21:00:00+00:00,2019-12-30T16:00:00-05:00,False,True,7265.24,OK
2019-12-31,True,2019-12-31 21:00:00+00:00,2019-12-31T16:00:00-05:00,False,True,7176.51,OK
2020-01-02,True,2020-01-02 21:00:00+00:00,2020-01-02T16:00:00-05:00,False,True,6948.16,OK
2020-01-03,True,2020-01-03 21:00:00+00:00,2020-01-03T16:00:00-05:00,False,True,7317.01,OK
2020-01-06,True,2020-01-06 21:00:00+00:00,2020-01-06T16:00:00-05:00,False,True,7551.24,OK
2020-01-07,True,2020-01-07 21:00:00+00:00,2020-01-07T16:00:00-05:00,False,True,8162.57,OK
2020-01-08,True,2020-01-08 21:00:00+00:00,2020-01-08T16:00:00-05:00,False,True,8046.42,OK
2020-01-09,True,2020-01-09 21:00:00+00:00,2020-01-09T16:00:00-05:00,False,True,7819.97,OK
2020-01-10,True,2020-01-10 21:00:00+00:00,2020-01-10T16:00:00-05:00,False,True,8074.0,OK
2020-01-13,True,2020-01-13 21:00:00+00:00,2020-01-13T16:00:00-05:00,False,True,8155.79,OK
2020-01-14,True,2020-01-14 21:00:00+00:00,2020-01-14T16:00:00-05:00,False,True,8688.18,OK
2020-01-15,True,2020-01-15 21:00:00+00:00,2020-01-15T16:00:00-05:00,False,True,8815.21,OK
2020-01-16,True,2020-01-16 21:00:00+00:00,2020-01-16T16:00:00-05:00,False,True,8742.94,OK
2020-01-17,True,2020-01-17 21:00:00+00:00,2020-01-17T16:00:00-05:00,False,True,8879.74,OK
2020-01-21,True,2020-01-21 21:00:00+00:00,2020-01-21T16:00:00-05:00,False,True,8719.98,OK
2020-01-22,True,2020-01-22 21:00:00+00:00,2020-01-22T16:00:00-05:00,False,True,8666.3,OK
2020-01-23,True,2020-01-23 21:00:00+00:00,2020-01-23T16:00:00-05:00,False,True,8372.49,OK
2020-01-24,True,2020-01-24 21:00:00+00:00,2020-01-24T16:00:00-05:00,False,True,8486.63,OK
2020-01-27,True,2020-01-27 21:00:00+00:00,2020-01-27T16:00:00-05:00,False,True,8986.44,OK
2020-01-28,True,2020-01-28 21:00:00+00:00,2020-01-28T16:00:00-05:00,False,True,9061.5,OK
2020-01-29,True,2020-01-29 21:00:00+00:00,2020-01-29T16:00:00-05:00,False,True,9386.3,OK
2020-01-30,True,2020-01-30 21:00:00+00:00,2020-01-30T16:00:00-05:00,False,True,9575.22,OK
2020-01-31,True,2020-01-31 21:00:00+00:00,2020-01-31T16:00:00-05:00,False,True,9321.0,OK
2020-02-03,True,2020-02-03 21:00:00+00:00,2020-02-03T16:00:00-05:00,False,True,9318.05,OK
2020-02-04,True,2020-02-04 21:00:00+00:00,2020-02-04T16:00:00-05:00,False,True,9204.95,OK
2020-02-05,True,2020-02-05 21:00:00+00:00,2020-02-05T16:00:00-05:00,False,True,9673.84,OK
2020-02-06,True,2020-02-06 21:00:00+00:00,2020-02-06T16:00:00-05:00,False,True,9783.39,OK
2020-02-07,True,2020-02-07 21:00:00+00:00,2020-02-07T16:00:00-05:00,False,True,9740.6,OK
2020-02-10,True,2020-02-10 21:00:00+00:00,2020-02-10T16:00:00-05:00,False,True,9852.08,OK
2020-02-11,True,2020-02-11 21:00:00+00:00,2020-02-11T16:00:00-05:00,False,True,10221.98,OK
2020-02-12,True,2020-02-12 21:00:00+00:00,2020-02-12T16:00:00-05:00,False,True,10376.67,OK
2020-02-13,True,2020-02-13 21:00:00+00:00,2020-02-13T16:00:00-05:00,False,True,10226.5,OK
2020-02-14,True,2020-02-14 21:00:00+00:00,2020-02-14T16:00:00-05:00,False,True,10354.05,OK
2020-02-18,True,2020-02-18 21:00:00+00:00,2020-02-18T16:00:00-05:00,False,True,10156.22,OK
2020-02-19,True,2020-02-19 21:00:00+00:00,2020-02-19T16:00:00-05:00,False,True,10153.18,OK
2020-02-20,True,2020-02-20 21:00:00+00:00,2020-02-20T16:00:00-05:00,False,True,9582.49,OK
2020-02-21,True,2020-02-21 21:00:00+00:00,2020-02-21T16:00:00-05:00,False,True,9695.44,OK
2020-02-24,True,2020-02-24 21:00:00+00:00,2020-02-24T16:00:00-05:00,False,True,9594.81,OK
2020-02-25,True,2020-02-25 21:00:00+00:00,2020-02-25T16:00:00-05:00,False,True,9329.58,OK
2020-02-26,True,2020-02-26 21:00:00+00:00,2020-02-26T16:00:00-05:00,False,True,8804.17,OK
2020-02-27,True,2020-02-27 21:00:00+00:00,2020-02-27T16:00:00-05:00,False,True,8883.6,OK
2020-02-28,True,2020-02-28 21:00:00+00:00,2020-02-28T16:00:00-05:00,False,True,8614.15,OK
2020-03-02,True,2020-03-02 21:00:00+00:00,2020-03-02T16:00:00-05:00,False,True,8882.23,OK
2020-03-03,True,2020-03-03 21:00:00+00:00,2020-03-03T16:00:00-05:00,False,True,8704.77,OK
2020-03-04,True,2020-03-04 21:00:00+00:00,2020-03-04T16:00:00-05:00,False,True,8702.42,OK
2020-03-05,True,2020-03-05 21:00:00+00:00,2020-03-05T16:00:00-05:00,False,True,9110.54,OK
2020-03-06,True,2020-03-06 21:00:00+00:00,2020-03-06T16:00:00-05:00,False,True,9098.17,OK
2020-03-09,True,2020-03-09 20:00:00+00:00,2020-03-09T16:00:00-04:00,False,True,7842.04,OK
2020-03-10,True,2020-03-10 20:00:00+00:00,2020-03-10T16:00:00-04:00,False,True,7978.94,OK
2020-03-11,True,2020-03-11 20:00:00+00:00,2020-03-11T16:00:00-04:00,False,True,7828.23,OK
2020-03-12,True,2020-03-12 20:00:00+00:00,2020-03-12T16:00:00-04:00,False,True,6036.28,OK
2020-03-13,True,2020-03-13 20:00:00+00:00,2020-03-13T16:00:00-04:00,False,True,5397.16,OK
2020-03-16,True,2020-03-16 20:00:00+00:00,2020-03-16T16:00:00-04:00,False,True,4942.5,OK
2020-03-17,True,2020-03-17 20:00:00+00:00,2020-03-17T16:00:00-04:00,False,True,5375.25,OK
2020-03-18,True,2020-03-18 20:00:00+00:00,2020-03-18T16:00:00-04:00,False,True,5329.23,OK
2020-03-19,True,2020-03-19 20:00:00+00:00,2020-03-19T16:00:00-04:00,False,True,6216.08,OK
2020-03-20,True,2020-03-20 20:00:00+00:00,2020-03-20T16:00:00-04:00,False,True,6184.53,OK
2020-03-23,True,2020-03-23 20:00:00+00:00,2020-03-23T16:00:00-04:00,False,True,6266.27,OK
2020-03-24,True,2020-03-24 20:00:00+00:00,2020-03-24T16:00:00-04:00,False,True,6697.39,OK
2020-03-25,True,2020-03-25 20:00:00+00:00,2020-03-25T16:00:00-04:00,False,True,6622.1,OK
2020-03-26,True,2020-03-26 20:00:00+00:00,2020-03-26T16:00:00-04:00,False,True,6658.01,OK
2020-03-27,True,2020-03-27 20:00:00+00:00,2020-03-27T16:00:00-04:00,False,True,6656.63,OK
2020-03-30,True,2020-03-30 20:00:00+00:00,2020-03-30T16:00:00-04:00,False,True,6366.5,OK
2020-03-31,True,2020-03-31 20:00:00+00:00,2020-03-31T16:00:00-04:00,False,True,6465.32,OK
2020-04-01,True,2020-04-01 20:00:00+00:00,2020-04-01T16:00:00-04:00,False,True,6200.11,OK
2020-04-02,True,2020-04-02 20:00:00+00:00,2020-04-02T16:00:00-04:00,False,True,6801.41,OK
2020-04-03,True,2020-04-03 20:00:00+00:00,2020-04-03T16:00:00-04:00,False,True,6768.14,OK
2020-04-06,True,2020-04-06 20:00:00+00:00,2020-04-06T16:00:00-04:00,False,True,7265.86,OK
2020-04-07,True,2020-04-07 20:00:00+00:00,2020-04-07T16:00:00-04:00,False,True,7287.62,OK
2020-04-08,True,2020-04-08 20:00:00+00:00,2020-04-08T16:00:00-04:00,False,True,7307.6,OK
2020-04-09,True,2020-04-09 20:00:00+00:00,2020-04-09T16:00:00-04:00,False,True,7262.85,OK
2020-04-13,True,2020-04-13 20:00:00+00:00,2020-04-13T16:00:00-04:00,False,True,6772.72,OK
2020-04-14,True,2020-04-14 20:00:00+00:00,2020-04-14T16:00:00-04:00,False,True,6918.18,OK
2020-04-15,True,2020-04-15 20:00:00+00:00,2020-04-15T16:00:00-04:00,False,True,6730.01,OK
2020-04-16,True,2020-04-16 20:00:00+00:00,2020-04-16T16:00:00-04:00,False,True,7071.01,OK
2020-04-17,True,2020-04-17 20:00:00+00:00,2020-04-17T16:00:00-04:00,False,True,7071.48,OK
2020-04-20,True,2020-04-20 20:00:00+00:00,2020-04-20T16:00:00-04:00,False,True,6768.94,OK
2020-04-21,True,2020-04-21 20:00:00+00:00,2020-04-21T16:00:00-04:00,False,True,6863.95,OK
2020-04-22,True,2020-04-22 20:00:00+00:00,2020-04-22T16:00:00-04:00,False,True,7085.56,OK
2020-04-23,True,2020-04-23 20:00:00+00:00,2020-04-23T16:00:00-04:00,False,True,7522.0,OK
2020-04-24,True,2020-04-24 20:00:00+00:00,2020-04-24T16:00:00-04:00,False,True,7521.65,OK
2020-04-27,True,2020-04-27 20:00:00+00:00,2020-04-27T16:00:00-04:00,False,True,7698.74,OK
2020-04-28,True,2020-04-28 20:00:00+00:00,2020-04-28T16:00:00-04:00,False,True,7716.84,OK
2020-04-29,True,2020-04-29 20:00:00+00:00,2020-04-29T16:00:00-04:00,False,True,8721.22,OK
2020-04-30,True,2020-04-30 20:00:00+00:00,2020-04-30T16:00:00-04:00,False,True,8836.01,OK
2020-05-01,True,2020-05-01 20:00:00+00:00,2020-05-01T16:00:00-04:00,False,True,8727.97,OK
2020-05-04,True,2020-05-04 20:00:00+00:00,2020-05-04T16:00:00-04:00,False,True,8828.94,OK
2020-05-05,True,2020-05-05 20:00:00+00:00,2020-05-05T16:00:00-04:00,False,True,8905.01,OK
2020-05-06,True,2020-05-06 20:00:00+00:00,2020-05-06T16:00:00-04:00,False,True,9237.74,OK
2020-05-07,True,2020-05-07 20:00:00+00:00,2020-05-07T16:00:00-04:00,False,True,9863.93,OK
2020-05-08,True,2020-05-08 20:00:00+00:00,2020-05-08T16:00:00-04:00,False,True,9946.0,OK
2020-05-11,True,2020-05-11 20:00:00+00:00,2020-05-11T16:00:00-04:00,False,True,8745.25,OK
2020-05-12,True,2020-05-12 20:00:00+00:00,2020-05-12T16:00:00-04:00,False,True,8792.19,OK
2020-05-13,True,2020-05-13 20:00:00+00:00,2020-05-13T16:00:00-04:00,False,True,9151.25,OK
2020-05-14,True,2020-05-14 20:00:00+00:00,2020-05-14T16:00:00-04:00,False,True,9658.59,OK
2020-05-15,True,2020-05-15 20:00:00+00:00,2020-05-15T16:00:00-04:00,False,True,9337.86,OK
2020-05-18,True,2020-05-18 20:00:00+00:00,2020-05-18T16:00:00-04:00,False,True,9701.7,OK
2020-05-19,True,2020-05-19 20:00:00+00:00,2020-05-19T16:00:00-04:00,False,True,9644.92,OK
2020-05-20,True,2020-05-20 20:00:00+00:00,2020-05-20T16:00:00-04:00,False,True,9531.99,OK
2020-05-21,True,2020-05-21 20:00:00+00:00,2020-05-21T16:00:00-04:00,False,True,9065.81,OK
2020-05-22,True,2020-05-22 20:00:00+00:00,2020-05-22T16:00:00-04:00,False,True,9173.72,OK
2020-05-26,True,2020-05-26 20:00:00+00:00,2020-05-26T16:00:00-04:00,False,True,8800.0,OK
2020-05-27,True,2020-05-27 20:00:00+00:00,2020-05-27T16:00:00-04:00,False,True,9159.99,OK
2020-05-28,True,2020-05-28 20:00:00+00:00,2020-05-28T16:00:00-04:00,False,True,9452.24,OK
2020-05-29,True,2020-05-29 20:00:00+00:00,2020-05-29T16:00:00-04:00,False,True,9404.99,OK
2020-06-01,True,2020-06-01 20:00:00+00:00,2020-06-01T16:00:00-04:00,False,True,9572.5,OK
2020-06-02,True,2020-06-02 20:00:00+00:00,2020-06-02T16:00:00-04:00,False,True,9507.69,OK
2020-06-03,True,2020-06-03 20:00:00+00:00,2020-06-03T16:00:00-04:00,False,True,9577.18,OK
2020-06-04,True,2020-06-04 20:00:00+00:00,2020-06-04T16:00:00-04:00,False,True,9817.65,OK
2020-06-05,True,2020-06-05 20:00:00+00:00,2020-06-05T16:00:00-04:00,False,True,9724.99,OK
2020-06-08,True,2020-06-08 20:00:00+00:00,2020-06-08T16:00:00-04:00,False,True,9694.64,OK
2020-06-09,True,2020-06-09 20:00:00+00:00,2020-06-09T16:00:00-04:00,False,True,9731.15,OK
2020-06-10,True,2020-06-10 20:00:00+00:00,2020-06-10T16:00:00-04:00,False,True,9852.17,OK
2020-06-11,True,2020-06-11 20:00:00+00:00,2020-06-11T16:00:00-04:00,False,True,9280.93,OK
2020-06-12,True,2020-06-12 20:00:00+00:00,2020-06-12T16:00:00-04:00,False,True,9431.11,OK
2020-06-15,True,2020-06-15 20:00:00+00:00,2020-06-15T16:00:00-04:00,False,True,9418.57,OK
2020-06-16,True,2020-06-16 20:00:00+00:00,2020-06-16T16:00:00-04:00,False,True,9507.87,OK
2020-06-17,True,2020-06-17 20:00:00+00:00,2020-06-17T16:00:00-04:00,False,True,9302.13,OK
2020-06-18,True,2020-06-18 20:00:00+00:00,2020-06-18T16:00:00-04:00,False,True,9397.99,OK
2020-06-19,True,2020-06-19 20:00:00+00:00,2020-06-19T16:00:00-04:00,False,True,9307.36,OK
2020-06-22,True,2020-06-22 20:00:00+00:00,2020-06-22T16:00:00-04:00,False,True,9563.51,OK
2020-06-23,True,2020-06-23 20:00:00+00:00,2020-06-23T16:00:00-04:00,False,True,9640.02,OK
2020-06-24,True,2020-06-24 20:00:00+00:00,2020-06-24T16:00:00-04:00,False,True,9299.0,OK
2020-06-25,True,2020-06-25 20:00:00+00:00,2020-06-25T16:00:00-04:00,False,True,9286.39,OK
2020-06-26,True,2020-06-26 20:00:00+00:00,2020-06-26T16:00:00-04:00,False,True,9166.81,OK
2020-06-29,True,2020-06-29 20:00:00+00:00,2020-06-29T16:00:00-04:00,False,True,9158.1,OK
2020-06-30,True,2020-06-30 20:00:00+00:00,2020-06-30T16:00:00-04:00,False,True,9134.29,OK
2020-07-01,True,2020-07-01 20:00:00+00:00,2020-07-01T16:00:00-04:00,False,True,9240.01,OK
2020-07-02,True,2020-07-02 20:00:00+00:00,2020-07-02T16:00:00-04:00,False,True,9055.14,OK
2020-07-06,True,2020-07-06 20:00:00+00:00,2020-07-06T16:00:00-04:00,False,True,9289.62,OK
2020-07-07,True,2020-07-07 20:00:00+00:00,2020-07-07T16:00:00-04:00,False,True,9238.5,OK
2020-07-08,True,2020-07-08 20:00:00+00:00,2020-07-08T16:00:00-04:00,False,True,9430.0,OK
2020-07-09,True,2020-07-09 20:00:00+00:00,2020-07-09T16:00:00-04:00,False,True,9218.21,OK
2020-07-10,True,2020-07-10 20:00:00+00:00,2020-07-10T16:00:00-04:00,False,True,9235.58,OK
2020-07-13,True,2020-07-13 20:00:00+00:00,2020-07-13T16:00:00-04:00,False,True,9234.56,OK
2020-07-14,True,2020-07-14 20:00:00+00:00,2020-07-14T16:00:00-04:00,False,True,9268.89,OK
2020-07-15,True,2020-07-15 20:00:00+00:00,2020-07-15T16:00:00-04:00,False,True,9185.46,OK
2020-07-16,True,2020-07-16 20:00:00+00:00,2020-07-16T16:00:00-04:00,False,True,9126.13,OK
2020-07-17,True,2020-07-17 20:00:00+00:00,2020-07-17T16:00:00-04:00,False,True,9164.74,OK
2020-07-20,True,2020-07-20 20:00:00+00:00,2020-07-20T16:00:00-04:00,False,True,9158.64,OK
2020-07-21,True,2020-07-21 20:00:00+00:00,2020-07-21T16:00:00-04:00,False,True,9354.35,OK
2020-07-22,True,2020-07-22 20:00:00+00:00,2020-07-22T16:00:00-04:00,False,True,9373.88,OK
2020-07-23,True,2020-07-23 20:00:00+00:00,2020-07-23T16:00:00-04:00,False,True,9595.67,OK
2020-07-24,True,2020-07-24 20:00:00+00:00,2020-07-24T16:00:00-04:00,False,True,9581.76,OK
2020-07-27,True,2020-07-27 20:00:00+00:00,2020-07-27T16:00:00-04:00,False,True,10792.0,OK
2020-07-28,True,2020-07-28 20:00:00+00:00,2020-07-28T16:00:00-04:00,False,True,10993.98,OK
2020-07-29,True,2020-07-29 20:00:00+00:00,2020-07-29T16:00:00-04:00,False,True,11204.95,OK
2020-07-30,True,2020-07-30 20:00:00+00:00,2020-07-30T16:00:00-04:00,False,True,11116.82,OK
2020-07-31,True,2020-07-31 20:00:00+00:00,2020-07-31T16:00:00-04:00,False,True,11316.77,OK
2020-08-03,True,2020-08-03 20:00:00+00:00,2020-08-03T16:00:00-04:00,False,True,11399.46,OK
2020-08-04,True,2020-08-04 20:00:00+00:00,2020-08-04T16:00:00-04:00,False,True,11221.38,OK
2020-08-05,True,2020-08-05 20:00:00+00:00,2020-08-05T16:00:00-04:00,False,True,11645.0,OK
2020-08-06,True,2020-08-06 20:00:00+00:00,2020-08-06T16:00:00-04:00,False,True,11863.84,OK
2020-08-07,True,2020-08-07 20:00:00+00:00,2020-08-07T16:00:00-04:00,False,True,11488.9,OK
2020-08-10,True,2020-08-10 20:00:00+00:00,2020-08-10T16:00:00-04:00,False,True,11863.0,OK
2020-08-11,True,2020-08-11 20:00:00+00:00,2020-08-11T16:00:00-04:00,False,True,11387.05,OK
2020-08-12,True,2020-08-12 20:00:00+00:00,2020-08-12T16:00:00-04:00,False,True,11568.98,OK
2020-08-13,True,2020-08-13 20:00:00+00:00,2020-08-13T16:00:00-04:00,False,True,11506.18,OK
2020-08-14,True,2020-08-14 20:00:00+00:00,2020-08-14T16:00:00-04:00,False,True,11801.94,OK
2020-08-17,True,2020-08-17 20:00:00+00:00,2020-08-17T16:00:00-04:00,False,True,12328.53,OK
2020-08-18,True,2020-08-18 20:00:00+00:00,2020-08-18T16:00:00-04:00,False,True,11981.99,OK
2020-08-19,True,2020-08-19 20:00:00+00:00,2020-08-19T16:00:00-04:00,False,True,11649.79,OK
2020-08-20,True,2020-08-20 20:00:00+00:00,2020-08-20T16:00:00-04:00,False,True,11843.09,OK
2020-08-21,True,2020-08-21 20:00:00+00:00,2020-08-21T16:00:00-04:00,False,True,11670.89,OK
2020-08-24,True,2020-08-24 20:00:00+00:00,2020-08-24T16:00:00-04:00,False,True,11748.38,OK
2020-08-25,True,2020-08-25 20:00:00+00:00,2020-08-25T16:00:00-04:00,False,True,11294.0,OK
2020-08-26,True,2020-08-26 20:00:00+00:00,2020-08-26T16:00:00-04:00,False,True,11460.04,OK
2020-08-27,True,2020-08-27 20:00:00+00:00,2020-08-27T16:00:00-04:00,False,True,11244.09,OK
2020-08-28,True,2020-08-28 20:00:00+00:00,2020-08-28T16:00:00-04:00,False,True,11498.0,OK
2020-08-31,True,2020-08-31 20:00:00+00:00,2020-08-31T16:00:00-04:00,False,True,11725.0,OK
2020-09-01,True,2020-09-01 20:00:00+00:00,2020-09-01T16:00:00-04:00,False,True,11957.41,OK
2020-09-02,True,2020-09-02 20:00:00+00:00,2020-09-02T16:00:00-04:00,False,True,11389.21,OK
2020-09-03,True,2020-09-03 20:00:00+00:00,2020-09-03T16:00:00-04:00,False,True,10682.69,OK
2020-09-04,True,2020-09-04 20:00:00+00:00,2020-09-04T16:00:00-04:00,False,True,10570.13,OK
2020-09-08,True,2020-09-08 20:00:00+00:00,2020-09-08T16:00:00-04:00,False,True,9991.21,OK
2020-09-09,True,2020-09-09 20:00:00+00:00,2020-09-09T16:00:00-04:00,False,True,10276.46,OK
2020-09-10,True,2020-09-10 20:00:00+00:00,2020-09-10T16:00:00-04:00,False,True,10270.09,OK
2020-09-11,True,2020-09-11 20:00:00+00:00,2020-09-11T16:00:00-04:00,False,True,10323.2,OK
2020-09-14,True,2020-09-14 20:00:00+00:00,2020-09-14T16:00:00-04:00,False,True,10665.0,OK
2020-09-15,True,2020-09-15 20:00:00+00:00,2020-09-15T16:00:00-04:00,False,True,10783.35,OK
2020-09-16,True,2020-09-16 20:00:00+00:00,2020-09-16T16:00:00-04:00,False,True,10982.2,OK
2020-09-17,True,2020-09-17 20:00:00+00:00,2020-09-17T16:00:00-04:00,False,True,10916.63,OK
2020-09-18,True,2020-09-18 20:00:00+00:00,2020-09-18T16:00:00-04:00,False,True,10866.55,OK
2020-09-21,True,2020-09-21 20:00:00+00:00,2020-09-21T16:00:00-04:00,False,True,10498.55,OK
2020-09-22,True,2020-09-22 20:00:00+00:00,2020-09-22T16:00:00-04:00,False,True,10491.98,OK
2020-09-23,True,2020-09-23 20:00:00+00:00,2020-09-23T16:00:00-04:00,False,True,10293.0,OK
2020-09-24,True,2020-09-24 20:00:00+00:00,2020-09-24T16:00:00-04:00,False,True,10653.87,OK
2020-09-25,True,2020-09-25 20:00:00+00:00,2020-09-25T16:00:00-04:00,False,True,10718.43,OK
2020-09-28,True,2020-09-28 20:00:00+00:00,2020-09-28T16:00:00-04:00,False,True,10868.63,OK
2020-09-29,True,2020-09-29 20:00:00+00:00,2020-09-29T16:00:00-04:00,False,True,10738.98,OK
2020-09-30,True,2020-09-30 20:00:00+00:00,2020-09-30T16:00:00-04:00,False,True,10706.48,OK
2020-10-01,True,2020-10-01 20:00:00+00:00,2020-10-01T16:00:00-04:00,False,True,10617.74,OK
2020-10-02,True,2020-10-02 20:00:00+00:00,2020-10-02T16:00:00-04:00,False,True,10515.04,OK
2020-10-05,True,2020-10-05 20:00:00+00:00,2020-10-05T16:00:00-04:00,False,True,10730.78,OK
2020-10-06,True,2020-10-06 20:00:00+00:00,2020-10-06T16:00:00-04:00,False,True,10571.35,OK
2020-10-07,True,2020-10-07 20:00:00+00:00,2020-10-07T16:00:00-04:00,False,True,10650.9,OK
2020-10-08,True,2020-10-08 20:00:00+00:00,2020-10-08T16:00:00-04:00,False,True,10878.82,OK
2020-10-09,True,2020-10-09 20:00:00+00:00,2020-10-09T16:00:00-04:00,False,True,11034.28,OK
2020-10-12,True,2020-10-12 20:00:00+00:00,2020-10-12T16:00:00-04:00,False,True,11546.93,OK
2020-10-13,True,2020-10-13 20:00:00+00:00,2020-10-13T16:00:00-04:00,False,True,11387.83,OK
2020-10-14,True,2020-10-14 20:00:00+00:00,2020-10-14T16:00:00-04:00,False,True,11342.25,OK
2020-10-15,True,2020-10-15 20:00:00+00:00,2020-10-15T16:00:00-04:00,False,True,11520.93,OK
2020-10-16,True,2020-10-16 20:00:00+00:00,2020-10-16T16:00:00-04:00,False,True,11308.23,OK
2020-10-19,True,2020-10-19 20:00:00+00:00,2020-10-19T16:00:00-04:00,False,True,11689.98,OK
2020-10-20,True,2020-10-20 20:00:00+00:00,2020-10-20T16:00:00-04:00,False,True,11912.42,OK
2020-10-21,True,2020-10-21 20:00:00+00:00,2020-10-21T16:00:00-04:00,False,True,12680.74,OK
2020-10-22,True,2020-10-22 20:00:00+00:00,2020-10-22T16:00:00-04:00,False,True,13072.47,OK
2020-10-23,True,2020-10-23 20:00:00+00:00,2020-10-23T16:00:00-04:00,False,True,12919.02,OK
2020-10-26,True,2020-10-26 20:00:00+00:00,2020-10-26T16:00:00-04:00,False,True,13004.49,OK
2020-10-27,True,2020-10-27 20:00:00+00:00,2020-10-27T16:00:00-04:00,False,True,13656.9,OK
2020-10-28,True,2020-10-28 20:00:00+00:00,2020-10-28T16:00:00-04:00,False,True,13165.32,OK
2020-10-29,True,2020-10-29 20:00:00+00:00,2020-10-29T16:00:00-04:00,False,True,13492.5,OK
2020-10-30,True,2020-10-30 20:00:00+00:00,2020-10-30T16:00:00-04:00,False,True,13536.44,OK
2020-11-02,True,2020-11-02 21:00:00+00:00,2020-11-02T16:00:00-05:00,False,True,13663.44,OK
2020-11-03,True,2020-11-03 21:00:00+00:00,2020-11-03T16:00:00-05:00,False,True,13731.64,OK
2020-11-04,True,2020-11-04 21:00:00+00:00,2020-11-04T16:00:00-05:00,False,True,14035.01,OK
2020-11-05,True,2020-11-05 21:00:00+00:00,2020-11-05T16:00:00-05:00,False,True,15065.82,OK
2020-11-06,True,2020-11-06 21:00:00+00:00,2020-11-06T16:00:00-05:00,False,True,15484.28,OK
2020-11-09,True,2020-11-09 21:00:00+00:00,2020-11-09T16:00:00-05:00,False,True,15373.77,OK
2020-11-10,True,2020-11-10 21:00:00+00:00,2020-11-10T16:00:00-05:00,False,True,15280.63,OK
2020-11-11,True,2020-11-11 21:00:00+00:00,2020-11-11T16:00:00-05:00,False,True,15713.1,OK
2020-11-12,True,2020-11-12 21:00:00+00:00,2020-11-12T16:00:00-05:00,False,True,16145.84,OK
2020-11-13,True,2020-11-13 21:00:00+00:00,2020-11-13T16:00:00-05:00,False,True,16201.94,OK
2020-11-16,True,2020-11-16 21:00:00+00:00,2020-11-16T16:00:00-05:00,False,True,16825.57,OK
2020-11-17,True,2020-11-17 21:00:00+00:00,2020-11-17T16:00:00-05:00,False,True,17677.63,OK
2020-11-18,True,2020-11-18 21:00:00+00:00,2020-11-18T16:00:00-05:00,False,True,17642.92,OK
2020-11-19,True,2020-11-19 21:00:00+00:00,2020-11-19T16:00:00-05:00,False,True,18023.98,OK
2020-11-20,True,2020-11-20 21:00:00+00:00,2020-11-20T16:00:00-05:00,False,True,18623.35,OK
2020-11-23,True,2020-11-23 21:00:00+00:00,2020-11-23T16:00:00-05:00,False,True,18373.0,OK
2020-11-24,True,2020-11-24 21:00:00+00:00,2020-11-24T16:00:00-05:00,False,True,19057.69,OK
2020-11-25,True,2020-11-25 21:00:00+00:00,2020-11-25T16:00:00-05:00,False,True,18902.38,OK
2020-11-27,True,2020-11-27 18:00:00+00:00,2020-11-27T13:00:00-05:00,True,True,16727.89,OK
2020-11-30,True,2020-11-30 21:00:00+00:00,2020-11-30T16:00:00-05:00,False,True,19439.27,OK
2020-12-01,True,2020-12-01 21:00:00+00:00,2020-12-01T16:00:00-05:00,False,True,19024.33,OK
2020-12-02,True,2020-12-02 21:00:00+00:00,2020-12-02T16:00:00-05:00,False,True,19083.77,OK
2020-12-03,True,2020-12-03 21:00:00+00:00,2020-12-03T16:00:00-05:00,False,True,19369.44,OK
2020-12-04,True,2020-12-04 21:00:00+00:00,2020-12-04T16:00:00-05:00,False,True,18962.52,OK
2020-12-07,True,2020-12-07 21:00:00+00:00,2020-12-07T16:00:00-05:00,False,True,19050.63,OK
2020-12-08,True,2020-12-08 21:00:00+00:00,2020-12-08T16:00:00-05:00,False,True,18742.64,OK
2020-12-09,True,2020-12-09 21:00:00+00:00,2020-12-09T16:00:00-05:00,False,True,18341.01,OK
2020-12-10,True,2020-12-10 21:00:00+00:00,2020-12-10T16:00:00-05:00,False,True,18365.79,OK
2020-12-11,True,2020-12-11 21:00:00+00:00,2020-12-11T16:00:00-05:00,False,True,17983.47,OK
2020-12-14,True,2020-12-14 21:00:00+00:00,2020-12-14T16:00:00-05:00,False,True,19208.08,OK
2020-12-15,True,2020-12-15 21:00:00+00:00,2020-12-15T16:00:00-05:00,False,True,19491.87,OK
2020-12-16,True,2020-12-16 21:00:00+00:00,2020-12-16T16:00:00-05:00,False,True,20802.82,OK
2020-12-17,True,2020-12-17 21:00:00+00:00,2020-12-17T16:00:00-05:00,False,True,22791.78,OK
2020-12-18,True,2020-12-18 21:00:00+00:00,2020-12-18T16:00:00-05:00,False,True,22755.25,OK
2020-12-21,True,2020-12-21 21:00:00+00:00,2020-12-21T16:00:00-05:00,False,True,22829.79,OK
2020-12-22,True,2020-12-22 21:00:00+00:00,2020-12-22T16:00:00-05:00,False,True,23423.76,OK
2020-12-23,True,2020-12-23 21:00:00+00:00,2020-12-23T16:00:00-05:00,False,True,23501.99,OK
2020-12-24,True,2020-12-24 18:00:00+00:00,2020-12-24T13:00:00-05:00,True,True,23377.27,OK
2020-12-28,True,2020-12-28 21:00:00+00:00,2020-12-28T16:00:00-05:00,False,True,26866.97,OK
2020-12-29,True,2020-12-29 21:00:00+00:00,2020-12-29T16:00:00-05:00,False,True,26990.0,OK
2020-12-30,True,2020-12-30 21:00:00+00:00,2020-12-30T16:00:00-05:00,False,True,28785.67,OK
2020-12-31,True,2020-12-31 21:00:00+00:00,2020-12-31T16:00:00-05:00,False,True,29126.71,OK
2021-01-04,True,2021-01-04 21:00:00+00:00,2021-01-04T16:00:00-05:00,False,True,31244.97,OK
2021-01-05,True,2021-01-05 21:00:00+00:00,2021-01-05T16:00:00-05:00,False,True,33968.66,OK
2021-01-06,True,2021-01-06 21:00:00+00:00,2021-01-06T16:00:00-05:00,False,True,36015.16,OK
2021-01-07,True,2021-01-07 21:00:00+00:00,2021-01-07T16:00:00-05:00,False,True,39111.34,OK
2021-01-08,True,2021-01-08 21:00:00+00:00,2021-01-08T16:00:00-05:00,False,True,39062.88,OK
2021-01-11,True,2021-01-11 21:00:00+00:00,2021-01-11T16:00:00-05:00,False,True,33410.75,OK
2021-01-12,True,2021-01-12 21:00:00+00:00,2021-01-12T16:00:00-05:00,False,True,34287.95,OK
2021-01-13,True,2021-01-13 21:00:00+00:00,2021-01-13T16:00:00-05:00,False,True,36222.07,OK
2021-01-14,True,2021-01-14 21:00:00+00:00,2021-01-14T16:00:00-05:00,False,True,39321.64,OK
2021-01-15,True,2021-01-15 21:00:00+00:00,2021-01-15T16:00:00-05:00,False,True,35605.7,OK
2021-01-19,True,2021-01-19 21:00:00+00:00,2021-01-19T16:00:00-05:00,False,True,36436.26,OK
2021-01-20,True,2021-01-20 21:00:00+00:00,2021-01-20T16:00:00-05:00,False,True,34957.15,OK
2021-01-21,True,2021-01-21 21:00:00+00:00,2021-01-21T16:00:00-05:00,False,True,31880.9,OK
2021-01-22,True,2021-01-22 21:00:00+00:00,2021-01-22T16:00:00-05:00,False,True,33501.36,OK
2021-01-25,True,2021-01-25 21:00:00+00:00,2021-01-25T16:00:00-05:00,False,True,33463.51,OK
2021-01-26,True,2021-01-26 21:00:00+00:00,2021-01-26T16:00:00-05:00,False,True,31986.98,OK
2021-01-27,True,2021-01-27 21:00:00+00:00,2021-01-27T16:00:00-05:00,False,True,31520.2,OK
2021-01-28,True,2021-01-28 21:00:00+00:00,2021-01-28T16:00:00-05:00,False,True,32577.97,OK
2021-01-29,True,2021-01-29 21:00:00+00:00,2021-01-29T16:00:00-05:00,False,True,34574.61,OK
2021-02-01,True,2021-02-01 21:00:00+00:00,2021-02-01T16:00:00-05:00,False,True,33831.54,OK
2021-02-02,True,2021-02-02 21:00:00+00:00,2021-02-02T16:00:00-05:00,False,True,35788.3,OK
2021-02-03,True,2021-02-03 21:00:00+00:00,2021-02-03T16:00:00-05:00,False,True,37039.88,OK
2021-02-04,True,2021-02-04 21:00:00+00:00,2021-02-04T16:00:00-05:00,False,True,37613.32,OK
2021-02-05,True,2021-02-05 21:00:00+00:00,2021-02-05T16:00:00-05:00,False,True,37740.4,OK
2021-02-08,True,2021-02-08 21:00:00+00:00,2021-02-08T16:00:00-05:00,False,True,44151.08,OK
2021-02-09,True,2021-02-09 21:00:00+00:00,2021-02-09T16:00:00-05:00,False,True,47084.16,OK
2021-02-10,True,2021-02-10 21:00:00+00:00,2021-02-10T16:00:00-05:00,False,True,44555.59,OK
2021-02-11,True,2021-02-11 21:00:00+00:00,2021-02-11T16:00:00-05:00,False,True,47027.49,OK
2021-02-12,True,2021-02-12 21:00:00+00:00,2021-02-12T16:00:00-05:00,False,True,47577.49,OK
2021-02-16,True,2021-02-16 21:00:00+00:00,2021-02-16T16:00:00-05:00,False,True,48769.28,OK
2021-02-17,True,2021-02-17 21:00:00+00:00,2021-02-17T16:00:00-05:00,False,True,52239.99,OK
2021-02-18,True,2021-02-18 21:00:00+00:00,2021-02-18T16:00:00-05:00,False,True,52111.89,OK
2021-02-19,True,2021-02-19 21:00:00+00:00,2021-02-19T16:00:00-05:00,False,True,55345.17,OK
2021-02-22,True,2021-02-22 21:00:00+00:00,2021-02-22T16:00:00-05:00,False,True,53779.38,OK
2021-02-23,True,2021-02-23 21:00:00+00:00,2021-02-23T16:00:00-05:00,False,True,47812.8,OK
2021-02-24,True,2021-02-24 21:00:00+00:00,2021-02-24T16:00:00-05:00,False,True,49101.18,OK
2021-02-25,True,2021-02-25 21:00:00+00:00,2021-02-25T16:00:00-05:00,False,True,49151.36,OK
2021-02-26,True,2021-02-26 21:00:00+00:00,2021-02-26T16:00:00-05:00,False,True,46270.0,OK
2021-03-01,True,2021-03-01 21:00:00+00:00,2021-03-01T16:00:00-05:00,False,True,48512.99,OK
2021-03-02,True,2021-03-02 21:00:00+00:00,2021-03-02T16:00:00-05:00,False,True,47529.57,OK
2021-03-03,True,2021-03-03 21:00:00+00:00,2021-03-03T16:00:00-05:00,False,True,50523.93,OK
2021-03-04,True,2021-03-04 21:00:00+00:00,2021-03-04T16:00:00-05:00,False,True,48221.0,OK
2021-03-05,True,2021-03-05 21:00:00+00:00,2021-03-05T16:00:00-05:00,False,True,49173.85,OK
2021-03-08,True,2021-03-08 21:00:00+00:00,2021-03-08T16:00:00-05:00,False,True,51762.77,OK
2021-03-09,True,2021-03-09 21:00:00+00:00,2021-03-09T16:00:00-05:00,False,True,54326.14,OK
2021-03-10,True,2021-03-10 21:00:00+00:00,2021-03-10T16:00:00-05:00,False,True,56266.0,OK
2021-03-11,True,2021-03-11 21:00:00+00:00,2021-03-11T16:00:00-05:00,False,True,57457.36,OK
2021-03-12,True,2021-03-12 21:00:00+00:00,2021-03-12T16:00:00-05:00,False,True,56696.81,OK
2021-03-15,True,2021-03-15 20:00:00+00:00,2021-03-15T16:00:00-04:00,False,True,56570.37,OK
2021-03-16,True,2021-03-16 20:00:00+00:00,2021-03-16T16:00:00-04:00,False,True,55731.36,OK
2021-03-17,True,2021-03-17 20:00:00+00:00,2021-03-17T16:00:00-04:00,False,True,57867.42,OK
2021-03-18,True,2021-03-18 20:00:00+00:00,2021-03-18T16:00:00-04:00,False,True,57294.12,OK
2021-03-19,True,2021-03-19 20:00:00+00:00,2021-03-19T16:00:00-04:00,False,True,58826.56,OK
2021-03-22,True,2021-03-22 20:00:00+00:00,2021-03-22T16:00:00-04:00,False,True,55524.99,OK
2021-03-23,True,2021-03-23 20:00:00+00:00,2021-03-23T16:00:00-04:00,False,True,55008.45,OK
2021-03-24,True,2021-03-24 20:00:00+00:00,2021-03-24T16:00:00-04:00,False,True,54736.52,OK
2021-03-25,True,2021-03-25 20:00:00+00:00,2021-03-25T16:00:00-04:00,False,True,52195.19,OK
2021-03-26,True,2021-03-26 20:00:00+00:00,2021-03-26T16:00:00-04:00,False,True,53773.38,OK
2021-03-29,True,2021-03-29 20:00:00+00:00,2021-03-29T16:00:00-04:00,False,True,57676.41,OK
2021-03-30,True,2021-03-30 20:00:00+00:00,2021-03-30T16:00:00-04:00,False,True,59060.0,OK
2021-03-31,True,2021-03-31 20:00:00+00:00,2021-03-31T16:00:00-04:00,False,True,58553.12,OK
2021-04-01,True,2021-04-01 20:00:00+00:00,2021-04-01T16:00:00-04:00,False,True,58918.99,OK
2021-04-05,True,2021-04-05 20:00:00+00:00,2021-04-05T16:00:00-04:00,False,True,59005.21,OK
2021-04-06,True,2021-04-06 20:00:00+00:00,2021-04-06T16:00:00-04:00,False,True,58225.01,OK
2021-04-07,True,2021-04-07 20:00:00+00:00,2021-04-07T16:00:00-04:00,False,True,56153.84,OK
2021-04-08,True,2021-04-08 20:00:00+00:00,2021-04-08T16:00:00-04:00,False,True,57732.53,OK
2021-04-09,True,2021-04-09 20:00:00+00:00,2021-04-09T16:00:00-04:00,False,True,58370.59,OK
2021-04-12,True,2021-04-12 20:00:00+00:00,2021-04-12T16:00:00-04:00,False,True,60090.42,OK
2021-04-13,True,2021-04-13 20:00:00+00:00,2021-04-13T16:00:00-04:00,False,True,62997.02,OK
2021-04-14,True,2021-04-14 20:00:00+00:00,2021-04-14T16:00:00-04:00,False,True,62150.03,OK
2021-04-15,True,2021-04-15 20:00:00+00:00,2021-04-15T16:00:00-04:00,False,True,63363.29,OK
2021-04-16,True,2021-04-16 20:00:00+00:00,2021-04-16T16:00:00-04:00,False,True,61713.42,OK
2021-04-19,True,2021-04-19 20:00:00+00:00,2021-04-19T16:00:00-04:00,False,True,55930.94,OK
2021-04-20,True,2021-04-20 20:00:00+00:00,2021-04-20T16:00:00-04:00,False,True,56572.44,OK
2021-04-21,True,2021-04-21 20:00:00+00:00,2021-04-21T16:00:00-04:00,False,True,55478.7,OK
2021-04-22,True,2021-04-22 20:00:00+00:00,2021-04-22T16:00:00-04:00,False,True,52923.54,OK
2021-04-23,True,2021-04-23 20:00:00+00:00,2021-04-23T16:00:00-04:00,False,True,50876.71,OK
2021-04-26,True,2021-04-26 20:00:00+00:00,2021-04-26T16:00:00-04:00,False,True,54038.21,OK
2021-04-27,True,2021-04-27 20:00:00+00:00,2021-04-27T16:00:00-04:00,False,True,54761.7,OK
2021-04-28,True,2021-04-28 20:00:00+00:00,2021-04-28T16:00:00-04:00,False,True,55407.03,OK
2021-04-29,True,2021-04-29 20:00:00+00:00,2021-04-29T16:00:00-04:00,False,True,52860.02,OK
2021-04-30,True,2021-04-30 20:00:00+00:00,2021-04-30T16:00:00-04:00,False,True,57007.38,OK
2021-05-03,True,2021-05-03 20:00:00+00:00,2021-05-03T16:00:00-04:00,False,True,57564.86,OK
2021-05-04,True,2021-05-04 20:00:00+00:00,2021-05-04T16:00:00-04:00,False,True,54539.73,OK
2021-05-05,True,2021-05-05 20:00:00+00:00,2021-05-05T16:00:00-04:00,False,True,57136.04,OK
2021-05-06,True,2021-05-06 20:00:00+00:00,2021-05-06T16:00:00-04:00,False,True,56128.42,OK
2021-05-07,True,2021-05-07 20:00:00+00:00,2021-05-07T16:00:00-04:00,False,True,57584.01,OK
2021-05-10,True,2021-05-10 20:00:00+00:00,2021-05-10T16:00:00-04:00,False,True,55733.76,OK
2021-05-11,True,2021-05-11 20:00:00+00:00,2021-05-11T16:00:00-04:00,False,True,56608.93,OK
2021-05-12,True,2021-05-12 20:00:00+00:00,2021-05-12T16:00:00-04:00,False,True,54437.0,OK
2021-05-13,True,2021-05-13 20:00:00+00:00,2021-05-13T16:00:00-04:00,False,True,48569.97,OK
2021-05-14,True,2021-05-14 20:00:00+00:00,2021-05-14T16:00:00-04:00,False,True,50141.33,OK
2021-05-17,True,2021-05-17 20:00:00+00:00,2021-05-17T16:00:00-04:00,False,True,44197.73,OK
2021-05-18,True,2021-05-18 20:00:00+00:00,2021-05-18T16:00:00-04:00,False,True,43262.7,OK
2021-05-19,True,2021-05-19 20:00:00+00:00,2021-05-19T16:00:00-04:00,False,True,39337.45,OK
2021-05-20,True,2021-05-20 20:00:00+00:00,2021-05-20T16:00:00-04:00,False,True,40116.04,OK
2021-05-21,True,2021-05-21 20:00:00+00:00,2021-05-21T16:00:00-04:00,False,True,36062.13,OK
2021-05-24,True,2021-05-24 20:00:00+00:00,2021-05-24T16:00:00-04:00,False,True,39606.11,OK
2021-05-25,True,2021-05-25 20:00:00+00:00,2021-05-25T16:00:00-04:00,False,True,37292.69,OK
2021-05-26,True,2021-05-26 20:00:00+00:00,2021-05-26T16:00:00-04:00,False,True,38476.74,OK
2021-05-27,True,2021-05-27 20:00:00+00:00,2021-05-27T16:00:00-04:00,False,True,38768.36,OK
2021-05-28,True,2021-05-28 20:00:00+00:00,2021-05-28T16:00:00-04:00,False,True,35789.31,OK
2021-06-01,True,2021-06-01 20:00:00+00:00,2021-06-01T16:00:00-04:00,False,True,35973.86,OK
2021-06-02,True,2021-06-02 20:00:00+00:00,2021-06-02T16:00:00-04:00,False,True,37884.58,OK
2021-06-03,True,2021-06-03 20:00:00+00:00,2021-06-03T16:00:00-04:00,False,True,38596.65,OK
2021-06-04,True,2021-06-04 20:00:00+00:00,2021-06-04T16:00:00-04:00,False,True,36801.0,OK
2021-06-07,True,2021-06-07 20:00:00+00:00,2021-06-07T16:00:00-04:00,False,True,35634.45,OK
2021-06-08,True,2021-06-08 20:00:00+00:00,2021-06-08T16:00:00-04:00,False,True,32864.19,OK
2021-06-09,True,2021-06-09 20:00:00+00:00,2021-06-09T16:00:00-04:00,False,True,36260.45,OK
2021-06-10,True,2021-06-10 20:00:00+00:00,2021-06-10T16:00:00-04:00,False,True,36675.1,OK
2021-06-11,True,2021-06-11 20:00:00+00:00,2021-06-11T16:00:00-04:00,False,True,37246.76,OK
2021-06-14,True,2021-06-14 20:00:00+00:00,2021-06-14T16:00:00-04:00,False,True,39716.06,OK
2021-06-15,True,2021-06-15 20:00:00+00:00,2021-06-15T16:00:00-04:00,False,True,39957.76,OK
2021-06-16,True,2021-06-16 20:00:00+00:00,2021-06-16T16:00:00-04:00,False,True,38680.1,OK
2021-06-17,True,2021-06-17 20:00:00+00:00,2021-06-17T16:00:00-04:00,False,True,37702.53,OK
2021-06-18,True,2021-06-18 20:00:00+00:00,2021-06-18T16:00:00-04:00,False,True,35323.65,OK
2021-06-21,True,2021-06-21 20:00:00+00:00,2021-06-21T16:00:00-04:00,False,True,32563.89,OK
2021-06-22,True,2021-06-22 20:00:00+00:00,2021-06-22T16:00:00-04:00,False,True,32404.06,OK
2021-06-23,True,2021-06-23 20:00:00+00:00,2021-06-23T16:00:00-04:00,False,True,32882.5,OK
2021-06-24,True,2021-06-24 20:00:00+00:00,2021-06-24T16:00:00-04:00,False,True,34854.63,OK
2021-06-25,True,2021-06-25 20:00:00+00:00,2021-06-25T16:00:00-04:00,False,True,32222.91,OK
2021-06-28,True,2021-06-28 20:00:00+00:00,2021-06-28T16:00:00-04:00,False,True,34441.77,OK
2021-06-29,True,2021-06-29 20:00:00+00:00,2021-06-29T16:00:00-04:00,False,True,36382.39,OK
2021-06-30,True,2021-06-30 20:00:00+00:00,2021-06-30T16:00:00-04:00,False,True,34743.56,OK
2021-07-01,True,2021-07-01 20:00:00+00:00,2021-07-01T16:00:00-04:00,False,True,33091.48,OK
2021-07-02,True,2021-07-02 20:00:00+00:00,2021-07-02T16:00:00-04:00,False,True,33327.71,OK
2021-07-06,True,2021-07-06 20:00:00+00:00,2021-07-06T16:00:00-04:00,False,True,34019.99,OK
2021-07-07,True,2021-07-07 20:00:00+00:00,2021-07-07T16:00:00-04:00,False,True,34628.71,OK
2021-07-08,True,2021-07-08 20:00:00+00:00,2021-07-08T16:00:00-04:00,False,True,33002.45,OK
2021-07-09,True,2021-07-09 20:00:00+00:00,2021-07-09T16:00:00-04:00,False,True,33445.31,OK
2021-07-12,True,2021-07-12 20:00:00+00:00,2021-07-12T16:00:00-04:00,False,True,32822.85,OK
2021-07-13,True,2021-07-13 20:00:00+00:00,2021-07-13T16:00:00-04:00,False,True,32309.69,OK
2021-07-14,True,2021-07-14 20:00:00+00:00,2021-07-14T16:00:00-04:00,False,True,32729.77,OK
2021-07-15,True,2021-07-15 20:00:00+00:00,2021-07-15T16:00:00-04:00,False,True,31538.92,OK
2021-07-16,True,2021-07-16 20:00:00+00:00,2021-07-16T16:00:00-04:00,False,True,31911.34,OK
2021-07-19,True,2021-07-19 20:00:00+00:00,2021-07-19T16:00:00-04:00,False,True,30744.84,OK
2021-07-20,True,2021-07-20 20:00:00+00:00,2021-07-20T16:00:00-04:00,False,True,29780.87,OK
2021-07-21,True,2021-07-21 20:00:00+00:00,2021-07-21T16:00:00-04:00,False,True,31627.58,OK
2021-07-22,True,2021-07-22 20:00:00+00:00,2021-07-22T16:00:00-04:00,False,True,32376.93,OK
2021-07-23,True,2021-07-23 20:00:00+00:00,2021-07-23T16:00:00-04:00,False,True,32248.64,OK
2021-07-26,True,2021-07-26 20:00:00+00:00,2021-07-26T16:00:00-04:00,False,True,39361.36,OK
2021-07-27,True,2021-07-27 20:00:00+00:00,2021-07-27T16:00:00-04:00,False,True,37800.49,OK
2021-07-28,True,2021-07-28 20:00:00+00:00,2021-07-28T16:00:00-04:00,False,True,40388.61,OK
2021-07-29,True,2021-07-29 20:00:00+00:00,2021-07-29T16:00:00-04:00,False,True,39659.84,OK
2021-07-30,True,2021-07-30 20:00:00+00:00,2021-07-30T16:00:00-04:00,False,True,39860.64,OK
2021-08-02,True,2021-08-02 20:00:00+00:00,2021-08-02T16:00:00-04:00,False,True,39177.85,OK
2021-08-03,True,2021-08-03 20:00:00+00:00,2021-08-03T16:00:00-04:00,False,True,38008.8,OK
2021-08-04,True,2021-08-04 20:00:00+00:00,2021-08-04T16:00:00-04:00,False,True,39752.17,OK
2021-08-05,True,2021-08-05 20:00:00+00:00,2021-08-05T16:00:00-04:00,False,True,40692.24,OK
2021-08-06,True,2021-08-06 20:00:00+00:00,2021-08-06T16:00:00-04:00,False,True,42901.18,OK
2021-08-09,True,2021-08-09 20:00:00+00:00,2021-08-09T16:00:00-04:00,False,True,45981.05,OK
2021-08-10,True,2021-08-10 20:00:00+00:00,2021-08-10T16:00:00-04:00,False,True,45495.73,OK
2021-08-11,True,2021-08-11 20:00:00+00:00,2021-08-11T16:00:00-04:00,False,True,46448.01,OK
2021-08-12,True,2021-08-12 20:00:00+00:00,2021-08-12T16:00:00-04:00,False,True,44371.8,OK
2021-08-13,True,2021-08-13 20:00:00+00:00,2021-08-13T16:00:00-04:00,False,True,46459.86,OK
2021-08-16,True,2021-08-16 20:00:00+00:00,2021-08-16T16:00:00-04:00,False,True,46092.98,OK
2021-08-17,True,2021-08-17 20:00:00+00:00,2021-08-17T16:00:00-04:00,False,True,45465.01,OK
2021-08-18,True,2021-08-18 20:00:00+00:00,2021-08-18T16:00:00-04:00,False,True,44901.11,OK
2021-08-19,True,2021-08-19 20:00:00+00:00,2021-08-19T16:00:00-04:00,False,True,46710.0,OK
2021-08-20,True,2021-08-20 20:00:00+00:00,2021-08-20T16:00:00-04:00,False,True,48684.16,OK
2021-08-23,True,2021-08-23 20:00:00+00:00,2021-08-23T16:00:00-04:00,False,True,49240.01,OK
2021-08-24,True,2021-08-24 20:00:00+00:00,2021-08-24T16:00:00-04:00,False,True,48243.2,OK
2021-08-25,True,2021-08-25 20:00:00+00:00,2021-08-25T16:00:00-04:00,False,True,48652.13,OK
2021-08-26,True,2021-08-26 20:00:00+00:00,2021-08-26T16:00:00-04:00,False,True,46934.22,OK
2021-08-27,True,2021-08-27 20:00:00+00:00,2021-08-27T16:00:00-04:00,False,True,48293.68,OK
2021-08-30,True,2021-08-30 20:00:00+00:00,2021-08-30T16:00:00-04:00,False,True,48619.99,OK
2021-08-31,True,2021-08-31 20:00:00+00:00,2021-08-31T16:00:00-04:00,False,True,47300.0,OK
2021-09-01,True,2021-09-01 20:00:00+00:00,2021-09-01T16:00:00-04:00,False,True,48147.25,OK
2021-09-02,True,2021-09-02 20:00:00+00:00,2021-09-02T16:00:00-04:00,False,True,49340.06,OK
2021-09-03,True,2021-09-03 20:00:00+00:00,2021-09-03T16:00:00-04:00,False,True,50528.5,OK
2021-09-07,True,2021-09-07 20:00:00+00:00,2021-09-07T16:00:00-04:00,False,True,46691.58,OK
2021-09-08,True,2021-09-08 20:00:00+00:00,2021-09-08T16:00:00-04:00,False,True,46436.31,OK
2021-09-09,True,2021-09-09 20:00:00+00:00,2021-09-09T16:00:00-04:00,False,True,46567.2,OK
2021-09-10,True,2021-09-10 20:00:00+00:00,2021-09-10T16:00:00-04:00,False,True,45649.78,OK
2021-09-13,True,2021-09-13 20:00:00+00:00,2021-09-13T16:00:00-04:00,False,True,44741.66,OK
2021-09-14,True,2021-09-14 20:00:00+00:00,2021-09-14T16:00:00-04:00,False,True,46474.89,OK
2021-09-15,True,2021-09-15 20:00:00+00:00,2021-09-15T16:00:00-04:00,False,True,48075.44,OK
2021-09-16,True,2021-09-16 20:00:00+00:00,2021-09-16T16:00:00-04:00,False,True,47430.0,OK
2021-09-17,True,2021-09-17 20:00:00+00:00,2021-09-17T16:00:00-04:00,False,True,47501.68,OK
2021-09-20,True,2021-09-20 20:00:00+00:00,2021-09-20T16:00:00-04:00,False,True,43850.26,OK
2021-09-21,True,2021-09-21 20:00:00+00:00,2021-09-21T16:00:00-04:00,False,True,42010.81,OK
2021-09-22,True,2021-09-22 20:00:00+00:00,2021-09-22T16:00:00-04:00,False,True,43384.93,OK
2021-09-23,True,2021-09-23 20:00:00+00:00,2021-09-23T16:00:00-04:00,False,True,44767.56,OK
2021-09-24,True,2021-09-24 20:00:00+00:00,2021-09-24T16:00:00-04:00,False,True,42371.43,OK
2021-09-27,True,2021-09-27 20:00:00+00:00,2021-09-27T16:00:00-04:00,False,True,43011.82,OK
2021-09-28,True,2021-09-28 20:00:00+00:00,2021-09-28T16:00:00-04:00,False,True,41601.8,OK
2021-09-29,True,2021-09-29 20:00:00+00:00,2021-09-29T16:00:00-04:00,False,True,41207.87,OK
2021-09-30,True,2021-09-30 20:00:00+00:00,2021-09-30T16:00:00-04:00,False,True,43532.32,OK
2021-10-01,True,2021-10-01 20:00:00+00:00,2021-10-01T16:00:00-04:00,False,True,48029.99,OK
2021-10-04,True,2021-10-04 20:00:00+00:00,2021-10-04T16:00:00-04:00,False,True,49380.0,OK
2021-10-05,True,2021-10-05 20:00:00+00:00,2021-10-05T16:00:00-04:00,False,True,51190.11,OK
2021-10-06,True,2021-10-06 20:00:00+00:00,2021-10-06T16:00:00-04:00,False,True,55049.99,OK
2021-10-07,True,2021-10-07 20:00:00+00:00,2021-10-07T16:00:00-04:00,False,True,53962.75,OK
2021-10-08,True,2021-10-08 20:00:00+00:00,2021-10-08T16:00:00-04:00,False,True,54686.48,OK
2021-10-11,True,2021-10-11 20:00:00+00:00,2021-10-11T16:00:00-04:00,False,True,57488.33,OK
2021-10-12,True,2021-10-12 20:00:00+00:00,2021-10-12T16:00:00-04:00,False,True,55329.78,OK
2021-10-13,True,2021-10-13 20:00:00+00:00,2021-10-13T16:00:00-04:00,False,True,57259.77,OK
2021-10-14,True,2021-10-14 20:00:00+00:00,2021-10-14T16:00:00-04:00,False,True,57833.11,OK
2021-10-15,True,2021-10-15 20:00:00+00:00,2021-10-15T16:00:00-04:00,False,True,61446.33,OK
2021-10-18,True,2021-10-18 20:00:00+00:00,2021-10-18T16:00:00-04:00,False,True,61434.64,OK
2021-10-19,True,2021-10-19 20:00:00+00:00,2021-10-19T16:00:00-04:00,False,True,64170.58,OK
2021-10-20,True,2021-10-20 20:00:00+00:00,2021-10-20T16:00:00-04:00,False,True,66397.6,OK
2021-10-21,True,2021-10-21 20:00:00+00:00,2021-10-21T16:00:00-04:00,False,True,62801.57,OK
2021-10-22,True,2021-10-22 20:00:00+00:00,2021-10-22T16:00:00-04:00,False,True,61032.71,OK
2021-10-25,True,2021-10-25 20:00:00+00:00,2021-10-25T16:00:00-04:00,False,True,62688.0,OK
2021-10-26,True,2021-10-26 20:00:00+00:00,2021-10-26T16:00:00-04:00,False,True,62000.01,OK
2021-10-27,True,2021-10-27 20:00:00+00:00,2021-10-27T16:00:00-04:00,False,True,59062.31,OK
2021-10-28,True,2021-10-28 20:00:00+00:00,2021-10-28T16:00:00-04:00,False,True,61288.87,OK
2021-10-29,True,2021-10-29 20:00:00+00:00,2021-10-29T16:00:00-04:00,False,True,62545.11,OK
2021-11-01,True,2021-11-01 20:00:00+00:00,2021-11-01T16:00:00-04:00,False,True,61435.97,OK
2021-11-02,True,2021-11-02 20:00:00+00:00,2021-11-02T16:00:00-04:00,False,True,63576.05,OK
2021-11-03,True,2021-11-03 20:00:00+00:00,2021-11-03T16:00:00-04:00,False,True,62799.99,OK
2021-11-04,True,2021-11-04 20:00:00+00:00,2021-11-04T16:00:00-04:00,False,True,61249.33,OK
2021-11-05,True,2021-11-05 20:00:00+00:00,2021-11-05T16:00:00-04:00,False,True,61090.69,OK
2021-11-08,True,2021-11-08 21:00:00+00:00,2021-11-08T16:00:00-05:00,False,True,66036.88,OK
2021-11-09,True,2021-11-09 21:00:00+00:00,2021-11-09T16:00:00-05:00,False,True,67349.0,OK
2021-11-10,True,2021-11-10 21:00:00+00:00,2021-11-10T16:00:00-05:00,False,True,65840.26,OK
2021-11-11,True,2021-11-11 21:00:00+00:00,2021-11-11T16:00:00-05:00,False,True,64796.1,OK
2021-11-12,True,2021-11-12 21:00:00+00:00,2021-11-12T16:00:00-05:00,False,True,64119.43,OK
2021-11-15,True,2021-11-15 21:00:00+00:00,2021-11-15T16:00:00-05:00,False,True,63903.43,OK
2021-11-16,True,2021-11-16 21:00:00+00:00,2021-11-16T16:00:00-05:00,False,True,59720.76,OK
2021-11-17,True,2021-11-17 21:00:00+00:00,2021-11-17T16:00:00-05:00,False,True,60395.51,OK
2021-11-18,True,2021-11-18 21:00:00+00:00,2021-11-18T16:00:00-05:00,False,True,57964.94,OK
2021-11-19,True,2021-11-19 21:00:00+00:00,2021-11-19T16:00:00-05:00,False,True,57767.87,OK
2021-11-22,True,2021-11-22 21:00:00+00:00,2021-11-22T16:00:00-05:00,False,True,55850.6,OK
2021-11-23,True,2021-11-23 21:00:00+00:00,2021-11-23T16:00:00-05:00,False,True,57831.77,OK
2021-11-24,True,2021-11-24 21:00:00+00:00,2021-11-24T16:00:00-05:00,False,True,57388.78,OK
2021-11-26,True,2021-11-26 18:00:00+00:00,2021-11-26T13:00:00-05:00,True,True,54212.92,OK
2021-11-29,True,2021-11-29 21:00:00+00:00,2021-11-29T16:00:00-05:00,False,True,58034.21,OK
2021-11-30,True,2021-11-30 21:00:00+00:00,2021-11-30T16:00:00-05:00,False,True,57400.41,OK
2021-12-01,True,2021-12-01 21:00:00+00:00,2021-12-01T16:00:00-05:00,False,True,56788.54,OK
2021-12-02,True,2021-12-02 21:00:00+00:00,2021-12-02T16:00:00-05:00,False,True,57028.12,OK
2021-12-03,True,2021-12-03 21:00:00+00:00,2021-12-03T16:00:00-05:00,False,True,53453.99,OK
2021-12-06,True,2021-12-06 21:00:00+00:00,2021-12-06T16:00:00-05:00,False,True,48834.34,OK
2021-12-07,True,2021-12-07 21:00:00+00:00,2021-12-07T16:00:00-05:00,False,True,50441.59,OK
2021-12-08,True,2021-12-08 21:00:00+00:00,2021-12-08T16:00:00-05:00,False,True,50689.01,OK
2021-12-09,True,2021-12-09 21:00:00+00:00,2021-12-09T16:00:00-05:00,False,True,47683.61,OK
2021-12-10,True,2021-12-10 21:00:00+00:00,2021-12-10T16:00:00-05:00,False,True,48430.69,OK
2021-12-13,True,2021-12-13 21:00:00+00:00,2021-12-13T16:00:00-05:00,False,True,46660.0,OK
2021-12-14,True,2021-12-14 21:00:00+00:00,2021-12-14T16:00:00-05:00,False,True,47786.13,OK
2021-12-15,True,2021-12-15 21:00:00+00:00,2021-12-15T16:00:00-05:00,False,True,49211.83,OK
2021-12-16,True,2021-12-16 21:00:00+00:00,2021-12-16T16:00:00-05:00,False,True,47929.53,OK
2021-12-17,True,2021-12-17 21:00:00+00:00,2021-12-17T16:00:00-05:00,False,True,46183.93,OK
2021-12-20,True,2021-12-20 21:00:00+00:00,2021-12-20T16:00:00-05:00,False,True,47020.99,OK
2021-12-21,True,2021-12-21 21:00:00+00:00,2021-12-21T16:00:00-05:00,False,True,48608.94,OK
2021-12-22,True,2021-12-22 21:00:00+00:00,2021-12-22T16:00:00-05:00,False,True,48974.33,OK
2021-12-23,True,2021-12-23 21:00:00+00:00,2021-12-23T16:00:00-05:00,False,True,50929.71,OK
2021-12-27,True,2021-12-27 21:00:00+00:00,2021-12-27T16:00:00-05:00,False,True,51225.88,OK
2021-12-28,True,2021-12-28 21:00:00+00:00,2021-12-28T16:00:00-05:00,False,True,47804.59,OK
2021-12-29,True,2021-12-29 21:00:00+00:00,2021-12-29T16:00:00-05:00,False,True,47369.97,OK
2021-12-30,True,2021-12-30 21:00:00+00:00,2021-12-30T16:00:00-05:00,False,True,47203.16,OK
2021-12-31,True,2021-12-31 21:00:00+00:00,2021-12-31T16:00:00-05:00,False,True,45886.66,OK
2022-01-03,True,2022-01-03 21:00:00+00:00,2022-01-03T16:00:00-05:00,False,True,45922.01,OK
2022-01-04,True,2022-01-04 21:00:00+00:00,2022-01-04T16:00:00-05:00,False,True,46264.92,OK
2022-01-05,True,2022-01-05 21:00:00+00:00,2022-01-05T16:00:00-05:00,False,True,43967.01,OK
2022-01-06,True,2022-01-06 21:00:00+00:00,2022-01-06T16:00:00-05:00,False,True,43221.5,OK
2022-01-07,True,2022-01-07 21:00:00+00:00,2022-01-07T16:00:00-05:00,False,True,41922.19,OK
2022-01-10,True,2022-01-10 21:00:00+00:00,2022-01-10T16:00:00-05:00,False,True,41716.81,OK
2022-01-11,True,2022-01-11 21:00:00+00:00,2022-01-11T16:00:00-05:00,False,True,42797.62,OK
2022-01-12,True,2022-01-12 21:00:00+00:00,2022-01-12T16:00:00-05:00,False,True,43819.16,OK
2022-01-13,True,2022-01-13 21:00:00+00:00,2022-01-13T16:00:00-05:00,False,True,42796.18,OK
2022-01-14,True,2022-01-14 21:00:00+00:00,2022-01-14T16:00:00-05:00,False,True,43100.94,OK
2022-01-18,True,2022-01-18 21:00:00+00:00,2022-01-18T16:00:00-05:00,False,True,41784.97,OK
2022-01-19,True,2022-01-19 21:00:00+00:00,2022-01-19T16:00:00-05:00,False,True,41629.35,OK
2022-01-20,True,2022-01-20 21:00:00+00:00,2022-01-20T16:00:00-05:00,False,True,42723.72,OK
2022-01-21,True,2022-01-21 21:00:00+00:00,2022-01-21T16:00:00-05:00,False,True,38350.62,OK
2022-01-24,True,2022-01-24 21:00:00+00:00,2022-01-24T16:00:00-05:00,False,True,37218.56,OK
2022-01-25,True,2022-01-25 21:00:00+00:00,2022-01-25T16:00:00-05:00,False,True,36859.8,OK
2022-01-26,True,2022-01-26 21:00:00+00:00,2022-01-26T16:00:00-05:00,False,True,37015.05,OK
2022-01-27,True,2022-01-27 21:00:00+00:00,2022-01-27T16:00:00-05:00,False,True,35583.5,OK
2022-01-28,True,2022-01-28 21:00:00+00:00,2022-01-28T16:00:00-05:00,False,True,37758.0,OK
2022-01-31,True,2022-01-31 21:00:00+00:00,2022-01-31T16:00:00-05:00,False,True,38450.62,OK
2022-02-01,True,2022-02-01 21:00:00+00:00,2022-02-01T16:00:00-05:00,False,True,38512.86,OK
2022-02-02,True,2022-02-02 21:00:00+00:00,2022-02-02T16:00:00-05:00,False,True,37566.0,OK
2022-02-03,True,2022-02-03 21:00:00+00:00,2022-02-03T16:00:00-05:00,False,True,36367.43,OK
2022-02-04,True,2022-02-04 21:00:00+00:00,2022-02-04T16:00:00-05:00,False,True,40588.0,OK
2022-02-07,True,2022-02-07 21:00:00+00:00,2022-02-07T16:00:00-05:00,False,True,44131.88,OK
2022-02-08,True,2022-02-08 21:00:00+00:00,2022-02-08T16:00:00-05:00,False,True,44271.95,OK
2022-02-09,True,2022-02-09 21:00:00+00:00,2022-02-09T16:00:00-05:00,False,True,44765.19,OK
2022-02-10,True,2022-02-10 21:00:00+00:00,2022-02-10T16:00:00-05:00,False,True,44102.41,OK
2022-02-11,True,2022-02-11 21:00:00+00:00,2022-02-11T16:00:00-05:00,False,True,42338.65,OK
2022-02-14,True,2022-02-14 21:00:00+00:00,2022-02-14T16:00:00-05:00,False,True,42180.51,OK
2022-02-15,True,2022-02-15 21:00:00+00:00,2022-02-15T16:00:00-05:00,False,True,44140.76,OK
2022-02-16,True,2022-02-16 21:00:00+00:00,2022-02-16T16:00:00-05:00,False,True,44093.62,OK
2022-02-17,True,2022-02-17 21:00:00+00:00,2022-02-17T16:00:00-05:00,False,True,40878.68,OK
2022-02-18,True,2022-02-18 21:00:00+00:00,2022-02-18T16:00:00-05:00,False,True,40025.79,OK
2022-02-22,True,2022-02-22 21:00:00+00:00,2022-02-22T16:00:00-05:00,False,True,37908.99,OK
2022-02-23,True,2022-02-23 21:00:00+00:00,2022-02-23T16:00:00-05:00,False,True,37677.98,OK
2022-02-24,True,2022-02-24 21:00:00+00:00,2022-02-24T16:00:00-05:00,False,True,38421.98,OK
2022-02-25,True,2022-02-25 21:00:00+00:00,2022-02-25T16:00:00-05:00,False,True,39109.06,OK
2022-02-28,True,2022-02-28 21:00:00+00:00,2022-02-28T16:00:00-05:00,False,True,41908.08,OK
2022-03-01,True,2022-03-01 21:00:00+00:00,2022-03-01T16:00:00-05:00,False,True,44084.63,OK
2022-03-02,True,2022-03-02 21:00:00+00:00,2022-03-02T16:00:00-05:00,False,True,43803.31,OK
2022-03-03,True,2022-03-03 21:00:00+00:00,2022-03-03T16:00:00-05:00,False,True,42030.32,OK
2022-03-04,True,2022-03-04 21:00:00+00:00,2022-03-04T16:00:00-05:00,False,True,39469.36,OK
2022-03-07,True,2022-03-07 21:00:00+00:00,2022-03-07T16:00:00-05:00,False,True,37590.0,OK
2022-03-08,True,2022-03-08 21:00:00+00:00,2022-03-08T16:00:00-05:00,False,True,38512.5,OK
2022-03-09,True,2022-03-09 21:00:00+00:00,2022-03-09T16:00:00-05:00,False,True,41841.64,OK
2022-03-10,True,2022-03-10 21:00:00+00:00,2022-03-10T16:00:00-05:00,False,True,39612.11,OK
2022-03-11,True,2022-03-11 21:00:00+00:00,2022-03-11T16:00:00-05:00,False,True,38364.9,OK
2022-03-14,True,2022-03-14 20:00:00+00:00,2022-03-14T16:00:00-04:00,False,True,38814.18,OK
2022-03-15,True,2022-03-15 20:00:00+00:00,2022-03-15T16:00:00-04:00,False,True,39735.71,OK
2022-03-16,True,2022-03-16 20:00:00+00:00,2022-03-16T16:00:00-04:00,False,True,40880.17,OK
2022-03-17,True,2022-03-17 20:00:00+00:00,2022-03-17T16:00:00-04:00,False,True,40871.86,OK
2022-03-18,True,2022-03-18 20:00:00+00:00,2022-03-18T16:00:00-04:00,False,True,42042.71,OK
2022-03-21,True,2022-03-21 20:00:00+00:00,2022-03-21T16:00:00-04:00,False,True,41180.54,OK
2022-03-22,True,2022-03-22 20:00:00+00:00,2022-03-22T16:00:00-04:00,False,True,42284.4,OK
2022-03-23,True,2022-03-23 20:00:00+00:00,2022-03-23T16:00:00-04:00,False,True,42216.79,OK
2022-03-24,True,2022-03-24 20:00:00+00:00,2022-03-24T16:00:00-04:00,False,True,43908.31,OK
2022-03-25,True,2022-03-25 20:00:00+00:00,2022-03-25T16:00:00-04:00,False,True,44444.94,OK
2022-03-28,True,2022-03-28 20:00:00+00:00,2022-03-28T16:00:00-04:00,False,True,47956.28,OK
2022-03-29,True,2022-03-29 20:00:00+00:00,2022-03-29T16:00:00-04:00,False,True,47701.49,OK
2022-03-30,True,2022-03-30 20:00:00+00:00,2022-03-30T16:00:00-04:00,False,True,47073.89,OK
2022-03-31,True,2022-03-31 20:00:00+00:00,2022-03-31T16:00:00-04:00,False,True,45581.98,OK
2022-04-01,True,2022-04-01 20:00:00+00:00,2022-04-01T16:00:00-04:00,False,True,46361.68,OK
2022-04-04,True,2022-04-04 20:00:00+00:00,2022-04-04T16:00:00-04:00,False,True,45925.77,OK
2022-04-05,True,2022-04-05 20:00:00+00:00,2022-04-05T16:00:00-04:00,False,True,46032.49,OK
2022-04-06,True,2022-04-06 20:00:00+00:00,2022-04-06T16:00:00-04:00,False,True,43754.56,OK
2022-04-07,True,2022-04-07 20:00:00+00:00,2022-04-07T16:00:00-04:00,False,True,43388.93,OK
2022-04-08,True,2022-04-08 20:00:00+00:00,2022-04-08T16:00:00-04:00,False,True,42730.84,OK
2022-04-11,True,2022-04-11 20:00:00+00:00,2022-04-11T16:00:00-04:00,False,True,39985.34,OK
2022-04-12,True,2022-04-12 20:00:00+00:00,2022-04-12T16:00:00-04:00,False,True,39303.1,OK
2022-04-13,True,2022-04-13 20:00:00+00:00,2022-04-13T16:00:00-04:00,False,True,41059.31,OK
2022-04-14,True,2022-04-14 20:00:00+00:00,2022-04-14T16:00:00-04:00,False,True,39775.81,OK
2022-04-18,True,2022-04-18 20:00:00+00:00,2022-04-18T16:00:00-04:00,False,True,40680.68,OK
2022-04-19,True,2022-04-19 20:00:00+00:00,2022-04-19T16:00:00-04:00,False,True,41417.23,OK
2022-04-20,True,2022-04-20 20:00:00+00:00,2022-04-20T16:00:00-04:00,False,True,41193.89,OK
2022-04-21,True,2022-04-21 20:00:00+00:00,2022-04-21T16:00:00-04:00,False,True,41218.82,OK
2022-04-22,True,2022-04-22 20:00:00+00:00,2022-04-22T16:00:00-04:00,False,True,39502.92,OK
2022-04-25,True,2022-04-25 20:00:00+00:00,2022-04-25T16:00:00-04:00,False,True,40225.98,OK
2022-04-26,True,2022-04-26 20:00:00+00:00,2022-04-26T16:00:00-04:00,False,True,38270.03,OK
2022-04-27,True,2022-04-27 20:00:00+00:00,2022-04-27T16:00:00-04:00,False,True,38858.27,OK
2022-04-28,True,2022-04-28 20:00:00+00:00,2022-04-28T16:00:00-04:00,False,True,39983.77,OK
2022-04-29,True,2022-04-29 20:00:00+00:00,2022-04-29T16:00:00-04:00,False,True,38331.55,OK
2022-05-02,True,2022-05-02 20:00:00+00:00,2022-05-02T16:00:00-04:00,False,True,38563.39,OK
2022-05-03,True,2022-05-03 20:00:00+00:00,2022-05-03T16:00:00-04:00,False,True,37717.5,OK
2022-05-04,True,2022-05-04 20:00:00+00:00,2022-05-04T16:00:00-04:00,False,True,39859.23,OK
2022-05-05,True,2022-05-05 20:00:00+00:00,2022-05-05T16:00:00-04:00,False,True,36316.01,OK
2022-05-06,True,2022-05-06 20:00:00+00:00,2022-05-06T16:00:00-04:00,False,True,36001.34,OK
2022-05-09,True,2022-05-09 20:00:00+00:00,2022-05-09T16:00:00-04:00,False,True,30940.62,OK
2022-05-10,True,2022-05-10 20:00:00+00:00,2022-05-10T16:00:00-04:00,False,True,31330.0,OK
2022-05-11,True,2022-05-11 20:00:00+00:00,2022-05-11T16:00:00-04:00,False,True,29372.21,OK
2022-05-12,True,2022-05-12 20:00:00+00:00,2022-05-12T16:00:00-04:00,False,True,28640.0,OK
2022-05-13,True,2022-05-13 20:00:00+00:00,2022-05-13T16:00:00-04:00,False,True,30084.1,OK
2022-05-16,True,2022-05-16 20:00:00+00:00,2022-05-16T16:00:00-04:00,False,True,29576.7,OK
2022-05-17,True,2022-05-17 20:00:00+00:00,2022-05-17T16:00:00-04:00,False,True,30097.1,OK
2022-05-18,True,2022-05-18 20:00:00+00:00,2022-05-18T16:00:00-04:00,False,True,29276.55,OK
2022-05-19,True,2022-05-19 20:00:00+00:00,2022-05-19T16:00:00-04:00,False,True,29967.4,OK
2022-05-20,True,2022-05-20 20:00:00+00:00,2022-05-20T16:00:00-04:00,False,True,29291.55,OK
2022-05-23,True,2022-05-23 20:00:00+00:00,2022-05-23T16:00:00-04:00,False,True,29089.91,OK
2022-05-24,True,2022-05-24 20:00:00+00:00,2022-05-24T16:00:00-04:00,False,True,29391.62,OK
2022-05-25,True,2022-05-25 20:00:00+00:00,2022-05-25T16:00:00-04:00,False,True,29599.1,OK
2022-05-26,True,2022-05-26 20:00:00+00:00,2022-05-26T16:00:00-04:00,False,True,29379.76,OK
2022-05-27,True,2022-05-27 20:00:00+00:00,2022-05-27T16:00:00-04:00,False,True,28880.0,OK
2022-05-31,True,2022-05-31 20:00:00+00:00,2022-05-31T16:00:00-04:00,False,True,31625.71,OK
2022-06-01,True,2022-06-01 20:00:00+00:00,2022-06-01T16:00:00-04:00,False,True,30126.71,OK
2022-06-02,True,2022-06-02 20:00:00+00:00,2022-06-02T16:00:00-04:00,False,True,30293.0,OK
2022-06-03,True,2022-06-03 20:00:00+00:00,2022-06-03T16:00:00-04:00,False,True,29572.52,OK
2022-06-06,True,2022-06-06 20:00:00+00:00,2022-06-06T16:00:00-04:00,False,True,31470.72,OK
2022-06-07,True,2022-06-07 20:00:00+00:00,2022-06-07T16:00:00-04:00,False,True,31059.71,OK
2022-06-08,True,2022-06-08 20:00:00+00:00,2022-06-08T16:00:00-04:00,False,True,30140.14,OK
2022-06-09,True,2022-06-09 20:00:00+00:00,2022-06-09T16:00:00-04:00,False,True,30017.12,OK
2022-06-10,True,2022-06-10 20:00:00+00:00,2022-06-10T16:00:00-04:00,False,True,28980.03,OK
2022-06-13,True,2022-06-13 20:00:00+00:00,2022-06-13T16:00:00-04:00,False,True,23215.97,OK
2022-06-14,True,2022-06-14 20:00:00+00:00,2022-06-14T16:00:00-04:00,False,True,22190.93,OK
2022-06-15,True,2022-06-15 20:00:00+00:00,2022-06-15T16:00:00-04:00,False,True,21632.03,OK
2022-06-16,True,2022-06-16 20:00:00+00:00,2022-06-16T16:00:00-04:00,False,True,20875.48,OK
2022-06-17,True,2022-06-17 20:00:00+00:00,2022-06-17T16:00:00-04:00,False,True,20515.59,OK
2022-06-21,True,2022-06-21 20:00:00+00:00,2022-06-21T16:00:00-04:00,False,True,20888.63,OK
2022-06-22,True,2022-06-22 20:00:00+00:00,2022-06-22T16:00:00-04:00,False,True,20117.34,OK
2022-06-23,True,2022-06-23 20:00:00+00:00,2022-06-23T16:00:00-04:00,False,True,20910.06,OK
2022-06-24,True,2022-06-24 20:00:00+00:00,2022-06-24T16:00:00-04:00,False,True,21253.79,OK
2022-06-27,True,2022-06-27 20:00:00+00:00,2022-06-27T16:00:00-04:00,False,True,20855.38,OK
2022-06-28,True,2022-06-28 20:00:00+00:00,2022-06-28T16:00:00-04:00,False,True,20255.01,OK
2022-06-29,True,2022-06-29 20:00:00+00:00,2022-06-29T16:00:00-04:00,False,True,20223.63,OK
2022-06-30,True,2022-06-30 20:00:00+00:00,2022-06-30T16:00:00-04:00,False,True,18927.33,OK
2022-07-01,True,2022-07-01 20:00:00+00:00,2022-07-01T16:00:00-04:00,False,True,19390.17,OK
2022-07-05,True,2022-07-05 20:00:00+00:00,2022-07-05T16:00:00-04:00,False,True,20398.21,OK
2022-07-06,True,2022-07-06 20:00:00+00:00,2022-07-06T16:00:00-04:00,False,True,20328.55,OK
2022-07-07,True,2022-07-07 20:00:00+00:00,2022-07-07T16:00:00-04:00,False,True,21812.46,OK
2022-07-08,True,2022-07-08 20:00:00+00:00,2022-07-08T16:00:00-04:00,False,True,21811.9,OK
2022-07-11,True,2022-07-11 20:00:00+00:00,2022-07-11T16:00:00-04:00,False,True,20509.47,OK
2022-07-12,True,2022-07-12 20:00:00+00:00,2022-07-12T16:00:00-04:00,False,True,19398.74,OK
2022-07-13,True,2022-07-13 20:00:00+00:00,2022-07-13T16:00:00-04:00,False,True,19652.15,OK
2022-07-14,True,2022-07-14 20:00:00+00:00,2022-07-14T16:00:00-04:00,False,True,20608.36,OK
2022-07-15,True,2022-07-15 20:00:00+00:00,2022-07-15T16:00:00-04:00,False,True,21165.85,OK
2022-07-18,True,2022-07-18 20:00:00+00:00,2022-07-18T16:00:00-04:00,False,True,21617.92,OK
2022-07-19,True,2022-07-19 20:00:00+00:00,2022-07-19T16:00:00-04:00,False,True,23399.88,OK
2022-07-20,True,2022-07-20 20:00:00+00:00,2022-07-20T16:00:00-04:00,False,True,23663.24,OK
2022-07-21,True,2022-07-21 20:00:00+00:00,2022-07-21T16:00:00-04:00,False,True,23194.4,OK
2022-07-22,True,2022-07-22 20:00:00+00:00,2022-07-22T16:00:00-04:00,False,True,22582.88,OK
2022-07-25,True,2022-07-25 20:00:00+00:00,2022-07-25T16:00:00-04:00,False,True,21892.66,OK
2022-07-26,True,2022-07-26 20:00:00+00:00,2022-07-26T16:00:00-04:00,False,True,20911.55,OK
2022-07-27,True,2022-07-27 20:00:00+00:00,2022-07-27T16:00:00-04:00,False,True,22773.62,OK
2022-07-28,True,2022-07-28 20:00:00+00:00,2022-07-28T16:00:00-04:00,False,True,23792.1,OK
2022-07-29,True,2022-07-29 20:00:00+00:00,2022-07-29T16:00:00-04:00,False,True,23895.14,OK
2022-08-01,True,2022-08-01 20:00:00+00:00,2022-08-01T16:00:00-04:00,False,True,22955.37,OK
2022-08-02,True,2022-08-02 20:00:00+00:00,2022-08-02T16:00:00-04:00,False,True,22951.21,OK
2022-08-03,True,2022-08-03 20:00:00+00:00,2022-08-03T16:00:00-04:00,False,True,23460.51,OK
2022-08-04,True,2022-08-04 20:00:00+00:00,2022-08-04T16:00:00-04:00,False,True,22451.28,OK
2022-08-05,True,2022-08-05 20:00:00+00:00,2022-08-05T16:00:00-04:00,False,True,22931.23,OK
2022-08-08,True,2022-08-08 20:00:00+00:00,2022-08-08T16:00:00-04:00,False,True,23926.84,OK
2022-08-09,True,2022-08-09 20:00:00+00:00,2022-08-09T16:00:00-04:00,False,True,23053.82,OK
2022-08-10,True,2022-08-10 20:00:00+00:00,2022-08-10T16:00:00-04:00,False,True,23638.95,OK
2022-08-11,True,2022-08-11 20:00:00+00:00,2022-08-11T16:00:00-04:00,False,True,24222.73,OK
2022-08-12,True,2022-08-12 20:00:00+00:00,2022-08-12T16:00:00-04:00,False,True,24177.57,OK
2022-08-15,True,2022-08-15 20:00:00+00:00,2022-08-15T16:00:00-04:00,False,True,23983.54,OK
2022-08-16,True,2022-08-16 20:00:00+00:00,2022-08-16T16:00:00-04:00,False,True,23930.24,OK
2022-08-17,True,2022-08-17 20:00:00+00:00,2022-08-17T16:00:00-04:00,False,True,23276.89,OK
2022-08-18,True,2022-08-18 20:00:00+00:00,2022-08-18T16:00:00-04:00,False,True,23344.88,OK
2022-08-19,True,2022-08-19 20:00:00+00:00,2022-08-19T16:00:00-04:00,False,True,21329.65,OK
2022-08-22,True,2022-08-22 20:00:00+00:00,2022-08-22T16:00:00-04:00,False,True,21055.48,OK
2022-08-23,True,2022-08-23 20:00:00+00:00,2022-08-23T16:00:00-04:00,False,True,21522.01,OK
2022-08-24,True,2022-08-24 20:00:00+00:00,2022-08-24T16:00:00-04:00,False,True,21709.32,OK
2022-08-25,True,2022-08-25 20:00:00+00:00,2022-08-25T16:00:00-04:00,False,True,21607.25,OK
2022-08-26,True,2022-08-26 20:00:00+00:00,2022-08-26T16:00:00-04:00,False,True,20643.01,OK
2022-08-29,True,2022-08-29 20:00:00+00:00,2022-08-29T16:00:00-04:00,False,True,20098.65,OK
2022-08-30,True,2022-08-30 20:00:00+00:00,2022-08-30T16:00:00-04:00,False,True,19947.2,OK
2022-08-31,True,2022-08-31 20:00:00+00:00,2022-08-31T16:00:00-04:00,False,True,20228.57,OK
2022-09-01,True,2022-09-01 20:00:00+00:00,2022-09-01T16:00:00-04:00,False,True,19871.68,OK
2022-09-02,True,2022-09-02 20:00:00+00:00,2022-09-02T16:00:00-04:00,False,True,19909.23,OK
2022-09-06,True,2022-09-06 20:00:00+00:00,2022-09-06T16:00:00-04:00,False,True,18823.48,OK
2022-09-07,True,2022-09-07 20:00:00+00:00,2022-09-07T16:00:00-04:00,False,True,18992.37,OK
2022-09-08,True,2022-09-08 20:00:00+00:00,2022-09-08T16:00:00-04:00,False,True,19352.38,OK
2022-09-09,True,2022-09-09 20:00:00+00:00,2022-09-09T16:00:00-04:00,False,True,21291.62,OK
2022-09-12,True,2022-09-12 20:00:00+00:00,2022-09-12T16:00:00-04:00,False,True,22428.25,OK
2022-09-13,True,2022-09-13 20:00:00+00:00,2022-09-13T16:00:00-04:00,False,True,20284.89,OK
2022-09-14,True,2022-09-14 20:00:00+00:00,2022-09-14T16:00:00-04:00,False,True,19951.83,OK
2022-09-15,True,2022-09-15 20:00:00+00:00,2022-09-15T16:00:00-04:00,False,True,19780.71,OK
2022-09-16,True,2022-09-16 20:00:00+00:00,2022-09-16T16:00:00-04:00,False,True,19617.34,OK
2022-09-19,True,2022-09-19 20:00:00+00:00,2022-09-19T16:00:00-04:00,False,True,19514.8,OK
2022-09-20,True,2022-09-20 20:00:00+00:00,2022-09-20T16:00:00-04:00,False,True,18993.33,OK
2022-09-21,True,2022-09-21 20:00:00+00:00,2022-09-21T16:00:00-04:00,False,True,19002.76,OK
2022-09-22,True,2022-09-22 20:00:00+00:00,2022-09-22T16:00:00-04:00,False,True,19309.43,OK
2022-09-23,True,2022-09-23 20:00:00+00:00,2022-09-23T16:00:00-04:00,False,True,18807.57,OK
2022-09-26,True,2022-09-26 20:00:00+00:00,2022-09-26T16:00:00-04:00,False,True,19202.16,OK
2022-09-27,True,2022-09-27 20:00:00+00:00,2022-09-27T16:00:00-04:00,False,True,19077.59,OK
2022-09-28,True,2022-09-28 20:00:00+00:00,2022-09-28T16:00:00-04:00,False,True,19546.72,OK
2022-09-29,True,2022-09-29 20:00:00+00:00,2022-09-29T16:00:00-04:00,False,True,19402.63,OK
2022-09-30,True,2022-09-30 20:00:00+00:00,2022-09-30T16:00:00-04:00,False,True,19473.52,OK
2022-10-03,True,2022-10-03 20:00:00+00:00,2022-10-03T16:00:00-04:00,False,True,19543.31,OK
2022-10-04,True,2022-10-04 20:00:00+00:00,2022-10-04T16:00:00-04:00,False,True,20220.09,OK
2022-10-05,True,2022-10-05 20:00:00+00:00,2022-10-05T16:00:00-04:00,False,True,20117.31,OK
2022-10-06,True,2022-10-06 20:00:00+00:00,2022-10-06T16:00:00-04:00,False,True,20010.62,OK
2022-10-07,True,2022-10-07 20:00:00+00:00,2022-10-07T16:00:00-04:00,False,True,19459.32,OK
2022-10-10,True,2022-10-10 20:00:00+00:00,2022-10-10T16:00:00-04:00,False,True,19211.59,OK
2022-10-11,True,2022-10-11 20:00:00+00:00,2022-10-11T16:00:00-04:00,False,True,18997.66,OK
2022-10-12,True,2022-10-12 20:00:00+00:00,2022-10-12T16:00:00-04:00,False,True,19137.29,OK
2022-10-13,True,2022-10-13 20:00:00+00:00,2022-10-13T16:00:00-04:00,False,True,19369.94,OK
2022-10-14,True,2022-10-14 20:00:00+00:00,2022-10-14T16:00:00-04:00,False,True,19168.18,OK
2022-10-17,True,2022-10-17 20:00:00+00:00,2022-10-17T16:00:00-04:00,False,True,19527.66,OK
2022-10-18,True,2022-10-18 20:00:00+00:00,2022-10-18T16:00:00-04:00,False,True,19217.79,OK
2022-10-19,True,2022-10-19 20:00:00+00:00,2022-10-19T16:00:00-04:00,False,True,19231.63,OK
2022-10-20,True,2022-10-20 20:00:00+00:00,2022-10-20T16:00:00-04:00,False,True,19063.04,OK
2022-10-21,True,2022-10-21 20:00:00+00:00,2022-10-21T16:00:00-04:00,False,True,19189.22,OK
2022-10-24,True,2022-10-24 20:00:00+00:00,2022-10-24T16:00:00-04:00,False,True,19343.95,OK
2022-10-25,True,2022-10-25 20:00:00+00:00,2022-10-25T16:00:00-04:00,False,True,20276.26,OK
2022-10-26,True,2022-10-26 20:00:00+00:00,2022-10-26T16:00:00-04:00,False,True,20764.52,OK
2022-10-27,True,2022-10-27 20:00:00+00:00,2022-10-27T16:00:00-04:00,False,True,20629.59,OK
2022-10-28,True,2022-10-28 20:00:00+00:00,2022-10-28T16:00:00-04:00,False,True,20609.21,OK
2022-10-31,True,2022-10-31 20:00:00+00:00,2022-10-31T16:00:00-04:00,False,True,20371.4,OK
2022-11-01,True,2022-11-01 20:00:00+00:00,2022-11-01T16:00:00-04:00,False,True,20449.29,OK
2022-11-02,True,2022-11-02 20:00:00+00:00,2022-11-02T16:00:00-04:00,False,True,20250.68,OK
2022-11-03,True,2022-11-03 20:00:00+00:00,2022-11-03T16:00:00-04:00,False,True,20262.53,OK
2022-11-04,True,2022-11-04 20:00:00+00:00,2022-11-04T16:00:00-04:00,False,True,21108.54,OK
2022-11-07,True,2022-11-07 21:00:00+00:00,2022-11-07T16:00:00-05:00,False,True,20802.69,OK
2022-11-08,True,2022-11-08 21:00:00+00:00,2022-11-08T16:00:00-05:00,False,True,18159.77,OK
2022-11-09,True,2022-11-09 21:00:00+00:00,2022-11-09T16:00:00-05:00,False,True,16237.79,OK
2022-11-10,True,2022-11-10 21:00:00+00:00,2022-11-10T16:00:00-05:00,False,True,18105.16,OK
2022-11-11,True,2022-11-11 21:00:00+00:00,2022-11-11T16:00:00-05:00,False,True,16626.64,OK
2022-11-14,True,2022-11-14 21:00:00+00:00,2022-11-14T16:00:00-05:00,False,True,16276.51,OK
2022-11-15,True,2022-11-15 21:00:00+00:00,2022-11-15T16:00:00-05:00,False,True,16839.81,OK
2022-11-16,True,2022-11-16 21:00:00+00:00,2022-11-16T16:00:00-05:00,False,True,16582.26,OK
2022-11-17,True,2022-11-17 21:00:00+00:00,2022-11-17T16:00:00-05:00,False,True,16694.35,OK
2022-11-18,True,2022-11-18 21:00:00+00:00,2022-11-18T16:00:00-05:00,False,True,16639.06,OK
2022-11-21,True,2022-11-21 21:00:00+00:00,2022-11-21T16:00:00-05:00,False,True,15785.27,OK
2022-11-22,True,2022-11-22 21:00:00+00:00,2022-11-22T16:00:00-05:00,False,True,16134.85,OK
2022-11-23,True,2022-11-23 21:00:00+00:00,2022-11-23T16:00:00-05:00,False,True,16617.47,OK
2022-11-25,True,2022-11-25 18:00:00+00:00,2022-11-25T13:00:00-05:00,True,True,16509.52,OK
2022-11-28,True,2022-11-28 21:00:00+00:00,2022-11-28T16:00:00-05:00,False,True,16256.33,OK
2022-11-29,True,2022-11-29 21:00:00+00:00,2022-11-29T16:00:00-05:00,False,True,16495.74,OK
2022-11-30,True,2022-11-30 21:00:00+00:00,2022-11-30T16:00:00-05:00,False,True,17098.37,OK
2022-12-01,True,2022-12-01 21:00:00+00:00,2022-12-01T16:00:00-05:00,False,True,16917.05,OK
2022-12-02,True,2022-12-02 21:00:00+00:00,2022-12-02T16:00:00-05:00,False,True,17029.59,OK
2022-12-05,True,2022-12-05 21:00:00+00:00,2022-12-05T16:00:00-05:00,False,True,16938.55,OK
2022-12-06,True,2022-12-06 21:00:00+00:00,2022-12-06T16:00:00-05:00,False,True,16988.99,OK
2022-12-07,True,2022-12-07 21:00:00+00:00,2022-12-07T16:00:00-05:00,False,True,16821.63,OK
2022-12-08,True,2022-12-08 21:00:00+00:00,2022-12-08T16:00:00-05:00,False,True,17195.91,OK
2022-12-09,True,2022-12-09 21:00:00+00:00,2022-12-09T16:00:00-05:00,False,True,17101.31,OK
2022-12-12,True,2022-12-12 21:00:00+00:00,2022-12-12T16:00:00-05:00,False,True,17123.57,OK
2022-12-13,True,2022-12-13 21:00:00+00:00,2022-12-13T16:00:00-05:00,False,True,17748.32,OK
2022-12-14,True,2022-12-14 21:00:00+00:00,2022-12-14T16:00:00-05:00,False,True,17765.98,OK
2022-12-15,True,2022-12-15 21:00:00+00:00,2022-12-15T16:00:00-05:00,False,True,17417.57,OK
2022-12-16,True,2022-12-16 21:00:00+00:00,2022-12-16T16:00:00-05:00,False,True,16873.4,OK
2022-12-19,True,2022-12-19 21:00:00+00:00,2022-12-19T16:00:00-05:00,False,True,16599.71,OK
2022-12-20,True,2022-12-20 21:00:00+00:00,2022-12-20T16:00:00-05:00,False,True,16858.86,OK
2022-12-21,True,2022-12-21 21:00:00+00:00,2022-12-21T16:00:00-05:00,False,True,16781.46,OK
2022-12-22,True,2022-12-22 21:00:00+00:00,2022-12-22T16:00:00-05:00,False,True,16780.24,OK
2022-12-23,True,2022-12-23 21:00:00+00:00,2022-12-23T16:00:00-05:00,False,True,16812.26,OK
2022-12-27,True,2022-12-27 21:00:00+00:00,2022-12-27T16:00:00-05:00,False,True,16666.46,OK
2022-12-28,True,2022-12-28 21:00:00+00:00,2022-12-28T16:00:00-05:00,False,True,16596.9,OK
2022-12-29,True,2022-12-29 21:00:00+00:00,2022-12-29T16:00:00-05:00,False,True,16599.24,OK
2022-12-30,True,2022-12-30 21:00:00+00:00,2022-12-30T16:00:00-05:00,False,True,16569.36,OK
2023-01-03,True,2023-01-03 21:00:00+00:00,2023-01-03T16:00:00-05:00,False,True,16661.37,OK
2023-01-04,True,2023-01-04 21:00:00+00:00,2023-01-04T16:00:00-05:00,False,True,16806.49,OK
2023-01-05,True,2023-01-05 21:00:00+00:00,2023-01-05T16:00:00-05:00,False,True,16859.02,OK
2023-01-06,True,2023-01-06 21:00:00+00:00,2023-01-06T16:00:00-05:00,False,True,16897.96,OK
2023-01-09,True,2023-01-09 21:00:00+00:00,2023-01-09T16:00:00-05:00,False,True,17221.29,OK
2023-01-10,True,2023-01-10 21:00:00+00:00,2023-01-10T16:00:00-05:00,False,True,17477.95,OK
2023-01-11,True,2023-01-11 21:00:00+00:00,2023-01-11T16:00:00-05:00,False,True,17550.57,OK
2023-01-12,True,2023-01-12 21:00:00+00:00,2023-01-12T16:00:00-05:00,False,True,19048.95,OK
2023-01-13,True,2023-01-13 21:00:00+00:00,2023-01-13T16:00:00-05:00,False,True,19474.82,OK
2023-01-17,True,2023-01-17 21:00:00+00:00,2023-01-17T16:00:00-05:00,False,True,21391.82,OK
2023-01-18,True,2023-01-18 21:00:00+00:00,2023-01-18T16:00:00-05:00,False,True,20731.35,OK
2023-01-19,True,2023-01-19 21:00:00+00:00,2023-01-19T16:00:00-05:00,False,True,21102.44,OK
2023-01-20,True,2023-01-20 21:00:00+00:00,2023-01-20T16:00:00-05:00,False,True,22288.91,OK
2023-01-23,True,2023-01-23 21:00:00+00:00,2023-01-23T16:00:00-05:00,False,True,23020.53,OK
2023-01-24,True,2023-01-24 21:00:00+00:00,2023-01-24T16:00:00-05:00,False,True,23009.3,OK
2023-01-25,True,2023-01-25 21:00:00+00:00,2023-01-25T16:00:00-05:00,False,True,22935.92,OK
2023-01-26,True,2023-01-26 21:00:00+00:00,2023-01-26T16:00:00-05:00,False,True,23110.98,OK
2023-01-27,True,2023-01-27 21:00:00+00:00,2023-01-27T16:00:00-05:00,False,True,23108.82,OK
2023-01-30,True,2023-01-30 21:00:00+00:00,2023-01-30T16:00:00-05:00,False,True,22697.83,OK
2023-01-31,True,2023-01-31 21:00:00+00:00,2023-01-31T16:00:00-05:00,False,True,23095.41,OK
2023-02-01,True,2023-02-01 21:00:00+00:00,2023-02-01T16:00:00-05:00,False,True,23571.72,OK
2023-02-02,True,2023-02-02 21:00:00+00:00,2023-02-02T16:00:00-05:00,False,True,23872.76,OK
2023-02-03,True,2023-02-03 21:00:00+00:00,2023-02-03T16:00:00-05:00,False,True,23337.66,OK
2023-02-06,True,2023-02-06 21:00:00+00:00,2023-02-06T16:00:00-05:00,False,True,23004.61,OK
2023-02-07,True,2023-02-07 21:00:00+00:00,2023-02-07T16:00:00-05:00,False,True,23194.36,OK
2023-02-08,True,2023-02-08 21:00:00+00:00,2023-02-08T16:00:00-05:00,False,True,22829.87,OK
2023-02-09,True,2023-02-09 21:00:00+00:00,2023-02-09T16:00:00-05:00,False,True,21994.21,OK
2023-02-10,True,2023-02-10 21:00:00+00:00,2023-02-10T16:00:00-05:00,False,True,21725.39,OK
2023-02-13,True,2023-02-13 21:00:00+00:00,2023-02-13T16:00:00-05:00,False,True,21663.57,OK
2023-02-14,True,2023-02-14 21:00:00+00:00,2023-02-14T16:00:00-05:00,False,True,22250.47,OK
2023-02-15,True,2023-02-15 21:00:00+00:00,2023-02-15T16:00:00-05:00,False,True,24146.6,OK
2023-02-16,True,2023-02-16 21:00:00+00:00,2023-02-16T16:00:00-05:00,False,True,24565.36,OK
2023-02-17,True,2023-02-17 21:00:00+00:00,2023-02-17T16:00:00-05:00,False,True,24820.92,OK
2023-02-21,True,2023-02-21 21:00:00+00:00,2023-02-21T16:00:00-05:00,False,True,24464.31,OK
2023-02-22,True,2023-02-22 21:00:00+00:00,2023-02-22T16:00:00-05:00,False,True,23798.25,OK
2023-02-23,True,2023-02-23 21:00:00+00:00,2023-02-23T16:00:00-05:00,False,True,23943.8,OK
2023-02-24,True,2023-02-24 21:00:00+00:00,2023-02-24T16:00:00-05:00,False,True,23213.62,OK
2023-02-27,True,2023-02-27 21:00:00+00:00,2023-02-27T16:00:00-05:00,False,True,23320.38,OK
2023-02-28,True,2023-02-28 21:00:00+00:00,2023-02-28T16:00:00-05:00,False,True,23270.59,OK
2023-03-01,True,2023-03-01 21:00:00+00:00,2023-03-01T16:00:00-05:00,False,True,23421.23,OK
2023-03-02,True,2023-03-02 21:00:00+00:00,2023-03-02T16:00:00-05:00,False,True,23467.64,OK
2023-03-03,True,2023-03-03 21:00:00+00:00,2023-03-03T16:00:00-05:00,False,True,22307.08,OK
2023-03-06,True,2023-03-06 21:00:00+00:00,2023-03-06T16:00:00-05:00,False,True,22352.17,OK
2023-03-07,True,2023-03-07 21:00:00+00:00,2023-03-07T16:00:00-05:00,False,True,22055.64,OK
2023-03-08,True,2023-03-08 21:00:00+00:00,2023-03-08T16:00:00-05:00,False,True,22099.95,OK
2023-03-09,True,2023-03-09 21:00:00+00:00,2023-03-09T16:00:00-05:00,False,True,20119.83,OK
2023-03-10,True,2023-03-10 21:00:00+00:00,2023-03-10T16:00:00-05:00,False,True,19969.31,OK
2023-03-13,True,2023-03-13 20:00:00+00:00,2023-03-13T16:00:00-04:00,False,True,24277.25,OK
2023-03-14,True,2023-03-14 20:00:00+00:00,2023-03-14T16:00:00-04:00,False,True,25048.39,OK
2023-03-15,True,2023-03-15 20:00:00+00:00,2023-03-15T16:00:00-04:00,False,True,24369.97,OK
2023-03-16,True,2023-03-16 20:00:00+00:00,2023-03-16T16:00:00-04:00,False,True,24953.21,OK
2023-03-17,True,2023-03-17 20:00:00+00:00,2023-03-17T16:00:00-04:00,False,True,26834.87,OK
2023-03-20,True,2023-03-20 20:00:00+00:00,2023-03-20T16:00:00-04:00,False,True,27784.57,OK
2023-03-21,True,2023-03-21 20:00:00+00:00,2023-03-21T16:00:00-04:00,False,True,28126.85,OK
2023-03-22,True,2023-03-22 20:00:00+00:00,2023-03-22T16:00:00-04:00,False,True,26668.8,OK
2023-03-23,True,2023-03-23 20:00:00+00:00,2023-03-23T16:00:00-04:00,False,True,28369.82,OK
2023-03-24,True,2023-03-24 20:00:00+00:00,2023-03-24T16:00:00-04:00,False,True,27821.59,OK
2023-03-27,True,2023-03-27 20:00:00+00:00,2023-03-27T16:00:00-04:00,False,True,26968.93,OK
2023-03-28,True,2023-03-28 20:00:00+00:00,2023-03-28T16:00:00-04:00,False,True,27425.98,OK
2023-03-29,True,2023-03-29 20:00:00+00:00,2023-03-29T16:00:00-04:00,False,True,28419.49,OK
2023-03-30,True,2023-03-30 20:00:00+00:00,2023-03-30T16:00:00-04:00,False,True,27986.1,OK
2023-03-31,True,2023-03-31 20:00:00+00:00,2023-03-31T16:00:00-04:00,False,True,28469.31,OK
2023-04-03,True,2023-04-03 20:00:00+00:00,2023-04-03T16:00:00-04:00,False,True,28081.08,OK
2023-04-04,True,2023-04-04 20:00:00+00:00,2023-04-04T16:00:00-04:00,False,True,28189.25,OK
2023-04-05,True,2023-04-05 20:00:00+00:00,2023-04-05T16:00:00-04:00,False,True,28240.64,OK
2023-04-06,True,2023-04-06 20:00:00+00:00,2023-04-06T16:00:00-04:00,False,True,28017.77,OK
2023-04-10,True,2023-04-10 20:00:00+00:00,2023-04-10T16:00:00-04:00,False,True,29173.05,OK
2023-04-11,True,2023-04-11 20:00:00+00:00,2023-04-11T16:00:00-04:00,False,True,30130.02,OK
2023-04-12,True,2023-04-12 20:00:00+00:00,2023-04-12T16:00:00-04:00,False,True,29798.59,OK
2023-04-13,True,2023-04-13 20:00:00+00:00,2023-04-13T16:00:00-04:00,False,True,30335.13,OK
2023-04-14,True,2023-04-14 20:00:00+00:00,2023-04-14T16:00:00-04:00,False,True,30324.09,OK
2023-04-17,True,2023-04-17 20:00:00+00:00,2023-04-17T16:00:00-04:00,False,True,29467.25,OK
2023-04-18,True,2023-04-18 20:00:00+00:00,2023-04-18T16:00:00-04:00,False,True,30221.53,OK
2023-04-19,True,2023-04-19 20:00:00+00:00,2023-04-19T16:00:00-04:00,False,True,29227.06,OK
2023-04-20,True,2023-04-20 20:00:00+00:00,2023-04-20T16:00:00-04:00,False,True,28104.38,OK
2023-04-21,True,2023-04-21 20:00:00+00:00,2023-04-21T16:00:00-04:00,False,True,27279.9,OK
2023-04-24,True,2023-04-24 20:00:00+00:00,2023-04-24T16:00:00-04:00,False,True,27383.28,OK
2023-04-25,True,2023-04-25 20:00:00+00:00,2023-04-25T16:00:00-04:00,False,True,27611.39,OK
2023-04-26,True,2023-04-26 20:00:00+00:00,2023-04-26T16:00:00-04:00,False,True,27884.25,OK
2023-04-27,True,2023-04-27 20:00:00+00:00,2023-04-27T16:00:00-04:00,False,True,29673.98,OK
2023-04-28,True,2023-04-28 20:00:00+00:00,2023-04-28T16:00:00-04:00,False,True,29328.53,OK
2023-05-01,True,2023-05-01 20:00:00+00:00,2023-05-01T16:00:00-04:00,False,True,27843.35,OK
2023-05-02,True,2023-05-02 20:00:00+00:00,2023-05-02T16:00:00-04:00,False,True,28686.13,OK
2023-05-03,True,2023-05-03 20:00:00+00:00,2023-05-03T16:00:00-04:00,False,True,28322.97,OK
2023-05-04,True,2023-05-04 20:00:00+00:00,2023-05-04T16:00:00-04:00,False,True,28895.31,OK
2023-05-05,True,2023-05-05 20:00:00+00:00,2023-05-05T16:00:00-04:00,False,True,29561.66,OK
2023-05-08,True,2023-05-08 20:00:00+00:00,2023-05-08T16:00:00-04:00,False,True,27340.72,OK
2023-05-09,True,2023-05-09 20:00:00+00:00,2023-05-09T16:00:00-04:00,False,True,27716.32,OK
2023-05-10,True,2023-05-10 20:00:00+00:00,2023-05-10T16:00:00-04:00,False,True,27692.27,OK
2023-05-11,True,2023-05-11 20:00:00+00:00,2023-05-11T16:00:00-04:00,False,True,26843.06,OK
2023-05-12,True,2023-05-12 20:00:00+00:00,2023-05-12T16:00:00-04:00,False,True,26459.63,OK
2023-05-15,True,2023-05-15 20:00:00+00:00,2023-05-15T16:00:00-04:00,False,True,27418.24,OK
2023-05-16,True,2023-05-16 20:00:00+00:00,2023-05-16T16:00:00-04:00,False,True,26933.06,OK
2023-05-17,True,2023-05-17 20:00:00+00:00,2023-05-17T16:00:00-04:00,False,True,27385.09,OK
2023-05-18,True,2023-05-18 20:00:00+00:00,2023-05-18T16:00:00-04:00,False,True,26734.01,OK
2023-05-19,True,2023-05-19 20:00:00+00:00,2023-05-19T16:00:00-04:00,False,True,26834.47,OK
2023-05-22,True,2023-05-22 20:00:00+00:00,2023-05-22T16:00:00-04:00,False,True,26862.43,OK
2023-05-23,True,2023-05-23 20:00:00+00:00,2023-05-23T16:00:00-04:00,False,True,27181.23,OK
2023-05-24,True,2023-05-24 20:00:00+00:00,2023-05-24T16:00:00-04:00,False,True,26252.34,OK
2023-05-25,True,2023-05-25 20:00:00+00:00,2023-05-25T16:00:00-04:00,False,True,26468.67,OK
2023-05-26,True,2023-05-26 20:00:00+00:00,2023-05-26T16:00:00-04:00,False,True,26767.22,OK
2023-05-30,True,2023-05-30 20:00:00+00:00,2023-05-30T16:00:00-04:00,False,True,27850.21,OK
2023-05-31,True,2023-05-31 20:00:00+00:00,2023-05-31T16:00:00-04:00,False,True,27010.57,OK
2023-06-01,True,2023-06-01 20:00:00+00:00,2023-06-01T16:00:00-04:00,False,True,26862.68,OK
2023-06-02,True,2023-06-02 20:00:00+00:00,2023-06-02T16:00:00-04:00,False,True,27239.03,OK
2023-06-05,True,2023-06-05 20:00:00+00:00,2023-06-05T16:00:00-04:00,False,True,25630.0,OK
2023-06-06,True,2023-06-06 20:00:00+00:00,2023-06-06T16:00:00-04:00,False,True,27080.12,OK
2023-06-07,True,2023-06-07 20:00:00+00:00,2023-06-07T16:00:00-04:00,False,True,26482.43,OK
2023-06-08,True,2023-06-08 20:00:00+00:00,2023-06-08T16:00:00-04:00,False,True,26539.86,OK
2023-06-09,True,2023-06-09 20:00:00+00:00,2023-06-09T16:00:00-04:00,False,True,26407.15,OK
2023-06-12,True,2023-06-12 20:00:00+00:00,2023-06-12T16:00:00-04:00,False,True,25824.23,OK
2023-06-13,True,2023-06-13 20:00:00+00:00,2023-06-13T16:00:00-04:00,False,True,25902.83,OK
2023-06-14,True,2023-06-14 20:00:00+00:00,2023-06-14T16:00:00-04:00,False,True,25874.58,OK
2023-06-15,True,2023-06-15 20:00:00+00:00,2023-06-15T16:00:00-04:00,False,True,25455.49,OK
2023-06-16,True,2023-06-16 20:00:00+00:00,2023-06-16T16:00:00-04:00,False,True,26382.43,OK
2023-06-20,True,2023-06-20 20:00:00+00:00,2023-06-20T16:00:00-04:00,False,True,27982.77,OK
2023-06-21,True,2023-06-21 20:00:00+00:00,2023-06-21T16:00:00-04:00,False,True,30112.02,OK
2023-06-22,True,2023-06-22 20:00:00+00:00,2023-06-22T16:00:00-04:00,False,True,30213.11,OK
2023-06-23,True,2023-06-23 20:00:00+00:00,2023-06-23T16:00:00-04:00,False,True,30880.88,OK
2023-06-26,True,2023-06-26 20:00:00+00:00,2023-06-26T16:00:00-04:00,False,True,30243.97,OK
2023-06-27,True,2023-06-27 20:00:00+00:00,2023-06-27T16:00:00-04:00,False,True,30648.03,OK
2023-06-28,True,2023-06-28 20:00:00+00:00,2023-06-28T16:00:00-04:00,False,True,30099.99,OK
2023-06-29,True,2023-06-29 20:00:00+00:00,2023-06-29T16:00:00-04:00,False,True,30584.99,OK
2023-06-30,True,2023-06-30 20:00:00+00:00,2023-06-30T16:00:00-04:00,False,True,30372.37,OK
2023-07-03,True,2023-07-03 17:00:00+00:00,2023-07-03T13:00:00-04:00,True,True,31042.21,OK
2023-07-05,True,2023-07-05 20:00:00+00:00,2023-07-05T16:00:00-04:00,False,True,30431.95,OK
2023-07-06,True,2023-07-06 20:00:00+00:00,2023-07-06T16:00:00-04:00,False,True,30309.88,OK
2023-07-07,True,2023-07-07 20:00:00+00:00,2023-07-07T16:00:00-04:00,False,True,30246.21,OK
2023-07-10,True,2023-07-10 20:00:00+00:00,2023-07-10T16:00:00-04:00,False,True,30837.4,OK
2023-07-11,True,2023-07-11 20:00:00+00:00,2023-07-11T16:00:00-04:00,False,True,30582.0,OK
2023-07-12,True,2023-07-12 20:00:00+00:00,2023-07-12T16:00:00-04:00,False,True,30287.48,OK
2023-07-13,True,2023-07-13 20:00:00+00:00,2023-07-13T16:00:00-04:00,False,True,31606.0,OK
2023-07-14,True,2023-07-14 20:00:00+00:00,2023-07-14T16:00:00-04:00,False,True,30115.18,OK
2023-07-17,True,2023-07-17 20:00:00+00:00,2023-07-17T16:00:00-04:00,False,True,29884.4,OK
2023-07-18,True,2023-07-18 20:00:00+00:00,2023-07-18T16:00:00-04:00,False,True,29715.98,OK
2023-07-19,True,2023-07-19 20:00:00+00:00,2023-07-19T16:00:00-04:00,False,True,30044.31,OK
2023-07-20,True,2023-07-20 20:00:00+00:00,2023-07-20T16:00:00-04:00,False,True,29756.0,OK
2023-07-21,True,2023-07-21 20:00:00+00:00,2023-07-21T16:00:00-04:00,False,True,29875.99,OK
2023-07-24,True,2023-07-24 20:00:00+00:00,2023-07-24T16:00:00-04:00,False,True,29117.99,OK
2023-07-25,True,2023-07-25 20:00:00+00:00,2023-07-25T16:00:00-04:00,False,True,29198.82,OK
2023-07-26,True,2023-07-26 20:00:00+00:00,2023-07-26T16:00:00-04:00,False,True,29401.93,OK
2023-07-27,True,2023-07-27 20:00:00+00:00,2023-07-27T16:00:00-04:00,False,True,29163.83,OK
2023-07-28,True,2023-07-28 20:00:00+00:00,2023-07-28T16:00:00-04:00,False,True,29316.0,OK
2023-07-31,True,2023-07-31 20:00:00+00:00,2023-07-31T16:00:00-04:00,False,True,29157.49,OK
2023-08-01,True,2023-08-01 20:00:00+00:00,2023-08-01T16:00:00-04:00,False,True,29274.42,OK
2023-08-02,True,2023-08-02 20:00:00+00:00,2023-08-02T16:00:00-04:00,False,True,29151.57,OK
2023-08-03,True,2023-08-03 20:00:00+00:00,2023-08-03T16:00:00-04:00,False,True,29281.32,OK
2023-08-04,True,2023-08-04 20:00:00+00:00,2023-08-04T16:00:00-04:00,False,True,29032.05,OK
2023-08-07,True,2023-08-07 20:00:00+00:00,2023-08-07T16:00:00-04:00,False,True,29154.91,OK
2023-08-08,True,2023-08-08 20:00:00+00:00,2023-08-08T16:00:00-04:00,False,True,29884.23,OK
2023-08-09,True,2023-08-09 20:00:00+00:00,2023-08-09T16:00:00-04:00,False,True,29416.21,OK
2023-08-10,True,2023-08-10 20:00:00+00:00,2023-08-10T16:00:00-04:00,False,True,29444.52,OK
2023-08-11,True,2023-08-11 20:00:00+00:00,2023-08-11T16:00:00-04:00,False,True,29396.76,OK
2023-08-14,True,2023-08-14 20:00:00+00:00,2023-08-14T16:00:00-04:00,False,True,29360.54,OK
2023-08-15,True,2023-08-15 20:00:00+00:00,2023-08-15T16:00:00-04:00,False,True,29181.73,OK
2023-08-16,True,2023-08-16 20:00:00+00:00,2023-08-16T16:00:00-04:00,False,True,29111.69,OK
2023-08-17,True,2023-08-17 20:00:00+00:00,2023-08-17T16:00:00-04:00,False,True,27894.0,OK
2023-08-18,True,2023-08-18 20:00:00+00:00,2023-08-18T16:00:00-04:00,False,True,26065.01,OK
2023-08-21,True,2023-08-21 20:00:00+00:00,2023-08-21T16:00:00-04:00,False,True,26097.73,OK
2023-08-22,True,2023-08-22 20:00:00+00:00,2023-08-22T16:00:00-04:00,False,True,25780.0,OK
2023-08-23,True,2023-08-23 20:00:00+00:00,2023-08-23T16:00:00-04:00,False,True,26632.01,OK
2023-08-24,True,2023-08-24 20:00:00+00:00,2023-08-24T16:00:00-04:00,False,True,26039.44,OK
2023-08-25,True,2023-08-25 20:00:00+00:00,2023-08-25T16:00:00-04:00,False,True,25972.37,OK
2023-08-28,True,2023-08-28 20:00:00+00:00,2023-08-28T16:00:00-04:00,False,True,25996.27,OK
2023-08-29,True,2023-08-29 20:00:00+00:00,2023-08-29T16:00:00-04:00,False,True,27831.33,OK
2023-08-30,True,2023-08-30 20:00:00+00:00,2023-08-30T16:00:00-04:00,False,True,27178.27,OK
2023-08-31,True,2023-08-31 20:00:00+00:00,2023-08-31T16:00:00-04:00,False,True,26162.79,OK
2023-09-01,True,2023-09-01 20:00:00+00:00,2023-09-01T16:00:00-04:00,False,True,25645.65,OK
2023-09-05,True,2023-09-05 20:00:00+00:00,2023-09-05T16:00:00-04:00,False,True,25683.93,OK
2023-09-06,True,2023-09-06 20:00:00+00:00,2023-09-06T16:00:00-04:00,False,True,25689.54,OK
2023-09-07,True,2023-09-07 20:00:00+00:00,2023-09-07T16:00:00-04:00,False,True,25880.01,OK
2023-09-08,True,2023-09-08 20:00:00+00:00,2023-09-08T16:00:00-04:00,False,True,25895.63,OK
2023-09-11,True,2023-09-11 20:00:00+00:00,2023-09-11T16:00:00-04:00,False,True,25020.66,OK
2023-09-12,True,2023-09-12 20:00:00+00:00,2023-09-12T16:00:00-04:00,False,True,26066.34,OK
2023-09-13,True,2023-09-13 20:00:00+00:00,2023-09-13T16:00:00-04:00,False,True,26140.0,OK
2023-09-14,True,2023-09-14 20:00:00+00:00,2023-09-14T16:00:00-04:00,False,True,26678.13,OK
2023-09-15,True,2023-09-15 20:00:00+00:00,2023-09-15T16:00:00-04:00,False,True,26397.38,OK
2023-09-18,True,2023-09-18 20:00:00+00:00,2023-09-18T16:00:00-04:00,False,True,26814.78,OK
2023-09-19,True,2023-09-19 20:00:00+00:00,2023-09-19T16:00:00-04:00,False,True,27185.43,OK
2023-09-20,True,2023-09-20 20:00:00+00:00,2023-09-20T16:00:00-04:00,False,True,26930.62,OK
2023-09-21,True,2023-09-21 20:00:00+00:00,2023-09-21T16:00:00-04:00,False,True,26599.95,OK
2023-09-22,True,2023-09-22 20:00:00+00:00,2023-09-22T16:00:00-04:00,False,True,26540.1,OK
2023-09-25,True,2023-09-25 20:00:00+00:00,2023-09-25T16:00:00-04:00,False,True,26331.84,OK
2023-09-26,True,2023-09-26 20:00:00+00:00,2023-09-26T16:00:00-04:00,False,True,26247.7,OK
2023-09-27,True,2023-09-27 20:00:00+00:00,2023-09-27T16:00:00-04:00,False,True,26267.81,OK
2023-09-28,True,2023-09-28 20:00:00+00:00,2023-09-28T16:00:00-04:00,False,True,27100.0,OK
2023-09-29,True,2023-09-29 20:00:00+00:00,2023-09-29T16:00:00-04:00,False,True,26926.53,OK
2023-10-02,True,2023-10-02 20:00:00+00:00,2023-10-02T16:00:00-04:00,False,True,27965.0,OK
2023-10-03,True,2023-10-03 20:00:00+00:00,2023-10-03T16:00:00-04:00,False,True,27275.0,OK
2023-10-04,True,2023-10-04 20:00:00+00:00,2023-10-04T16:00:00-04:00,False,True,27618.1,OK
2023-10-05,True,2023-10-05 20:00:00+00:00,2023-10-05T16:00:00-04:00,False,True,27471.28,OK
2023-10-06,True,2023-10-06 20:00:00+00:00,2023-10-06T16:00:00-04:00,False,True,27952.35,OK
2023-10-09,True,2023-10-09 20:00:00+00:00,2023-10-09T16:00:00-04:00,False,True,27616.66,OK
2023-10-10,True,2023-10-10 20:00:00+00:00,2023-10-10T16:00:00-04:00,False,True,27397.31,OK
2023-10-11,True,2023-10-11 20:00:00+00:00,2023-10-11T16:00:00-04:00,False,True,26763.19,OK
2023-10-12,True,2023-10-12 20:00:00+00:00,2023-10-12T16:00:00-04:00,False,True,26712.91,OK
2023-10-13,True,2023-10-13 20:00:00+00:00,2023-10-13T16:00:00-04:00,False,True,26778.57,OK
2023-10-16,True,2023-10-16 20:00:00+00:00,2023-10-16T16:00:00-04:00,False,True,28468.86,OK
2023-10-17,True,2023-10-17 20:00:00+00:00,2023-10-17T16:00:00-04:00,False,True,28516.47,OK
2023-10-18,True,2023-10-18 20:00:00+00:00,2023-10-18T16:00:00-04:00,False,True,28245.63,OK
2023-10-19,True,2023-10-19 20:00:00+00:00,2023-10-19T16:00:00-04:00,False,True,28750.75,OK
2023-10-20,True,2023-10-20 20:00:00+00:00,2023-10-20T16:00:00-04:00,False,True,29561.4,OK
2023-10-23,True,2023-10-23 20:00:00+00:00,2023-10-23T16:00:00-04:00,False,True,31354.42,OK
2023-10-24,True,2023-10-24 20:00:00+00:00,2023-10-24T16:00:00-04:00,False,True,33796.5,OK
2023-10-25,True,2023-10-25 20:00:00+00:00,2023-10-25T16:00:00-04:00,False,True,34738.54,OK
2023-10-26,True,2023-10-26 20:00:00+00:00,2023-10-26T16:00:00-04:00,False,True,34044.02,OK
2023-10-27,True,2023-10-27 20:00:00+00:00,2023-10-27T16:00:00-04:00,False,True,33698.54,OK
2023-10-30,True,2023-10-30 20:00:00+00:00,2023-10-30T16:00:00-04:00,False,True,34432.12,OK
2023-10-31,True,2023-10-31 20:00:00+00:00,2023-10-31T16:00:00-04:00,False,True,34540.3,OK
2023-11-01,True,2023-11-01 20:00:00+00:00,2023-11-01T16:00:00-04:00,False,True,34557.67,OK
2023-11-02,True,2023-11-02 20:00:00+00:00,2023-11-02T16:00:00-04:00,False,True,35000.0,OK
2023-11-03,True,2023-11-03 20:00:00+00:00,2023-11-03T16:00:00-04:00,False,True,34530.71,OK
2023-11-06,True,2023-11-06 21:00:00+00:00,2023-11-06T16:00:00-05:00,False,True,35022.45,OK
2023-11-07,True,2023-11-07 21:00:00+00:00,2023-11-07T16:00:00-05:00,False,True,35618.53,OK
2023-11-08,True,2023-11-08 21:00:00+00:00,2023-11-08T16:00:00-05:00,False,True,35616.92,OK
2023-11-09,True,2023-11-09 21:00:00+00:00,2023-11-09T16:00:00-05:00,False,True,36552.22,OK
2023-11-10,True,2023-11-10 21:00:00+00:00,2023-11-10T16:00:00-05:00,False,True,37231.86,OK
2023-11-13,True,2023-11-13 21:00:00+00:00,2023-11-13T16:00:00-05:00,False,True,36785.18,OK
2023-11-14,True,2023-11-14 21:00:00+00:00,2023-11-14T16:00:00-05:00,False,True,35285.99,OK
2023-11-15,True,2023-11-15 21:00:00+00:00,2023-11-15T16:00:00-05:00,False,True,37531.09,OK
2023-11-16,True,2023-11-16 21:00:00+00:00,2023-11-16T16:00:00-05:00,False,True,35955.02,OK
2023-11-17,True,2023-11-17 21:00:00+00:00,2023-11-17T16:00:00-05:00,False,True,36483.26,OK
2023-11-20,True,2023-11-20 21:00:00+00:00,2023-11-20T16:00:00-05:00,False,True,37548.68,OK
2023-11-21,True,2023-11-21 21:00:00+00:00,2023-11-21T16:00:00-05:00,False,True,36935.89,OK
2023-11-22,True,2023-11-22 21:00:00+00:00,2023-11-22T16:00:00-05:00,False,True,37615.98,OK
2023-11-24,True,2023-11-24 18:00:00+00:00,2023-11-24T13:00:00-05:00,True,True,37850.0,OK
2023-11-27,True,2023-11-27 21:00:00+00:00,2023-11-27T16:00:00-05:00,False,True,36800.01,OK
2023-11-28,True,2023-11-28 21:00:00+00:00,2023-11-28T16:00:00-05:00,False,True,38198.4,OK
2023-11-29,True,2023-11-29 21:00:00+00:00,2023-11-29T16:00:00-05:00,False,True,37672.89,OK
2023-11-30,True,2023-11-30 21:00:00+00:00,2023-11-30T16:00:00-05:00,False,True,37730.93,OK
2023-12-01,True,2023-12-01 21:00:00+00:00,2023-12-01T16:00:00-05:00,False,True,38749.62,OK
2023-12-04,True,2023-12-04 21:00:00+00:00,2023-12-04T16:00:00-05:00,False,True,41764.36,OK
2023-12-05,True,2023-12-05 21:00:00+00:00,2023-12-05T16:00:00-05:00,False,True,43779.77,OK
2023-12-06,True,2023-12-06 21:00:00+00:00,2023-12-06T16:00:00-05:00,False,True,43755.78,OK
2023-12-07,True,2023-12-07 21:00:00+00:00,2023-12-07T16:00:00-05:00,False,True,43235.74,OK
2023-12-08,True,2023-12-08 21:00:00+00:00,2023-12-08T16:00:00-05:00,False,True,44363.99,OK
2023-12-11,True,2023-12-11 21:00:00+00:00,2023-12-11T16:00:00-05:00,False,True,40858.01,OK
2023-12-12,True,2023-12-12 21:00:00+00:00,2023-12-12T16:00:00-05:00,False,True,41229.61,OK
2023-12-13,True,2023-12-13 21:00:00+00:00,2023-12-13T16:00:00-05:00,False,True,42874.88,OK
2023-12-14,True,2023-12-14 21:00:00+00:00,2023-12-14T16:00:00-05:00,False,True,42920.77,OK
2023-12-15,True,2023-12-15 21:00:00+00:00,2023-12-15T16:00:00-05:00,False,True,42220.0,OK
2023-12-18,True,2023-12-18 21:00:00+00:00,2023-12-18T16:00:00-05:00,False,True,41971.09,OK
2023-12-19,True,2023-12-19 21:00:00+00:00,2023-12-19T16:00:00-05:00,False,True,42228.16,OK
2023-12-20,True,2023-12-20 21:00:00+00:00,2023-12-20T16:00:00-05:00,False,True,43441.83,OK
2023-12-21,True,2023-12-21 21:00:00+00:00,2023-12-21T16:00:00-05:00,False,True,43796.8,OK
2023-12-22,True,2023-12-22 21:00:00+00:00,2023-12-22T16:00:00-05:00,False,True,43645.22,OK
2023-12-26,True,2023-12-26 21:00:00+00:00,2023-12-26T16:00:00-05:00,False,True,42135.47,OK
2023-12-27,True,2023-12-27 21:00:00+00:00,2023-12-27T16:00:00-05:00,False,True,43445.32,OK
2023-12-28,True,2023-12-28 21:00:00+00:00,2023-12-28T16:00:00-05:00,False,True,42506.42,OK
2023-12-29,True,2023-12-29 21:00:00+00:00,2023-12-29T16:00:00-05:00,False,True,42026.97,OK
2024-01-02,True,2024-01-02 21:00:00+00:00,2024-01-02T16:00:00-05:00,False,True,44788.27,OK
2024-01-03,True,2024-01-03 21:00:00+00:00,2024-01-03T16:00:00-05:00,False,True,42721.02,OK
2024-01-04,True,2024-01-04 21:00:00+00:00,2024-01-04T16:00:00-05:00,False,True,44113.68,OK
2024-01-05,True,2024-01-05 21:00:00+00:00,2024-01-05T16:00:00-05:00,False,True,43955.07,OK
2024-01-08,True,2024-01-08 21:00:00+00:00,2024-01-08T16:00:00-05:00,False,True,46774.01,OK
2024-01-09,True,2024-01-09 21:00:00+00:00,2024-01-09T16:00:00-05:00,False,True,46642.53,OK
2024-01-10,True,2024-01-10 21:00:00+00:00,2024-01-10T16:00:00-05:00,False,True,46127.0,OK
2024-01-11,True,2024-01-11 21:00:00+00:00,2024-01-11T16:00:00-05:00,False,True,46241.91,OK
2024-01-12,True,2024-01-12 21:00:00+00:00,2024-01-12T16:00:00-05:00,False,True,43653.39,OK
2024-01-16,True,2024-01-16 21:00:00+00:00,2024-01-16T16:00:00-05:00,False,True,43200.01,OK
2024-01-17,True,2024-01-17 21:00:00+00:00,2024-01-17T16:00:00-05:00,False,True,42722.9,OK
2024-01-18,True,2024-01-18 21:00:00+00:00,2024-01-18T16:00:00-05:00,False,True,40835.6,OK
2024-01-19,True,2024-01-19 21:00:00+00:00,2024-01-19T16:00:00-05:00,False,True,41619.99,OK
2024-01-22,True,2024-01-22 21:00:00+00:00,2024-01-22T16:00:00-05:00,False,True,40181.2,OK
2024-01-23,True,2024-01-23 21:00:00+00:00,2024-01-23T16:00:00-05:00,False,True,39175.07,OK
2024-01-24,True,2024-01-24 21:00:00+00:00,2024-01-24T16:00:00-05:00,False,True,39544.4,OK
2024-01-25,True,2024-01-25 21:00:00+00:00,2024-01-25T16:00:00-05:00,False,True,39838.3,OK
2024-01-26,True,2024-01-26 21:00:00+00:00,2024-01-26T16:00:00-05:00,False,True,41977.18,OK
2024-01-29,True,2024-01-29 21:00:00+00:00,2024-01-29T16:00:00-05:00,False,True,43147.61,OK
2024-01-30,True,2024-01-30 21:00:00+00:00,2024-01-30T16:00:00-05:00,False,True,43561.1,OK
2024-01-31,True,2024-01-31 21:00:00+00:00,2024-01-31T16:00:00-05:00,False,True,42541.19,OK
2024-02-01,True,2024-02-01 21:00:00+00:00,2024-02-01T16:00:00-05:00,False,True,43011.83,OK
2024-02-02,True,2024-02-02 21:00:00+00:00,2024-02-02T16:00:00-05:00,False,True,42952.65,OK
2024-02-05,True,2024-02-05 21:00:00+00:00,2024-02-05T16:00:00-05:00,False,True,42426.0,OK
2024-02-06,True,2024-02-06 21:00:00+00:00,2024-02-06T16:00:00-05:00,False,True,43095.67,OK
2024-02-07,True,2024-02-07 21:00:00+00:00,2024-02-07T16:00:00-05:00,False,True,44131.37,OK
2024-02-08,True,2024-02-08 21:00:00+00:00,2024-02-08T16:00:00-05:00,False,True,45496.2,OK
2024-02-09,True,2024-02-09 21:00:00+00:00,2024-02-09T16:00:00-05:00,False,True,47511.3,OK
2024-02-12,True,2024-02-12 21:00:00+00:00,2024-02-12T16:00:00-05:00,False,True,50162.97,OK
2024-02-13,True,2024-02-13 21:00:00+00:00,2024-02-13T16:00:00-05:00,False,True,49399.4,OK
2024-02-14,True,2024-02-14 21:00:00+00:00,2024-02-14T16:00:00-05:00,False,True,51686.15,OK
2024-02-15,True,2024-02-15 21:00:00+00:00,2024-02-15T16:00:00-05:00,False,True,51686.0,OK
2024-02-16,True,2024-02-16 21:00:00+00:00,2024-02-16T16:00:00-05:00,False,True,51838.0,OK
2024-02-20,True,2024-02-20 21:00:00+00:00,2024-02-20T16:00:00-05:00,False,True,51990.62,OK
2024-02-21,True,2024-02-21 21:00:00+00:00,2024-02-21T16:00:00-05:00,False,True,50957.94,OK
2024-02-22,True,2024-02-22 21:00:00+00:00,2024-02-22T16:00:00-05:00,False,True,51995.59,OK
2024-02-23,True,2024-02-23 21:00:00+00:00,2024-02-23T16:00:00-05:00,False,True,51079.2,OK
2024-02-26,True,2024-02-26 21:00:00+00:00,2024-02-26T16:00:00-05:00,False,True,54448.1,OK
2024-02-27,True,2024-02-27 21:00:00+00:00,2024-02-27T16:00:00-05:00,False,True,56967.89,OK
2024-02-28,True,2024-02-28 21:00:00+00:00,2024-02-28T16:00:00-05:00,False,True,60403.2,OK
2024-02-29,True,2024-02-29 21:00:00+00:00,2024-02-29T16:00:00-05:00,False,True,61934.73,OK
2024-03-01,True,2024-03-01 21:00:00+00:00,2024-03-01T16:00:00-05:00,False,True,62861.1,OK
2024-03-04,True,2024-03-04 21:00:00+00:00,2024-03-04T16:00:00-05:00,False,True,67427.17,OK
2024-03-05,True,2024-03-05 21:00:00+00:00,2024-03-05T16:00:00-05:00,False,True,61886.32,OK
2024-03-06,True,2024-03-06 21:00:00+00:00,2024-03-06T16:00:00-05:00,False,True,66888.23,OK
2024-03-07,True,2024-03-07 21:00:00+00:00,2024-03-07T16:00:00-05:00,False,True,67537.67,OK
2024-03-08,True,2024-03-08 21:00:00+00:00,2024-03-08T16:00:00-05:00,False,True,69071.99,OK
2024-03-11,True,2024-03-11 20:00:00+00:00,2024-03-11T16:00:00-04:00,False,True,71970.0,OK
2024-03-12,True,2024-03-12 20:00:00+00:00,2024-03-12T16:00:00-04:00,False,True,71349.99,OK
2024-03-13,True,2024-03-13 20:00:00+00:00,2024-03-13T16:00:00-04:00,False,True,73349.24,OK
2024-03-14,True,2024-03-14 20:00:00+00:00,2024-03-14T16:00:00-04:00,False,True,69415.09,OK
2024-03-15,True,2024-03-15 20:00:00+00:00,2024-03-15T16:00:00-04:00,False,True,68964.0,OK
2024-03-18,True,2024-03-18 20:00:00+00:00,2024-03-18T16:00:00-04:00,False,True,66936.0,OK
2024-03-19,True,2024-03-19 20:00:00+00:00,2024-03-19T16:00:00-04:00,False,True,64392.0,OK
2024-03-20,True,2024-03-20 20:00:00+00:00,2024-03-20T16:00:00-04:00,False,True,65784.47,OK
2024-03-21,True,2024-03-21 20:00:00+00:00,2024-03-21T16:00:00-04:00,False,True,65223.73,OK
2024-03-22,True,2024-03-22 20:00:00+00:00,2024-03-22T16:00:00-04:00,False,True,63866.94,OK
2024-03-25,True,2024-03-25 20:00:00+00:00,2024-03-25T16:00:00-04:00,False,True,70960.89,OK
2024-03-26,True,2024-03-26 20:00:00+00:00,2024-03-26T16:00:00-04:00,False,True,69477.66,OK
2024-03-27,True,2024-03-27 20:00:00+00:00,2024-03-27T16:00:00-04:00,False,True,68652.01,OK
2024-03-28,True,2024-03-28 20:00:00+00:00,2024-03-28T16:00:00-04:00,False,True,70798.26,OK
2024-04-01,True,2024-04-01 20:00:00+00:00,2024-04-01T16:00:00-04:00,False,True,69648.01,OK
2024-04-02,True,2024-04-02 20:00:00+00:00,2024-04-02T16:00:00-04:00,False,True,65914.91,OK
2024-04-03,True,2024-04-03 20:00:00+00:00,2024-04-03T16:00:00-04:00,False,True,65784.01,OK
2024-04-04,True,2024-04-04 20:00:00+00:00,2024-04-04T16:00:00-04:00,False,True,68500.0,OK
2024-04-05,True,2024-04-05 20:00:00+00:00,2024-04-05T16:00:00-04:00,False,True,67412.41,OK
2024-04-08,True,2024-04-08 20:00:00+00:00,2024-04-08T16:00:00-04:00,False,True,71766.0,OK
2024-04-09,True,2024-04-09 20:00:00+00:00,2024-04-09T16:00:00-04:00,False,True,69000.78,OK
2024-04-10,True,2024-04-10 20:00:00+00:00,2024-04-10T16:00:00-04:00,False,True,70084.0,OK
2024-04-11,True,2024-04-11 20:00:00+00:00,2024-04-11T16:00:00-04:00,False,True,70459.67,OK
2024-04-12,True,2024-04-12 20:00:00+00:00,2024-04-12T16:00:00-04:00,False,True,66843.98,OK
2024-04-15,True,2024-04-15 20:00:00+00:00,2024-04-15T16:00:00-04:00,False,True,63301.11,OK
2024-04-16,True,2024-04-16 20:00:00+00:00,2024-04-16T16:00:00-04:00,False,True,62721.43,OK
2024-04-17,True,2024-04-17 20:00:00+00:00,2024-04-17T16:00:00-04:00,False,True,61022.36,OK
2024-04-18,True,2024-04-18 20:00:00+00:00,2024-04-18T16:00:00-04:00,False,True,63477.04,OK
2024-04-19,True,2024-04-19 20:00:00+00:00,2024-04-19T16:00:00-04:00,False,True,64325.26,OK
2024-04-22,True,2024-04-22 20:00:00+00:00,2024-04-22T16:00:00-04:00,False,True,66524.77,OK
2024-04-23,True,2024-04-23 20:00:00+00:00,2024-04-23T16:00:00-04:00,False,True,66484.43,OK
2024-04-24,True,2024-04-24 20:00:00+00:00,2024-04-24T16:00:00-04:00,False,True,63976.05,OK
2024-04-25,True,2024-04-25 20:00:00+00:00,2024-04-25T16:00:00-04:00,False,True,64747.12,OK
2024-04-26,True,2024-04-26 20:00:00+00:00,2024-04-26T16:00:00-04:00,False,True,63742.07,OK
2024-04-29,True,2024-04-29 20:00:00+00:00,2024-04-29T16:00:00-04:00,False,True,62987.37,OK
2024-04-30,True,2024-04-30 20:00:00+00:00,2024-04-30T16:00:00-04:00,False,True,59292.95,OK
2024-05-01,True,2024-05-01 20:00:00+00:00,2024-05-01T16:00:00-04:00,False,True,56954.46,OK
2024-05-02,True,2024-05-02 20:00:00+00:00,2024-05-02T16:00:00-04:00,False,True,59351.1,OK
2024-05-03,True,2024-05-03 20:00:00+00:00,2024-05-03T16:00:00-04:00,False,True,62067.32,OK
2024-05-06,True,2024-05-06 20:00:00+00:00,2024-05-06T16:00:00-04:00,False,True,63220.0,OK
2024-05-07,True,2024-05-07 20:00:00+00:00,2024-05-07T16:00:00-04:00,False,True,63060.0,OK
2024-05-08,True,2024-05-08 20:00:00+00:00,2024-05-08T16:00:00-04:00,False,True,62179.45,OK
2024-05-09,True,2024-05-09 20:00:00+00:00,2024-05-09T16:00:00-04:00,False,True,62454.92,OK
2024-05-10,True,2024-05-10 20:00:00+00:00,2024-05-10T16:00:00-04:00,False,True,60716.96,OK
2024-05-13,True,2024-05-13 20:00:00+00:00,2024-05-13T16:00:00-04:00,False,True,63172.7,OK
2024-05-14,True,2024-05-14 20:00:00+00:00,2024-05-14T16:00:00-04:00,False,True,61596.51,OK
2024-05-15,True,2024-05-15 20:00:00+00:00,2024-05-15T16:00:00-04:00,False,True,66006.23,OK
2024-05-16,True,2024-05-16 20:00:00+00:00,2024-05-16T16:00:00-04:00,False,True,65186.84,OK
2024-05-17,True,2024-05-17 20:00:00+00:00,2024-05-17T16:00:00-04:00,False,True,67047.99,OK
2024-05-20,True,2024-05-20 20:00:00+00:00,2024-05-20T16:00:00-04:00,False,True,70000.0,OK
2024-05-21,True,2024-05-21 20:00:00+00:00,2024-05-21T16:00:00-04:00,False,True,69285.99,OK
2024-05-22,True,2024-05-22 20:00:00+00:00,2024-05-22T16:00:00-04:00,False,True,69637.48,OK
2024-05-23,True,2024-05-23 20:00:00+00:00,2024-05-23T16:00:00-04:00,False,True,67199.98,OK
2024-05-24,True,2024-05-24 20:00:00+00:00,2024-05-24T16:00:00-04:00,False,True,69115.98,OK
2024-05-28,True,2024-05-28 20:00:00+00:00,2024-05-28T16:00:00-04:00,False,True,68424.28,OK
2024-05-29,True,2024-05-29 20:00:00+00:00,2024-05-29T16:00:00-04:00,False,True,67266.78,OK
2024-05-30,True,2024-05-30 20:00:00+00:00,2024-05-30T16:00:00-04:00,False,True,68653.02,OK
2024-05-31,True,2024-05-31 20:00:00+00:00,2024-05-31T16:00:00-04:00,False,True,67681.0,OK
2024-06-03,True,2024-06-03 20:00:00+00:00,2024-06-03T16:00:00-04:00,False,True,69204.0,OK
2024-06-04,True,2024-06-04 20:00:00+00:00,2024-06-04T16:00:00-04:00,False,True,70423.61,OK
2024-06-05,True,2024-06-05 20:00:00+00:00,2024-06-05T16:00:00-04:00,False,True,71279.95,OK
2024-06-06,True,2024-06-06 20:00:00+00:00,2024-06-06T16:00:00-04:00,False,True,70479.49,OK
2024-06-07,True,2024-06-07 20:00:00+00:00,2024-06-07T16:00:00-04:00,False,True,69255.01,OK
2024-06-10,True,2024-06-10 20:00:00+00:00,2024-06-10T16:00:00-04:00,False,True,69490.81,OK
2024-06-11,True,2024-06-11 20:00:00+00:00,2024-06-11T16:00:00-04:00,False,True,67407.02,OK
2024-06-12,True,2024-06-12 20:00:00+00:00,2024-06-12T16:00:00-04:00,False,True,67532.92,OK
2024-06-13,True,2024-06-13 20:00:00+00:00,2024-06-13T16:00:00-04:00,False,True,66604.01,OK
2024-06-14,True,2024-06-14 20:00:00+00:00,2024-06-14T16:00:00-04:00,False,True,65520.02,OK
2024-06-17,True,2024-06-17 20:00:00+00:00,2024-06-17T16:00:00-04:00,False,True,66691.99,OK
2024-06-18,True,2024-06-18 20:00:00+00:00,2024-06-18T16:00:00-04:00,False,True,64412.18,OK
2024-06-20,True,2024-06-20 20:00:00+00:00,2024-06-20T16:00:00-04:00,False,True,65049.99,OK
2024-06-21,True,2024-06-21 20:00:00+00:00,2024-06-21T16:00:00-04:00,False,True,64232.01,OK
2024-06-24,True,2024-06-24 20:00:00+00:00,2024-06-24T16:00:00-04:00,False,True,59306.72,OK
2024-06-25,True,2024-06-25 20:00:00+00:00,2024-06-25T16:00:00-04:00,False,True,61975.46,OK
2024-06-26,True,2024-06-26 20:00:00+00:00,2024-06-26T16:00:00-04:00,False,True,61000.01,OK
2024-06-27,True,2024-06-27 20:00:00+00:00,2024-06-27T16:00:00-04:00,False,True,61450.0,OK
2024-06-28,True,2024-06-28 20:00:00+00:00,2024-06-28T16:00:00-04:00,False,True,60123.73,OK
2024-07-01,True,2024-07-01 20:00:00+00:00,2024-07-01T16:00:00-04:00,False,True,63226.78,OK
2024-07-02,True,2024-07-02 20:00:00+00:00,2024-07-02T16:00:00-04:00,False,True,61939.1,OK
2024-07-03,True,2024-07-03 17:00:00+00:00,2024-07-03T13:00:00-04:00,True,True,60495.99,OK
2024-07-05,True,2024-07-05 20:00:00+00:00,2024-07-05T16:00:00-04:00,False,True,56465.41,OK
2024-07-08,True,2024-07-08 20:00:00+00:00,2024-07-08T16:00:00-04:00,False,True,56477.3,OK
2024-07-09,True,2024-07-09 20:00:00+00:00,2024-07-09T16:00:00-04:00,False,True,57862.01,OK
2024-07-10,True,2024-07-10 20:00:00+00:00,2024-07-10T16:00:00-04:00,False,True,57392.03,OK
2024-07-11,True,2024-07-11 20:00:00+00:00,2024-07-11T16:00:00-04:00,False,True,57378.0,OK
2024-07-12,True,2024-07-12 20:00:00+00:00,2024-07-12T16:00:00-04:00,False,True,57576.01,OK
2024-07-15,True,2024-07-15 20:00:00+00:00,2024-07-15T16:00:00-04:00,False,True,63342.0,OK
2024-07-16,True,2024-07-16 20:00:00+00:00,2024-07-16T16:00:00-04:00,False,True,65165.42,OK
2024-07-17,True,2024-07-17 20:00:00+00:00,2024-07-17T16:00:00-04:00,False,True,64585.78,OK
2024-07-18,True,2024-07-18 20:00:00+00:00,2024-07-18T16:00:00-04:00,False,True,63555.0,OK
2024-07-19,True,2024-07-19 20:00:00+00:00,2024-07-19T16:00:00-04:00,False,True,67157.25,OK
2024-07-22,True,2024-07-22 20:00:00+00:00,2024-07-22T16:00:00-04:00,False,True,68232.08,OK
2024-07-23,True,2024-07-23 20:00:00+00:00,2024-07-23T16:00:00-04:00,False,True,65536.0,OK
2024-07-24,True,2024-07-24 20:00:00+00:00,2024-07-24T16:00:00-04:00,False,True,65652.01,OK
2024-07-25,True,2024-07-25 20:00:00+00:00,2024-07-25T16:00:00-04:00,False,True,64692.01,OK
2024-07-26,True,2024-07-26 20:00:00+00:00,2024-07-26T16:00:00-04:00,False,True,67990.0,OK
2024-07-29,True,2024-07-29 20:00:00+00:00,2024-07-29T16:00:00-04:00,False,True,67303.05,OK
2024-07-30,True,2024-07-30 20:00:00+00:00,2024-07-30T16:00:00-04:00,False,True,65931.03,OK
2024-07-31,True,2024-07-31 20:00:00+00:00,2024-07-31T16:00:00-04:00,False,True,65256.83,OK
2024-08-01,True,2024-08-01 20:00:00+00:00,2024-08-01T16:00:00-04:00,False,True,63422.01,OK
2024-08-02,True,2024-08-02 20:00:00+00:00,2024-08-02T16:00:00-04:00,False,True,62633.58,OK
2024-08-05,True,2024-08-05 20:00:00+00:00,2024-08-05T16:00:00-04:00,False,True,53470.08,OK
2024-08-06,True,2024-08-06 20:00:00+00:00,2024-08-06T16:00:00-04:00,False,True,56769.98,OK
2024-08-07,True,2024-08-07 20:00:00+00:00,2024-08-07T16:00:00-04:00,False,True,54760.97,OK
2024-08-08,True,2024-08-08 20:00:00+00:00,2024-08-08T16:00:00-04:00,False,True,59414.52,OK
2024-08-09,True,2024-08-09 20:00:00+00:00,2024-08-09T16:00:00-04:00,False,True,60681.79,OK
2024-08-12,True,2024-08-12 20:00:00+00:00,2024-08-12T16:00:00-04:00,False,True,59043.99,OK
2024-08-13,True,2024-08-13 20:00:00+00:00,2024-08-13T16:00:00-04:00,False,True,60820.16,OK
2024-08-14,True,2024-08-14 20:00:00+00:00,2024-08-14T16:00:00-04:00,False,True,58891.13,OK
2024-08-15,True,2024-08-15 20:00:00+00:00,2024-08-15T16:00:00-04:00,False,True,57046.34,OK
2024-08-16,True,2024-08-16 20:00:00+00:00,2024-08-16T16:00:00-04:00,False,True,59683.39,OK
2024-08-19,True,2024-08-19 20:00:00+00:00,2024-08-19T16:00:00-04:00,False,True,58967.54,OK
2024-08-20,True,2024-08-20 20:00:00+00:00,2024-08-20T16:00:00-04:00,False,True,59512.0,OK
2024-08-21,True,2024-08-21 20:00:00+00:00,2024-08-21T16:00:00-04:00,False,True,61570.0,OK
2024-08-22,True,2024-08-22 20:00:00+00:00,2024-08-22T16:00:00-04:00,False,True,60307.99,OK
2024-08-23,True,2024-08-23 20:00:00+00:00,2024-08-23T16:00:00-04:00,False,True,63628.84,OK
2024-08-26,True,2024-08-26 20:00:00+00:00,2024-08-26T16:00:00-04:00,False,True,63342.99,OK
2024-08-27,True,2024-08-27 20:00:00+00:00,2024-08-27T16:00:00-04:00,False,True,62102.0,OK
2024-08-28,True,2024-08-28 20:00:00+00:00,2024-08-28T16:00:00-04:00,False,True,58898.85,OK
2024-08-29,True,2024-08-29 20:00:00+00:00,2024-08-29T16:00:00-04:00,False,True,59257.99,OK
2024-08-30,True,2024-08-30 20:00:00+00:00,2024-08-30T16:00:00-04:00,False,True,58700.02,OK
2024-09-03,True,2024-09-03 20:00:00+00:00,2024-09-03T16:00:00-04:00,False,True,58045.99,OK
2024-09-04,True,2024-09-04 20:00:00+00:00,2024-09-04T16:00:00-04:00,False,True,58058.0,OK
2024-09-05,True,2024-09-05 20:00:00+00:00,2024-09-05T16:00:00-04:00,False,True,56060.0,OK
2024-09-06,True,2024-09-06 20:00:00+00:00,2024-09-06T16:00:00-04:00,False,True,53534.27,OK
2024-09-09,True,2024-09-09 20:00:00+00:00,2024-09-09T16:00:00-04:00,False,True,57089.53,OK
2024-09-10,True,2024-09-10 20:00:00+00:00,2024-09-10T16:00:00-04:00,False,True,57952.01,OK
2024-09-11,True,2024-09-11 20:00:00+00:00,2024-09-11T16:00:00-04:00,False,True,57585.5,OK
2024-09-12,True,2024-09-12 20:00:00+00:00,2024-09-12T16:00:00-04:00,False,True,58388.0,OK
2024-09-13,True,2024-09-13 20:00:00+00:00,2024-09-13T16:00:00-04:00,False,True,59743.99,OK
2024-09-16,True,2024-09-16 20:00:00+00:00,2024-09-16T16:00:00-04:00,False,True,57943.99,OK
2024-09-17,True,2024-09-17 20:00:00+00:00,2024-09-17T16:00:00-04:00,False,True,59967.98,OK
2024-09-18,True,2024-09-18 20:00:00+00:00,2024-09-18T16:00:00-04:00,False,True,60057.99,OK
2024-09-19,True,2024-09-19 20:00:00+00:00,2024-09-19T16:00:00-04:00,False,True,63251.99,OK
2024-09-20,True,2024-09-20 20:00:00+00:00,2024-09-20T16:00:00-04:00,False,True,62809.13,OK
2024-09-23,True,2024-09-23 20:00:00+00:00,2024-09-23T16:00:00-04:00,False,True,63300.01,OK
2024-09-24,True,2024-09-24 20:00:00+00:00,2024-09-24T16:00:00-04:00,False,True,64292.35,OK
2024-09-25,True,2024-09-25 20:00:00+00:00,2024-09-25T16:00:00-04:00,False,True,63181.51,OK
2024-09-26,True,2024-09-26 20:00:00+00:00,2024-09-26T16:00:00-04:00,False,True,64711.07,OK
2024-09-27,True,2024-09-27 20:00:00+00:00,2024-09-27T16:00:00-04:00,False,True,65657.99,OK
2024-09-30,True,2024-09-30 20:00:00+00:00,2024-09-30T16:00:00-04:00,False,True,63488.0,OK
2024-10-01,True,2024-10-01 20:00:00+00:00,2024-10-01T16:00:00-04:00,False,True,61755.99,OK
2024-10-02,True,2024-10-02 20:00:00+00:00,2024-10-02T16:00:00-04:00,False,True,60190.01,OK
2024-10-03,True,2024-10-03 20:00:00+00:00,2024-10-03T16:00:00-04:00,False,True,61036.0,OK
2024-10-04,True,2024-10-04 20:00:00+00:00,2024-10-04T16:00:00-04:00,False,True,62368.0,OK
2024-10-07,True,2024-10-07 20:00:00+00:00,2024-10-07T16:00:00-04:00,False,True,63381.99,OK
2024-10-08,True,2024-10-08 20:00:00+00:00,2024-10-08T16:00:00-04:00,False,True,62245.99,OK
2024-10-09,True,2024-10-09 20:00:00+00:00,2024-10-09T16:00:00-04:00,False,True,61031.99,OK
2024-10-10,True,2024-10-10 20:00:00+00:00,2024-10-10T16:00:00-04:00,False,True,59727.27,OK
2024-10-11,True,2024-10-11 20:00:00+00:00,2024-10-11T16:00:00-04:00,False,True,63086.0,OK
2024-10-14,True,2024-10-14 20:00:00+00:00,2024-10-14T16:00:00-04:00,False,True,65939.41,OK
2024-10-15,True,2024-10-15 20:00:00+00:00,2024-10-15T16:00:00-04:00,False,True,66970.18,OK
2024-10-16,True,2024-10-16 20:00:00+00:00,2024-10-16T16:00:00-04:00,False,True,67728.01,OK
2024-10-17,True,2024-10-17 20:00:00+00:00,2024-10-17T16:00:00-04:00,False,True,66840.0,OK
2024-10-18,True,2024-10-18 20:00:00+00:00,2024-10-18T16:00:00-04:00,False,True,68608.01,OK
2024-10-21,True,2024-10-21 20:00:00+00:00,2024-10-21T16:00:00-04:00,False,True,67763.99,OK
2024-10-22,True,2024-10-22 20:00:00+00:00,2024-10-22T16:00:00-04:00,False,True,67482.99,OK
2024-10-23,True,2024-10-23 20:00:00+00:00,2024-10-23T16:00:00-04:00,False,True,66472.0,OK
2024-10-24,True,2024-10-24 20:00:00+00:00,2024-10-24T16:00:00-04:00,False,True,68309.79,OK
2024-10-25,True,2024-10-25 20:00:00+00:00,2024-10-25T16:00:00-04:00,False,True,66849.99,OK
2024-10-28,True,2024-10-28 20:00:00+00:00,2024-10-28T16:00:00-04:00,False,True,69629.99,OK
2024-10-29,True,2024-10-29 20:00:00+00:00,2024-10-29T16:00:00-04:00,False,True,72536.38,OK
2024-10-30,True,2024-10-30 20:00:00+00:00,2024-10-30T16:00:00-04:00,False,True,71822.01,OK
2024-10-31,True,2024-10-31 20:00:00+00:00,2024-10-31T16:00:00-04:00,False,True,70092.07,OK
2024-11-01,True,2024-11-01 20:00:00+00:00,2024-11-01T16:00:00-04:00,False,True,69268.0,OK
2024-11-04,True,2024-11-04 21:00:00+00:00,2024-11-04T16:00:00-05:00,False,True,67347.99,OK
2024-11-05,True,2024-11-05 21:00:00+00:00,2024-11-05T16:00:00-05:00,False,True,69446.0,OK
2024-11-06,True,2024-11-06 21:00:00+00:00,2024-11-06T16:00:00-05:00,False,True,76101.98,OK
2024-11-07,True,2024-11-07 21:00:00+00:00,2024-11-07T16:00:00-05:00,False,True,76431.49,OK
2024-11-08,True,2024-11-08 21:00:00+00:00,2024-11-08T16:00:00-05:00,False,True,76591.33,OK
2024-11-11,True,2024-11-11 21:00:00+00:00,2024-11-11T16:00:00-05:00,False,True,86922.66,OK
2024-11-12,True,2024-11-12 21:00:00+00:00,2024-11-12T16:00:00-05:00,False,True,89472.01,OK
2024-11-13,True,2024-11-13 21:00:00+00:00,2024-11-13T16:00:00-05:00,False,True,89692.0,OK
2024-11-14,True,2024-11-14 21:00:00+00:00,2024-11-14T16:00:00-05:00,False,True,87612.67,OK
2024-11-15,True,2024-11-15 21:00:00+00:00,2024-11-15T16:00:00-05:00,False,True,91447.99,OK
2024-11-18,True,2024-11-18 21:00:00+00:00,2024-11-18T16:00:00-05:00,False,True,91473.43,OK
2024-11-19,True,2024-11-19 21:00:00+00:00,2024-11-19T16:00:00-05:00,False,True,92457.99,OK
2024-11-20,True,2024-11-20 21:00:00+00:00,2024-11-20T16:00:00-05:00,False,True,94271.99,OK
2024-11-21,True,2024-11-21 21:00:00+00:00,2024-11-21T16:00:00-05:00,False,True,98118.16,OK
2024-11-22,True,2024-11-22 21:00:00+00:00,2024-11-22T16:00:00-05:00,False,True,99164.0,OK
2024-11-25,True,2024-11-25 21:00:00+00:00,2024-11-25T16:00:00-05:00,False,True,94955.89,OK
2024-11-26,True,2024-11-26 21:00:00+00:00,2024-11-26T16:00:00-05:00,False,True,91036.0,OK
2024-11-27,True,2024-11-27 21:00:00+00:00,2024-11-27T16:00:00-05:00,False,True,96482.96,OK
2024-11-29,True,2024-11-29 18:00:00+00:00,2024-11-29T13:00:00-05:00,True,True,96968.28,OK
2024-12-02,True,2024-12-02 21:00:00+00:00,2024-12-02T16:00:00-05:00,False,True,95666.66,OK
2024-12-03,True,2024-12-03 21:00:00+00:00,2024-12-03T16:00:00-05:00,False,True,95615.06,OK
2024-12-04,True,2024-12-04 21:00:00+00:00,2024-12-04T16:00:00-05:00,False,True,98747.96,OK
2024-12-05,True,2024-12-05 21:00:00+00:00,2024-12-05T16:00:00-05:00,False,True,99072.84,OK
2024-12-06,True,2024-12-06 21:00:00+00:00,2024-12-06T16:00:00-05:00,False,True,101360.0,OK
2024-12-09,True,2024-12-09 21:00:00+00:00,2024-12-09T16:00:00-05:00,False,True,96252.0,OK
2024-12-10,True,2024-12-10 21:00:00+00:00,2024-12-10T16:00:00-05:00,False,True,96434.75,OK
2024-12-11,True,2024-12-11 21:00:00+00:00,2024-12-11T16:00:00-05:00,False,True,101271.57,OK
2024-12-12,True,2024-12-12 21:00:00+00:00,2024-12-12T16:00:00-05:00,False,True,100028.02,OK
2024-12-13,True,2024-12-13 21:00:00+00:00,2024-12-13T16:00:00-05:00,False,True,101680.01,OK
2024-12-16,True,2024-12-16 21:00:00+00:00,2024-12-16T16:00:00-05:00,False,True,105808.36,OK
2024-12-17,True,2024-12-17 21:00:00+00:00,2024-12-17T16:00:00-05:00,False,True,106732.98,OK
2024-12-18,True,2024-12-18 21:00:00+00:00,2024-12-18T16:00:00-05:00,False,True,100846.68,OK
2024-12-19,True,2024-12-19 21:00:00+00:00,2024-12-19T16:00:00-05:00,False,True,96409.55,OK
2024-12-20,True,2024-12-20 21:00:00+00:00,2024-12-20T16:00:00-05:00,False,True,96451.88,OK
2024-12-23,True,2024-12-23 21:00:00+00:00,2024-12-23T16:00:00-05:00,False,True,93186.34,OK
2024-12-24,True,2024-12-24 18:00:00+00:00,2024-12-24T13:00:00-05:00,True,True,98797.47,OK
2024-12-26,True,2024-12-26 21:00:00+00:00,2024-12-26T16:00:00-05:00,False,True,95589.6,OK
2024-12-27,True,2024-12-27 21:00:00+00:00,2024-12-27T16:00:00-05:00,False,True,94588.12,OK
2024-12-30,True,2024-12-30 21:00:00+00:00,2024-12-30T16:00:00-05:00,False,True,94338.8,OK
2024-12-31,True,2024-12-31 21:00:00+00:00,2024-12-31T16:00:00-05:00,False,True,93564.01,OK
2025-01-02,True,2025-01-02 21:00:00+00:00,2025-01-02T16:00:00-05:00,False,True,97306.46,OK
2025-01-03,True,2025-01-03 21:00:00+00:00,2025-01-03T16:00:00-05:00,False,True,98311.51,OK
2025-01-06,True,2025-01-06 21:00:00+00:00,2025-01-06T16:00:00-05:00,False,True,102126.9,OK
2025-01-07,True,2025-01-07 21:00:00+00:00,2025-01-07T16:00:00-05:00,False,True,96533.34,OK
2025-01-08,True,2025-01-08 21:00:00+00:00,2025-01-08T16:00:00-05:00,False,True,93982.01,OK
2025-01-10,True,2025-01-10 21:00:00+00:00,2025-01-10T16:00:00-05:00,False,True,94669.06,OK
2025-01-13,True,2025-01-13 21:00:00+00:00,2025-01-13T16:00:00-05:00,False,True,93575.53,OK
2025-01-14,True,2025-01-14 21:00:00+00:00,2025-01-14T16:00:00-05:00,False,True,96505.98,OK
2025-01-15,True,2025-01-15 21:00:00+00:00,2025-01-15T16:00:00-05:00,False,True,99566.34,OK
2025-01-16,True,2025-01-16 21:00:00+00:00,2025-01-16T16:00:00-05:00,False,True,100344.0,OK
2025-01-17,True,2025-01-17 21:00:00+00:00,2025-01-17T16:00:00-05:00,False,True,104692.7,OK
2025-01-21,True,2025-01-21 21:00:00+00:00,2025-01-21T16:00:00-05:00,False,True,106137.51,OK
2025-01-22,True,2025-01-22 21:00:00+00:00,2025-01-22T16:00:00-05:00,False,True,104321.11,OK
2025-01-23,True,2025-01-23 21:00:00+00:00,2025-01-23T16:00:00-05:00,False,True,103284.01,OK
2025-01-24,True,2025-01-24 21:00:00+00:00,2025-01-24T16:00:00-05:00,False,True,104859.4,OK
2025-01-27,True,2025-01-27 21:00:00+00:00,2025-01-27T16:00:00-05:00,False,True,101386.11,OK
2025-01-28,True,2025-01-28 21:00:00+00:00,2025-01-28T16:00:00-05:00,False,True,101264.02,OK
2025-01-29,True,2025-01-29 21:00:00+00:00,2025-01-29T16:00:00-05:00,False,True,104193.92,OK
2025-01-30,True,2025-01-30 21:00:00+00:00,2025-01-30T16:00:00-05:00,False,True,104907.1,OK
2025-01-31,True,2025-01-31 21:00:00+00:00,2025-01-31T16:00:00-05:00,False,True,101680.02,OK
2025-02-03,True,2025-02-03 21:00:00+00:00,2025-02-03T16:00:00-05:00,False,True,101081.4,OK
2025-02-04,True,2025-02-04 21:00:00+00:00,2025-02-04T16:00:00-05:00,False,True,98652.18,OK
2025-02-05,True,2025-02-05 21:00:00+00:00,2025-02-05T16:00:00-05:00,False,True,97323.4,OK
2025-02-06,True,2025-02-06 21:00:00+00:00,2025-02-06T16:00:00-05:00,False,True,96926.63,OK
2025-02-07,True,2025-02-07 21:00:00+00:00,2025-02-07T16:00:00-05:00,False,True,95764.3,OK
2025-02-10,True,2025-02-10 21:00:00+00:00,2025-02-10T16:00:00-05:00,False,True,97331.96,OK
2025-02-11,True,2025-02-11 21:00:00+00:00,2025-02-11T16:00:00-05:00,False,True,95305.01,OK
2025-02-12,True,2025-02-12 21:00:00+00:00,2025-02-12T16:00:00-05:00,False,True,97026.53,OK
2025-02-13,True,2025-02-13 21:00:00+00:00,2025-02-13T16:00:00-05:00,False,True,96264.52,OK
2025-02-14,True,2025-02-14 21:00:00+00:00,2025-02-14T16:00:00-05:00,False,True,97196.1,OK
2025-02-18,True,2025-02-18 21:00:00+00:00,2025-02-18T16:00:00-05:00,False,True,94196.77,OK
2025-02-19,True,2025-02-19 21:00:00+00:00,2025-02-19T16:00:00-05:00,False,True,96180.72,OK
2025-02-20,True,2025-02-20 21:00:00+00:00,2025-02-20T16:00:00-05:00,False,True,98453.61,OK
2025-02-21,True,2025-02-21 21:00:00+00:00,2025-02-21T16:00:00-05:00,False,True,95066.24,OK
2025-02-24,True,2025-02-24 21:00:00+00:00,2025-02-24T16:00:00-05:00,False,True,94019.99,OK
2025-02-25,True,2025-02-25 21:00:00+00:00,2025-02-25T16:00:00-05:00,False,True,88161.03,OK
2025-02-26,True,2025-02-26 21:00:00+00:00,2025-02-26T16:00:00-05:00,False,True,84384.34,OK
2025-02-27,True,2025-02-27 21:00:00+00:00,2025-02-27T16:00:00-05:00,False,True,83522.02,OK
2025-02-28,True,2025-02-28 21:00:00+00:00,2025-02-28T16:00:00-05:00,False,True,84190.51,OK
2025-03-03,True,2025-03-03 21:00:00+00:00,2025-03-03T16:00:00-05:00,False,True,86073.99,OK
2025-03-04,True,2025-03-04 21:00:00+00:00,2025-03-04T16:00:00-05:00,False,True,86825.27,OK
2025-03-05,True,2025-03-05 21:00:00+00:00,2025-03-05T16:00:00-05:00,False,True,90499.64,OK
2025-03-06,True,2025-03-06 21:00:00+00:00,2025-03-06T16:00:00-05:00,False,True,89047.25,OK
2025-03-07,True,2025-03-07 21:00:00+00:00,2025-03-07T16:00:00-05:00,False,True,86986.73,OK
2025-03-10,True,2025-03-10 20:00:00+00:00,2025-03-10T16:00:00-04:00,False,True,79060.84,OK
2025-03-11,True,2025-03-11 20:00:00+00:00,2025-03-11T16:00:00-04:00,False,True,83104.01,OK
2025-03-12,True,2025-03-12 20:00:00+00:00,2025-03-12T16:00:00-04:00,False,True,82915.94,OK
2025-03-13,True,2025-03-13 20:00:00+00:00,2025-03-13T16:00:00-04:00,False,True,80210.4,OK
2025-03-14,True,2025-03-14 20:00:00+00:00,2025-03-14T16:00:00-04:00,False,True,84554.0,OK
2025-03-17,True,2025-03-17 20:00:00+00:00,2025-03-17T16:00:00-04:00,False,True,84482.55,OK
2025-03-18,True,2025-03-18 20:00:00+00:00,2025-03-18T16:00:00-04:00,False,True,82317.2,OK
2025-03-19,True,2025-03-19 20:00:00+00:00,2025-03-19T16:00:00-04:00,False,True,85433.38,OK
2025-03-20,True,2025-03-20 20:00:00+00:00,2025-03-20T16:00:00-04:00,False,True,84176.87,OK
2025-03-21,True,2025-03-21 20:00:00+00:00,2025-03-21T16:00:00-04:00,False,True,83956.35,OK
2025-03-24,True,2025-03-24 20:00:00+00:00,2025-03-24T16:00:00-04:00,False,True,88222.01,OK
2025-03-25,True,2025-03-25 20:00:00+00:00,2025-03-25T16:00:00-04:00,False,True,88116.23,OK
2025-03-26,True,2025-03-26 20:00:00+00:00,2025-03-26T16:00:00-04:00,False,True,86567.18,OK
2025-03-27,True,2025-03-27 20:00:00+00:00,2025-03-27T16:00:00-04:00,False,True,87060.4,OK
2025-03-28,True,2025-03-28 20:00:00+00:00,2025-03-28T16:00:00-04:00,False,True,83790.74,OK
2025-03-31,True,2025-03-31 20:00:00+00:00,2025-03-31T16:00:00-04:00,False,True,82462.26,OK
2025-04-01,True,2025-04-01 20:00:00+00:00,2025-04-01T16:00:00-04:00,False,True,84972.0,OK
2025-04-02,True,2025-04-02 20:00:00+00:00,2025-04-02T16:00:00-04:00,False,True,86900.01,OK
2025-04-03,True,2025-04-03 20:00:00+00:00,2025-04-03T16:00:00-04:00,False,True,82009.76,OK
2025-04-04,True,2025-04-04 20:00:00+00:00,2025-04-04T16:00:00-04:00,False,True,84010.0,OK
2025-04-07,True,2025-04-07 20:00:00+00:00,2025-04-07T16:00:00-04:00,False,True,78130.43,OK
2025-04-08,True,2025-04-08 20:00:00+00:00,2025-04-08T16:00:00-04:00,False,True,76854.05,OK
2025-04-09,True,2025-04-09 20:00:00+00:00,2025-04-09T16:00:00-04:00,False,True,82332.08,OK
2025-04-10,True,2025-04-10 20:00:00+00:00,2025-04-10T16:00:00-04:00,False,True,79647.37,OK
2025-04-11,True,2025-04-11 20:00:00+00:00,2025-04-11T16:00:00-04:00,False,True,83858.28,OK
2025-04-14,True,2025-04-14 20:00:00+00:00,2025-04-14T16:00:00-04:00,False,True,84923.07,OK
2025-04-15,True,2025-04-15 20:00:00+00:00,2025-04-15T16:00:00-04:00,False,True,83998.51,OK
2025-04-16,True,2025-04-16 20:00:00+00:00,2025-04-16T16:00:00-04:00,False,True,84334.0,OK
2025-04-17,True,2025-04-17 20:00:00+00:00,2025-04-17T16:00:00-04:00,False,True,84849.05,OK
2025-04-21,True,2025-04-21 20:00:00+00:00,2025-04-21T16:00:00-04:00,False,True,87415.09,OK
2025-04-22,True,2025-04-22 20:00:00+00:00,2025-04-22T16:00:00-04:00,False,True,91414.78,OK
2025-04-23,True,2025-04-23 20:00:00+00:00,2025-04-23T16:00:00-04:00,False,True,93497.88,OK
2025-04-24,True,2025-04-24 20:00:00+00:00,2025-04-24T16:00:00-04:00,False,True,93556.12,OK
2025-04-25,True,2025-04-25 20:00:00+00:00,2025-04-25T16:00:00-04:00,False,True,95291.0,OK
2025-04-28,True,2025-04-28 20:00:00+00:00,2025-04-28T16:00:00-04:00,False,True,94786.73,OK
2025-04-29,True,2025-04-29 20:00:00+00:00,2025-04-29T16:00:00-04:00,False,True,95300.79,OK
2025-04-30,True,2025-04-30 20:00:00+00:00,2025-04-30T16:00:00-04:00,False,True,94152.01,OK
2025-05-01,True,2025-05-01 20:00:00+00:00,2025-05-01T16:00:00-04:00,False,True,96523.26,OK
2025-05-02,True,2025-05-02 20:00:00+00:00,2025-05-02T16:00:00-04:00,False,True,96924.23,OK
2025-05-05,True,2025-05-05 20:00:00+00:00,2025-05-05T16:00:00-04:00,False,True,94347.16,OK
2025-05-06,True,2025-05-06 20:00:00+00:00,2025-05-06T16:00:00-04:00,False,True,94963.5,OK
2025-05-07,True,2025-05-07 20:00:00+00:00,2025-05-07T16:00:00-04:00,False,True,96180.0,OK
2025-05-08,True,2025-05-08 20:00:00+00:00,2025-05-08T16:00:00-04:00,False,True,101300.0,OK
2025-05-09,True,2025-05-09 20:00:00+00:00,2025-05-09T16:00:00-04:00,False,True,103189.17,OK
2025-05-12,True,2025-05-12 20:00:00+00:00,2025-05-12T16:00:00-04:00,False,True,101859.99,OK
2025-05-13,True,2025-05-13 20:00:00+00:00,2025-05-13T16:00:00-04:00,False,True,104792.21,OK
2025-05-14,True,2025-05-14 20:00:00+00:00,2025-05-14T16:00:00-04:00,False,True,103321.73,OK
2025-05-15,True,2025-05-15 20:00:00+00:00,2025-05-15T16:00:00-04:00,False,True,103157.26,OK
2025-05-16,True,2025-05-16 20:00:00+00:00,2025-05-16T16:00:00-04:00,False,True,104032.6,OK
2025-05-19,True,2025-05-19 20:00:00+00:00,2025-05-19T16:00:00-04:00,False,True,105517.64,OK
2025-05-20,True,2025-05-20 20:00:00+00:00,2025-05-20T16:00:00-04:00,False,True,107026.47,OK
2025-05-21,True,2025-05-21 20:00:00+00:00,2025-05-21T16:00:00-04:00,False,True,108603.79,OK
2025-05-22,True,2025-05-22 20:00:00+00:00,2025-05-22T16:00:00-04:00,False,True,111188.0,OK
2025-05-23,True,2025-05-23 20:00:00+00:00,2025-05-23T16:00:00-04:00,False,True,108714.01,OK
2025-05-27,True,2025-05-27 20:00:00+00:00,2025-05-27T16:00:00-04:00,False,True,109877.87,OK
2025-05-28,True,2025-05-28 20:00:00+00:00,2025-05-28T16:00:00-04:00,False,True,106946.0,OK
2025-05-29,True,2025-05-29 20:00:00+00:00,2025-05-29T16:00:00-04:00,False,True,105731.74,OK
2025-05-30,True,2025-05-30 20:00:00+00:00,2025-05-30T16:00:00-04:00,False,True,104640.49,OK
2025-06-02,True,2025-06-02 20:00:00+00:00,2025-06-02T16:00:00-04:00,False,True,104425.64,OK
2025-06-03,True,2025-06-03 20:00:00+00:00,2025-06-03T16:00:00-04:00,False,True,106238.81,OK
2025-06-04,True,2025-06-04 20:00:00+00:00,2025-06-04T16:00:00-04:00,False,True,104913.52,OK
2025-06-05,True,2025-06-05 20:00:00+00:00,2025-06-05T16:00:00-04:00,False,True,101914.76,OK
2025-06-06,True,2025-06-06 20:00:00+00:00,2025-06-06T16:00:00-04:00,False,True,104219.8,OK
2025-06-09,True,2025-06-09 20:00:00+00:00,2025-06-09T16:00:00-04:00,False,True,108565.86,OK
2025-06-10,True,2025-06-10 20:00:00+00:00,2025-06-10T16:00:00-04:00,False,True,109526.3,OK
2025-06-11,True,2025-06-11 20:00:00+00:00,2025-06-11T16:00:00-04:00,False,True,108742.37,OK
2025-06-12,True,2025-06-12 20:00:00+00:00,2025-06-12T16:00:00-04:00,False,True,106789.8,OK
2025-06-13,True,2025-06-13 20:00:00+00:00,2025-06-13T16:00:00-04:00,False,True,105110.01,OK
2025-06-16,True,2025-06-16 20:00:00+00:00,2025-06-16T16:00:00-04:00,False,True,108652.01,OK
2025-06-17,True,2025-06-17 20:00:00+00:00,2025-06-17T16:00:00-04:00,False,True,104686.12,OK
2025-06-18,True,2025-06-18 20:00:00+00:00,2025-06-18T16:00:00-04:00,False,True,103808.41,OK
2025-06-20,True,2025-06-20 20:00:00+00:00,2025-06-20T16:00:00-04:00,False,True,103307.21,OK
2025-06-23,True,2025-06-23 20:00:00+00:00,2025-06-23T16:00:00-04:00,False,True,103161.3,OK
2025-06-24,True,2025-06-24 20:00:00+00:00,2025-06-24T16:00:00-04:00,False,True,105643.2,OK
2025-06-25,True,2025-06-25 20:00:00+00:00,2025-06-25T16:00:00-04:00,False,True,107761.67,OK
2025-06-26,True,2025-06-26 20:00:00+00:00,2025-06-26T16:00:00-04:00,False,True,107532.97,OK
2025-06-27,True,2025-06-27 20:00:00+00:00,2025-06-27T16:00:00-04:00,False,True,106801.02,OK
2025-06-30,True,2025-06-30 20:00:00+00:00,2025-06-30T16:00:00-04:00,False,True,107745.97,OK
2025-07-01,True,2025-07-01 20:00:00+00:00,2025-07-01T16:00:00-04:00,False,True,105398.52,OK
2025-07-02,True,2025-07-02 20:00:00+00:00,2025-07-02T16:00:00-04:00,False,True,109676.14,OK
2025-07-03,True,2025-07-03 17:00:00+00:00,2025-07-03T13:00:00-04:00,True,True,109288.47,OK
2025-07-07,True,2025-07-07 20:00:00+00:00,2025-07-07T16:00:00-04:00,False,True,108056.67,OK
2025-07-08,True,2025-07-08 20:00:00+00:00,2025-07-08T16:00:00-04:00,False,True,108771.87,OK
2025-07-09,True,2025-07-09 20:00:00+00:00,2025-07-09T16:00:00-04:00,False,True,111749.99,OK
2025-07-10,True,2025-07-10 20:00:00+00:00,2025-07-10T16:00:00-04:00,False,True,113301.8,OK
2025-07-11,True,2025-07-11 20:00:00+00:00,2025-07-11T16:00:00-04:00,False,True,118108.81,OK
2025-07-14,True,2025-07-14 20:00:00+00:00,2025-07-14T16:00:00-04:00,False,True,119939.42,OK
2025-07-15,True,2025-07-15 20:00:00+00:00,2025-07-15T16:00:00-04:00,False,True,116416.07,OK
2025-07-16,True,2025-07-16 20:00:00+00:00,2025-07-16T16:00:00-04:00,False,True,119230.16,OK
2025-07-17,True,2025-07-17 20:00:00+00:00,2025-07-17T16:00:00-04:00,False,True,118959.66,OK
2025-07-18,True,2025-07-18 20:00:00+00:00,2025-07-18T16:00:00-04:00,False,True,117374.75,OK
2025-07-21,True,2025-07-21 20:00:00+00:00,2025-07-21T16:00:00-04:00,False,True,116767.67,OK
2025-07-22,True,2025-07-22 20:00:00+00:00,2025-07-22T16:00:00-04:00,False,True,119282.11,OK
2025-07-23,True,2025-07-23 20:00:00+00:00,2025-07-23T16:00:00-04:00,False,True,118393.64,OK
2025-07-24,True,2025-07-24 20:00:00+00:00,2025-07-24T16:00:00-04:00,False,True,118943.42,OK
2025-07-25,True,2025-07-25 20:00:00+00:00,2025-07-25T16:00:00-04:00,False,True,116688.6,OK
2025-07-28,True,2025-07-28 20:00:00+00:00,2025-07-28T16:00:00-04:00,False,True,118068.73,OK
2025-07-29,True,2025-07-29 20:00:00+00:00,2025-07-29T16:00:00-04:00,False,True,117525.28,OK
2025-07-30,True,2025-07-30 20:00:00+00:00,2025-07-30T16:00:00-04:00,False,True,116916.73,OK
2025-07-31,True,2025-07-31 20:00:00+00:00,2025-07-31T16:00:00-04:00,False,True,116785.78,OK
2025-08-01,True,2025-08-01 20:00:00+00:00,2025-08-01T16:00:00-04:00,False,True,113328.67,OK
2025-08-04,True,2025-08-04 20:00:00+00:00,2025-08-04T16:00:00-04:00,False,True,114777.62,OK
2025-08-05,True,2025-08-05 20:00:00+00:00,2025-08-05T16:00:00-04:00,False,True,113616.51,OK
2025-08-06,True,2025-08-06 20:00:00+00:00,2025-08-06T16:00:00-04:00,False,True,115260.0,OK
2025-08-07,True,2025-08-07 20:00:00+00:00,2025-08-07T16:00:00-04:00,False,True,117461.99,OK
2025-08-08,True,2025-08-08 20:00:00+00:00,2025-08-08T16:00:00-04:00,False,True,116453.41,OK
2025-08-11,True,2025-08-11 20:00:00+00:00,2025-08-11T16:00:00-04:00,False,True,119089.3,OK
2025-08-12,True,2025-08-12 20:00:00+00:00,2025-08-12T16:00:00-04:00,False,True,119665.27,OK
2025-08-13,True,2025-08-13 20:00:00+00:00,2025-08-13T16:00:00-04:00,False,True,122744.22,OK
2025-08-14,True,2025-08-14 20:00:00+00:00,2025-08-14T16:00:00-04:00,False,True,117945.92,OK
2025-08-15,True,2025-08-15 20:00:00+00:00,2025-08-15T16:00:00-04:00,False,True,116936.28,OK
2025-08-18,True,2025-08-18 20:00:00+00:00,2025-08-18T16:00:00-04:00,False,True,116314.0,OK
2025-08-19,True,2025-08-19 20:00:00+00:00,2025-08-19T16:00:00-04:00,False,True,113132.49,OK
2025-08-20,True,2025-08-20 20:00:00+00:00,2025-08-20T16:00:00-04:00,False,True,114276.66,OK
2025-08-21,True,2025-08-21 20:00:00+00:00,2025-08-21T16:00:00-04:00,False,True,112193.71,OK
2025-08-22,True,2025-08-22 20:00:00+00:00,2025-08-22T16:00:00-04:00,False,True,116655.79,OK
2025-08-25,True,2025-08-25 20:00:00+00:00,2025-08-25T16:00:00-04:00,False,True,110716.13,OK
2025-08-26,True,2025-08-26 20:00:00+00:00,2025-08-26T16:00:00-04:00,False,True,111116.03,OK
2025-08-27,True,2025-08-27 20:00:00+00:00,2025-08-27T16:00:00-04:00,False,True,112080.68,OK
2025-08-28,True,2025-08-28 20:00:00+00:00,2025-08-28T16:00:00-04:00,False,True,111901.36,OK
2025-08-29,True,2025-08-29 20:00:00+00:00,2025-08-29T16:00:00-04:00,False,True,108212.01,OK
2025-09-02,True,2025-09-02 20:00:00+00:00,2025-09-02T16:00:00-04:00,False,True,110806.01,OK
2025-09-03,True,2025-09-03 20:00:00+00:00,2025-09-03T16:00:00-04:00,False,True,112193.74,OK
2025-09-04,True,2025-09-04 20:00:00+00:00,2025-09-04T16:00:00-04:00,False,True,109800.0,OK
2025-09-05,True,2025-09-05 20:00:00+00:00,2025-09-05T16:00:00-04:00,False,True,111614.54,OK
2025-09-08,True,2025-09-08 20:00:00+00:00,2025-09-08T16:00:00-04:00,False,True,112097.31,OK
2025-09-09,True,2025-09-09 20:00:00+00:00,2025-09-09T16:00:00-04:00,False,True,111301.53,OK
2025-09-10,True,2025-09-10 20:00:00+00:00,2025-09-10T16:00:00-04:00,False,True,113574.53,OK
2025-09-11,True,2025-09-11 20:00:00+00:00,2025-09-11T16:00:00-04:00,False,True,114420.0,OK
2025-09-12,True,2025-09-12 20:00:00+00:00,2025-09-12T16:00:00-04:00,False,True,116632.51,OK
2025-09-15,True,2025-09-15 20:00:00+00:00,2025-09-15T16:00:00-04:00,False,True,115307.78,OK
2025-09-16,True,2025-09-16 20:00:00+00:00,2025-09-16T16:00:00-04:00,False,True,116800.13,OK
2025-09-17,True,2025-09-17 20:00:00+00:00,2025-09-17T16:00:00-04:00,False,True,115652.02,OK
2025-09-18,True,2025-09-18 20:00:00+00:00,2025-09-18T16:00:00-04:00,False,True,117450.21,OK
2025-09-19,True,2025-09-19 20:00:00+00:00,2025-09-19T16:00:00-04:00,False,True,115125.13,OK
2025-09-22,True,2025-09-22 20:00:00+00:00,2025-09-22T16:00:00-04:00,False,True,112122.9,OK
2025-09-23,True,2025-09-23 20:00:00+00:00,2025-09-23T16:00:00-04:00,False,True,111655.29,OK
2025-09-24,True,2025-09-24 20:00:00+00:00,2025-09-24T16:00:00-04:00,False,True,113420.0,OK
2025-09-25,True,2025-09-25 20:00:00+00:00,2025-09-25T16:00:00-04:00,False,True,109360.0,OK
2025-09-26,True,2025-09-26 20:00:00+00:00,2025-09-26T16:00:00-04:00,False,True,109172.21,OK
2025-09-29,True,2025-09-29 20:00:00+00:00,2025-09-29T16:00:00-04:00,False,True,114265.56,OK
2025-09-30,True,2025-09-30 20:00:00+00:00,2025-09-30T16:00:00-04:00,False,True,114359.99,OK
2025-10-01,True,2025-10-01 20:00:00+00:00,2025-10-01T16:00:00-04:00,False,True,117439.53,OK
2025-10-02,True,2025-10-02 20:00:00+00:00,2025-10-02T16:00:00-04:00,False,True,120836.49,OK
2025-10-03,True,2025-10-03 20:00:00+00:00,2025-10-03T16:00:00-04:00,False,True,122661.0,OK
2025-10-06,True,2025-10-06 20:00:00+00:00,2025-10-06T16:00:00-04:00,False,True,125410.8,OK
2025-10-07,True,2025-10-07 20:00:00+00:00,2025-10-07T16:00:00-04:00,False,True,121637.18,OK
2025-10-08,True,2025-10-08 20:00:00+00:00,2025-10-08T16:00:00-04:00,False,True,123450.01,OK
2025-10-09,True,2025-10-09 20:00:00+00:00,2025-10-09T16:00:00-04:00,False,True,120951.72,OK
2025-10-10,True,2025-10-10 20:00:00+00:00,2025-10-10T16:00:00-04:00,False,True,116661.5,OK
2025-10-13,True,2025-10-13 20:00:00+00:00,2025-10-13T16:00:00-04:00,False,True,115792.84,OK
2025-10-14,True,2025-10-14 20:00:00+00:00,2025-10-14T16:00:00-04:00,False,True,112613.69,OK
2025-10-15,True,2025-10-15 20:00:00+00:00,2025-10-15T16:00:00-04:00,False,True,111271.73,OK
2025-10-16,True,2025-10-16 20:00:00+00:00,2025-10-16T16:00:00-04:00,False,True,108197.67,OK
2025-10-17,True,2025-10-17 20:00:00+00:00,2025-10-17T16:00:00-04:00,False,True,106457.24,OK
2025-10-20,True,2025-10-20 20:00:00+00:00,2025-10-20T16:00:00-04:00,False,True,110803.22,OK
2025-10-21,True,2025-10-21 20:00:00+00:00,2025-10-21T16:00:00-04:00,False,True,111780.4,OK
2025-10-22,True,2025-10-22 20:00:00+00:00,2025-10-22T16:00:00-04:00,False,True,107870.35,OK
2025-10-23,True,2025-10-23 20:00:00+00:00,2025-10-23T16:00:00-04:00,False,True,110200.01,OK
2025-10-24,True,2025-10-24 20:00:00+00:00,2025-10-24T16:00:00-04:00,False,True,110615.07,OK
2025-10-27,True,2025-10-27 20:00:00+00:00,2025-10-27T16:00:00-04:00,False,True,114942.64,OK
2025-10-28,True,2025-10-28 20:00:00+00:00,2025-10-28T16:00:00-04:00,False,True,113689.0,OK
2025-10-29,True,2025-10-29 20:00:00+00:00,2025-10-29T16:00:00-04:00,False,True,110640.0,OK
2025-10-30,True,2025-10-30 20:00:00+00:00,2025-10-30T16:00:00-04:00,False,True,106536.39,OK
2025-10-31,True,2025-10-31 20:00:00+00:00,2025-10-31T16:00:00-04:00,False,True,109828.78,OK
2025-11-03,True,2025-11-03 21:00:00+00:00,2025-11-03T16:00:00-05:00,False,True,106657.55,OK
2025-11-04,True,2025-11-04 21:00:00+00:00,2025-11-04T16:00:00-05:00,False,True,100755.42,OK
2025-11-05,True,2025-11-05 21:00:00+00:00,2025-11-05T16:00:00-05:00,False,True,103831.22,OK
2025-11-06,True,2025-11-06 21:00:00+00:00,2025-11-06T16:00:00-05:00,False,True,100914.11,OK
2025-11-07,True,2025-11-07 21:00:00+00:00,2025-11-07T16:00:00-05:00,False,True,103783.08,OK
2025-11-10,True,2025-11-10 21:00:00+00:00,2025-11-10T16:00:00-05:00,False,True,106010.74,OK
2025-11-11,True,2025-11-11 21:00:00+00:00,2025-11-11T16:00:00-05:00,False,True,102809.27,OK
2025-11-12,True,2025-11-12 21:00:00+00:00,2025-11-12T16:00:00-05:00,False,True,101539.01,OK
2025-11-13,True,2025-11-13 21:00:00+00:00,2025-11-13T16:00:00-05:00,False,True,98162.11,OK
2025-11-14,True,2025-11-14 21:00:00+00:00,2025-11-14T16:00:00-05:00,False,True,94377.46,OK
2025-11-17,True,2025-11-17 21:00:00+00:00,2025-11-17T16:00:00-05:00,False,True,91914.01,OK
2025-11-18,True,2025-11-18 21:00:00+00:00,2025-11-18T16:00:00-05:00,False,True,92783.36,OK
2025-11-19,True,2025-11-19 21:00:00+00:00,2025-11-19T16:00:00-05:00,False,True,89516.91,OK
2025-11-20,True,2025-11-20 21:00:00+00:00,2025-11-20T16:00:00-05:00,False,True,86462.97,OK
2025-11-21,True,2025-11-21 21:00:00+00:00,2025-11-21T16:00:00-05:00,False,True,84571.19,OK
2025-11-24,True,2025-11-24 21:00:00+00:00,2025-11-24T16:00:00-05:00,False,True,89089.06,OK
2025-11-25,True,2025-11-25 21:00:00+00:00,2025-11-25T16:00:00-05:00,False,True,87387.48,OK
2025-11-26,True,2025-11-26 21:00:00+00:00,2025-11-26T16:00:00-05:00,False,True,89866.83,OK
2025-11-28,True,2025-11-28 18:00:00+00:00,2025-11-28T13:00:00-05:00,True,True,90661.57,OK
2025-12-01,True,2025-12-01 21:00:00+00:00,2025-12-01T16:00:00-05:00,False,True,85518.01,OK
2025-12-02,True,2025-12-02 21:00:00+00:00,2025-12-02T16:00:00-05:00,False,True,91026.66,OK
2025-12-03,True,2025-12-03 21:00:00+00:00,2025-12-03T16:00:00-05:00,False,True,92981.45,OK
2025-12-04,True,2025-12-04 21:00:00+00:00,2025-12-04T16:00:00-05:00,False,True,92476.25,OK
2025-12-05,True,2025-12-05 21:00:00+00:00,2025-12-05T16:00:00-05:00,False,True,89301.75,OK
2025-12-08,True,2025-12-08 21:00:00+00:00,2025-12-08T16:00:00-05:00,False,True,90799.92,OK
2025-12-09,True,2025-12-09 21:00:00+00:00,2025-12-09T16:00:00-05:00,False,True,93116.76,OK
2025-12-10,True,2025-12-10 21:00:00+00:00,2025-12-10T16:00:00-05:00,False,True,92453.89,OK
2025-12-11,True,2025-12-11 21:00:00+00:00,2025-12-11T16:00:00-05:00,False,True,91792.98,OK
2025-12-12,True,2025-12-12 21:00:00+00:00,2025-12-12T16:00:00-05:00,False,True,90214.08,OK
2025-12-15,True,2025-12-15 21:00:00+00:00,2025-12-15T16:00:00-05:00,False,True,85787.04,OK
2025-12-16,True,2025-12-16 21:00:00+00:00,2025-12-16T16:00:00-05:00,False,True,87573.22,OK
2025-12-17,True,2025-12-17 21:00:00+00:00,2025-12-17T16:00:00-05:00,False,True,85890.36,OK
2025-12-18,True,2025-12-18 21:00:00+00:00,2025-12-18T16:00:00-05:00,False,True,84582.64,OK
2025-12-19,True,2025-12-19 21:00:00+00:00,2025-12-19T16:00:00-05:00,False,True,88099.59,OK
2025-12-22,True,2025-12-22 21:00:00+00:00,2025-12-22T16:00:00-05:00,False,True,88351.03,OK
2025-12-23,True,2025-12-23 21:00:00+00:00,2025-12-23T16:00:00-05:00,False,True,87691.51,OK
2025-12-24,True,2025-12-24 18:00:00+00:00,2025-12-24T13:00:00-05:00,True,True,87322.77,OK
2025-12-26,True,2025-12-26 21:00:00+00:00,2025-12-26T16:00:00-05:00,False,True,87585.76,OK
2025-12-29,True,2025-12-29 21:00:00+00:00,2025-12-29T16:00:00-05:00,False,True,87212.01,OK
2025-12-30,True,2025-12-30 21:00:00+00:00,2025-12-30T16:00:00-05:00,False,True,87947.15,OK
2025-12-31,True,2025-12-31 21:00:00+00:00,2025-12-31T16:00:00-05:00,False,True,87662.01,OK
2026-01-02,True,2026-01-02 21:00:00+00:00,2026-01-02T16:00:00-05:00,False,True,89740.01,OK
2026-01-05,True,2026-01-05 21:00:00+00:00,2026-01-05T16:00:00-05:00,False,True,94178.0,OK
2026-01-06,True,2026-01-06 21:00:00+00:00,2026-01-06T16:00:00-05:00,False,True,92505.31,OK
2026-01-07,True,2026-01-07 21:00:00+00:00,2026-01-07T16:00:00-05:00,False,True,91047.49,OK
2026-01-08,True,2026-01-08 21:00:00+00:00,2026-01-08T16:00:00-05:00,False,True,90927.63,OK
2026-01-09,True,2026-01-09 21:00:00+00:00,2026-01-09T16:00:00-05:00,False,True,90303.37,OK
2026-01-12,True,2026-01-12 21:00:00+00:00,2026-01-12T16:00:00-05:00,False,True,91484.87,OK
2026-01-13,True,2026-01-13 21:00:00+00:00,2026-01-13T16:00:00-05:00,False,True,94408.7,OK
2026-01-14,True,2026-01-14 21:00:00+00:00,2026-01-14T16:00:00-05:00,False,True,97655.27,OK
2026-01-15,True,2026-01-15 21:00:00+00:00,2026-01-15T16:00:00-05:00,False,True,95260.68,OK
2026-01-16,True,2026-01-16 21:00:00+00:00,2026-01-16T16:00:00-05:00,False,True,95553.61,OK
2026-01-20,True,2026-01-20 21:00:00+00:00,2026-01-20T16:00:00-05:00,False,True,89734.0,OK
2026-01-21,True,2026-01-21 21:00:00+00:00,2026-01-21T16:00:00-05:00,False,True,90214.02,OK
2026-01-22,True,2026-01-22 21:00:00+00:00,2026-01-22T16:00:00-05:00,False,True,89409.73,OK
2026-01-23,True,2026-01-23 21:00:00+00:00,2026-01-23T16:00:00-05:00,False,True,89503.67,OK
2026-01-26,True,2026-01-26 21:00:00+00:00,2026-01-26T16:00:00-05:00,False,True,87629.23,OK
2026-01-27,True,2026-01-27 21:00:00+00:00,2026-01-27T16:00:00-05:00,False,True,89396.03,OK
2026-01-28,True,2026-01-28 21:00:00+00:00,2026-01-28T16:00:00-05:00,False,True,89130.63,OK
2026-01-29,True,2026-01-29 21:00:00+00:00,2026-01-29T16:00:00-05:00,False,True,84216.91,OK
2026-01-30,True,2026-01-30 21:00:00+00:00,2026-01-30T16:00:00-05:00,False,True,83906.34,OK
2026-02-02,True,2026-02-02 21:00:00+00:00,2026-02-02T16:00:00-05:00,False,True,78008.59,OK
2026-02-03,True,2026-02-03 21:00:00+00:00,2026-02-03T16:00:00-05:00,False,True,76475.53,OK
2026-02-04,True,2026-02-04 21:00:00+00:00,2026-02-04T16:00:00-05:00,False,True,73516.3,OK
2026-02-05,True,2026-02-05 21:00:00+00:00,2026-02-05T16:00:00-05:00,False,True,63775.66,OK
2026-02-06,True,2026-02-06 21:00:00+00:00,2026-02-06T16:00:00-05:00,False,True,70000.14,OK
2026-02-09,True,2026-02-09 21:00:00+00:00,2026-02-09T16:00:00-05:00,False,True,70738.71,OK
2026-02-10,True,2026-02-10 21:00:00+00:00,2026-02-10T16:00:00-05:00,False,True,68753.69,OK
2026-02-11,True,2026-02-11 21:00:00+00:00,2026-02-11T16:00:00-05:00,False,True,67555.98,OK
2026-02-12,True,2026-02-12 21:00:00+00:00,2026-02-12T16:00:00-05:00,False,True,65428.24,OK
2026-02-13,True,2026-02-13 21:00:00+00:00,2026-02-13T16:00:00-05:00,False,True,68777.13,OK
2026-02-17,True,2026-02-17 21:00:00+00:00,2026-02-17T16:00:00-05:00,False,True,67753.3,OK
2026-02-18,True,2026-02-18 21:00:00+00:00,2026-02-18T16:00:00-05:00,False,True,66268.4,OK
2026-02-19,True,2026-02-19 21:00:00+00:00,2026-02-19T16:00:00-05:00,False,True,67149.11,OK
2026-02-20,True,2026-02-20 21:00:00+00:00,2026-02-20T16:00:00-05:00,False,True,67750.4,OK
2026-02-23,True,2026-02-23 21:00:00+00:00,2026-02-23T16:00:00-05:00,False,True,64473.14,OK
2026-02-24,True,2026-02-24 21:00:00+00:00,2026-02-24T16:00:00-05:00,False,True,64472.9,OK
2026-02-25,True,2026-02-25 21:00:00+00:00,2026-02-25T16:00:00-05:00,False,True,69148.69,OK
2026-02-26,True,2026-02-26 21:00:00+00:00,2026-02-26T16:00:00-05:00,False,True,67414.07,OK
2026-02-27,True,2026-02-27 21:00:00+00:00,2026-02-27T16:00:00-05:00,False,True,65594.67,OK
2026-03-02,True,2026-03-02 21:00:00+00:00,2026-03-02T16:00:00-05:00,False,True,69106.58,OK
2026-03-03,True,2026-03-03 21:00:00+00:00,2026-03-03T16:00:00-05:00,False,True,68265.99,OK
2026-03-04,True,2026-03-04 21:00:00+00:00,2026-03-04T16:00:00-05:00,False,True,73019.69,OK
2026-03-05,True,2026-03-05 21:00:00+00:00,2026-03-05T16:00:00-05:00,False,True,71236.51,OK
2026-03-06,True,2026-03-06 21:00:00+00:00,2026-03-06T16:00:00-05:00,False,True,68111.03,OK
2026-03-09,True,2026-03-09 20:00:00+00:00,2026-03-09T16:00:00-04:00,False,True,68991.93,OK
2026-03-10,True,2026-03-10 20:00:00+00:00,2026-03-10T16:00:00-04:00,False,True,70043.63,OK
2026-03-11,True,2026-03-11 20:00:00+00:00,2026-03-11T16:00:00-04:00,False,True,70641.81,OK
2026-03-12,True,2026-03-12 20:00:00+00:00,2026-03-12T16:00:00-04:00,False,True,70432.33,OK
2026-03-13,True,2026-03-13 20:00:00+00:00,2026-03-13T16:00:00-04:00,False,True,71189.96,OK
2026-03-16,True,2026-03-16 20:00:00+00:00,2026-03-16T16:00:00-04:00,False,True,73963.0,OK
2026-03-17,True,2026-03-17 20:00:00+00:00,2026-03-17T16:00:00-04:00,False,True,74511.21,OK
2026-03-18,True,2026-03-18 20:00:00+00:00,2026-03-18T16:00:00-04:00,False,True,71072.38,OK
2026-03-19,True,2026-03-19 20:00:00+00:00,2026-03-19T16:00:00-04:00,False,True,70272.0,OK
2026-03-20,True,2026-03-20 20:00:00+00:00,2026-03-20T16:00:00-04:00,False,True,70177.85,OK
2026-03-23,True,2026-03-23 20:00:00+00:00,2026-03-23T16:00:00-04:00,False,True,70679.04,OK
2026-03-24,True,2026-03-24 20:00:00+00:00,2026-03-24T16:00:00-04:00,False,True,69377.33,OK
2026-03-25,True,2026-03-25 20:00:00+00:00,2026-03-25T16:00:00-04:00,False,True,70883.32,OK
2026-03-26,True,2026-03-26 20:00:00+00:00,2026-03-26T16:00:00-04:00,False,True,68534.37,OK
2026-03-27,True,2026-03-27 20:00:00+00:00,2026-03-27T16:00:00-04:00,False,True,66040.65,OK
2026-03-30,True,2026-03-30 20:00:00+00:00,2026-03-30T16:00:00-04:00,False,True,66550.06,OK
2026-03-31,True,2026-03-31 20:00:00+00:00,2026-03-31T16:00:00-04:00,False,True,67838.79,OK
2026-04-01,True,2026-04-01 20:00:00+00:00,2026-04-01T16:00:00-04:00,False,True,68176.84,OK
2026-04-02,True,2026-04-02 20:00:00+00:00,2026-04-02T16:00:00-04:00,False,True,66976.0,OK
2026-04-06,True,2026-04-06 20:00:00+00:00,2026-04-06T16:00:00-04:00,False,True,69739.52,OK
2026-04-07,True,2026-04-07 20:00:00+00:00,2026-04-07T16:00:00-04:00,False,True,69011.29,OK
2026-04-08,True,2026-04-08 20:00:00+00:00,2026-04-08T16:00:00-04:00,False,True,71318.47,OK
2026-04-09,True,2026-04-09 20:00:00+00:00,2026-04-09T16:00:00-04:00,False,True,72096.33,OK
2026-04-10,True,2026-04-10 20:00:00+00:00,2026-04-10T16:00:00-04:00,False,True,73236.11,OK
2026-04-13,True,2026-04-13 20:00:00+00:00,2026-04-13T16:00:00-04:00,False,True,73322.0,OK
2026-04-14,True,2026-04-14 20:00:00+00:00,2026-04-14T16:00:00-04:00,False,True,74223.3,OK
2026-04-15,True,2026-04-15 20:00:00+00:00,2026-04-15T16:00:00-04:00,False,True,75002.6,OK
2026-04-16,True,2026-04-16 20:00:00+00:00,2026-04-16T16:00:00-04:00,False,True,75343.0,OK
2026-04-17,True,2026-04-17 20:00:00+00:00,2026-04-17T16:00:00-04:00,False,True,77393.58,OK
2026-04-20,True,2026-04-20 20:00:00+00:00,2026-04-20T16:00:00-04:00,False,True,76296.97,OK
2026-04-21,True,2026-04-21 20:00:00+00:00,2026-04-21T16:00:00-04:00,False,True,75023.43,OK
2026-04-22,True,2026-04-22 20:00:00+00:00,2026-04-22T16:00:00-04:00,False,True,78846.62,OK
2026-04-23,True,2026-04-23 20:00:00+00:00,2026-04-23T16:00:00-04:00,False,True,77727.25,OK
2026-04-24,True,2026-04-24 20:00:00+00:00,2026-04-24T16:00:00-04:00,False,True,77628.84,OK
2026-04-27,True,2026-04-27 20:00:00+00:00,2026-04-27T16:00:00-04:00,False,True,76878.23,OK
2026-04-28,True,2026-04-28 20:00:00+00:00,2026-04-28T16:00:00-04:00,False,True,76330.97,OK
2026-04-29,True,2026-04-29 20:00:00+00:00,2026-04-29T16:00:00-04:00,False,True,75563.87,OK
2026-04-30,True,2026-04-30 20:00:00+00:00,2026-04-30T16:00:00-04:00,False,True,76412.8,OK
2026-05-01,True,2026-05-01 20:00:00+00:00,2026-05-01T16:00:00-04:00,False,True,78360.01,OK
2026-05-04,True,2026-05-04 20:00:00+00:00,2026-05-04T16:00:00-04:00,False,True,80053.31,OK
2026-05-05,True,2026-05-05 20:00:00+00:00,2026-05-05T16:00:00-04:00,False,True,81606.35,OK
2026-05-06,True,2026-05-06 20:00:00+00:00,2026-05-06T16:00:00-04:00,False,True,81464.86,OK
2026-05-07,True,2026-05-07 20:00:00+00:00,2026-05-07T16:00:00-04:00,False,True,80146.77,OK
2026-05-08,True,2026-05-08 20:00:00+00:00,2026-05-08T16:00:00-04:00,False,True,80180.0,OK
2026-05-11,True,2026-05-11 20:00:00+00:00,2026-05-11T16:00:00-04:00,False,True,81961.99,OK
2026-05-12,True,2026-05-12 20:00:00+00:00,2026-05-12T16:00:00-04:00,False,True,80835.3,OK
2026-05-13,True,2026-05-13 20:00:00+00:00,2026-05-13T16:00:00-04:00,False,True,79642.41,OK
2026-05-14,True,2026-05-14 20:00:00+00:00,2026-05-14T16:00:00-04:00,False,True,81419.75,OK
2026-05-15,True,2026-05-15 20:00:00+00:00,2026-05-15T16:00:00-04:00,False,True,79146.5,OK
2026-05-18,True,2026-05-18 20:00:00+00:00,2026-05-18T16:00:00-04:00,False,True,76928.0,OK
2026-05-19,True,2026-05-19 20:00:00+00:00,2026-05-19T16:00:00-04:00,False,True,76818.73,OK
2026-05-20,True,2026-05-20 20:00:00+00:00,2026-05-20T16:00:00-04:00,False,True,77667.49,OK
2026-05-21,True,2026-05-21 20:00:00+00:00,2026-05-21T16:00:00-04:00,False,True,77690.56,OK
2026-05-22,True,2026-05-22 20:00:00+00:00,2026-05-22T16:00:00-04:00,False,True,75860.44,OK
2026-05-26,True,2026-05-26 20:00:00+00:00,2026-05-26T16:00:00-04:00,False,True,76052.0,OK
2026-05-27,True,2026-05-27 20:00:00+00:00,2026-05-27T16:00:00-04:00,False,True,75066.09,OK
2026-05-28,True,2026-05-28 20:00:00+00:00,2026-05-28T16:00:00-04:00,False,True,73419.31,OK
2026-05-29,True,2026-05-29 20:00:00+00:00,2026-05-29T16:00:00-04:00,False,True,73520.29,OK
2026-06-01,True,2026-06-01 20:00:00+00:00,2026-06-01T16:00:00-04:00,False,True,71595.24,OK
2026-06-02,True,2026-06-02 20:00:00+00:00,2026-06-02T16:00:00-04:00,False,True,67315.14,OK
2026-06-03,True,2026-06-03 20:00:00+00:00,2026-06-03T16:00:00-04:00,False,True,65461.99,OK
2026-06-04,True,2026-06-04 20:00:00+00:00,2026-06-04T16:00:00-04:00,False,True,63629.38,OK
2026-06-05,True,2026-06-05 20:00:00+00:00,2026-06-05T16:00:00-04:00,False,True,60300.24,OK
2026-06-08,True,2026-06-08 20:00:00+00:00,2026-06-08T16:00:00-04:00,False,True,63372.01,OK
2026-06-09,True,2026-06-09 20:00:00+00:00,2026-06-09T16:00:00-04:00,False,True,62098.09,OK
2026-06-10,True,2026-06-10 20:00:00+00:00,2026-06-10T16:00:00-04:00,False,True,61942.45,OK
2026-06-11,True,2026-06-11 20:00:00+00:00,2026-06-11T16:00:00-04:00,False,True,63605.69,OK
2026-06-12,True,2026-06-12 20:00:00+00:00,2026-06-12T16:00:00-04:00,False,True,63589.28,OK
2026-06-15,True,2026-06-15 20:00:00+00:00,2026-06-15T16:00:00-04:00,False,True,66615.98,OK
2026-06-16,True,2026-06-16 20:00:00+00:00,2026-06-16T16:00:00-04:00,False,True,65675.89,OK
2026-06-17,True,2026-06-17 20:00:00+00:00,2026-06-17T16:00:00-04:00,False,True,64301.85,OK
2026-06-18,True,2026-06-18 20:00:00+00:00,2026-06-18T16:00:00-04:00,False,True,62950.79,OK
2026-06-22,True,2026-06-22 20:00:00+00:00,2026-06-22T16:00:00-04:00,False,True,64472.51,OK
2026-06-23,True,2026-06-23 20:00:00+00:00,2026-06-23T16:00:00-04:00,False,True,62388.49,OK
2026-06-24,True,2026-06-24 20:00:00+00:00,2026-06-24T16:00:00-04:00,False,True,59958.3,OK
2026-06-25,True,2026-06-25 20:00:00+00:00,2026-06-25T16:00:00-04:00,False,True,59319.99,OK
2026-06-26,True,2026-06-26 20:00:00+00:00,2026-06-26T16:00:00-04:00,False,True,59751.96,OK
2026-06-29,True,2026-06-29 20:00:00+00:00,2026-06-29T16:00:00-04:00,False,True,60433.5,OK
2026-06-30,True,2026-06-30 20:00:00+00:00,2026-06-30T16:00:00-04:00,False,True,58818.0,OK
2026-07-01,True,2026-07-01 20:00:00+00:00,2026-07-01T16:00:00-04:00,False,True,60029.39,OK
2026-07-02,True,2026-07-02 20:00:00+00:00,2026-07-02T16:00:00-04:00,False,True,61479.59,OK
2026-07-06,True,2026-07-06 20:00:00+00:00,2026-07-06T16:00:00-04:00,False,True,63738.52,OK
2026-07-07,True,2026-07-07 20:00:00+00:00,2026-07-07T16:00:00-04:00,False,True,63818.0,OK
2026-07-08,True,2026-07-08 20:00:00+00:00,2026-07-08T16:00:00-04:00,False,True,62277.98,OK
2026-07-09,True,2026-07-09 20:00:00+00:00,2026-07-09T16:00:00-04:00,False,True,63248.09,OK
2026-07-10,True,2026-07-10 20:00:00+00:00,2026-07-10T16:00:00-04:00,False,True,63917.88,OK
2026-07-13,True,2026-07-13 20:00:00+00:00,2026-07-13T16:00:00-04:00,False,True,62288.23,OK
2026-07-14,True,2026-07-14 20:00:00+00:00,2026-07-14T16:00:00-04:00,False,True,64569.59,OK
2026-07-15,True,2026-07-15 20:00:00+00:00,2026-07-15T16:00:00-04:00,False,True,64977.34,OK
2026-07-16,True,2026-07-16 20:00:00+00:00,2026-07-16T16:00:00-04:00,False,True,64271.85,OK
2026-07-17,True,2026-07-17 20:00:00+00:00,2026-07-17T16:00:00-04:00,False,True,64160.8,OK
2026-07-20,True,2026-07-20 20:00:00+00:00,2026-07-20T16:00:00-04:00,False,True,65142.0,OK
2026-07-21,True,2026-07-21 20:00:00+00:00,2026-07-21T16:00:00-04:00,False,True,66444.76,OK
2026-07-22,True,2026-07-22 20:00:00+00:00,2026-07-22T16:00:00-04:00,False,True,65923.19,OK
2026-07-23,True,2026-07-23 20:00:00+00:00,2026-07-23T16:00:00-04:00,False,True,64846.93,OK
2026-07-24,True,2026-07-24 20:00:00+00:00,2026-07-24T16:00:00-04:00,False,True,64225.32,OK
2026-07-27,True,2026-07-27 20:00:00+00:00,2026-07-27T16:00:00-04:00,False,True,64983.99,OK
2026-07-28,True,2026-07-28 20:00:00+00:00,2026-07-28T16:00:00-04:00,False,True,63904.0,OK
2026-07-29,True,2026-07-29 20:00:00+00:00,2026-07-29T16:00:00-04:00,False,True,63589.46,OK
2026-07-30,True,2026-07-30 20:00:00+00:00,2026-07-30T16:00:00-04:00,False,True,64800.0,OK
2026-07-31,True,2026-07-31 20:00:00+00:00,2026-07-31T16:00:00-04:00,False,True,62972.0,OK
2026-08-03,True,2026-08-03 20:00:00+00:00,2026-08-03T16:00:00-04:00,False,True,63869.38,OK
2026-08-04,True,2026-08-04 20:00:00+00:00,2026-08-04T16:00:00-04:00,False,True,64233.35,OK
2026-08-05,True,2026-08-05 20:00:00+00:00,2026-08-05T16:00:00-04:00,False,True,64840.27,OK
2026-08-06,True,2026-08-06 20:00:00+00:00,2026-08-06T16:00:00-04:00,False,True,64446.01,OK
2026-08-07,True,2026-08-07 20:00:00+00:00,2026-08-07T16:00:00-04:00,False,True,64960.46,OK
2026-08-10,True,2026-08-10 20:00:00+00:00,2026-08-10T16:00:00-04:00,False,True,64045.7,OK
2026-08-11,True,2026-08-11 20:00:00+00:00,2026-08-11T16:00:00-04:00,False,True,63536.0,OK
2026-08-12,True,2026-08-12 20:00:00+00:00,2026-08-12T16:00:00-04:00,False,True,63421.11,OK
2026-08-13,True,2026-08-13 20:00:00+00:00,2026-08-13T16:00:00-04:00,False,True,63408.0,OK
2026-08-14,True,2026-08-14 20:00:00+00:00,2026-08-14T16:00:00-04:00,False,True,62968.06,OK
2026-08-17,True,2026-08-17 20:00:00+00:00,2026-08-17T16:00:00-04:00,False,True,64309.95,OK
2026-08-18,True,2026-08-18 20:00:00+00:00,2026-08-18T16:00:00-04:00,False,True,64643.27,OK
2026-08-19,True,2026-08-19 20:00:00+00:00,2026-08-19T16:00:00-04:00,False,True,68429.44,OK
2026-08-20,True,2026-08-20 20:00:00+00:00,2026-08-20T16:00:00-04:00,False,True,72690.76,OK
2026-08-21,True,2026-08-21 20:00:00+00:00,2026-08-21T16:00:00-04:00,False,True,77028.94,OK
2026-08-24,True,2026-08-24 20:00:00+00:00,2026-08-24T16:00:00-04:00,False,True,78757.99,OK
2026-08-25,True,2026-08-25 20:00:00+00:00,2026-08-25T16:00:00-04:00,False,True,78925.96,OK
