date,gold_px,btc_px,sp500,real10y,usd_broad,vix,baa10y,hy_oas_recent,nfci_ex_post,btc_r,gold_r,equity,usd,real_rate,risk_aversion,credit_baa,hy_oas_recent_change,liquidity_stress_ex_post,inflation_yoy_same_day_available,inflation_acceleration_same_day_available,inflation_yoy_available,inflation_acceleration_available
2017-08-17,122.48999786376953,4307.56,2430.01,0.42,110.1673,15.55,2.11,,,,,,,,,,,,,,,
2017-08-18,122.30000305175781,4135.0,2425.55,0.43,110.041,14.26,2.12,,-0.562,-0.04088429004054994,-0.001552308913379541,-0.0018370697733356423,-0.0011470958528727593,0.010000000000000009,-0.08660222363909309,0.010000000000000231,,,,,,
2017-08-21,122.76000213623047,4027.05,2428.37,0.43,109.7349,13.19,2.12,,-0.562,-0.02645323049270587,0.0037541795070419326,0.001161947587631218,-0.0027855665514628924,0.0,-0.07799944825692684,0.0,,,,,,
2017-08-22,122.20999908447266,3984.5,2452.51,0.45,109.8386,11.35,2.1,,-0.562,-0.010622264127283287,-0.004490378194735634,0.009891739536413091,0.0009445584982703537,0.020000000000000018,-0.1502412228018115,-0.020000000000000018,,,,,,
2017-08-23,122.66999816894531,4136.48,2444.04,0.42,109.8095,12.25,2.12,,-0.562,0.03743335077530574,0.0037569391595084767,-0.0034595821335070553,-0.0002649692865110964,-0.030000000000000027,0.07630819306332448,0.020000000000000018,,,,,,
2017-08-24,122.29000091552734,4216.1,2438.97,0.44,109.7524,12.23,2.12,,-0.562,0.01906534549187988,-0.0031025274301850203,-0.002076588752393249,-0.0005201266821543982,0.020000000000000018,-0.0016339872916550924,0.0,,,,,,
2017-08-25,122.73999786376953,4326.0,2443.05,0.42,109.3415,11.28,2.12,,-0.558,0.025732797408014818,0.0036729988686285964,0.001671439670407615,-0.003750907549287419,-0.020000000000000018,-0.0808607036291682,0.0,,,,,,
2017-08-28,124.69000244140625,4321.65,2444.24,0.41,109.1815,11.32,2.13,,-0.558,-0.0010060537526150881,0.015762397031869213,0.0004869774552016537,-0.0014643770092117592,-0.010000000000000009,0.003539826705123872,0.009999999999999787,,,,,,
2017-08-29,124.41999816894531,4540.0,2446.3,0.39,109.0946,11.7,2.15,,-0.558,0.04928973827500549,-0.002167752218151797,0.0008424428066566847,-0.0007962393005120916,-0.019999999999999962,0.033017769028673705,0.020000000000000018,,,,,,
2017-08-30,124.36000061035156,4536.82,2457.59,0.39,109.4052,11.22,2.14,,-0.558,-0.0007006859517115771,-0.00048233427165644827,0.004604515985120017,0.002843025112238884,0.0,-0.04189094170915997,-0.009999999999999787,,,,,,
2017-08-31,125.81999969482422,4688.47,2471.65,0.36,109.3686,10.59,2.14,,-0.558,0.03287997712056878,0.011671721617894093,0.005704748858195607,-0.0003345921709225763,-0.030000000000000027,-0.05778774048123525,0.0,,,,,,
2017-09-01,126.05999755859375,4808.79,2476.55,0.37,109.0504,10.13,2.15,,-0.556,0.025339189997660938,0.001905653001557539,0.001980518815597243,-0.002913667996943481,0.010000000000000009,-0.04440884135272327,0.009999999999999787,,,,,,
2017-09-05,127.45999908447266,4442.09,2457.85,0.3,108.8664,12.23,2.16,,-0.556,-0.07932050680916447,0.011044617985342065,-0.007579478568344733,-0.0016887182973235326,-0.07,0.1883906314384891,0.010000000000000231,,,,,,
2017-09-07,128.1300048828125,4716.61,2465.1,0.26,107.9224,11.55,2.17,,-0.556,,0.01035552763541947,-0.00017847581700003445,-0.005242787251163783,-0.06,-0.006902529562770265,0.0,,,,,,
2017-09-08,127.97000122070312,4195.87,2461.43,0.25,107.808,12.12,2.17,,-0.555,-0.11698961304809963,-0.0012495406412700305,-0.0014898927557061015,-0.001060583123411618,-0.010000000000000009,0.0481715436733654,0.0,,,,,,
2017-09-11,126.19000244140625,4187.99,2488.11,0.31,108.153,10.73,2.15,,-0.555,-0.0018798029357451895,-0.01400714397659808,0.01078090425084266,0.0031950240412399467,0.06,-0.1218134239985611,-0.020000000000000018,,,,,,
2017-09-12,126.55999755859375,4158.27,2496.48,0.33,108.3239,10.58,2.16,,-0.555,-0.007121782838279245,0.0029277577169537494,0.0033583535924837093,0.0015789216817534424,0.020000000000000018,-0.014078130212453743,0.010000000000000231,,,,,,
2017-09-13,125.61000061035156,3879.81,2498.37,0.35,108.6628,10.5,2.13,,-0.555,-0.06931293902857405,-0.007534611170576966,0.0007567795189853399,0.003123696296293055,0.019999999999999962,-0.0075901692666757725,-0.03000000000000025,,,,,,
2017-09-14,126.16000366210938,3368.73,2495.62,0.35,108.618,10.44,2.11,,-0.555,-0.14125036462666785,0.004369098124020532,-0.001101323902514828,-0.0004123696215669881,0.0,-0.0057306747089849175,-0.020000000000000018,,,0.019389742120581754,0.002109957556856834,,
2017-09-15,125.52999877929688,3702.3,2500.23,0.35,108.3147,10.17,2.1,,-0.558,0.09441842940778677,-0.0050062075765593406,0.0018455323152091196,-0.0027962607539304685,0.0,-0.02620237239402412,-0.009999999999999787,,,0.019389742120581754,0.002109957556856834,0.019389742120581754,0.002109957556856834
2017-09-18,124.36000061035156,3969.5,2503.87,0.36,108.6401,10.15,2.1,,-0.558,0.06968589403791903,-0.009364174007228776,0.001454807314798856,0.0029997054133126255,0.010000000000000009,-0.0019685045726722805,0.0,,,0.019389742120581754,0.002109957556856834,0.019389742120581754,0.002109957556856834
2017-09-19,124.62000274658203,3890.02,2506.65,0.37,108.6142,10.18,2.09,,-0.558,-0.020225843177717806,0.002088539057238492,0.0011096653781503818,-0.00023843026465009132,0.010000000000000009,0.002951305634580237,-0.010000000000000231,,,0.019389742120581754,0.002109957556856834,0.019389742120581754,0.002109957556856834
2017-09-20,123.62000274658203,3962.93,2508.24,0.43,108.4329,9.78,2.06,,-0.558,0.018569351660662647,-0.00805676270666389,0.0006341116368568933,-0.0016706055244801732,0.06,-0.04008552707565061,-0.029999999999999805,,,0.019389742120581754,0.002109957556856834,0.019389742120581754,0.002109957556856834
2017-09-21,122.68000030517578,3605.03,2500.6,0.44,108.9267,9.67,2.05,,-0.558,-0.09465355818837651,-0.00763302471544236,-0.0030506088934592057,0.004543630458686998,0.010000000000000009,-0.011311174581523087,-0.010000000000000231,,,0.019389742120581754,0.002109957556856834,0.019389742120581754,0.002109957556856834
2017-09-22,123.23999786376953,3590.0,2502.22,0.42,108.7542,9.59,2.05,,-0.562,-0.004177889977411198,0.004554314660935255,0.0006476347566470864,-0.0015848890381118252,-0.020000000000000018,-0.008307420569856117,0.0,,,0.019389742120581754,0.002109957556856834,0.019389742120581754,0.002109957556856834
2017-09-25,124.52999877929688,3934.68,2496.66,0.38,109.3302,10.21,2.06,,-0.562,0.09167735458845705,0.010412984536013248,-0.002224499204925401,0.005282370856096286,-0.03999999999999998,0.06264674328122766,0.010000000000000231,,,0.019389742120581754,0.002109957556856834,0.019389742120581754,0.002109957556856834
2017-09-26,123.13999938964844,3911.06,2496.84,0.4,109.7769,10.17,2.04,,-0.562,-0.006021120088020027,-0.01122472640407679,7.209372187055862e-05,0.004077463659478475,0.020000000000000018,-0.003925422116105803,-0.020000000000000018,,,0.019389742120581754,0.002109957556856834,0.019389742120581754,0.002109957556856834
2017-09-27,121.9800033569336,4189.0,2507.04,0.44,110.0722,9.87,2.06,,-0.562,0.06865360496427364,-0.009464790137827528,0.00407684202160663,0.002686389688115298,0.03999999999999998,-0.02994235661507849,0.020000000000000018,,,0.019389742120581754,0.002109957556856834,0.019389742120581754,0.002109957556856834
2017-09-28,122.20999908447266,4143.12,2510.06,0.44,110.2415,9.55,2.05,,-0.562,-0.01101291477063171,0.0018837445698105526,0.0012038828664966417,0.0015368997327422917,0.0,-0.03295869895275105,-0.010000000000000231,,,0.019389742120581754,0.002109957556856834,0.019389742120581754,0.002109957556856834
2017-09-29,121.58000183105469,4146.96,2519.36,0.49,110.0867,9.51,2.0,,-0.568,0.0009264084965732167,-0.005168371577412678,0.0036982437735080254,-0.0014051766906941765,0.04999999999999999,-0.004197277935340082,-0.04999999999999982,,,0.019389742120581754,0.002109957556856834,0.019389742120581754,0.002109957556856834
2017-10-02,120.7699966430664,4410.0,2529.12,0.51,110.3686,9.45,1.99,,-0.568,0.06149915376791526,-0.006684614889873153,0.0038665151329828618,0.002557435939591457,0.020000000000000018,-0.006329135051647672,-0.010000000000000009,,,0.019389742120581754,0.002109957556856834,0.019389742120581754,0.002109957556856834
2017-10-03,120.83000183105469,4235.02,2534.58,0.49,110.3281,9.51,2.0,,-0.568,-0.04048663881571102,0.0004967317019950457,0.002156526696299288,-0.00036701953816820065,-0.020000000000000018,0.006329135051647672,0.010000000000000009,,,0.019389742120581754,0.002109957556856834,0.019389742120581754,0.002109957556856834
2017-10-04,121.16999816894531,4170.05,2537.74,0.48,110.2425,9.63,2.01,,-0.568,-0.015460024496544378,0.0028098889387884185,0.001245978332918618,-0.0007761687577350074,-0.010000000000000009,0.012539349252735477,0.009999999999999787,,,0.019389742120581754,0.002109957556856834,0.019389742120581754,0.002109957556856834
2017-10-05,120.5199966430664,4345.0,2552.07,0.49,110.5823,9.19,2.0,,-0.568,0.04109773257085614,-0.005378816723625945,0.0056308733972807445,0.003077555312600566,0.010000000000000009,-0.04676728944243891,-0.009999999999999787,,,0.019389742120581754,0.002109957556856834,0.019389742120581754,0.002109957556856834
2017-10-06,121.08999633789062,4331.02,2549.33,0.5,110.7841,9.65,1.98,,-0.575,-0.0032226786243665373,0.004718354115049728,-0.0010742150246922932,0.0018232220960445744,0.010000000000000009,0.04884197898329923,-0.020000000000000018,,,0.019389742120581754,0.002109957556856834,0.019389742120581754,0.002109957556856834
2017-10-09,122.08000183105469,4803.35,2544.73,0.5,110.7841,10.33,1.98,,-0.575,0.10351051105694253,0.008142542011554177,-0.001806025547531398,0.0,0.0,0.06809436778065248,0.0,,,0.019389742120581754,0.002109957556856834,0.019389742120581754,0.002109957556856834
2017-10-10,122.4000015258789,4910.99,2550.64,0.47,110.3034,10.08,1.97,,-0.575,0.022161959659939612,0.002617800009599769,0.002319754070958524,-0.004348511403719613,-0.030000000000000027,-0.024499020488324863,-0.010000000000000009,,,0.019389742120581754,0.002109957556856834,0.019389742120581754,0.002109957556856834
2017-10-11,122.79000091552734,4850.42,2555.24,0.46,110.3037,9.85,1.97,,-0.575,-0.012410251671720829,0.0031812040839058753,0.0018018446358105678,2.7197674059564747e-06,-0.009999999999999953,-0.023081807459224724,0.0,,,0.019389742120581754,0.002109957556856834,0.019389742120581754,0.002109957556856834
2017-10-12,122.88999938964844,5300.06,2550.93,0.44,110.3152,9.91,1.97,,-0.575,0.08865284211056412,0.0008140547013937294,-0.0016881541443298786,0.00010425217431908607,-0.020000000000000018,0.006072893157898829,0.0,,,0.019389742120581754,0.002109957556856834,0.019389742120581754,0.002109957556856834
2017-10-13,123.81999969482422,5533.76,2553.17,0.43,110.2669,9.61,1.97,,-0.582,0.0431493709067059,0.007539254296556663,0.0008777258062382387,-0.0004379321873528852,-0.010000000000000009,-0.03074012535969528,0.0,,,0.022329638650032235,0.002939896529450481,0.019389742120581754,0.002109957556856834
2017-10-16,122.97000122070312,5718.78,2557.64,0.46,110.5432,9.91,1.97,,-0.582,0.03288798377415425,-0.006888462515219906,0.001749233933479033,0.0025026042215117172,0.030000000000000027,0.03074012535969528,0.0,,,0.022329638650032235,0.002939896529450481,0.022329638650032235,0.002939896529450481
2017-10-17,122.12999725341797,5622.1,2559.36,0.48,110.9141,10.31,1.95,,-0.582,-0.017050236339107627,-0.006854404417199866,0.0006722689328819698,0.0033496330605737867,0.019999999999999962,0.03956994968697236,-0.020000000000000018,,,0.022329638650032235,0.002939896529450481,0.022329638650032235,0.002939896529450481
2017-10-18,121.66999816894531,5382.99,2561.26,0.5,110.7214,10.07,1.95,,-0.582,-0.043461277713539914,-0.0037735819439879137,0.0007420976706713489,-0.0017388915454095155,0.020000000000000018,-0.023553591298397958,0.0,,,0.022329638650032235,0.002939896529450481,0.022329638650032235,0.002939896529450481
2017-10-19,122.38999938964844,5608.99,2562.1,0.49,110.4577,10.05,1.94,,-0.582,0.04112668579869094,0.005900215657302255,0.0003279098121256041,-0.002384494058848219,-0.010000000000000009,-0.001988072225385995,-0.010000000000000009,,,0.022329638650032235,0.002939896529450481,0.022329638650032235,0.002939896529450481
2017-10-20,121.61000061035156,6060.91,2575.21,0.52,111.0375,9.97,1.94,,-0.588,0.0774892861484684,-0.006393454395473341,0.005103849469401567,0.005235339856578314,0.030000000000000027,-0.007992050531338002,0.0,,,0.022329638650032235,0.002939896529450481,0.022329638650032235,0.002939896529450481
2017-10-23,121.80000305175781,5880.83,2564.98,0.52,111.2134,11.07,1.94,,-0.588,-0.030162045412602367,0.001561172319444637,-0.003980402867081345,0.0015828960578101459,0.0,0.10465816274679884,0.0,,,0.022329638650032235,0.002939896529450481,0.022329638650032235,0.002939896529450481
2017-10-24,121.33000183105469,5635.07,2569.13,0.55,111.4027,11.16,1.92,,-0.588,-0.042688338636653,-0.0038662591759726084,0.0016166388736671422,0.0017006860296859827,0.030000000000000027,0.008097210232619112,-0.020000000000000018,,,0.022329638650032235,0.002939896529450481,0.022329638650032235,0.002939896529450481
2017-10-25,121.3499984741211,5580.09,2557.15,0.56,111.3904,11.23,1.93,,-0.588,-0.009804664479425185,0.0001647984431061289,-0.004673963111462065,-0.00011041634604058714,0.010000000000000009,0.006252811797187174,0.010000000000000009,,,0.022329638650032235,0.002939896529450481,0.022329638650032235,0.002939896529450481
2017-10-26,120.33000183105469,5834.59,2560.4,0.57,111.6418,11.3,1.91,,-0.588,0.044599092335978696,-0.008440935931398386,0.0012701392021270408,0.0022543839541828703,0.009999999999999898,0.006213956967942913,-0.020000000000000018,,,0.022329638650032235,0.002939896529450481,0.022329638650032235,0.002939896529450481
2017-10-27,120.9000015258789,5787.97,2581.07,0.54,112.1495,9.8,1.93,,-0.594,-0.008022372013105183,0.004725786574732993,0.008040545353815709,0.004537270850065056,-0.029999999999999916,-0.1424203400417685,0.020000000000000018,,,0.022329638650032235,0.002939896529450481,0.022329638650032235,0.002939896529450481
2017-10-30,121.12999725341797,6111.38,2572.83,0.5,111.901,10.5,1.92,,-0.594,0.05437098131000084,0.0019005561123002224,-0.0031975812572380136,-0.0022182508130823564,-0.040000000000000036,0.06899287148695121,-0.010000000000000009,,,0.022329638650032235,0.002939896529450481,0.022329638650032235,0.002939896529450481
2017-10-31,120.66999816894531,6329.98,2575.26,0.5,111.8052,10.18,1.91,,-0.594,0.035144469665151945,-0.003804794442604731,0.0009440395099815646,-0.000856480561166606,0.0,-0.03095024604110108,-0.010000000000000009,,,0.022329638650032235,0.002939896529450481,0.022329638650032235,0.002939896529450481
2017-11-01,121.11000061035156,6622.98,2579.36,0.49,111.7942,10.2,1.92,,-0.594,0.045248343125294355,0.00363969666116315,0.0015908062532812295,-9.839024620728054e-05,-0.010000000000000009,0.0019627091678486863,0.010000000000000009,,,0.022329638650032235,0.002939896529450481,0.022329638650032235,0.002939896529450481
2017-11-02,121.19000244140625,6981.07,2579.85,0.48,111.5474,9.93,1.91,,-0.594,0.05265678043599742,0.0006603535530684823,0.0001899515629224524,-0.0022100683478205596,-0.010000000000000009,-0.026827242233144144,-0.010000000000000009,,,0.022329638650032235,0.002939896529450481,0.022329638650032235,0.002939896529450481
2017-11-03,120.62000274658203,7269.73,2587.84,0.48,111.9383,9.14,1.91,,-0.598,0.04051695177393988,-0.004714451332297642,0.0030922932168460093,0.003498213967484176,0.0,-0.08290009259102238,0.0,,,0.022329638650032235,0.002939896529450481,0.022329638650032235,0.002939896529450481
2017-11-06,121.6500015258789,7081.53,2591.13,0.46,111.7197,9.4,1.92,,-0.598,-0.02622916587472801,0.00850295097934417,0.0012705230741127949,-0.0019547708519995766,-0.019999999999999962,0.028049303809899673,0.010000000000000009,,,0.022329638650032235,0.002939896529450481,0.022329638650032235,0.002939896529450481
2017-11-07,121.20999908447266,7017.98,2590.64,0.44,111.9446,9.89,1.9,,-0.598,-0.009014558711735177,-0.003623510843532962,-0.00018912456610831185,0.0020110502730865676,-0.020000000000000018,0.05081445635866233,-0.020000000000000018,,,0.022329638650032235,0.002939896529450481,0.022329638650032235,0.002939896529450481
2017-11-08,121.62999725341797,6989.49,2594.38,0.45,111.6935,9.78,1.92,,-0.598,-0.004067835131682074,0.003459056119704762,0.0014426176364308319,-0.002245593264459167,0.010000000000000009,-0.011184661587894773,0.020000000000000018,,,0.022329638650032235,0.002939896529450481,0.022329638650032235,0.002939896529450481
2017-11-09,122.12999725341797,7149.98,2584.62,0.46,111.5626,10.5,1.93,,-0.598,0.022701967288687896,0.004102401645100784,-0.003769071849442085,-0.0011726444652575552,0.010000000000000009,0.07103577311675169,0.010000000000000009,,,0.022329638650032235,0.002939896529450481,0.022329638650032235,0.002939896529450481
2017-11-10,121.12999725341797,6266.03,2582.3,0.52,111.5626,11.29,1.93,,-0.6,-0.13196657923729127,-0.008221702339946013,-0.0008980205445068279,0.0,0.06,0.07254212099809276,0.0,,,0.022329638650032235,0.002939896529450481,0.022329638650032235,0.002939896529450481
2017-11-13,121.30999755859375,6345.87,2584.84,0.52,111.7833,11.5,1.93,,-0.6,0.01266122734416264,0.0014849063034301224,0.0009831358177203597,0.001976307349576878,0.0,0.018429657207633898,0.0,,,0.022329638650032235,0.002939896529450481,0.022329638650032235,0.002939896529450481
2017-11-14,121.55999755859375,6559.28,2578.87,0.51,111.5097,11.59,1.93,,-0.6,0.0330766332287169,0.0020587153071538467,-0.0023122919993499025,-0.002450593049698746,-0.010000000000000009,0.00779562198245598,0.0,,,0.022329638650032235,0.002939896529450481,0.022329638650032235,0.002939896529450481
2017-11-15,121.41000366210938,7231.95,2564.62,0.48,111.4809,13.13,1.95,,-0.6,0.09762786851436722,-0.0012346702455863223,-0.005540998994613133,-0.00025830685383265717,-0.030000000000000027,0.1247570309630448,0.020000000000000018,,,0.020411287019761692,-0.0019183516302705428,0.022329638650032235,0.002939896529450481
2017-11-16,121.4000015258789,7746.0,2585.64,0.53,111.2568,11.76,1.92,,-0.6,0.06866787174339883,-8.23865246282196e-05,0.008162740022441106,-0.0020122330042608993,0.050000000000000044,-0.1101957458442242,-0.030000000000000027,,,0.020411287019761692,-0.0019183516302705428,0.020411287019761692,-0.0019183516302705428
2017-11-17,122.86000061035156,7696.59,2578.85,0.49,111.0016,11.43,1.93,,-0.601,-0.0063992074659644516,0.011954609509227332,-0.0026294963926014603,-0.0022964271510224066,-0.040000000000000036,-0.028462464663761455,0.010000000000000009,,,0.020411287019761692,-0.0019183516302705428,0.020411287019761692,-0.0019183516302705428
2017-11-20,121.30999755859375,8238.48,2582.14,0.52,111.2599,10.65,1.91,,-0.601,0.06803848725941819,-0.012696268046166637,0.0012749493588080085,0.0023242902282669675,0.030000000000000027,-0.07068158565128524,-0.020000000000000018,,,0.020411287019761692,-0.0019183516302705428,0.020411287019761692,-0.0019183516302705428
2017-11-21,121.51000213623047,8180.29,2599.03,0.52,110.9828,9.73,1.88,,-0.601,-0.007088258577038431,0.0016473488437398487,0.006519786005639183,-0.00249367150050972,0.0,-0.09034599595752058,-0.030000000000000027,,,0.020411287019761692,-0.0019183516302705428,0.020411287019761692,-0.0019183516302705428
2017-11-22,122.62999725341797,8189.34,2597.08,0.48,110.5632,9.88,1.91,,-0.601,0.0011057062281825125,0.009175087875408217,-0.0007505615129561605,-0.00378793119005838,-0.040000000000000036,0.01529861556186285,0.030000000000000027,,,0.020411287019761692,-0.0019183516302705428,0.020411287019761692,-0.0019183516302705428
2017-11-24,122.31999969482422,8126.0,2602.42,0.5,110.0253,9.67,1.9,,-0.602,-0.007764510971624006,-0.002531110250715507,0.0020540443802277153,-0.004876963814090196,0.020000000000000018,-0.021484202294573596,-0.010000000000000009,,,0.020411287019761692,-0.0019183516302705428,0.020411287019761692,-0.0019183516302705428
2017-11-27,122.83000183105469,9568.2,2601.42,0.49,110.1136,9.87,1.93,,-0.602,0.16337630243431,0.004160741332319695,-0.00038433157526274186,0.0008022208227220773,-0.010000000000000009,0.020471543980187246,0.030000000000000027,,,0.020411287019761692,-0.0019183516302705428,0.020411287019761692,-0.0019183516302705428
2017-11-28,122.80999755859375,9840.01,2627.04,0.5,110.3018,10.03,1.91,,-0.602,0.028011627323962784,-0.0001628747154764909,0.009800287295721688,0.0017076850867550064,0.010000000000000009,0.01608074852845398,-0.020000000000000018,,,0.020411287019761692,-0.0019183516302705428,0.020411287019761692,-0.0019183516302705428
2017-11-29,122.04000091552734,9199.99,2626.07,0.53,110.3265,10.7,1.92,,-0.602,-0.06725433022592497,-0.0062895583924209575,-0.00036930504445020773,0.00022390600030153252,0.030000000000000027,0.06466313949401625,0.010000000000000009,,,0.020411287019761692,-0.0019183516302705428,0.020411287019761692,-0.0019183516302705428
2017-11-30,121.0999984741211,9358.39,2647.58,0.56,110.4648,11.28,1.88,,-0.602,0.017070870049442632,-0.007732229391441692,0.008157583185788297,0.0012527669168811428,0.030000000000000027,0.052787504602052504,-0.040000000000000036,,,0.020411287019761692,-0.0019183516302705428,0.020411287019761692,-0.0019183516302705428
2017-12-01,121.58999633789062,10700.72,2642.22,0.51,110.1413,11.43,1.87,,-0.603,0.13403776177631066,0.004038061230928314,-0.0020265423397498594,-0.002932831248837253,-0.050000000000000044,0.013210231736806577,-0.009999999999999787,,,0.020411287019761692,-0.0019183516302705428,0.020411287019761692,-0.0019183516302705428
2017-12-04,121.18000030517578,11399.96,2639.44,0.5,110.397,11.68,1.87,,-0.603,0.06329881769872792,-0.00337765315460814,-0.0010526994379516097,0.002318872636440261,-0.010000000000000009,0.02163649959336178,0.0,,,0.020411287019761692,-0.0019183516302705428,0.020411287019761692,-0.0019183516302705428
2017-12-05,120.31999969482422,11750.22,2629.57,0.5,110.4905,11.33,1.84,,-0.603,0.03026211719677896,-0.007122188370048299,-0.003746438721674572,0.0008465848505174733,0.0,-0.03042390236016601,-0.030000000000000027,,,0.020411287019761692,-0.0019183516302705428,0.020411287019761692,-0.0019183516302705428
2017-12-06,120.06999969482422,13095.0,2629.27,0.47,110.8711,11.02,1.86,,-0.603,0.10835851414053188,-0.0020799541641842723,-0.00011409360251590783,0.0034387208535102687,-0.030000000000000027,-0.027742271315146727,0.020000000000000018,,,0.020411287019761692,-0.0019183516302705428,0.020411287019761692,-0.0019183516302705428
2017-12-07,118.48999786376953,15246.02,2636.98,0.5,111.0178,10.16,1.88,,-0.603,0.15208800742504103,-0.013246352701112407,0.0029280818451757895,0.001322283551584924,0.030000000000000027,-0.08125336157443241,0.019999999999999796,,,0.020411287019761692,-0.0019183516302705428,0.020411287019761692,-0.0019183516302705428
2017-12-08,118.4800033569336,15028.67,2651.5,0.5,111.2273,9.58,1.87,,-0.605,-0.014358775222568454,-8.435250698735075e-05,0.005491194628844731,0.0018853064661810137,0.0,-0.05878085016756707,-0.009999999999999787,,,0.020411287019761692,-0.0019183516302705428,0.020411287019761692,-0.0019183516302705428
2017-12-11,118.01000213623047,17205.0,2659.99,0.51,111.0827,9.34,1.85,,-0.605,0.13524032908729744,-0.003974813553107026,0.0031968457929973937,-0.0013008863334285081,0.010000000000000009,-0.025371339742017884,-0.020000000000000018,,,0.020411287019761692,-0.0019183516302705428,0.020411287019761692,-0.0019183516302705428
2017-12-12,118.1500015258789,16400.02,2664.11,0.51,111.5214,9.92,1.84,,-0.605,-0.04791748490784009,0.0011856318079059847,0.0015476797289268873,0.003941531786325392,0.0,0.06024666905603038,-0.010000000000000009,,,0.020411287019761692,-0.0019183516302705428,0.020411287019761692,-0.0019183516302705428
2017-12-13,119.16999816894531,15451.99,2662.85,0.48,111.2759,10.18,1.83,,-0.605,-0.059544756703195034,0.008596013189973384,-0.00047306532187096906,-0.00220379779611779,-0.030000000000000027,0.02587208982559508,-0.010000000000000009,,,0.02202582938683184,0.0016145423670701486,0.020411287019761692,-0.0019183516302705428
2017-12-14,118.93000030517578,16227.95,2652.01,0.48,111.0893,10.49,1.82,,-0.605,0.04899726660664072,-0.0020159424324850406,-0.004079134739528811,-0.0016783205627559639,0.0,0.029997411285829223,-0.010000000000000009,,,0.02202582938683184,0.0016145423670701486,0.02202582938683184,0.0016145423670701486
2017-12-15,119.18000030517578,17710.0,2675.81,0.47,111.1286,9.42,1.8,,-0.607,0.08739438754969164,0.002099870574296503,0.00893429519491562,0.0003537068832866197,-0.010000000000000009,-0.10758733381993402,-0.020000000000000018,,,0.02202582938683184,0.0016145423670701486,0.02202582938683184,0.0016145423670701486
2017-12-18,119.7300033569336,18588.05,2690.16,0.5,110.9086,9.53,1.81,,-0.607,0.04838944933183953,0.004604277886820718,0.005348533148324286,-0.001981650570209048,0.030000000000000027,0.011609629077839134,0.010000000000000009,,,0.02202582938683184,0.0016145423670701486,0.02202582938683184,0.0016145423670701486
2017-12-19,119.81999969482422,17327.56,2681.47,0.55,111.1255,10.03,1.81,,-0.607,-0.07022060361877891,0.0007513783425441289,-0.0032355197885935993,0.001953754571888844,0.050000000000000044,0.05113588430773319,0.0,,,0.02202582938683184,0.0016145423670701486,0.02202582938683184,0.0016145423670701486
2017-12-20,120.13999938964844,16800.01,2679.25,0.57,110.8361,9.72,1.82,,-0.607,-0.030918815860671245,0.0026671102328528207,-0.0008282469992488828,-0.002607659739258139,0.019999999999999907,-0.03139498350149639,0.010000000000000009,,,0.02202582938683184,0.0016145423670701486,0.02202582938683184,0.0016145423670701486
2017-12-21,120.30999755859375,14816.43,2684.57,0.55,110.8786,9.62,1.79,,-0.607,-0.12564278148627217,0.00141400041112405,0.001983661548850435,0.0003833755769964142,-0.019999999999999907,-0.010341353794732555,-0.030000000000000027,,,0.02202582938683184,0.0016145423670701486,0.02202582938683184,0.0016145423670701486
2017-12-22,120.94000244140625,14086.94,2683.34,0.54,111.0997,9.9,1.79,,-0.611,-0.050488573137872805,0.005222850279183788,-0.0004582789284945932,0.0019920872726562067,-0.010000000000000009,0.028690492462929207,0.0,,,0.02202582938683184,0.0016145423670701486,0.02202582938683184,0.0016145423670701486
2017-12-26,121.7699966430664,15739.86,2680.5,0.53,110.9758,10.25,1.78,,-0.611,0.11094822139050109,0.006839416919106611,-0.0010589429458702782,-0.0011158368469779134,-0.010000000000000009,0.03474294844387282,-0.010000000000000009,,,0.02202582938683184,0.0016145423670701486,0.02202582938683184,0.0016145423670701486
2017-12-27,122.2300033569336,14771.89,2682.62,0.48,110.8553,10.47,1.76,,-0.611,-0.06347029797134063,0.0037705513021490944,0.000790584626270352,-0.0010864122465434889,-0.050000000000000044,0.021236319298028494,-0.020000000000000018,,,0.02202582938683184,0.0016145423670701486,0.02202582938683184,0.0016145423670701486
2017-12-28,122.8499984741211,13724.04,2687.54,0.47,110.5154,10.18,1.76,,-0.611,-0.07357701084803381,0.005059543293278068,0.001832348152224661,-0.003070869515355845,-0.010000000000000009,-0.028089013760069115,0.0,,,0.02202582938683184,0.0016145423670701486,0.02202582938683184,0.0016145423670701486
2017-12-29,123.6500015258789,14335.02,2673.61,0.44,110.0783,11.04,1.77,,-0.615,0.043556454926854116,0.006490919761210634,-0.005196657936668458,-0.003962947011203255,-0.02999999999999997,0.08110002972657249,0.010000000000000009,,,0.02202582938683184,0.0016145423670701486,0.02202582938683184,0.0016145423670701486
2018-01-02,125.1500015258789,14751.0,2695.81,0.46,109.6445,9.77,1.78,,-0.615,0.028605382576945004,0.012058023762451242,0.008269096661867259,-0.003948616744692046,0.020000000000000018,-0.12220857479425762,0.010000000000000009,,,0.02202582938683184,0.0016145423670701486,0.02202582938683184,0.0016145423670701486
2018-01-03,124.81999969482422,14939.11,2713.06,0.46,109.6751,9.15,1.77,,-0.615,0.012671729212486937,-0.0026403330092135135,0.006378433382130844,0.0002790448295417747,0.0,-0.06556258676726134,-0.010000000000000009,,,0.02202582938683184,0.0016145423670701486,0.02202582938683184,0.0016145423670701486
2018-01-04,125.45999908447266,14799.01,2723.99,0.45,109.4777,9.22,1.75,,-0.615,-0.009422319669583956,0.0051142783102626765,0.004020568037294225,-0.0018014832882435883,-0.010000000000000009,0.007621158281072571,-0.020000000000000018,,,0.02202582938683184,0.0016145423670701486,0.02202582938683184,0.0016145423670701486
2018-01-05,125.33000183105469,16673.0,2743.15,0.46,109.3496,9.22,1.76,,-0.618,0.11923035793750714,-0.0010367021379344976,0.007009177903581687,-0.0011707864113175148,0.010000000000000009,0.0,0.010000000000000009,,,0.02202582938683184,0.0016145423670701486,0.02202582938683184,0.0016145423670701486
2018-01-08,125.30999755859375,14899.7,2747.71,0.47,109.5681,9.52,1.74,,-0.618,-0.11244956605779244,-0.00015962553903658971,0.0016609423836406734,0.0019961846169200825,0.009999999999999953,0.03201981123477138,-0.020000000000000018,,,0.02202582938683184,0.0016145423670701486,0.02202582938683184,0.0016145423670701486
2018-01-09,124.7300033569336,14755.33,2751.29,0.52,109.9025,10.08,1.74,,-0.618,-0.009736705075829022,-0.004639219643041592,0.0013020551030287209,0.003047335349489977,0.050000000000000044,0.05715841383994835,0.0,,,0.02202582938683184,0.0016145423670701486,0.02202582938683184,0.0016145423670701486
2018-01-10,125.02999877929688,14480.16,2748.23,0.52,109.628,9.82,1.73,,-0.618,-0.0188249368244211,0.0024022706924071713,-0.0011128245067881792,-0.0025007927651001793,0.0,-0.02613214027684796,-0.010000000000000009,,,0.02202582938683184,0.0016145423670701486,0.02202582938683184,0.0016145423670701486
2018-01-11,125.44000244140625,13405.0,2767.56,0.54,109.4888,9.88,1.69,,-0.618,-0.07715166493235692,0.003273877321212204,0.007008997490407509,-0.0012705554181700052,0.020000000000000018,0.006091389393402036,-0.040000000000000036,,,0.02202582938683184,0.0016145423670701486,0.02202582938683184,0.0016145423670701486
2018-01-12,126.95999908447266,13880.01,2786.24,0.54,108.901,10.16,1.68,,-0.618,0.034821903851572245,0.012044492942166585,0.006726951075669341,-0.005383048287050052,0.0,0.027945930390559592,-0.010000000000000009,,,0.021090824745684245,-0.0009350046411475965,0.02202582938683184,0.0016145423670701486
2018-01-16,127.16999816894531,10680.27,2776.42,0.51,108.3218,11.66,1.66,,-0.618,-0.2620515614281267,0.0016526906271696618,-0.0035306886277952643,-0.005332786177475235,-0.030000000000000027,0.1377057387720102,-0.020000000000000018,,,0.021090824745684245,-0.0009350046411475965,0.021090824745684245,-0.0009350046411475965
2018-01-17,126.13999938964844,10901.07,2802.56,0.53,108.1526,11.91,1.66,,-0.618,0.02046283544346217,-0.008132363237353779,0.009370957160522941,-0.0015632336614039843,0.020000000000000018,0.021214202444862718,0.0,,,0.021090824745684245,-0.0009350046411475965,0.021090824745684245,-0.0009350046411475965
2018-01-18,125.86000061035156,11521.16,2798.03,0.57,108.0655,12.22,1.64,,-0.618,0.055324395088014455,-0.0022222134485856415,-0.0016176870607855776,-0.000805668024197459,0.039999999999999925,0.025695570376240262,-0.020000000000000018,,,0.021090824745684245,-0.0009350046411475965,0.021090824745684245,-0.0009350046411475965
2018-01-19,126.41999816894531,11290.35,2810.3,0.58,107.9455,11.27,1.64,,-0.614,-0.020236966076051743,0.004439499612016284,0.004375641082824622,-0.0011110546439248026,0.010000000000000009,-0.08092962569176443,0.0,,,0.021090824745684245,-0.0009350046411475965,0.021090824745684245,-0.0009350046411475965
2018-01-22,126.6500015258789,10349.92,2832.97,0.6,108.107,11.03,1.64,,-0.614,-0.08696958835388635,0.0018177059354300695,0.008034392098314136,0.0014950072790638202,0.020000000000000018,-0.021525494786273747,0.0,,,0.021090824745684245,-0.0009350046411475965,0.021090824745684245,-0.0009350046411475965
2018-01-23,127.27999877929688,11111.43,2839.13,0.57,107.9979,11.1,1.64,,-0.614,0.07099551802712867,0.004961985943157998,0.0021720359026726754,-0.0010096949145417256,-0.030000000000000027,0.006326275052877417,0.0,,,0.021090824745684245,-0.0009350046411475965,0.021090824745684245,-0.0009350046411475965
2018-01-24,128.8300018310547,11190.05,2837.54,0.58,107.0802,11.47,1.65,,-0.614,0.007050682349062143,0.012104345577546027,-0.000560187589407235,-0.008533696077901887,0.010000000000000009,0.03278982282299081,0.010000000000000009,,,0.021090824745684245,-0.0009350046411475965,0.021090824745684245,-0.0009350046411475965
2018-01-25,127.97000122070312,11251.0,2839.25,0.56,106.5052,11.58,1.61,,-0.614,0.005432022999837471,-0.006697849027903047,0.0006024531651585008,-0.005384276164233093,-0.019999999999999907,0.00954454100356994,-0.039999999999999813,,,0.021090824745684245,-0.0009350046411475965,0.021090824745684245,-0.0009350046411475965
2018-01-26,128.07000732421875,11026.57,2872.87,0.57,106.6911,11.08,1.6,,-0.605,-0.020149198766342025,0.000781175638679521,0.011771597314994331,0.0017439331462592023,0.009999999999999898,-0.04413779082571123,-0.010000000000000009,,,0.021090824745684245,-0.0009350046411475965,0.021090824745684245,-0.0009350046411475965
2018-01-29,127.3499984741211,11298.99,2853.53,0.61,107.1142,13.84,1.59,,-0.605,0.024405526370051334,-0.0056378571834709845,-0.006754705760661395,0.003957811637933517,0.040000000000000036,0.2224212688703857,-0.010000000000000009,,,0.021090824745684245,-0.0009350046411475965,0.021090824745684245,-0.0009350046411475965
2018-01-30,126.80000305175781,10174.21,2822.43,0.63,107.1064,14.79,1.59,,-0.605,-0.104857254155867,-0.004328123373075421,-0.010958608318405894,-7.282212824932799e-05,0.020000000000000018,0.06638832653318483,0.0,,,0.021090824745684245,-0.0009350046411475965,0.021090824745684245,-0.0009350046411475965
2018-01-31,127.6500015258789,10185.58,2823.81,0.61,106.7696,13.54,1.56,,-0.605,0.0011169075105375015,0.006681089570490961,0.0004888208887612322,-0.0031494910920484287,-0.020000000000000018,-0.08830300923857948,-0.030000000000000027,,,0.021090824745684245,-0.0009350046411475965,0.021090824745684245,-0.0009350046411475965
2018-02-01,128.07000732421875,9399.92,2821.98,0.67,106.4877,13.47,1.56,,-0.605,-0.08027181594587063,0.0032848909860554443,-0.0006482706810171379,-0.002643756290582111,0.06000000000000005,-0.005183277061856284,0.0,,,0.021090824745684245,-0.0009350046411475965,0.021090824745684245,-0.0009350046411475965
2018-02-02,126.38999938964844,8662.0,2762.13,0.7,107.1151,17.31,1.58,,-0.592,-0.08175553580900896,-0.013204686797240406,-0.021436645011316813,0.005874471722902896,0.029999999999999916,0.25081937876584526,0.020000000000000018,,,0.021090824745684245,-0.0009350046411475965,0.021090824745684245,-0.0009350046411475965
2018-02-05,126.70999908447266,7199.24,2648.94,0.67,107.33,37.32,1.63,,-0.592,-0.1849701778973607,0.002528643755518978,-0.04184256124518182,0.0020042432486224726,-0.029999999999999916,0.7682450067910249,0.04999999999999982,,,0.021090824745684245,-0.0009350046411475965,0.021090824745684245,-0.0009350046411475965
2018-02-06,125.37999725341797,7477.02,2695.14,0.69,107.5204,29.98,1.61,,-0.592,0.03785885198872663,-0.01055189964568104,0.017290591086863927,0.0017723965125817642,0.019999999999999907,-0.2189988833046912,-0.019999999999999796,,,0.021090824745684245,-0.0009350046411475965,0.021090824745684245,-0.0009350046411475965
2018-02-07,124.79000091552734,8126.96,2681.66,0.74,107.7175,27.73,1.62,,-0.592,0.08335261300976704,-0.0047167720834533355,-0.005014145306667217,0.0018314623502053706,0.050000000000000044,-0.07801563304676495,0.010000000000000009,,,0.021090824745684245,-0.0009350046411475965,0.021090824745684245,-0.0009350046411475965
2018-02-09,124.7699966430664,8538.96,2619.55,0.78,108.2582,29.06,1.67,,-0.574,,-0.0016817358427463347,0.014825626559633598,-0.00040912317533070564,0.020000000000000018,-0.1409880374165411,0.040000000000000036,,,0.021090824745684245,-0.0009350046411475965,0.021090824745684245,-0.0009350046411475965
2018-02-12,125.37000274658203,8872.02,2656.0,0.79,108.0332,25.61,1.64,,-0.574,0.03826328380343824,0.004797371517787141,0.013818684318076535,-0.0020805272993849044,0.010000000000000009,-0.1263797579307031,-0.030000000000000027,,,0.021090824745684245,-0.0009350046411475965,0.021090824745684245,-0.0009350046411475965
2018-02-13,126.08000183105469,8701.62,2662.94,0.78,107.7574,24.97,1.69,,-0.574,-0.01939328910592586,0.0056472535967850845,0.0026095439836835155,-0.00255618317178552,-0.010000000000000009,-0.025307795919752074,0.050000000000000044,,,0.021090824745684245,-0.0009350046411475965,0.021090824745684245,-0.0009350046411475965
2018-02-14,128.22999572753906,9280.97,2698.63,0.82,107.4691,19.26,1.66,,-0.574,0.06445685197499351,0.016908852519764928,0.013313461230303858,-0.002679039731942723,0.039999999999999925,-0.2596446979217024,-0.030000000000000027,,,0.020705076202751638,-0.00038574854293260685,0.021090824745684245,-0.0009350046411475965
2018-02-15,128.3800048828125,10092.83,2731.2,0.79,106.9867,19.13,1.63,,-0.574,0.08385920356036003,0.0011691607653974145,0.011996836229864805,-0.0044988367172065225,-0.029999999999999916,-0.006772622917817994,-0.030000000000000027,,,0.020705076202751638,-0.00038574854293260685,0.020705076202751638,-0.00038574854293260685
2018-02-16,127.95999908447266,10012.02,2732.22,0.78,107.0359,19.46,1.66,,-0.559,-0.00803889958768167,-0.0032769459911659027,0.00037339249475554226,0.00045976453763962866,-0.010000000000000009,0.017103293305697598,0.030000000000000027,,1.4036384319007862,0.020705076202751638,-0.00038574854293260685,0.020705076202751638,-0.00038574854293260685
2018-02-20,126.23999786376953,11723.98,2716.26,0.78,107.6249,20.6,1.67,,-0.559,0.15784994577436073,-0.013532867750938316,-0.005858531424819624,0.005487741386958511,0.0,0.05692999903767637,0.010000000000000009,,1.38734022065118,0.020705076202751638,-0.00038574854293260685,0.020705076202751638,-0.00038574854293260685
2018-02-21,125.66000366210938,10375.35,2701.33,0.82,107.8679,20.02,1.67,,-0.559,-0.12220351645725813,-0.00460496405778521,-0.005511689809003073,0.002255296724520406,0.039999999999999925,-0.0285593019084609,0.0,,1.3715981460448672,0.020705076202751638,-0.00038574854293260685,0.020705076202751638,-0.00038574854293260685
2018-02-22,126.30000305175781,10065.03,2703.96,0.81,107.8668,18.72,1.68,,-0.559,-0.030365760774266448,0.005080177401413977,0.0009731208529206725,-1.0197710428982987e-05,-0.009999999999999898,-0.06713930283762837,0.010000000000000009,,1.3563812681843581,0.020705076202751638,-0.00038574854293260685,0.020705076202751638,-0.00038574854293260685
2018-02-23,126.13999938964844,9949.72,2747.3,0.76,107.6804,16.49,1.68,,-0.544,-0.011522629642218618,-0.0012676571223932953,0.01590124602558518,-0.0017295520096354267,-0.050000000000000044,-0.12683833447793846,0.0,,2.019382957435983,0.020705076202751638,-0.00038574854293260685,0.020705076202751638,-0.00038574854293260685
2018-02-26,126.44999694824219,10294.7,2779.6,0.73,107.7347,15.8,1.7,,-0.544,0.03408478962474071,0.0024545525850454553,0.01168842126055658,0.0005041429421623889,-0.030000000000000027,-0.04274419653858663,0.020000000000000018,,1.9808894451011336,0.020705076202751638,-0.00038574854293260685,0.020705076202751638,-0.00038574854293260685
2018-02-27,125.12999725341797,10675.0,2744.28,0.77,108.1731,18.59,1.69,,-0.544,0.03627535941892113,-0.01049377405473173,-0.012788286983878905,0.0040609982825712265,0.040000000000000036,0.1626138617004318,-0.010000000000000009,,1.9445198184717276,0.020705076202751638,-0.00038574854293260685,0.020705076202751638,-0.00038574854293260685
2018-02-28,125.0,10670.0,2713.83,0.75,108.3903,19.85,1.68,,-0.544,-0.0004684938010264261,-0.0010394376248337167,-0.01115782419577016,0.0020058797823301333,-0.020000000000000018,0.06558020539984666,-0.010000000000000009,,1.91008567417059,0.020705076202751638,-0.00038574854293260685,0.020705076202751638,-0.00038574854293260685
2018-03-01,124.72000122070312,11029.3,2677.67,0.71,108.5358,22.47,1.72,,-0.544,0.03311930265591201,-0.0022425027652310803,-0.01341390789066299,0.0013414708679082565,-0.040000000000000036,0.12397707906403843,0.040000000000000036,,1.8774212045622967,0.020705076202751638,-0.00038574854293260685,0.020705076202751638,-0.00038574854293260685
2018-03-02,125.38999938964844,11060.0,2691.25,0.74,108.5358,19.59,1.72,,-0.529,0.0027796281246157406,0.005357640797750918,0.005058756308713441,0.0,0.030000000000000027,-0.13716185424078864,0.0,,2.475241364013631,0.020705076202751638,-0.00038574854293260685,0.020705076202751638,-0.00038574854293260685
2018-03-05,125.18000030517578,11625.0,2720.94,0.75,108.3614,18.73,1.72,,-0.529,0.04982295537923065,-0.00167617140037013,0.010971639144904621,-0.0016081354446688678,0.010000000000000009,-0.04489271550045215,0.0,,2.412062120814172,0.020705076202751638,-0.00038574854293260685,0.020705076202751638,-0.00038574854293260685
2018-03-06,126.52999877929688,10655.83,2728.12,0.76,107.7969,18.36,1.75,,-0.529,-0.08705079125609849,0.010726720619182117,0.002635318442213652,-0.005223035925994601,0.010000000000000009,-0.019952131263652806,0.030000000000000027,,2.353491462093549,0.020705076202751638,-0.00038574854293260685,0.020705076202751638,-0.00038574854293260685
2018-03-07,125.72000122070312,9756.0,2726.8,0.76,108.0911,17.76,1.77,,-0.529,-0.08822467986364835,-0.006422202914569297,-0.0004839667770610845,0.0027254889768482116,0.0,-0.03322564762832014,0.020000000000000018,,2.298995049942104,0.020705076202751638,-0.00038574854293260685,0.020705076202751638,-0.00038574854293260685
2018-03-08,125.41999816894531,9354.45,2738.97,0.75,108.2671,16.54,1.78,,-0.529,-0.04203031444573391,-0.002389131123573307,0.004453176811945347,0.0016269319935302562,-0.010000000000000009,-0.07116704796847895,0.010000000000000009,,2.2481214392361437,0.020705076202751638,-0.00038574854293260685,0.020705076202751638,-0.00038574854293260685
2018-03-09,125.54000091552734,8935.18,2786.57,0.78,107.923,14.64,1.77,,-0.516,-0.045855872004221254,0.0009563496666089577,0.017229511513169093,-0.0031833121921618357,0.030000000000000027,-0.12202418106237944,-0.010000000000000009,,2.6938730398621864,0.020705076202751638,-0.00038574854293260685,0.020705076202751638,-0.00038574854293260685
2018-03-12,125.54000091552734,8934.99,2783.02,0.77,107.9438,15.78,1.79,,-0.516,-2.1264487132910403e-05,0.0,-0.001274779824276706,0.00019271143190469076,-0.010000000000000009,0.07498580688456258,0.020000000000000018,,2.617388759909271,0.020705076202751638,-0.00038574854293260685,0.020705076202751638,-0.00038574854293260685
2018-03-13,125.77999877929688,9072.57,2765.31,0.75,107.7384,16.35,1.8,,-0.516,0.015280546282877339,0.001909899228191847,-0.006383924585162681,-0.001904654738261513,-0.020000000000000018,0.035484581925534275,0.010000000000000009,,2.547075757649366,0.022117954212386604,0.0014128780096349658,0.020705076202751638,-0.00038574854293260685
2018-03-14,125.69999694824219,8285.97,2749.48,0.74,107.8623,17.23,1.8,,-0.516,-0.09069185261561508,-0.0006362480921948688,-0.005740941532719646,0.0011493470442287546,-0.010000000000000009,0.052424153196575674,0.0,,2.4821464411754643,0.022117954212386604,0.0014128780096349658,0.022117954212386604,0.0014128780096349658
2018-03-15,124.9000015258789,8210.0,2747.33,0.74,108.2032,16.59,1.81,,-0.516,-0.009210799619509658,-0.00638466196975962,-0.0007822719394123823,0.00315552721625334,0.0,-0.03785194633748512,0.010000000000000009,,2.4219471108432327,0.022117954212386604,0.0014128780096349658,0.022117954212386604,0.0014128780096349658
2018-03-16,124.5999984741211,8536.17,2752.01,0.77,108.4332,15.8,1.79,,-0.505,0.038959505988160004,-0.0024048352412036067,0.0017020228353894495,0.002123374339835671,0.030000000000000027,-0.04879016416943216,-0.020000000000000018,,2.741848375046174,0.022117954212386604,0.0014128780096349658,0.022117954212386604,0.0014128780096349658
2018-03-19,124.87000274658203,8395.0,2712.92,0.77,108.3145,19.02,1.8,,-0.505,-0.01667613892299258,0.0021646240154513663,-0.014306008195446474,-0.001095282781469642,0.0,0.18548111708432335,0.010000000000000009,,2.6643094063713146,0.022117954212386604,0.0014128780096349658,0.022117954212386604,0.0014128780096349658
2018-03-20,124.30999755859375,8950.0,2716.94,0.81,108.4953,18.2,1.79,,-0.505,0.06401724175725931,-0.004494791958621569,0.0014807014304167865,0.0016678216751264685,0.040000000000000036,-0.04406946303449466,-0.010000000000000009,,2.5930030661101684,0.022117954212386604,0.0014128780096349658,0.022117954212386604,0.0014128780096349658
2018-03-21,126.4800033569336,8862.78,2711.93,0.8,108.4953,17.86,1.82,,-0.505,-0.009793047133515032,0.01730579327847348,-0.0018456884848019328,0.0,-0.010000000000000009,-0.01885801863439651,0.030000000000000027,,2.527136800431641,0.022117954212386604,0.0014128780096349658,0.022117954212386604,0.0014128780096349658
2018-03-22,125.9800033569336,8610.0,2643.69,0.75,107.9935,23.34,1.84,,-0.505,-0.02893616671360988,-0.003961028602094352,-0.025484890016140405,-0.004635813942080347,-0.050000000000000044,0.26760505141005675,0.020000000000000018,,2.4660523293035657,0.022117954212386604,0.0014128780096349658,0.022117954212386604,0.0014128780096349658
2018-03-23,127.61000061035156,8623.99,2588.26,0.75,107.7495,24.87,1.87,,-0.498,0.001623536171598161,0.012855551688486955,-0.021189833248421053,-0.0022619515259725276,0.0,0.06349363095690341,0.030000000000000027,,2.6261459696702953,0.022117954212386604,0.0014128780096349658,0.022117954212386604,0.0014128780096349658
2018-03-26,128.27999877929688,7910.04,2658.55,0.77,107.1819,21.03,1.84,,-0.498,-0.086415015954449,0.005236622780198097,0.026795026112632847,-0.005281697504372573,0.020000000000000018,-0.16771226810070505,-0.030000000000000027,,2.5593168091440415,0.022117954212386604,0.0014128780096349658,0.022117954212386604,0.0014128780096349658
2018-03-27,127.48999786376953,7886.0,2612.62,0.71,107.3359,22.5,1.86,,-0.498,-0.0030438032013524463,-0.006177451915059251,-0.017427312133270867,0.001435778536376553,-0.06000000000000005,0.06756531949576594,0.020000000000000018,,2.497347543335255,0.022117954212386604,0.0014128780096349658,0.022117954212386604,0.0014128780096349658
2018-03-28,125.7300033569336,7890.63,2605.0,0.72,107.5733,22.87,1.86,,-0.498,0.0005869441234178652,-0.013901136089335075,-0.002920874045064359,0.0022093060377414986,0.010000000000000009,0.016310698824315573,0.0,,2.439676349394692,0.022117954212386604,0.0014128780096349658,0.022117954212386604,0.0014128780096349658
2018-03-29,125.79000091552734,7341.0,2640.87,0.69,107.665,19.97,1.85,,-0.498,-0.0722009064502096,0.00047707982436850926,0.013675733119263178,0.0008520788869654794,-0.030000000000000027,-0.1355948606069659,-0.010000000000000009,,2.3858283173486003,0.022117954212386604,0.0014128780096349658,0.022117954212386604,0.0014128780096349658
2018-04-02,127.26000213623047,6989.8,2581.88,0.68,107.7033,23.62,1.86,,-0.498,-0.04902312959555566,0.011618397461990781,-0.022590592580476354,0.00035566980287971006,-0.009999999999999898,0.16786266334149236,0.010000000000000009,,2.3353988941591504,0.022117954212386604,0.0014128780096349658,0.022117954212386604,0.0014128780096349658
2018-04-03,126.30000305175781,7467.12,2614.45,0.71,107.5624,21.1,1.84,,-0.498,0.06605743910247242,-0.0075722010717775845,0.0125359346035534,-0.001309080082164904,0.029999999999999916,-0.1128207702871955,-0.020000000000000018,,2.2880410260174844,0.022117954212386604,0.0014128780096349658,0.022117954212386604,0.0014128780096349658
2018-04-04,126.44999694824219,6857.86,2644.69,0.71,107.6361,20.06,1.85,,-0.498,-0.08511394291810603,0.00118689546265216,0.011500105825438922,0.0006849490389697621,0.0,-0.05054525794823128,0.010000000000000009,,2.2434550606138,0.022117954212386604,0.0014128780096349658,0.022117954212386604,0.0014128780096349658
2018-04-05,125.80000305175781,6760.96,2662.84,0.75,107.7281,18.94,1.84,,-0.498,-0.014230547910988989,-0.005153580456720874,0.006839366240059874,0.0008543667480136463,0.040000000000000036,-0.05745169477585721,-0.010000000000000009,,2.20138073548631,0.022117954212386604,0.0014128780096349658,0.022117954212386604,0.0014128780096349658
2018-04-06,126.38999938964844,6618.37,2604.47,0.7,107.7886,21.49,1.84,,-0.5,-0.021315775740502474,0.0046789913047762255,-0.022164022802027894,0.0005614414250887378,-0.050000000000000044,0.12631162289648667,0.0,,2.106792178373907,0.022117954212386604,0.0014128780096349658,0.022117954212386604,0.0014128780096349658
2018-04-09,126.81999969482422,6677.04,2613.16,0.71,107.5316,21.77,1.83,,-0.5,0.00882565950621661,0.0033963960355940515,0.003331017352751431,-0.0023871436311306837,0.010000000000000009,0.012945164592037095,-0.010000000000000009,,2.0715236949854248,0.022117954212386604,0.0014128780096349658,0.022117954212386604,0.0014128780096349658
2018-04-10,127.12000274658203,6844.93,2656.87,0.72,107.3659,20.47,1.8,,-0.5,0.024833456673283294,0.002362787969159008,0.01658852125511512,-0.0015421308562322267,0.010000000000000009,-0.06157247557325807,-0.030000000000000027,,2.0379712179502634,0.022117954212386604,0.0014128780096349658,0.022117954212386604,0.0014128780096349658
2018-04-11,128.11000061035156,6914.97,2642.19,0.68,107.1224,20.24,1.8,,-0.5,0.010180394467052878,0.0077577307979446175,-0.005540619488903609,-0.002270521092375688,-0.039999999999999925,-0.011299555253933224,0.0,,2.005999953758073,0.023597114039729084,0.00147915982734248,0.022117954212386604,0.0014128780096349658
2018-04-12,126.62000274658203,7699.97,2663.99,0.7,107.2905,18.49,1.79,,-0.5,0.10752780603563572,-0.011698777825105644,0.008216880187238651,0.0015680029927427341,0.019999999999999907,-0.09043079902023132,-0.010000000000000009,,1.9754894805350693,0.023597114039729084,0.00147915982734248,0.023597114039729084,0.00147915982734248
2018-04-13,127.44999694824219,8093.82,2656.3,0.69,107.2368,17.41,1.79,,-0.51,0.04988437476290919,0.006533610069864082,-0.0028908218745016256,-0.0005006355938990126,-0.010000000000000009,-0.06018529161893582,0.0,,1.6823613235217425,0.023597114039729084,0.00147915982734248,0.023597114039729084,0.00147915982734248
2018-04-16,127.62999725341797,7983.97,2677.84,0.71,107.0595,16.56,1.77,,-0.51,-0.013665026023987892,0.0014113245973428334,0.008076322362107646,-0.0016547186344828546,0.020000000000000018,-0.05005460482298396,-0.020000000000000018,,1.6629974043912135,0.023597114039729084,0.00147915982734248,0.023597114039729084,0.00147915982734248
2018-04-17,127.75,7874.0,2706.39,0.68,107.0344,15.25,1.76,,-0.51,-0.013869588965528479,0.0009397976090923521,0.010605144127270982,-0.0002344765555202244,-0.029999999999999916,-0.08241064590369307,-0.010000000000000009,,1.6442880871501675,0.023597114039729084,0.00147915982734248,0.023597114039729084,0.00147915982734248
2018-04-18,127.8499984741211,8116.01,2708.64,0.71,107.1096,15.6,1.76,,-0.51,0.030272461575320264,0.0007824607184669929,0.0008310203745827138,0.0007023311705314228,0.029999999999999916,0.022691411202070633,0.0,,1.6261972958138842,0.023597114039729084,0.00147915982734248,0.023597114039729084,0.00147915982734248
2018-04-19,127.5999984741211,8249.95,2693.13,0.75,107.5197,15.96,1.77,,-0.51,0.016368485625298135,-0.0019573308498896935,-0.005742577941307836,0.0038214773013836023,0.040000000000000036,0.02281467776617152,0.010000000000000009,,1.6086916778013638,0.023597114039729084,0.00147915982734248,0.023597114039729084,0.00147915982734248
2018-04-20,126.62999725341797,8518.0,2670.14,0.79,108.1787,16.88,1.78,,-0.524,0.03197443177885795,-0.007630932179695016,-0.008573180471046271,0.006110402770011625,0.040000000000000036,0.056043897146148325,0.010000000000000009,,1.2271474379142822,0.023597114039729084,0.00147915982734248,0.023597114039729084,0.00147915982734248
2018-04-23,125.62000274658203,8847.37,2670.29,0.8,108.9332,16.34,1.76,,-0.524,0.037938668212291304,-0.00800792788225202,5.6175251820889116e-05,0.006950360964394164,0.010000000000000009,-0.03251339973595435,-0.020000000000000018,,1.2181389521990162,0.023597114039729084,0.00147915982734248,0.023597114039729084,0.00147915982734248
2018-04-24,126.2300033569336,9452.0,2634.56,0.83,108.7906,18.02,1.77,,-0.524,0.06610611961134971,0.004844167468111671,-0.01347089561834558,-0.0013099166962033948,0.029999999999999916,0.09786616274833504,0.010000000000000009,,1.209326354146721,0.023597114039729084,0.00147915982734248,0.023597114039729084,0.00147915982734248
2018-04-25,125.41000366210938,8969.55,2639.4,0.86,109.3447,17.84,1.8,,-0.524,-0.052390851736454636,-0.0065172673215023735,0.0018354334726682353,0.005080344096269229,0.030000000000000027,-0.010039125028328488,0.030000000000000027,,1.2007026422768867,0.023597114039729084,0.00147915982734248,0.023597114039729084,0.00147915982734248
2018-04-26,124.97000122070312,8880.0,2666.94,0.82,109.3646,16.24,1.8,,-0.524,-0.010033950584128704,-0.0035146807713912764,0.010380129158368057,0.00018197671571229534,-0.040000000000000036,-0.09396579241833125,0.0,,1.192261160558279,0.023597114039729084,0.00147915982734248,0.023597114039729084,0.00147915982734248
2018-04-27,125.5,9089.12,2669.91,0.79,109.1735,15.41,1.8,,-0.538,0.023276536817981253,0.004232040306177076,0.0011130162199064486,-0.0017488945745265383,-0.029999999999999916,-0.0524606854015075,0.0,,0.8185704673241393,0.023597114039729084,0.00147915982734248,0.023597114039729084,0.00147915982734248
2018-04-30,124.58999633789062,9337.55,2648.05,0.78,109.3363,15.93,1.79,,-0.538,0.026965811374880744,-0.007277441654352401,-0.008221243907144071,0.001490093626218325,-0.010000000000000009,0.03318747458993254,-0.010000000000000009,,0.8146746618458907,0.023597114039729084,0.00147915982734248,0.023597114039729084,0.00147915982734248
2018-05-01,123.70999908447266,8986.97,2654.8,0.81,109.7445,15.49,1.82,,-0.538,-0.03826815468138989,-0.007088207443339378,0.0025458022179103423,0.0037264833100696393,0.030000000000000027,-0.02800946949317984,0.030000000000000027,,0.810834055536952,0.023597114039729084,0.00147915982734248,0.023597114039729084,0.00147915982734248
2018-05-02,123.6500015258789,9135.0,2635.67,0.8,110.1625,15.97,1.83,,-0.538,0.016337439314419555,-0.0004851031664152572,-0.007231903167589593,0.0038016116214576456,-0.010000000000000009,0.03051730779814399,0.010000000000000009,,0.8070473558650605,0.023597114039729084,0.00147915982734248,0.023597114039729084,0.00147915982734248
2018-05-03,124.27999877929688,9670.0,2629.73,0.78,110.1803,15.9,1.86,,-0.538,0.05691511963523155,0.0050820683949135415,-0.0022562397993910466,0.00016156643229336964,-0.020000000000000018,-0.0043928530007351085,0.030000000000000027,,0.803313312296421,0.023597114039729084,0.00147915982734248,0.023597114039729084,0.00147915982734248
2018-05-04,124.54000091552734,9671.23,2663.42,0.79,110.25,14.77,1.86,,-0.55,0.00012718942917899767,0.0020898820929318163,0.012729831933829594,0.0006323994688832713,0.010000000000000009,-0.07372101268289777,0.0,,0.48318300732787606,0.023597114039729084,0.00147915982734248,0.023597114039729084,0.00147915982734248
2018-05-07,124.56999969482422,9432.79,2672.63,0.78,110.5721,14.75,1.87,,-0.55,-0.02496358174522406,0.00024084765259058116,0.003451995069662317,0.0029172825404435443,-0.010000000000000009,-0.001355013757459389,0.010000000000000009,,0.48153254855753397,0.023597114039729084,0.00147915982734248,0.023597114039729084,0.00147915982734248
2018-05-08,124.58999633789062,9255.0,2671.92,0.81,111.063,14.71,1.87,,-0.55,-0.019027971123696474,0.00016051246931869656,-0.00026569121971942167,0.004429811006949613,0.030000000000000027,-0.0027155481724827624,0.0,,0.47989890669990376,0.023597114039729084,0.00147915982734248,0.023597114039729084,0.00147915982734248
2018-05-09,124.33000183105469,9289.29,2697.79,0.82,110.8818,13.42,1.86,,-0.55,0.003698177614850806,-0.0020889812252642415,0.009635604216150284,-0.0016328387982875725,0.009999999999999898,-0.09178140306981053,-0.010000000000000009,,0.47828179785175856,0.023597114039729084,0.00147915982734248,0.023597114039729084,0.00147915982734248
2018-05-10,125.18000030517578,9085.0,2723.07,0.8,110.405,13.23,1.84,,-0.55,-0.022237421792176804,0.00681336824222889,0.009327000979503453,-0.0043093464035477425,-0.019999999999999907,-0.014259153416671388,-0.020000000000000018,,0.47668094477928374,0.02462743943334811,0.0010303253936190249,0.023597114039729084,0.00147915982734248
2018-05-11,125.0,8596.56,2727.72,0.82,110.2847,12.65,1.82,,-0.559,-0.05526257861001227,-0.0014389666321497074,0.0017061751151761229,-0.0010902186365333577,0.019999999999999907,-0.04482976295333474,-0.020000000000000018,,0.23459013255494868,0.02462743943334811,0.0010303253936190249,0.02462743943334811,0.0010303253936190249
2018-05-14,124.48999786376953,8747.45,2730.13,0.85,110.408,12.93,1.81,,-0.559,0.017400106086414624,-0.004088363068462719,0.0008831316934818645,0.0011173909497594892,0.030000000000000027,0.021892977610236564,-0.010000000000000009,,0.23392372075907214,0.02462743943334811,0.0010303253936190249,0.02462743943334811,0.0010303253936190249
2018-05-15,122.4800033569336,8555.0,2711.45,0.9,111.2292,14.63,1.81,,-0.559,-0.022246321980381012,-0.016277595476396733,-0.006865679959648929,0.007410342288099336,0.050000000000000044,0.12352402224826697,0.0,,0.23326295803908512,0.02462743943334811,0.0010303253936190249,0.02462743943334811,0.0010303253936190249
2018-05-16,122.29000091552734,8227.17,2722.46,0.92,111.3068,13.42,1.8,,-0.559,-0.03907381570244439,-0.0015524980696373092,0.004052336187627681,0.0006974152779353204,0.020000000000000018,-0.08632808348849741,-0.010000000000000009,,0.23260776500863511,0.02462743943334811,0.0010303253936190249,0.02462743943334811,0.0010303253936190249
2018-05-17,122.36000061035156,8172.0,2720.13,0.95,111.3547,13.43,1.82,,-0.559,-0.006728414686335782,0.0005722435830604056,-0.0008562100552644836,0.00043024951092984765,0.029999999999999916,0.0007448789916106868,0.020000000000000018,,0.23195806383493997,0.02462743943334811,0.0010303253936190249,0.02462743943334811,0.0010303253936190249
2018-05-18,122.41000366210938,8231.1,2712.97,0.91,111.7171,13.42,1.83,,-0.564,0.007205986153408617,0.0004085717333053296,-0.002635697537312076,0.0032491809258425874,-0.039999999999999925,-0.0007448789916106868,0.010000000000000009,,0.09585164737224014,0.02462743943334811,0.0010303253936190249,0.02462743943334811,0.0010303253936190249
2018-05-21,122.4800033569336,8368.18,2733.01,0.9,111.6394,13.08,1.83,,-0.564,0.016516754498686836,0.000571682753271574,0.007359590175901154,-0.0006957487526388917,-0.010000000000000009,-0.02566178551448317,0.0,,0.09559808797478198,0.02462743943334811,0.0010303253936190249,0.02462743943334811,0.0010303253936190249
2018-05-22,122.41000366210938,8171.03,2724.44,0.91,111.1945,13.22,1.83,,-0.564,-0.023841445690408136,-0.000571682753271574,-0.003140663512949615,-0.003993114074287263,0.010000000000000009,0.010646488394487896,0.0,,0.09534653028981545,0.02462743943334811,0.0010303253936190249,0.02462743943334811,0.0010303253936190249
2018-05-23,122.54000091552734,7590.85,2733.29,0.87,111.6933,12.58,1.84,,-0.564,-0.07365139732006121,0.0010614187645909823,0.0032431094088005707,0.004475802019640263,-0.040000000000000036,-0.04962258315124579,0.010000000000000009,,0.09509694811712509,0.02462743943334811,0.0010303253936190249,0.02462743943334811,0.0010303253936190249
2018-05-24,123.58999633789062,7579.58,2727.76,0.86,111.4885,12.53,1.84,,-0.564,-0.0014857854488319333,0.008532091201768566,-0.002025252246427023,-0.0018352756137334225,-0.010000000000000009,-0.00398248236431753,0.0,,0.09484931573410767,0.02462743943334811,0.0010303253936190249,0.02462743943334811,0.0010303253936190249
2018-05-25,123.20999908447266,7417.02,2721.33,0.84,111.5843,13.22,1.85,,-0.564,-0.02168042988936314,-0.003079396764578135,-0.002360028182485152,0.0008589124795985725,-0.020000000000000018,0.05360506551556332,0.010000000000000009,,0.0946036078846463,0.02462743943334811,0.0010303253936190249,0.02462743943334811,0.0010303253936190249
2018-05-29,123.19000244140625,7473.0,2689.86,0.73,112.2127,17.02,1.96,,-0.564,0.007519165689346963,-0.00016231041385150746,-0.011631583739264428,0.0056158183667207595,-0.10999999999999999,0.2526582887216877,0.10999999999999988,,0.09435979976828336,0.02462743943334811,0.0010303253936190249,0.02462743943334811,0.0010303253936190249
2018-05-30,123.37000274658203,7314.99,2724.01,0.78,111.6731,14.94,1.91,,-0.564,-0.021370857531000098,0.001460093554237929,0.012615911702765992,-0.004820323976095331,0.050000000000000044,-0.13034694344055664,-0.050000000000000044,,0.09411786702969997,0.02462743943334811,0.0010303253936190249,0.02462743943334811,0.0010303253936190249
2018-05-31,123.0999984741211,7544.9,2705.27,0.76,111.9894,15.43,1.89,,-0.564,0.030946170904355697,-0.002190971551372378,-0.006903336878120392,0.0028283705212830412,-0.020000000000000018,0.03227148667039792,-0.020000000000000018,,0.09387778574850872,0.02462743943334811,0.0010303253936190249,0.02462743943334811,0.0010303253936190249
2018-06-01,122.48999786376953,7440.14,2734.62,0.8,111.8265,13.46,1.9,,-0.559,-0.01398217244924993,-0.004967644235411406,0.010790764075641945,-0.0014556609138560717,0.040000000000000036,-0.13659134215848745,0.010000000000000009,,0.23231189708990393,0.02462743943334811,0.0010303253936190249,0.02462743943334811,0.0010303253936190249
2018-06-04,122.37000274658203,7494.99,2746.87,0.82,111.8247,12.74,1.88,,-0.559,0.007345131458595944,-0.0009801121170811555,0.004469595089461542,-1.609649311085093e-05,0.019999999999999907,-0.05497567407256465,-0.020000000000000018,,0.23169884347498676,0.02462743943334811,0.0010303253936190249,0.02462743943334811,0.0010303253936190249
2018-06-05,122.8499984741211,7620.01,2748.8,0.79,112.264,12.4,1.9,,-0.559,0.016542884702795746,0.003914822104047921,0.0007023711683356026,0.003920773896767038,-0.029999999999999916,-0.027050177533026076,0.020000000000000018,,0.23109061922543306,0.02462743943334811,0.0010303253936190249,0.02462743943334811,0.0010303253936190249
2018-06-06,122.91999816894531,7523.1,2772.35,0.83,111.7525,11.64,1.91,,-0.559,-0.012799394974457812,0.0005696358194500206,0.008530883175666304,-0.004566635840737909,0.039999999999999925,-0.06324903030769935,0.010000000000000009,,0.23048716124880933,0.02462743943334811,0.0010303253936190249,0.02462743943334811,0.0010303253936190249
2018-06-07,122.86000061035156,7695.16,2770.37,0.8,112.0725,12.13,1.89,,-0.559,0.022613272738031043,-0.00048822166232742603,-0.0007144506972114328,0.0028593786934250076,-0.029999999999999916,0.0412342806526671,-0.020000000000000018,,0.22988840760095508,0.02462743943334811,0.0010303253936190249,0.02462743943334811,0.0010303253936190249
2018-06-08,123.01000213623047,7641.12,2779.03,0.82,112.1066,12.18,1.9,,-0.553,-0.007047370504425388,0.0012201695433651238,0.0031210606659346496,0.0003042210470374229,0.019999999999999907,0.004113539325791837,0.010000000000000009,,0.3976169427049775,0.02462743943334811,0.0010303253936190249,0.02462743943334811,0.0010303253936190249
2018-06-11,123.2300033569336,6747.67,2782.0,0.83,112.1106,12.35,1.89,,-0.553,-0.12434692918366608,0.0017868849442264079,0.0010681475490628145,3.567968916229347e-05,0.010000000000000009,0.013860800792235395,-0.010000000000000009,,0.3964916364730692,0.02462743943334811,0.0010303253936190249,0.02462743943334811,0.0010303253936190249
2018-06-12,122.81999969482422,6494.61,2786.85,0.83,112.2138,12.34,1.88,,-0.553,-0.03822465797879104,-0.003332688774722037,0.00174183223690072,0.0009200961400592789,0.0,-0.0008100445967444969,-0.010000000000000009,,0.39537583787826525,0.028010117148075553,0.0033826777147274445,0.02462743943334811,0.0010303253936190249
2018-06-13,123.19000244140625,6274.0,2775.63,0.86,112.2577,12.94,1.87,,-0.553,-0.03455849236185493,0.0030080323755869998,-0.0040341772794629804,0.0003911409738845961,0.030000000000000027,0.04747727059551288,-0.009999999999999787,,0.3942694137045471,0.028010117148075553,0.0033826777147274445,0.028010117148075553,0.0033826777147274445
2018-06-14,123.37999725341797,6642.88,2782.49,0.82,112.8593,12.12,1.88,,-0.553,0.05713149462380507,0.0015411027282308254,0.002468461812028977,0.005344788995470751,-0.040000000000000036,-0.0654663084315863,0.009999999999999787,,0.39317223333586354,0.028010117148075553,0.0033826777147274445,0.028010117148075553,0.0033826777147274445
2018-06-15,121.33999633789062,6539.05,2779.66,0.81,113.3379,11.98,1.87,,-0.547,-0.01575370941326959,-0.016672509186741458,-0.0010175922059643128,0.004231712100822627,-0.009999999999999898,-0.01161838795386494,-0.009999999999999787,,0.5620124513728022,0.028010117148075553,0.0033826777147274445,0.028010117148075553,0.0033826777147274445
2018-06-18,121.11000061035156,6694.62,2773.75,0.8,113.4899,12.31,1.9,,-0.547,0.023512323778067667,-0.0018972637609842025,-0.002128422800087293,0.0013402239297990448,-0.010000000000000009,0.027173347509058754,0.029999999999999805,,0.560247561658473,0.028010117148075553,0.0033826777147274445,0.028010117148075553,0.0033826777147274445
2018-06-19,120.80000305175781,6742.03,2762.59,0.77,113.639,13.35,1.91,,-0.547,0.0070568477630637005,-0.002562917808995202,-0.004031549765964648,0.001312911051103427,-0.030000000000000027,0.0811044446498963,0.010000000000000009,,0.5584992140372657,0.028010117148075553,0.0033826777147274445,0.028010117148075553,0.0033826777147274445
2018-06-20,120.26000213623047,6748.93,2767.32,0.81,113.4784,12.79,1.92,,-0.547,0.0010229072803777939,-0.004480227388754976,0.001710697336311462,-0.001414246788383089,0.040000000000000036,-0.042852769255507184,0.010000000000000009,,0.5567671514922697,0.028010117148075553,0.0033826777147274445,0.028010117148075553,0.0033826777147274445
2018-06-21,120.05000305175781,6714.52,2749.76,0.79,113.6109,14.64,1.95,,-0.547,-0.00511162813753252,-0.0017477352868704443,-0.006365707692292055,0.001166941947824185,-0.020000000000000018,0.13509389294241458,0.030000000000000027,,0.5550511225658749,0.028010117148075553,0.0033826777147274445,0.028010117148075553,0.0033826777147274445
2018-06-22,120.33999633789062,6193.58,2754.88,0.78,113.3047,13.77,1.97,,-0.541,-0.080759073966723,0.0024126912728643646,0.0018602493447312796,-0.002698802425673108,-0.010000000000000009,-0.061265195792602256,0.020000000000000018,,0.7244810467546436,0.028010117148075553,0.0033826777147274445,0.028010117148075553,0.0033826777147274445
2018-06-25,119.88999938964844,6255.7,2717.07,0.77,113.286,17.33,1.99,,-0.541,0.009979776432711418,-0.0037463887322166656,-0.013819790665146492,-0.0001650553181784531,-0.010000000000000009,0.22994679098695103,0.020000000000000018,,0.7219053888345884,0.028010117148075553,0.0033826777147274445,0.028010117148075553,0.0033826777147274445
2018-06-26,119.26000213623047,6164.95,2723.06,0.76,113.3016,15.92,1.99,,-0.541,-0.014613021845649499,-0.0052686490212927595,0.0022021541473096207,0.00013769509032801608,-0.010000000000000009,-0.08486292331127743,0.0,,0.7193570457760129,0.028010117148075553,0.0033826777147274445,0.028010117148075553,0.0033826777147274445
2018-06-27,118.58000183105469,6144.84,2699.63,0.72,113.8971,17.91,1.98,,-0.541,-0.003267321033122883,-0.005718147886605074,-0.008641521386802076,0.005242119463582107,-0.040000000000000036,0.11778303565638337,-0.010000000000000009,,0.7168355377859776,0.028010117148075553,0.0033826777147274445,0.028010117148075553,0.0033826777147274445
2018-06-28,118.22000122070312,6091.42,2716.31,0.74,113.8405,16.85,2.0,,-0.541,-0.008731481578385214,-0.0030405479988209194,0.006159615039220689,-0.0004970632971046385,0.020000000000000018,-0.06100855927424975,0.020000000000000018,,0.7143403967934923,0.028010117148075553,0.0033826777147274445,0.028010117148075553,0.0033826777147274445
2018-06-29,118.6500015258789,5883.59,2718.37,0.74,113.2586,16.09,1.99,,-0.538,-0.03471410384990037,0.0036306900201950043,0.0007580943491278802,-0.005124646231425167,0.0,-0.04615269579407899,-0.010000000000000009,,0.7978339681933359,0.028010117148075553,0.0033826777147274445,0.028010117148075553,0.0033826777147274445
2018-07-02,117.45999908447266,6629.0,2726.71,0.73,114.1673,15.6,1.97,,-0.538,0.11928684343732421,-0.010080153442110884,0.0030633182696382377,0.007991216794208,-0.010000000000000009,-0.030927046748800535,-0.020000000000000018,,0.7948590856992274,0.028010117148075553,0.0033826777147274445,0.028010117148075553,0.0033826777147274445
2018-07-03,118.6500015258789,6587.48,2713.22,0.71,113.3222,16.14,1.99,,-0.538,-0.006283085449512171,0.010080153442110884,-0.004959632808581027,-0.007429827641461273,-0.020000000000000018,0.03402974858631147,0.020000000000000018,,0.7919172816510232,0.028010117148075553,0.0033826777147274445,0.028010117148075553,0.0033826777147274445
2018-07-05,119.05000305175781,6509.86,2736.61,0.71,112.9759,14.97,1.95,,-0.538,-0.011852927196851937,0.0033656028250153014,0.00858380669408465,-0.003060567192725294,0.0,-0.07525246441026567,-0.040000000000000036,,0.7890079470815964,0.028010117148075553,0.0033826777147274445,0.028010117148075553,0.0033826777147274445
2018-07-06,118.86000061035156,6570.01,2759.82,0.7,112.6428,13.37,1.96,,-0.539,0.009197403952486027,-0.0015972634935632612,0.008445532084703444,-0.0029527715745283345,-0.010000000000000009,-0.11303480731768545,0.010000000000000009,,0.7573809855806792,0.028010117148075553,0.0033826777147274445,0.028010117148075553,0.0033826777147274445
2018-07-09,119.1500015258789,6709.68,2784.17,0.73,112.6425,12.69,1.93,,-0.539,0.02103590526610688,0.0024368812775596993,0.00878434361527436,-2.663289615512099e-06,0.030000000000000027,-0.05219910938755534,-0.030000000000000027,,0.7547141366880319,0.028010117148075553,0.0033826777147274445,0.028010117148075553,0.0033826777147274445
2018-07-10,118.93000030517578,6376.13,2793.84,0.74,112.5794,12.64,1.91,,-0.539,-0.050989929592825334,-0.0018481290459551047,0.0034671897996760848,-0.000560336287465546,0.010000000000000009,-0.003947893007584913,-0.020000000000000018,,0.7520753003437888,0.028010117148075553,0.0033826777147274445,0.028010117148075553,0.0033826777147274445
2018-07-11,117.63999938964844,6345.29,2774.02,0.74,112.8582,13.63,1.91,,-0.539,-0.004848524837012036,-0.010905978807670635,-0.007119461953973172,0.0024734129722476794,0.0,0.07540685698972993,0.0,,0.7494639891762785,0.028010117148075553,0.0033826777147274445,0.028010117148075553,0.0033826777147274445
2018-07-12,118.12999725341797,6173.98,2798.29,0.75,112.779,12.58,1.9,,-0.539,-0.02736911871791925,0.004156581212429344,0.008710984661528975,-0.0007020119311231809,0.010000000000000009,-0.08016499443614666,-0.010000000000000009,,0.7468797276080158,0.0287154783531669,0.0007053612050913483,0.028010117148075553,0.0033826777147274445
2018-07-13,117.61000061035156,6177.9,2801.31,0.72,113.0705,12.18,1.9,,-0.544,0.0006347212135491276,-0.0044116186573557314,0.0010786485794733736,0.002581366457453882,-0.030000000000000027,-0.0323129889905438,0.0,,0.5997169261676908,0.0287154783531669,0.0007053612050913483,0.0287154783531669,0.0007053612050913483
2018-07-16,117.55000305175781,6681.95,2798.43,0.75,112.8437,12.83,1.91,,-0.544,0.07843145321970901,-0.0005102701051304948,-0.0010286192765862623,-0.002007842589744513,0.030000000000000027,0.051990916345794336,0.010000000000000009,,0.5979326127358238,0.0287154783531669,0.0007053612050913483,0.0287154783531669,0.0007053612050913483
2018-07-17,116.27999877929688,7289.64,2809.55,0.77,113.1504,12.06,1.9,,-0.544,0.08704430096816651,-0.01086273575472596,0.0039657825363441646,0.002714231816579371,0.020000000000000018,-0.06189198732850576,-0.010000000000000009,,0.5961641493172839,0.0287154783531669,0.0007053612050913483,0.0287154783531669,0.0007053612050913483
2018-07-18,116.30999755859375,7396.83,2815.62,0.79,113.3348,12.1,1.89,,-0.544,0.014597367966365127,0.0002579541677247832,0.002158157835582486,0.0016283628311759557,0.020000000000000018,0.00331126130365611,-0.010000000000000009,,0.5944113024555884,0.0287154783531669,0.0007053612050913483,0.0287154783531669,0.0007053612050913483
2018-07-19,115.80999755859375,7450.0,2804.49,0.75,113.9463,12.87,1.9,,-0.544,0.0071625023399519705,-0.004308123245285955,-0.003960781746415343,0.005381014747940505,-0.040000000000000036,0.06169356900533973,0.010000000000000009,,0.5926738434825881,0.0287154783531669,0.0007053612050913483,0.0287154783531669,0.0007053612050913483
2018-07-20,116.55999755859375,7353.37,2801.83,0.78,113.3213,12.86,1.91,,-0.552,-0.013055320845927199,0.006455244826308437,-0.0009489291369755293,-0.0055001379483838875,0.030000000000000027,-0.0007773027985620296,0.010000000000000009,,0.35757404298179774,0.0287154783531669,0.0007053612050913483,0.0287154783531669,0.0007053612050913483
2018-07-23,116.0,7757.0,2806.98,0.85,113.4246,12.62,1.91,,-0.552,0.053436949963193925,-0.004815949835094813,0.001836397184893812,0.0009111521500200226,0.06999999999999995,-0.018838861696405917,0.0,,0.3567109231802253,0.0287154783531669,0.0007053612050913483,0.0287154783531669,0.0007053612050913483
2018-07-24,116.04000091552734,8266.24,2820.4,0.84,113.2045,12.41,1.88,,-0.552,0.06358408875887456,0.0003447760365951069,0.004769546552918058,-0.0019423813552652547,-0.010000000000000009,-0.016780257896551465,-0.030000000000000027,,0.3558540270783159,0.0287154783531669,0.0007053612050913483,0.0287154783531669,0.0007053612050913483
2018-07-25,116.68000030517578,8166.97,2846.07,0.81,112.9221,12.29,1.87,,-0.552,-0.012081779217673727,0.005500180472054694,0.009060376426541339,-0.002497717179799075,-0.029999999999999916,-0.009716675638572259,-0.009999999999999787,,0.3550032802025247,0.0287154783531669,0.0007053612050913483,0.0287154783531669,0.0007053612050913483
2018-07-26,115.7699966430664,8261.1,2837.44,0.87,112.9179,12.14,1.85,,-0.552,0.01145977952919175,-0.007829712393953692,-0.003036858079784821,-3.71944739683272e-05,0.05999999999999994,-0.012280137946591108,-0.020000000000000018,,0.35415860932152177,0.0287154783531669,0.0007053612050913483,0.0287154783531669,0.0007053612050913483
2018-07-27,115.83000183105469,8220.2,2818.82,0.84,112.8125,13.03,1.84,,-0.561,-0.0049632109067871966,0.0005181795313156101,-0.006583879546122162,-0.0009338574481754236,-0.030000000000000027,0.07074860550540141,-0.010000000000000009,,0.08797709813986386,0.0287154783531669,0.0007053612050913483,0.0287154783531669,0.0007053612050913483
2018-07-30,115.6500015258789,8121.21,2802.6,0.85,112.6044,14.26,1.84,,-0.561,-0.01211538182202787,-0.0015552128809899202,-0.0057707999094027684,-0.0018463572085174462,0.010000000000000009,0.09020402384939619,0.0,,0.0877914256951145,0.0287154783531669,0.0007053612050913483,0.0287154783531669,0.0007053612050913483
2018-07-31,115.98999786376953,7749.01,2816.29,0.84,112.7299,12.83,1.83,,-0.561,-0.046914064580235504,0.0029355602050307184,0.004872858193981422,0.0011139006620508596,-0.010000000000000009,-0.1056722363586049,-0.010000000000000009,,0.08760692389767546,0.0287154783531669,0.0007053612050913483,0.0287154783531669,0.0007053612050913483
2018-08-01,115.13999938964844,7564.84,2813.36,0.87,112.8899,13.15,1.83,,-0.561,-0.024053896286469367,-0.007355188129705148,-0.0010409173801422256,0.0014183154742761772,0.030000000000000027,0.02463557999622834,0.0,,0.08742358049742241,0.0287154783531669,0.0007053612050913483,0.0287154783531669,0.0007053612050913483
2018-08-02,114.5199966430664,7535.43,2827.22,0.86,113.1679,12.19,1.84,,-0.561,-0.0038952995128376244,-0.005399323029875447,0.004914398127409569,0.0024595491962147165,-0.010000000000000009,-0.07580581513059315,0.010000000000000009,,0.08724138342295923,0.0287154783531669,0.0007053612050913483,0.0287154783531669,0.0007053612050913483
2018-08-03,114.91999816894531,7377.18,2840.35,0.83,113.012,11.64,1.84,,-0.571,-0.021224445703616368,0.0034867672609539824,0.004633387321150373,-0.001378548886875386,-0.030000000000000027,-0.04616850118988847,0.0,,-0.21095665001488428,0.0287154783531669,0.0007053612050913483,0.0287154783531669,0.0007053612050913483
2018-08-06,114.33000183105469,6940.08,2850.4,0.83,113.229,11.27,1.82,,-0.571,-0.06107814993735872,-0.005147198608389303,0.0035320512931100723,0.0019183089408638665,0.0,-0.032303114251607035,-0.020000000000000018,,-0.21050457787073668,0.0287154783531669,0.0007053612050913483,0.0287154783531669,0.0007053612050913483
2018-08-07,114.58999633789062,7007.96,2858.45,0.85,112.9759,10.93,1.82,,-0.571,0.009733344025448787,0.0022714889105870384,0.0028201845679713955,-0.0022377950753611486,0.020000000000000018,-0.030633025863237684,0.0,,-0.21005540023713834,0.0287154783531669,0.0007053612050913483,0.0287154783531669,0.0007053612050913483
2018-08-08,114.91000366210938,6333.18,2857.7,0.85,113.1411,10.85,1.84,,-0.571,-0.10124416617630771,0.002788736658923874,-0.0002624143888114716,0.0014611907056334417,0.0,-0.007346222201978669,0.020000000000000018,,-0.20960908635127712,0.0287154783531669,0.0007053612050913483,0.0287154783531669,0.0007053612050913483
2018-08-09,114.73999786376953,6466.21,2853.58,0.82,113.3806,11.27,1.85,,-0.571,0.02078767667192949,-0.0014805645831970082,-0.001442759141442096,0.002114588485283342,-0.030000000000000027,0.03797924806521635,0.010000000000000009,,-0.20916560590622196,0.0287154783531669,0.0007053612050913483,0.0287154783531669,0.0007053612050913483
2018-08-10,114.69000244140625,6398.38,2833.28,0.78,114.3005,13.16,1.87,,-0.58,-0.01054532302677913,-0.00043582289228183413,-0.0071392952256221776,0.008080644423621663,-0.039999999999999925,0.15503759784548654,0.020000000000000018,,-0.4794200272534042,0.029495150866471143,0.0007796725133042415,0.0287154783531669,0.0007053612050913483
2018-08-13,112.95999908447266,6235.09,2821.93,0.78,114.851,14.78,1.91,,-0.58,-0.025851819653121666,-0.015199092023381766,-0.004014003101378449,0.004804690861953453,0.0,0.11609298962288417,0.039999999999999813,,-0.47823393950401843,0.029495150866471143,0.0007796725133042415,0.029495150866471143,0.0007796725133042415
2018-08-14,113.06999969482422,6073.0,2839.96,0.8,114.658,13.31,1.9,,-0.58,-0.026340296755526182,0.0009733276081034248,0.006368919546678065,-0.001681851652821642,0.020000000000000018,-0.10475928311303528,-0.010000000000000009,,-0.47705661863169163,0.029495150866471143,0.0007796725133042415,0.029495150866471143,0.0007796725133042415
2018-08-15,111.19000244140625,6363.16,2818.37,0.78,115.1526,14.64,1.9,,-0.58,0.04667239239075727,-0.016766621575930785,-0.007631263915858,0.004304420802728082,-0.020000000000000018,0.09524187612614554,0.0,,-0.47588795709936993,0.029495150866471143,0.0007796725133042415,0.029495150866471143,0.0007796725133042415
2018-08-16,111.0999984741211,6408.59,2840.69,0.79,114.6416,13.45,1.89,,-0.58,0.007114168630947049,-0.0008097887609235244,0.007888276759113744,-0.004447465099604031,0.010000000000000009,-0.08477840248531754,-0.010000000000000009,,-0.47472784920858474,0.029495150866471143,0.0007796725133042415,0.029495150866471143,0.0007796725133042415
2018-08-17,112.12999725341797,6493.5,2850.13,0.79,114.5339,12.64,1.89,,-0.587,0.013162398630866434,0.009228205066865947,0.003317626865218415,-0.0009398911133908783,0.0,-0.062112717329136924,0.0,,-0.6855024867820539,0.029495150866471143,0.0007796725133042415,0.029495150866471143,0.0007796725133042415
2018-08-20,112.69000244140625,6447.11,2857.05,0.75,114.3504,12.49,1.89,,-0.587,-0.007169708185610801,0.004981819650891062,0.0024250166951826913,-0.0016034305482266475,-0.040000000000000036,-0.011938064581225039,0.0,,-0.6818565361144541,0.029495150866471143,0.0007796725133042415,0.029495150866471143,0.0007796725133042415
2018-08-21,113.0199966430664,6437.99,2862.96,0.77,113.8604,12.86,1.88,,-0.587,-0.0014155887844022885,0.0029240568705191095,0.002066430689121823,-0.00429428189201797,0.020000000000000018,0.029193394671986894,-0.010000000000000009,,-0.6782240345480149,0.029495150866471143,0.0007796725133042415,0.029495150866471143,0.0007796725133042415
2018-08-22,113.2699966430664,6438.21,2861.82,0.74,113.663,12.25,1.91,,-0.587,3.417157236107471e-05,0.002209555076481351,-0.0003982685850179024,-0.001735206572422321,-0.030000000000000027,-0.04859578181873703,0.030000000000000027,,-0.6746048187732635,0.029495150866471143,0.0007796725133042415,0.029495150866471143,0.0007796725133042415
2018-08-23,112.19999694824219,6416.9,2856.98,0.73,114.0932,12.41,1.9,,-0.587,-0.003315416129449744,-0.009491353686730264,-0.0016926632005294096,0.0037777282166056025,-0.010000000000000009,0.012976662225779645,-0.010000000000000009,,-0.6709987275157726,0.029495150866471143,0.0007796725133042415,0.029495150866471143,0.0007796725133042415
2018-08-24,114.16000366210938,6621.89,2874.69,0.73,113.5985,11.99,1.9,,-0.593,0.03144569265049668,0.017318039357996362,0.006179719474591394,-0.00434535627267163,0.0,-0.034429630177092996,0.0,,-0.8479765012698722,0.029495150866471143,0.0007796725133042415,0.029495150866471143,0.0007796725133042415
2018-08-27,114.58999633789062,6743.56,2896.74,0.74,113.2721,12.16,1.89,,-0.593,0.0182071477006005,0.003759503232664052,0.007641124395723509,-0.0028774131615341147,0.010000000000000009,0.014078907498598081,-0.010000000000000009,,-0.8426479058754891,0.029495150866471143,0.0007796725133042415,0.029495150866471143,0.0007796725133042415
2018-08-28,113.68000030517578,7088.98,2897.52,0.77,113.3444,12.5,1.9,,-0.593,0.049953490204503126,-0.007973022006626529,0.00026923196567363306,0.000638082420769237,0.030000000000000027,0.027576767770234767,0.010000000000000009,,-0.8373497498643152,0.029495150866471143,0.0007796725133042415,0.029495150866471143,0.0007796725133042415
2018-08-29,114.19999694824219,6999.99,2914.04,0.77,113.6461,12.25,1.88,,-0.593,-0.01263274511364365,0.004563784025624962,0.005685235804660849,0.0026582625938971205,0.0,-0.020202707317519497,-0.020000000000000018,,-0.832081541948882,0.029495150866471143,0.0007796725133042415,0.029495150866471143,0.0007796725133042415
2018-08-30,113.63999938964844,6809.98,2901.13,0.76,114.0899,13.53,1.9,,-0.593,-0.02751953718331812,-0.004915718883920839,-0.004440118245784497,0.003897500279231636,-0.010000000000000009,0.09938350519196071,0.020000000000000018,,-0.8268427997181234,0.029495150866471143,0.0007796725133042415,0.029495150866471143,0.0007796725133042415
2018-08-31,113.51000213623047,7045.68,2901.52,0.78,114.2755,12.86,1.92,,-0.597,0.034025479749395515,-0.001144594028062329,0.00013442134217545032,0.0016254655115446326,0.020000000000000018,-0.05078772337322368,0.020000000000000018,,-0.9410842661067631,0.029495150866471143,0.0007796725133042415,0.029495150866471143,0.0007796725133042415
2018-09-04,112.93000030517578,7355.94,2896.72,0.8,114.8584,13.16,1.94,,-0.597,0.0430934870530173,-0.005122797149080149,-0.0016556752036844813,0.005087865718954809,0.020000000000000018,0.02306020708769818,0.020000000000000018,,-0.9347139399758153,0.029495150866471143,0.0007796725133042415,0.029495150866471143,0.0007796725133042415
2018-09-05,113.31999969482422,6912.76,2888.6,0.81,114.7477,13.91,1.95,,-0.597,-0.06213917094096466,0.0034475118313483932,-0.002807106722542585,-0.00096426017059148,0.010000000000000009,0.05542608003818028,0.010000000000000009,,-0.9283881734062345,0.029495150866471143,0.0007796725133042415,0.029495150866471143,0.0007796725133042415
2018-09-06,113.54000091552734,6470.68,2878.05,0.8,114.6479,14.65,1.93,,-0.597,-0.06608777570717272,0.00193953353678733,-0.0036589741948480636,-0.0008701126464192299,-0.010000000000000009,0.05183232952772476,-0.020000000000000018,,-0.9221061472466738,0.029495150866471143,0.0007796725133042415,0.029495150866471143,0.0007796725133042415
2018-09-07,113.2300033569336,6419.0,2871.68,0.84,114.5816,14.88,1.93,,-0.599,-0.008018861124179821,-0.0027340278330774126,-0.0022157571246541607,-0.0005784595948492566,0.039999999999999925,0.015577693941869697,0.0,,-0.9751794475273465,0.029495150866471143,0.0007796725133042415,0.029495150866471143,0.0007796725133042415
2018-09-10,113.1500015258789,6294.65,2877.13,0.84,114.6802,14.16,1.92,,-0.599,-0.01956227606133787,-0.0007067924079828813,0.0018960451407243895,0.0008601520713806821,0.0,-0.04959694113937241,-0.010000000000000009,,-0.9683650524858595,0.029495150866471143,0.0007796725133042415,0.029495150866471143,0.0007796725133042415
2018-09-11,113.22000122070312,6269.23,2887.89,0.86,114.7051,13.22,1.9,,-0.599,-0.004046526182417409,0.0006184538252069771,0.00373286215637858,0.00021710196858926167,0.020000000000000018,-0.06869025384203331,-0.020000000000000018,,-0.9616017705781188,0.029495150866471143,0.0007796725133042415,0.029495150866471143,0.0007796725133042415
2018-09-12,114.16999816894531,6313.86,2888.92,0.85,114.2192,13.14,1.89,,-0.599,0.00709367685508866,0.008355710260063098,0.00035659819551447924,-0.004245077780622886,-0.010000000000000009,-0.0060698213670757895,-0.010000000000000009,,-0.9548886123176095,0.029495150866471143,0.0007796725133042415,0.029495150866471143,0.0007796725133042415
2018-09-13,113.76000213623047,6449.93,2904.18,0.87,113.9268,12.37,1.87,,-0.599,0.021322061094636524,-0.003597564816940846,0.005268348654683841,-0.0025632722914084027,0.020000000000000018,-0.06038682665206796,-0.019999999999999796,,-0.9482246106787915,0.026991801041874375,-0.002503349824596768,0.029495150866471143,0.0007796725133042415
2018-09-14,113.0199966430664,6531.0,2904.98,0.89,114.0657,12.07,1.88,,-0.599,0.012490792884909396,-0.006526220333751276,0.0002754270858638108,0.0012184612843384457,0.020000000000000018,-0.02455115129495633,0.009999999999999787,,-0.9416088203809605,0.026991801041874375,-0.002503349824596768,0.026991801041874375,-0.002503349824596768
2018-09-17,113.61000061035156,6269.99,2888.8,0.89,113.9158,13.68,1.88,,-0.599,-0.04078531117329476,0.005206771454576931,-0.005585314617481352,-0.0013150191713062753,0.0,0.12521187708496395,0.0,,-0.9352859095945485,0.026991801041874375,-0.002503349824596768,0.026991801041874375,-0.002503349824596768
2018-09-18,113.44000244140625,6301.9,2904.31,0.92,113.7739,12.79,1.88,,-0.599,0.005076415483539876,-0.0014974516487722411,0.0053546495954313045,-0.0012464333553188212,0.030000000000000027,-0.06727129660365305,0.0,,-0.9290071478406169,0.026991801041874375,-0.002503349824596768,0.026991801041874375,-0.002503349824596768
2018-09-19,113.87999725341797,6412.14,2907.95,0.93,113.6532,11.75,1.88,,-0.599,0.017341893339317238,0.0038711539862426037,0.0012525249991828247,-0.0010614391278105373,0.010000000000000009,-0.08481037500058308,0.0,,-0.9227717307835964,0.026991801041874375,-0.002503349824596768,0.026991801041874375,-0.002503349824596768
2018-09-20,114.2699966430664,6421.99,2930.75,0.92,113.4989,11.8,1.85,,-0.599,0.0015349699487217094,0.003418801489790013,0.0078099973940757295,-0.0013585612788302726,-0.010000000000000009,0.00424629088145112,-0.029999999999999805,,-0.9165788712553474,0.026991801041874375,-0.002503349824596768,0.026991801041874375,-0.002503349824596768
2018-09-21,113.48999786376953,6749.14,2929.67,0.92,113.5099,11.68,1.83,,-0.596,0.049687050841214386,-0.0068493312914386095,-0.000368574270180666,9.691254267352178e-05,0.0,-0.01022155407153802,-0.020000000000000018,,-0.8227871754324474,0.026991801041874375,-0.002503349824596768,0.026991801041874375,-0.002503349824596768
2018-09-24,113.47000122070312,6619.9,2919.37,0.92,113.5301,12.2,1.84,,-0.596,-0.019334825265376665,-0.00017621292913982955,-0.0035219491222058252,0.00017794221329570092,0.0,0.04355797433912967,0.010000000000000009,,-0.8177731271017594,0.026991801041874375,-0.002503349824596768,0.026991801041874375,-0.002503349824596768
2018-09-25,113.6500015258789,6362.91,2915.56,0.94,113.7202,12.42,1.83,,-0.596,-0.039594444215588,0.0015850681638402975,-0.001305928448663174,0.0016730454863393973,0.019999999999999907,0.01787212476612199,-0.010000000000000009,,-0.8127859651632734,0.026991801041874375,-0.002503349824596768,0.026991801041874375,-0.002503349824596768
2018-09-26,113.05000305175781,6490.43,2905.97,0.92,113.6739,12.89,1.84,,-0.596,0.019842964420247355,-0.005293338005935233,-0.0032946695026323525,-0.0004072225325097989,-0.019999999999999907,0.037143740445763296,0.010000000000000009,,-0.8078252761894671,0.026991801041874375,-0.002503349824596768,0.026991801041874375,-0.002503349824596768
2018-09-27,112.05000305175781,6669.36,2914.0,0.91,113.9784,12.41,1.83,,-0.596,0.02719511900055238,-0.008884998236125874,0.002759466146894596,0.002675133803542451,-0.010000000000000009,-0.037949217734580376,-0.010000000000000009,,-0.8028906538274788,0.026991801041874375,-0.002503349824596768,0.026991801041874375,-0.002503349824596768
2018-09-28,112.76000213623047,6683.99,2913.98,0.91,113.8077,12.12,1.84,,-0.592,0.002191211322060127,0.00631645770822864,-6.863441535109871e-06,-0.001498774788751156,0.0,-0.023645618575347527,0.010000000000000009,,-0.6817162795886964,0.026991801041874375,-0.002503349824596768,0.026991801041874375,-0.002503349824596768
2018-10-01,112.56999969482422,6587.91,2924.59,0.95,113.8235,12.0,1.83,,-0.592,-0.014478963602021722,-0.0016864375351177685,0.003634455587306462,0.0001388210405730561,0.039999999999999925,-0.009950330853167877,-0.010000000000000009,,-0.6783059792404632,0.026991801041874375,-0.002503349824596768,0.026991801041874375,-0.002503349824596768
2018-10-02,113.87000274658203,6562.69,2923.43,0.93,113.8954,12.05,1.84,,-0.592,-0.003835571140310634,0.011482223287118565,-0.00039671547471265,0.0006314803241123101,-0.019999999999999907,0.004158010148663571,0.010000000000000009,,-0.6749077559658688,0.026991801041874375,-0.002503349824596768,0.026991801041874375,-0.002503349824596768
2018-10-03,113.41999816894531,6475.2,2925.51,0.99,114.1569,11.61,1.83,,-0.592,-0.013421084740118161,-0.003959744500981799,0.000711240015347947,0.0022933345957110163,0.05999999999999994,-0.037197864226863775,-0.010000000000000009,,-0.671521473380592,0.026991801041874375,-0.002503349824596768,0.026991801041874375,-0.002503349824596768
2018-10-04,113.4800033569336,6612.05,2901.61,1.03,114.6867,14.22,1.84,,-0.592,0.02091424679919207,0.0005289130805081754,-0.008203069104388838,0.0046302448181982925,0.040000000000000036,0.2027826286652945,0.010000000000000009,,-0.6681469967295961,0.026991801041874375,-0.002503349824596768,0.026991801041874375,-0.002503349824596768
2018-10-05,113.80000305175781,6595.42,2885.57,1.07,114.561,14.82,1.85,,-0.585,-0.0025182731876043363,0.0028159089867125786,-0.005543301253227106,-0.0010966305232047446,0.040000000000000036,0.04132819549284639,0.010000000000000009,,-0.4619665617569865,0.026991801041874375,-0.002503349824596768,0.026991801041874375,-0.002503349824596768
2018-10-08,112.54000091552734,6695.32,2884.43,1.07,114.561,15.69,1.85,,-0.585,0.015033306113181766,-0.011133826368821431,-0.0003951473188328336,0.0,0.0,0.05704594687699993,0.0,,-0.46064171651857694,0.026991801041874375,-0.002503349824596768,0.026991801041874375,-0.002503349824596768
2018-10-09,112.5999984741211,6658.24,2880.34,1.04,114.6583,15.95,1.84,,-0.585,-0.0055535895001526114,0.0005329800140057017,-0.0014189640475690268,0.0008489687024093584,-0.030000000000000027,0.01643526248591254,-0.010000000000000009,,-0.45931851837222365,0.026991801041874375,-0.002503349824596768,0.026991801041874375,-0.002503349824596768
2018-10-10,112.87999725341797,6638.56,2785.68,1.06,114.6072,22.96,1.86,,-0.585,-0.0029601128647680497,0.0024835810584162843,-0.033416333989062075,-0.00044577139470369787,0.020000000000000018,0.3642947422205123,0.020000000000000018,,-0.4579969589301693,0.026991801041874375,-0.002503349824596768,0.026991801041874375,-0.002503349824596768
2018-10-11,115.77999877929688,6302.61,2728.37,1.02,114.4074,24.98,1.88,,-0.585,-0.051931239180172284,0.025366544894875886,-0.020787647463574643,-0.0017448673638442713,-0.040000000000000036,0.08432193324606585,0.019999999999999796,,-0.4566770298438414,0.022769721941990007,-0.004222079099884368,0.026991801041874375,-0.002503349824596768
2018-10-12,115.2300033569336,6320.04,2767.13,1.03,114.3691,21.31,1.88,,-0.575,0.0027617039335208204,-0.004761667949174431,0.014106320709680986,-0.00033482460268263736,0.010000000000000009,-0.1588990585869059,0.0,,-0.16577052953886232,0.022769721941990007,-0.004222079099884368,0.022769721941990007,-0.004222079099884368
2018-10-15,116.0,6741.0,2750.79,1.03,114.045,21.3,1.89,,-0.575,0.06448274461864045,0.006660030947979401,-0.005922538841602432,-0.002837830217186088,0.0,-0.0004693733951461887,0.010000000000000009,,-0.16661483247207745,0.022769721941990007,-0.004222079099884368,0.022769721941990007,-0.004222079099884368
2018-10-16,115.80000305175781,6729.24,2809.92,1.03,113.8963,17.62,1.88,,-0.575,-0.0017460717830992678,-0.001725599613775941,0.02126787003864994,-0.0013047220586557273,0.0,-0.18967245220734608,-0.010000000000000009,,-0.1674596205456832,0.022769721941990007,-0.004222079099884368,0.022769721941990007,-0.004222079099884368
2018-10-17,115.79000091552734,6717.01,2809.21,1.06,114.1755,17.4,1.88,,-0.575,-0.0018190950447198873,-8.637796161536926e-05,-0.0002527081607928139,0.00244835301401114,0.030000000000000027,-0.012564414287550285,0.0,,-0.1683048959382037,0.022769721941990007,-0.004222079099884368,0.022769721941990007,-0.004222079099884368
2018-10-18,115.91999816894531,6639.11,2768.78,1.07,114.8164,20.06,1.92,,-0.575,-0.011665196683365409,0.001122068685606159,-0.014496515061646065,0.0055975925213482824,0.010000000000000009,0.14225757631330627,0.040000000000000036,,-0.16915066083399904,0.022769721941990007,-0.004222079099884368,0.022769721941990007,-0.004222079099884368
2018-10-19,116.01000213623047,6555.38,2767.78,1.09,114.8567,19.89,1.92,,-0.564,-0.012691831810215604,0.0007761304849287498,-0.00036123513910180094,0.00035093356961368727,0.020000000000000018,-0.0085106896679088,0.0,,0.14908154368197574,0.022769721941990007,-0.004222079099884368,0.022769721941990007,-0.004222079099884368
2018-10-22,115.70999908447266,6562.55,2755.88,1.09,115.1782,19.64,1.92,,-0.564,0.0010931603864356987,-0.0025893597255199907,-0.004308743988789665,0.0027952298484406057,0.0,-0.012648789939560867,0.0,,0.14639021175995182,0.022769721941990007,-0.004222079099884368,0.022769721941990007,-0.004222079099884368
2018-10-23,116.38999938964844,6576.52,2740.69,1.08,115.1651,20.71,1.96,,-0.564,0.0021264831170366705,0.0058595627338764444,-0.005527097324213415,-0.000113743269408495,-0.010000000000000009,0.053048372481173,0.040000000000000036,,0.14369700897527596,0.022769721941990007,-0.004222079099884368,0.022769721941990007,-0.004222079099884368
2018-10-24,116.66000366210938,6577.01,2656.1,1.03,115.3755,25.23,1.99,,-0.564,7.450471473724463e-05,0.0023171370069290376,-0.03135083200711897,0.0018252755342409444,-0.050000000000000044,0.1974170872454737,0.030000000000000027,,0.14100186892990182,0.022769721941990007,-0.004222079099884368,0.022769721941990007,-0.004222079099884368
2018-10-25,116.4000015258789,6553.0,2705.57,1.09,115.4831,24.22,1.98,,-0.564,-0.003657274710750613,-0.002231204310531254,0.018453729479332104,0.0009321724015611821,0.06000000000000005,-0.040855024528020145,-0.010000000000000009,,0.13830472486156795,0.022769721941990007,-0.004222079099884368,0.022769721941990007,-0.004222079099884368
2018-10-26,116.7699966430664,6544.96,2658.69,1.02,115.473,24.16,2.02,,-0.551,-0.001227672249695999,0.003173610933107085,-0.017479090705259992,-8.746250916402687e-05,-0.07000000000000006,-0.002480365058332268,0.040000000000000036,,0.5135420272873287,0.022769721941990007,-0.004222079099884368,0.022769721941990007,-0.004222079099884368
2018-10-29,116.30999755859375,6336.1,2641.25,1.02,115.8936,24.7,2.02,,-0.551,-0.03243185059180398,-0.00394713997893259,-0.006581230333774002,0.0036357924032710542,0.0,0.02210487056731747,0.0,,0.5088574979757574,0.022769721941990007,-0.004222079099884368,0.022769721941990007,-0.004222079099884368
2018-10-30,115.80000305175781,6331.0,2682.63,1.07,116.2357,23.35,2.03,,-0.551,-0.0008052356538712502,-0.004394427867848272,0.015545366655689286,0.00294749734456623,0.050000000000000044,-0.05620625951902536,0.009999999999999787,,0.504180259243496,0.022769721941990007,-0.004222079099884368,0.022769721941990007,-0.004222079099884368
2018-10-31,115.1500015258789,6371.37,2711.74,1.1,116.5281,21.23,2.03,,-0.551,0.006356315541349744,-0.00562895197466684,0.010792838671998872,0.0025124194897010454,0.030000000000000027,-0.09518170839974127,0.0,,0.49950999215854575,0.022769721941990007,-0.004222079099884368,0.022769721941990007,-0.004222079099884368
2018-11-01,116.62999725341797,6379.68,2740.37,1.12,115.8657,19.34,2.04,,-0.551,0.0013034222556562725,0.012770867635503613,0.010502452503905246,-0.005700683872610135,0.020000000000000018,-0.09323978569001667,0.010000000000000231,,0.49484637820414634,0.022769721941990007,-0.004222079099884368,0.022769721941990007,-0.004222079099884368
2018-11-02,116.6500015258789,6431.0,2723.06,1.16,115.643,19.51,2.02,,-0.536,0.008012107793730294,0.00017150439484403535,-0.006336699810106872,-0.0019239023733614857,0.039999999999999813,0.008751664609871757,-0.020000000000000018,,0.9265844404303839,0.022769721941990007,-0.004222079099884368,0.022769721941990007,-0.004222079099884368
2018-11-05,116.37000274658203,6456.16,2738.31,1.14,115.703,19.96,2.02,,-0.536,0.003904666655284217,-0.0024032178261359505,0.00558469381702853,0.0005187035984652866,-0.020000000000000018,0.022803116248297783,0.0,,0.9192801976486622,0.022769721941990007,-0.004222079099884368,0.022769721941990007,-0.004222079099884368
2018-11-06,116.04000091552734,6488.53,2755.45,1.15,115.5622,19.91,1.98,,-0.536,0.005001288941217652,-0.0028398265791738098,0.006239826862748821,-0.0012176498443920991,0.010000000000000009,-0.002508152807212838,-0.040000000000000036,,0.9120250802552554,0.022769721941990007,-0.004222079099884368,0.022769721941990007,-0.004222079099884368
2018-11-07,116.02999877929688,6574.13,2813.89,1.15,115.2519,16.36,1.96,,-0.536,0.013106247167982588,-8.619930408748644e-05,0.020987099015789212,-0.0026887455050532694,0.0,-0.1963827869015038,-0.020000000000000018,,0.9048179378906623,0.022769721941990007,-0.004222079099884368,0.022769721941990007,-0.004222079099884368
2018-11-08,115.77999877929688,6492.05,2806.83,1.17,115.6478,16.72,1.96,,-0.536,-0.012563898507709226,-0.0021569397313125904,-0.0025121349979597696,0.0034291979414620144,0.020000000000000018,0.021766276481954172,0.0,,0.8976576429105678,0.022769721941990007,-0.004222079099884368,0.022769721941990007,-0.004222079099884368
2018-11-09,114.4800033569336,6426.93,2781.01,1.15,116.4778,17.36,1.98,,-0.52,-0.010081376630932226,-0.011291663536045604,-0.009241561593021252,0.0071513313248239285,-0.020000000000000018,0.037563101575648794,0.020000000000000018,,1.3538147158377625,0.022769721941990007,-0.004222079099884368,0.022769721941990007,-0.004222079099884368
2018-11-12,113.66000366210938,6456.0,2726.22,1.15,116.4778,20.45,1.98,,-0.52,0.004512956189079986,-0.007188596482678555,-0.01989813672759233,0.0,0.0,0.16381417325660674,0.0,,1.342281999820031,0.022769721941990007,-0.004222079099884368,0.022769721941990007,-0.004222079099884368
2018-11-13,113.69999694824219,6489.1,2722.18,1.12,116.6694,20.02,2.04,,-0.52,0.0051139152476622485,0.0003518058272167224,-0.0014830044565128375,0.0016435972049633207,-0.029999999999999805,-0.0212511086017364,0.06000000000000005,,1.3309058305860069,0.022769721941990007,-0.004222079099884368,0.022769721941990007,-0.004222079099884368
2018-11-14,114.63999938964844,5769.43,2701.58,1.12,116.498,21.25,2.09,,-0.52,-0.1175505574034652,0.008233404279792467,-0.007596242848709522,-0.0014701886359134164,0.0,0.05962512148335142,0.04999999999999982,,1.3196818888295139,0.025224699286070296,0.002454977344080289,0.022769721941990007,-0.004222079099884368
2018-11-15,114.7699966430664,5638.8,2730.2,1.11,116.3861,19.98,2.13,,-0.52,-0.022902011897212304,0.0011333182475068426,0.010538079545353796,-0.0009609931172773756,-0.010000000000000009,-0.06162512215001836,0.040000000000000036,,1.3086060148501302,0.025224699286070296,0.002454977344080289,0.025224699286070296,0.002454977344080289
2018-11-16,115.62000274658203,5633.96,2736.27,1.06,115.9258,18.14,2.13,,-0.501,-0.0008587072371639692,0.007378878966228797,0.00222081251512396,-0.003962781091843226,-0.050000000000000044,-0.09661232853341684,0.0,,1.8395431632986279,0.025224699286070296,0.002454977344080289,0.025224699286070296,0.002454977344080289
2018-11-19,115.66999816894531,5015.01,2690.73,1.07,115.9859,20.1,2.16,,-0.501,-0.11637715424761197,0.0004323180677419103,-0.0167831468390931,0.0005183007269184969,0.010000000000000009,0.1026003703780396,0.03000000000000025,,1.8199339839325457,0.025224699286070296,0.002454977344080289,0.025224699286070296,0.002454977344080289
2018-11-20,115.66999816894531,4496.0,2641.89,1.09,116.2367,22.48,2.17,,-0.501,-0.10924730283846706,0.0,-0.01831796215430881,0.002159997325934526,0.020000000000000018,0.11190620996045997,0.009999999999999787,,1.800767536315127,0.025224699286070296,0.002454977344080289,0.025224699286070296,0.002454977344080289
2018-11-21,115.86000061035156,4554.66,2649.93,1.09,116.092,20.8,2.17,,-0.501,0.012962772085408858,0.0016412774591652024,0.0030386544464438003,-0.0012456491058596697,0.0,-0.07767303831821781,0.0,,1.7820262069671247,0.025224699286070296,0.002454977344080289,0.025224699286070296,0.002454977344080289
2018-11-23,115.7699966430664,4346.96,2632.56,1.09,116.4713,21.52,2.18,,-0.48,-0.0466741344608117,-0.0007771357154267022,-0.00657646776585441,0.0032619105105107238,0.0,0.034029748586311026,0.010000000000000231,,2.345958888504489,0.025224699286070296,0.002454977344080289,0.025224699286070296,0.002454977344080289
2018-11-26,115.63999938964844,3776.34,2673.45,1.11,116.6208,18.9,2.16,,-0.48,-0.14072146361342242,-0.0011235233509472309,0.015413016366781385,0.0012827549324896381,0.020000000000000018,-0.12982081322798678,-0.020000000000000018,,2.3128036643724696,0.025224699286070296,0.002454977344080289,0.025224699286070296,0.002454977344080289
2018-11-27,114.94999694824219,3836.18,2682.17,1.15,116.9001,19.02,2.2,,-0.48,0.0157217931967768,-0.005984687209490858,0.0032563952280595387,0.0023920782523569883,0.039999999999999813,0.006329135051647672,0.040000000000000036,,2.2807684128507804,0.025224699286070296,0.002454977344080289,0.025224699286070296,0.002454977344080289
2018-11-28,115.37999725341797,4356.23,2743.79,1.12,116.8343,18.49,2.22,,-0.48,0.12712992461208117,0.0037337803634578393,0.022714007938884784,-0.0005630322429066581,-0.029999999999999805,-0.028261011718210938,0.020000000000000018,,2.249789112595914,0.025224699286070296,0.002454977344080289,0.025224699286070296,0.002454977344080289
2018-11-29,115.73999786376953,4243.31,2737.76,1.05,116.1961,18.79,2.26,,-0.48,-0.02626337934701617,0.003115272664462765,-0.002200108521254407,-0.0054774106348958185,-0.07000000000000006,0.016094768026340578,0.03999999999999959,,2.219806799903867,0.025224699286070296,0.002454977344080289,0.025224699286070296,0.002454977344080289
2018-11-30,115.54000091552734,4026.44,2760.17,1.04,116.413,18.07,2.27,,-0.46,-0.05246101420099514,-0.0017294794115239043,0.008152204233589089,0.001864931878110987,-0.010000000000000009,-0.03907170882123667,0.010000000000000231,,2.7175735763676543,0.025224699286070296,0.002454977344080289,0.025224699286070296,0.002454977344080289
2018-12-03,116.41000366210938,3897.62,2790.37,1.02,115.9057,16.44,2.26,,-0.46,-0.032516500420300076,0.007501675441847766,0.010881931492828123,-0.004367283445696479,-0.020000000000000018,-0.09453571497610325,-0.010000000000000231,,2.670456316953323,0.025224699286070296,0.002454977344080289,0.025224699286070296,0.002454977344080289
2018-12-04,117.12000274658203,3921.33,2700.06,0.97,116.0028,20.74,2.25,,-0.46,0.006064771529162627,0.006080599945142318,-0.03290020854234488,0.0008373992818215825,-0.050000000000000044,0.23234681317334704,-0.009999999999999787,,2.625380856275565,0.025224699286070296,0.002454977344080289,0.025224699286070296,0.002454977344080289
2018-12-06,117.13999938964844,3688.28,2695.95,0.97,116.3991,21.19,2.29,,-0.46,-0.061270657250954486,0.00017072178718180453,-0.0015233481015792805,0.0034104745625995747,0.0,0.021465169478826596,0.040000000000000036,,2.582199880716866,0.025224699286070296,0.002454977344080289,0.025224699286070296,0.002454977344080289
2018-12-07,118.08999633789062,3357.74,2633.08,0.96,116.0847,23.23,2.31,,-0.442,-0.09389209610350235,0.008077219150825599,-0.02359638323855595,-0.0027047062347094197,-0.010000000000000009,0.09191517450211029,0.020000000000000018,,2.988946135908511,0.025224699286070296,0.002454977344080289,0.025224699286070296,0.002454977344080289
2018-12-10,117.68000030517578,3416.68,2637.72,0.99,116.6746,22.64,2.31,,-0.442,0.017401190729900762,-0.003477935715566538,0.0017606440003854473,0.005068766429480398,0.030000000000000027,-0.0257262934473359,0.0,,2.9288558647631815,0.025224699286070296,0.002454977344080289,0.025224699286070296,0.002454977344080289
2018-12-11,117.54000091552734,3383.84,2636.78,1.06,116.7564,21.76,2.26,,-0.442,-0.009658160045415087,-0.0011903699128756884,-0.0003564318930520116,0.0007008495302534001,0.07000000000000006,-0.03964483134723995,-0.050000000000000266,,2.8723156931862874,0.025224699286070296,0.002454977344080289,0.025224699286070296,0.002454977344080289
2018-12-12,117.79000091552734,3451.61,2651.07,1.08,116.2214,21.46,2.24,,-0.442,0.019829629552608807,0.002124676769657441,0.005404856335625041,-0.004592720339872791,0.020000000000000018,-0.013882684785189614,-0.019999999999999574,,2.818554100113484,0.021766010321524032,-0.0034586889645462637,0.025224699286070296,0.002454977344080289
2018-12-13,117.52999877929688,3289.71,2650.54,1.08,116.3974,20.65,2.25,,-0.442,-0.04804137385936613,-0.0022097759847801157,-0.00019993926439898502,0.0015132055842741465,0.0,-0.03847541779551067,0.009999999999999787,,2.767345657204252,0.021766010321524032,-0.0034586889645462637,0.021766010321524032,-0.0034586889645462637
2018-12-14,117.05999755859375,3205.76,2599.95,1.07,116.79,21.63,2.25,,-0.429,-0.02585022324848474,-0.004007006751401754,-0.019271178750727813,0.0033672520123655403,-0.010000000000000009,0.046365920557925655,0.0,,3.0192440391223134,0.021766010321524032,-0.0034586889645462637,0.021766010321524032,-0.0034586889645462637
2018-12-17,117.87000274658203,3552.02,2545.94,1.05,116.4532,24.52,2.25,,-0.429,0.10256726399764204,0.006895742533218119,-0.020992280594401613,-0.002887974732701082,-0.020000000000000018,0.12540787110304308,0.0,,2.9580257442153894,0.021766010321524032,-0.0034586889645462637,0.021766010321524032,-0.0034586889645462637
2018-12-18,118.1500015258789,3512.23,2546.16,1.01,116.4127,25.58,2.26,,-0.429,-0.01126529236676177,0.0023726710074090107,8.640835809892167e-05,-0.00034783968291041134,-0.040000000000000036,0.04232168508268597,0.009999999999999787,,2.900454866972838,0.021766010321524032,-0.0034586889645462637,0.021766010321524032,-0.0034586889645462637
2018-12-19,117.43000030517578,3722.78,2506.96,0.97,116.0676,25.58,2.27,,-0.429,0.058219537636627905,-0.0061126025718980515,-0.01551547811321008,-0.002968855885672639,-0.040000000000000036,0.0,0.010000000000000231,,2.845750076511522,0.021766010321524032,-0.0034586889645462637,0.021766010321524032,-0.0034586889645462637
2018-12-20,119.23999786376953,3869.99,2467.42,1.03,116.0183,28.38,2.28,,-0.429,0.03878122204445411,0.01529583691870684,-0.015897793403096827,-0.00042484270471820906,0.06000000000000005,0.10387387558120009,0.009999999999999787,,2.7936763773408444,0.021766010321524032,-0.0034586889645462637,0.021766010321524032,-0.0034586889645462637
2018-12-21,118.72000122070312,3790.07,2416.62,1.02,116.2227,30.11,2.31,,-0.423,-0.020867434478258673,-0.00437046119321316,-0.020803200653483067,0.0017602408943888648,-0.010000000000000009,0.05917267076174593,0.03000000000000025,,2.8736673608543435,0.021766010321524032,-0.0034586889645462637,0.021766010321524032,-0.0034586889645462637
2018-12-24,120.0199966430664,4055.95,2351.1,0.99,116.2182,36.07,2.35,,-0.423,0.0678004502159606,0.010890577890308784,-0.02748656592240728,-3.8719519676710945e-05,-0.030000000000000027,0.18060415242180516,0.040000000000000036,,2.8202581107109768,0.021766010321524032,-0.0034586889645462637,0.021766010321524032,-0.0034586889645462637
2018-12-26,119.66000366210938,3738.96,2467.7,1.04,116.1162,30.41,2.33,,-0.423,-0.08137744090657861,-0.0030039490254063494,0.048403238994109365,-0.0008780448057033041,0.050000000000000044,-0.1706899932261745,-0.020000000000000018,,2.7702720349806604,0.021766010321524032,-0.0034586889645462637,0.021766010321524032,-0.0034586889645462637
2018-12-27,120.56999969482422,3559.33,2488.83,1.03,115.9927,29.96,2.36,,-0.423,-0.04923517298566438,0.0075760760319356635,0.00852617779166831,-0.0010641557618393804,-0.010000000000000009,-0.014908343040254568,0.029999999999999805,,2.7225542210392724,0.021766010321524032,-0.0034586889645462637,0.021766010321524032,-0.0034586889645462637
2018-12-28,121.05999755859375,3846.44,2485.74,0.99,115.7232,28.34,2.44,,-0.426,0.07757572029458437,0.004055775698518893,-0.0012423185913208457,-0.00232612541063304,-0.040000000000000036,-0.05558892438648444,0.08000000000000007,,2.61492160342952,0.021766010321524032,-0.0034586889645462637,0.021766010321524032,-0.0034586889645462637
2018-12-31,121.25,3672.0,2506.85,0.98,115.5674,25.42,2.45,,-0.426,-0.046411572440822724,0.0015682595209627337,0.008456582977787619,-0.0013472231345756924,-0.010000000000000009,-0.10873796850122597,0.010000000000000231,,2.5737846325296214,0.021766010321524032,-0.0034586889645462637,0.021766010321524032,-0.0034586889645462637
2019-01-02,121.33000183105469,3849.27,2510.03,0.96,115.7689,23.22,2.45,,-0.426,0.04714704717351559,0.0006595913377136498,0.001267720346464607,0.001742053028068291,-0.020000000000000018,-0.09052228949156271,0.0,,2.5351247223891282,0.021766010321524032,-0.0034586889645462637,0.021766010321524032,-0.0034586889645462637
2019-01-03,122.43000030517578,3779.99,2447.89,0.88,115.4622,25.45,2.48,,-0.426,-0.01816215580640801,0.00902531942317264,-0.025068276263535694,-0.002652758905331787,-0.07999999999999996,0.0917017667267861,0.029999999999999805,,2.497951817704999,0.021766010321524032,-0.0034586889645462637,0.021766010321524032,-0.0034586889645462637
2019-01-04,121.44000244140625,3762.36,2531.94,0.91,114.9821,21.38,2.45,,-0.439,-0.004674944044966267,-0.008119106827352951,0.033759378318729105,-0.004166739594889002,0.030000000000000027,-0.17425983739963247,-0.029999999999999805,,2.200738428204383,0.021766010321524032,-0.0034586889645462637,0.021766010321524032,-0.0034586889645462637
2019-01-07,121.86000061035156,3969.88,2549.69,0.92,114.5628,21.4,2.42,,-0.439,0.05368944746162718,0.003452516077851797,0.006985975834124858,-0.0036533198198469563,0.010000000000000009,0.0009350164309065434,-0.03000000000000025,,2.1745215960038795,0.021766010321524032,-0.0034586889645462637,0.021766010321524032,-0.0034586889645462637
2019-01-08,121.52999877929688,3965.4,2574.41,0.91,114.7281,20.47,2.39,,-0.439,-0.0011291348196866835,-0.002711713990728448,0.009648598495866523,0.0014418367989019742,-0.010000000000000009,-0.04443052235460776,-0.029999999999999805,,2.1496221123240633,0.021766010321524032,-0.0034586889645462637,0.021766010321524032,-0.0034586889645462637
2019-01-09,122.30999755859375,3967.0,2584.96,0.91,114.1406,19.98,2.39,,-0.439,0.000403408809868111,0.006397649700216057,0.004089652304170244,-0.005133959256293785,0.0,-0.024228626452790447,0.0,,2.1254531544515,0.021766010321524032,-0.0034586889645462637,0.021766010321524032,-0.0034586889645462637
2019-01-10,121.58999633789062,3585.07,2596.64,0.93,114.0496,19.5,2.42,,-0.439,-0.10123214186928386,-0.005904086348646587,0.004508267632578722,-0.0007975803064645959,0.020000000000000018,-0.02431730765070661,0.029999999999999805,,2.1019815160235678,0.021766010321524032,-0.0034586889645462637,0.021766010321524032,-0.0034586889645462637
2019-01-11,121.80000305175781,3611.51,2596.26,0.88,114.0404,18.19,2.42,,-0.458,0.0073479677745975636,0.0017256811414601003,-0.00014635367547111144,-8.06699110436071e-05,-0.050000000000000044,-0.06954247303966987,0.0,,1.701918238072296,0.019101588486313714,-0.0026644218352103177,0.021766010321524032,-0.0034586889645462637
2019-01-14,122.08999633789062,3629.46,2582.61,0.9,114.0404,19.07,2.46,,-0.458,0.004957909442758535,0.002378067354322333,-0.0052714324201366125,0.0,0.020000000000000018,0.0472444270822967,0.040000000000000036,,1.687420973091267,0.019101588486313714,-0.0026644218352103177,0.019101588486313714,-0.0026644218352103177
2019-01-15,121.87999725341797,3534.42,2610.3,0.91,114.3402,18.6,2.46,,-0.458,-0.026534664543479636,-0.0017215161032266835,0.010664641768124206,0.0026254434239065816,0.010000000000000009,-0.02495483889317196,0.0,,1.673230104942013,0.019101588486313714,-0.0026644218352103177,0.019101588486313714,-0.0026644218352103177
2019-01-16,122.2699966430664,3577.91,2616.1,0.91,114.137,19.04,2.45,,-0.458,0.012229618716220969,0.0031947551186357614,0.0022195019060893273,-0.0017787337517720658,0.0,0.023380448644063634,-0.009999999999999787,,1.6593371547417015,0.019101588486313714,-0.0026644218352103177,0.019101588486313714,-0.0026644218352103177
2019-01-17,122.11000061035156,3606.05,2635.96,0.96,114.4115,18.06,2.43,,-0.458,0.007834159411245878,-0.0013094038577046163,0.007562782854257932,0.002402117117307867,0.04999999999999993,-0.05284248137437997,-0.020000000000000018,,1.6457341243433106,0.019101588486313714,-0.0026644218352103177,0.019101588486313714,-0.0026644218352103177
2019-01-18,121.0199966430664,3593.89,2670.71,0.96,114.558,17.8,2.38,,-0.481,-0.0033778091377758557,-0.00896648938779876,0.013096912647037051,0.0012796465904072463,0.0,-0.014501090690799856,-0.050000000000000266,,1.172956737024465,0.019101588486313714,-0.0026644218352103177,0.019101588486313714,-0.0026644218352103177
2019-01-22,121.44999694824219,3584.28,2632.9,0.95,114.7541,20.8,2.38,,-0.481,-0.0026775642653920073,0.0035468368649853588,-0.01425845436347739,0.0017103331904699814,-0.010000000000000009,0.15575452940923284,0.0,,1.1645045852215703,0.019101588486313714,-0.0026644218352103177,0.019101588486313714,-0.0026644218352103177
2019-01-23,121.27999877929688,3533.62,2638.7,0.96,114.5759,19.52,2.37,,-0.481,-0.014234775826730939,-0.0014007184915953985,0.0022004713333094728,-0.0015540926687807044,0.010000000000000009,-0.06351340572232589,-0.009999999999999787,,1.1561577034126034,0.019101588486313714,-0.0026644218352103177,0.019101588486313714,-0.0026644218352103177
2019-01-24,121.08999633789062,3568.05,2642.33,0.95,114.617,18.89,2.37,,-0.481,0.009696386838136561,-0.001567871305494073,0.0013747320396557683,0.0003586498573087127,-0.010000000000000009,-0.03280689947152826,0.0,,1.1479145890721127,0.019101588486313714,-0.0026644218352103177,0.019101588486313714,-0.0026644218352103177
2019-01-25,122.86000061035156,3557.09,2664.76,0.97,114.0197,17.42,2.34,,-0.506,-0.0030764332052957144,0.014511460180241187,0.008452893602496125,-0.005224894855754059,0.020000000000000018,-0.08101371008906133,-0.03000000000000025,,0.6326287801353613,0.019101588486313714,-0.0026644218352103177,0.019101588486313714,-0.0026644218352103177
2019-01-28,123.29000091552734,3427.43,2643.85,0.97,114.0522,18.87,2.36,,-0.506,-0.03713208567028481,0.003493810602621217,-0.007877809121116464,0.00028499784690705354,0.0,0.07995438795610177,0.020000000000000018,,0.6264943297491377,0.019101588486313714,-0.0026644218352103177,0.019101588486313714,-0.0026644218352103177
2019-01-29,123.9800033569336,3412.01,2640.0,0.94,114.026,19.13,2.36,,-0.506,-0.004509148739415991,0.005580978043919771,-0.0014572709979780996,-0.00022974576364820365,-0.030000000000000027,0.013684424071702672,0.0,,0.6204101121766399,0.019101588486313714,-0.0026644218352103177,0.019101588486313714,-0.0026644218352103177
2019-01-30,124.69000244140625,3453.7,2681.05,0.86,114.0731,17.66,2.37,,-0.506,0.012144559675467903,0.005710387238117676,0.01542959167924618,0.00041297839990939167,-0.07999999999999996,-0.07995558827634763,0.010000000000000231,,0.6143337671043582,0.019101588486313714,-0.0026644218352103177,0.019101588486313714,-0.0026644218352103177
2019-01-31,124.75,3447.16,2704.1,0.78,113.5504,16.57,2.38,,-0.506,-0.001895416501122682,0.000481058043325433,0.008560630907941125,-0.0045926797431974364,-0.07999999999999996,-0.06370836373734212,0.009999999999999787,,0.608264435737562,0.019101588486313714,-0.0026644218352103177,0.019101588486313714,-0.0026644218352103177
2019-02-01,124.5,3476.17,2706.53,0.82,113.7548,16.14,2.31,,-0.529,0.008380409364821872,-0.00200601872686601,0.000898231874432831,0.0017984635203580623,0.039999999999999925,-0.02629316859666897,-0.06999999999999984,,0.125531955111476,0.019101588486313714,-0.0026644218352103177,0.019101588486313714,-0.0026644218352103177
2019-02-04,123.95999908447266,3462.0,2724.87,0.86,113.8766,15.73,2.3,,-0.529,-0.004084656242643092,-0.0043467903708815925,0.00675334893535684,0.0010701512324224893,0.040000000000000036,-0.025730945771616387,-0.010000000000000231,,0.11975748329136185,0.019101588486313714,-0.0026644218352103177,0.019101588486313714,-0.0026644218352103177
2019-02-05,124.27999877929688,3461.74,2737.7,0.84,114.0431,15.57,2.27,,-0.529,-7.510391785991999e-05,0.002578149168765087,0.004697431279442554,0.0014610411440356685,-0.020000000000000018,-0.01022373122427922,-0.029999999999999805,,0.11485602006937434,0.019101588486313714,-0.0026644218352103177,0.019101588486313714,-0.0026644218352103177
2019-02-06,123.44000244140625,3402.0,2731.61,0.84,114.2305,15.38,2.28,,-0.529,-0.01740785886248908,-0.00678184686965988,-0.0022269728784429788,0.0016418897507151087,0.0,-0.012278021768409086,0.009999999999999787,,0.10993043810861627,0.019101588486313714,-0.0026644218352103177,0.019101588486313714,-0.0026644218352103177
2019-02-07,123.73999786376953,3401.8,2706.05,0.81,114.4339,16.37,2.31,,-0.529,-5.8790675815600935e-05,0.0024273450059935087,-0.009401171920809581,0.001779026850227794,-0.029999999999999916,0.06238242730554555,0.03000000000000025,,0.10498002702374049,0.019101588486313714,-0.0026644218352103177,0.019101588486313714,-0.0026644218352103177
2019-02-08,124.20999908447266,3660.53,2707.88,0.81,114.5003,15.72,2.3,,-0.55,0.07330324237481634,0.003791101346321213,0.0006760338865472448,0.0005800793578414343,0.0,-0.0405166043819829,-0.010000000000000231,,-0.34250963193762257,0.019101588486313714,-0.0026644218352103177,0.019101588486313714,-0.0026644218352103177
2019-02-11,123.5999984741211,3643.65,2709.8,0.83,115.031,15.97,2.3,,-0.55,-0.004622019186463433,-0.004923141507008566,0.0007087905082547863,0.00462421417626846,0.019999999999999907,0.015778175225860558,0.0,,-0.3470054163507541,0.019101588486313714,-0.0026644218352103177,0.019101588486313714,-0.0026644218352103177
2019-02-12,123.86000061035156,3647.62,2744.73,0.85,114.7297,15.43,2.3,,-0.55,0.0010889736334878108,0.0021013677593764157,0.012807878037835785,-0.002622730281663266,0.020000000000000018,-0.034398295851851834,0.0,,-0.34945323274095547,0.019101588486313714,-0.0026644218352103177,0.019101588486313714,-0.0026644218352103177
2019-02-13,123.37000274658203,3601.16,2753.03,0.85,114.9407,15.65,2.27,,-0.55,-0.01281888433783962,-0.0039639080913298486,0.0030194138361174794,0.0018374162222301038,0.0,0.014157250611092742,-0.029999999999999805,,-0.35190902985462813,0.015512351381991252,-0.0035892371043224625,0.019101588486313714,-0.0026644218352103177
2019-02-14,124.05999755859375,3597.04,2745.73,0.81,115.1007,16.22,2.3,,-0.55,-0.0011447307521059713,0.005577307519395447,-0.002655145628696509,0.0013910541824246891,-0.039999999999999925,0.03577413170110466,0.029999999999999805,,-0.3543728860663449,0.015512351381991252,-0.0035892371043224625,0.015512351381991252,-0.0035892371043224625
2019-02-15,124.80000305175781,3601.69,2775.6,0.8,114.9923,14.91,2.28,,-0.567,0.0012918947221898236,0.0059471805227806485,0.010819962367806468,-0.0009422277776351962,-0.010000000000000009,-0.08421291991061963,-0.020000000000000018,,-0.7172788747489558,0.015512351381991252,-0.0035892371043224625,0.015512351381991252,-0.0035892371043224625
2019-02-19,126.69999694824219,3949.57,2779.76,0.78,114.57,14.88,2.28,,-0.567,0.09220353247583546,0.015109582852092629,0.0014976529973074193,-0.00367917969428877,-0.020000000000000018,-0.0020140993717010502,0.0,,-0.7182086941294354,0.015512351381991252,-0.0035892371043224625,0.015512351381991252,-0.0035892371043224625
2019-02-20,126.4800033569336,3964.37,2784.7,0.76,114.57,14.02,2.23,,-0.567,0.0037402399445998213,-0.0017378437981703243,0.0017755546082875995,0.0,-0.020000000000000018,-0.05953314779850194,-0.04999999999999982,,-0.7172239468650755,0.015512351381991252,-0.0035892371043224625,0.015512351381991252,-0.0035892371043224625
2019-02-21,125.05000305175781,3926.18,2774.88,0.78,114.5091,14.46,2.23,,-0.567,-0.009680009177557736,-0.011370537714507911,-0.0035326446287138324,-0.0005316940867556852,0.020000000000000018,0.0309013351241747,0.0,,-0.7162405056620732,0.015512351381991252,-0.0035892371043224625,0.015512351381991252,-0.0035892371043224625
2019-02-22,125.5,3955.76,2792.67,0.74,114.2716,13.51,2.25,,-0.58,0.0075058015845641535,0.0035920768439101636,0.006390624438174619,-0.0020762248329173616,-0.040000000000000036,-0.06795606475851157,0.020000000000000018,,-0.9899404826011277,0.015512351381991252,-0.0035892371043224625,0.015512351381991252,-0.0035892371043224625
2019-02-25,125.37000274658203,3839.01,2796.11,0.75,114.1457,14.85,2.23,,-0.58,-0.02995822371910073,-0.0010363715360961478,0.0012310380564022338,-0.0011023684523863153,0.010000000000000009,0.09456971327660124,-0.020000000000000018,,-0.9868247882398115,0.015512351381991252,-0.0035892371043224625,0.015512351381991252,-0.0035892371043224625
2019-02-26,125.58000183105469,3805.7,2793.9,0.72,114.0687,15.17,2.24,,-0.58,-0.008714578004203943,0.0016736332310030022,-0.0007906963011299339,-0.0006748040695230273,-0.030000000000000027,0.021319928111732445,0.010000000000000231,,-0.9819889165551386,0.015512351381991252,-0.0035892371043224625,0.015512351381991252,-0.0035892371043224625
2019-02-27,124.69000244140625,3741.52,2792.38,0.76,114.0363,14.7,2.25,,-0.58,-0.017007996882400178,-0.007112343678443267,-0.0005441904227900807,-0.0002840797020491337,0.040000000000000036,-0.03147229957575037,0.009999999999999787,,-0.9771829596253302,0.015512351381991252,-0.0035892371043224625,0.015512351381991252,-0.0035892371043224625
2019-02-28,123.98999786376953,3822.02,2784.49,0.78,114.1991,14.78,2.22,,-0.58,0.02128713269308946,-0.005629776625606375,-0.0028295460586900134,0.0014265975182699009,0.020000000000000018,0.0054274217353649234,-0.029999999999999805,,-0.9724065085716639,0.015512351381991252,-0.0035892371043224625,0.015512351381991252,-0.0035892371043224625
2019-03-01,121.87999725341797,3842.34,2803.69,0.8,114.537,13.57,2.22,,-0.589,0.005302477339318656,-0.017163968380321748,0.006871673980360704,0.002954498619113899,0.020000000000000018,-0.08541344167327791,0.0,,-1.1557287596468584,0.015512351381991252,-0.0035892371043224625,0.015512351381991252,-0.0035892371043224625
2019-03-04,121.55999755859375,3714.79,2792.81,0.78,114.6925,14.63,2.22,,-0.589,-0.03375940702495406,-0.00262898361774333,-0.0038881492742657286,0.0013567191295384973,-0.020000000000000018,0.07521274118525545,0.0,,-1.1490203278432982,0.015512351381991252,-0.0035892371043224625,0.015512351381991252,-0.0035892371043224625
2019-03-05,121.72000122070312,3847.93,2789.65,0.79,114.804,14.74,2.22,,-0.589,0.03521319238867626,0.001315387092919451,-0.0011321175028617958,0.000971692455205897,0.010000000000000009,0.007490671729157405,0.0,,-1.1410629084821735,0.015512351381991252,-0.0035892371043224625,0.015512351381991252,-0.0035892371043224625
2019-03-06,121.61000061035156,3852.75,2771.45,0.78,114.9714,15.74,2.25,,-0.589,0.0012518376635437534,-0.0009041270457164075,-0.006545490992497349,0.001457075297153665,-0.010000000000000009,0.06564035622806674,0.029999999999999805,,-1.1331821864192793,0.015512351381991252,-0.0035892371043224625,0.015512351381991252,-0.0035892371043224625
2019-03-07,121.51000213623047,3887.73,2748.93,0.74,115.4919,16.59,2.25,,-0.589,0.009038260709020918,-0.0008226265106170416,-0.0081589038889609,0.004516995851319372,-0.040000000000000036,0.05259486121309598,0.0,,-1.1253765653162071,0.015512351381991252,-0.0035892371043224625,0.015512351381991252,-0.0035892371043224625
2019-03-08,122.83999633789062,3914.44,2743.07,0.72,115.3599,16.05,2.27,,-0.595,0.0068468398779426565,0.010886084259377427,-0.0021340139198384733,-0.001143590947835449,-0.020000000000000018,-0.033091254626328226,0.020000000000000018,,-1.2412276752880746,0.015512351381991252,-0.0035892371043224625,0.015512351381991252,-0.0035892371043224625
2019-03-11,122.23999786376953,3855.64,2783.3,0.73,115.2967,14.33,2.27,,-0.595,-0.015135268226273979,-0.004896357818092056,0.014559542940995485,-0.0005480008079681298,0.010000000000000009,-0.11335360773594427,0.0,,-1.2320676859448947,0.015512351381991252,-0.0035892371043224625,0.015512351381991252,-0.0035892371043224625
2019-03-12,122.9800033569336,3880.75,2791.52,0.71,114.939,13.77,2.25,,-0.595,0.006491422530377378,0.006035459879401905,0.002948976274417703,-0.0031072530263562825,-0.020000000000000018,-0.039862929099517164,-0.020000000000000018,,-1.2223042936830546,0.01520135265933309,-0.0003109987226581623,0.015512351381991252,-0.0035892371043224625
2019-03-13,123.83999633789062,3870.1,2810.92,0.69,114.7372,13.41,2.26,,-0.595,-0.0027480874232868047,0.006968612448215339,0.006925581547047699,-0.0017572569724597642,-0.020000000000000018,-0.026491615446976535,0.009999999999999787,,-1.2126522188081412,0.01520135265933309,-0.0003109987226581623,0.01520135265933309,-0.0003109987226581623
2019-03-14,122.41000366210938,3873.48,2808.48,0.69,114.79,13.5,2.27,,-0.595,0.0008729812863457198,-0.011614284265949237,-0.0008684201706037342,0.00046007619952082024,0.0,0.006688988150796771,0.010000000000000231,,-1.203108717923428,0.01520135265933309,-0.0003109987226581623,0.01520135265933309,-0.0003109987226581623
2019-03-15,122.97000122070312,3932.88,2822.48,0.65,114.5815,12.88,2.28,,-0.598,0.015218654136466725,0.004564337107022531,0.004972519373935391,-0.0018180118927348943,-0.039999999999999925,-0.04701396476817621,0.009999999999999787,,-1.2545899005757342,0.01520135265933309,-0.0003109987226581623,0.01520135265933309,-0.0003109987226581623
2019-03-18,123.04000091552734,3979.89,2832.94,0.64,114.4375,13.1,2.27,,-0.598,0.011882198799508359,0.0005690800870326029,0.003699110562036978,-0.0012575377499404183,-0.010000000000000009,0.016936509530898203,-0.009999999999999787,,-1.244499405462832,0.01520135265933309,-0.0003109987226581623,0.01520135265933309,-0.0003109987226581623
2019-03-19,123.37999725341797,4008.06,2832.57,0.66,114.2324,13.56,2.27,,-0.598,0.0070531530069430914,0.0027594883221055966,-0.00013061489628451994,-0.0017938526670926436,0.020000000000000018,0.03451205230514365,0.0,,-1.2342450801811984,0.01520135265933309,-0.0003109987226581623,0.01520135265933309,-0.0003109987226581623
2019-03-20,124.18000030517578,4023.92,2824.23,0.58,114.1509,13.91,2.29,,-0.598,0.003949218153714185,0.006463126873943459,-0.0029486656918287224,-0.0007137124602332179,-0.08000000000000007,0.025483723423102234,0.020000000000000018,,-1.2241107738452863,0.01520135265933309,-0.0003109987226581623,0.01520135265933309,-0.0003109987226581623
2019-03-21,123.68000030517578,3979.13,2854.88,0.58,114.1684,13.63,2.28,,-0.598,-0.011193349447509604,-0.00403454108769985,0.010794049627223856,0.00015329409326536592,0.0,-0.020334760226910387,-0.010000000000000231,,-1.2140933858255665,0.01520135265933309,-0.0003109987226581623,0.01520135265933309,-0.0003109987226581623
2019-03-22,123.97000122070312,3997.73,2800.71,0.54,114.6856,16.48,2.3,,-0.602,0.004663497594219024,0.002342023390243142,-0.01915685423505309,0.004519919953496654,-0.039999999999999925,0.18987427877288443,0.020000000000000018,,-1.2844731006456933,0.01520135265933309,-0.0003109987226581623,0.01520135265933309,-0.0003109987226581623
2019-03-25,124.91999816894531,3922.22,2798.36,0.55,114.4171,16.33,2.28,,-0.602,-0.019068880000183697,0.007633907060241363,-0.0008394251681052012,-0.002343928054346023,0.010000000000000009,-0.009143617498951873,-0.020000000000000018,,-1.2737060340537203,0.01520135265933309,-0.0003109987226581623,0.01520135265933309,-0.0003109987226581623
2019-03-26,124.30000305175781,3933.59,2818.46,0.55,114.6414,14.68,2.3,,-0.602,0.0028946748811993217,-0.00497549468884273,0.00715710519489221,0.001958452287887269,0.0,-0.10651788379600413,0.020000000000000018,,-1.2630556633392993,0.01520135265933309,-0.0003109987226581623,0.01520135265933309,-0.0003109987226581623
2019-03-27,123.6500015258789,4019.99,2805.37,0.55,115.1243,15.15,2.28,,-0.602,0.021726920153813722,-0.0052430167604846645,-0.0046551989086820456,0.004203418621830046,0.0,0.03151450876900874,-0.020000000000000018,,-1.2525351142988015,0.01520135265933309,-0.0003109987226581623,0.01520135265933309,-0.0003109987226581623
2019-03-28,121.9000015258789,4024.89,2815.44,0.56,115.2581,14.43,2.27,,-0.602,0.0012181662388837111,-0.014253957303042242,0.0035831172994038596,0.0011615471932184818,0.010000000000000009,-0.048691159169599096,-0.009999999999999787,,-1.2421409450029541,0.01520135265933309,-0.0003109987226581623,0.01520135265933309,-0.0003109987226581623
2019-03-29,122.01000213623047,4085.0,2834.4,0.53,115.1371,13.71,2.26,,-0.605,0.014824147007436395,0.0009019770912033209,0.006711719685688067,-0.0010503692014820487,-0.030000000000000027,-0.05118387921155598,-0.010000000000000231,,-1.2915017754344627,0.01520135265933309,-0.0003109987226581623,0.01520135265933309,-0.0003109987226581623
2019-04-01,121.52999877929688,4138.38,2867.19,0.59,114.9362,13.4,2.24,,-0.605,0.012982678597905917,-0.003941890257643799,0.011502181500052444,-0.0017464003955325325,0.05999999999999994,-0.02287078661735764,-0.019999999999999574,,-1.2806434118629104,0.01520135265933309,-0.0003109987226581623,0.01520135265933309,-0.0003109987226581623
2019-04-02,121.9800033569336,4726.97,2867.24,0.58,115.1173,13.36,2.24,,-0.605,0.13297999836109575,0.003695988550421525,1.7438524841040248e-05,0.001574416710974802,-0.010000000000000009,-0.002989538848365836,0.0,,-1.26992065264669,0.01520135265933309,-0.0003109987226581623,0.01520135265933309,-0.0003109987226581623
2019-04-03,121.80000305175781,5105.5,2873.4,0.61,114.7211,13.74,2.23,,-0.605,0.0770339847424868,-0.0014767440573919544,0.002146103000463029,-0.003447643147916679,0.030000000000000027,0.02804611868570328,-0.010000000000000231,,-1.2593298625778644,0.01520135265933309,-0.0003109987226581623,0.01520135265933309,-0.0003109987226581623
2019-04-04,122.11000061035156,4813.73,2879.39,0.61,114.9697,13.58,2.22,,-0.605,-0.05884613864010113,0.0025419025120267946,0.002082468563852302,0.0021646500170859895,0.0,-0.011713164663653242,-0.009999999999999787,,-1.2488675318252513,0.01520135265933309,-0.0003109987226581623,0.01520135265933309,-0.0003109987226581623
2019-04-05,121.9800033569336,4979.61,2892.74,0.6,114.9726,12.82,2.22,,-0.609,0.03387932334355348,-0.0010651584546348403,0.004625683691842575,2.5223719169353842e-05,-0.010000000000000009,-0.05759167063802595,0.0,,-1.3173403116096565,0.01520135265933309,-0.0003109987226581623,0.01520135265933309,-0.0003109987226581623
2019-04-08,122.51000213623047,5154.99,2895.77,0.61,114.6893,13.18,2.21,,-0.609,0.03461360288592452,0.0043355523546013686,0.0010469016298637612,-0.0024671061564394137,0.010000000000000009,0.027694077581837284,-0.010000000000000231,,-1.3061566365840218,0.01520135265933309,-0.0003109987226581623,0.01520135265933309,-0.0003109987226581623
2019-04-09,123.1500015258789,5165.84,2878.2,0.6,114.5321,14.28,2.19,,-0.609,0.0021025448528941837,0.005210460213683987,-0.006085952726104793,-0.0013715998998771184,-0.010000000000000009,0.08015942783707697,-0.020000000000000018,,-1.295117492451095,0.01520135265933309,-0.0003109987226581623,0.01520135265933309,-0.0003109987226581623
2019-04-10,123.52999877929688,5362.83,2888.21,0.54,114.4269,13.3,2.21,,-0.609,0.03742409836653415,0.0030808947099307815,0.003471834314500377,-0.0009189418839445906,-0.05999999999999994,-0.07109592168372991,0.020000000000000018,,-1.2842189322118418,0.018625227405691724,0.003423874746358635,0.01520135265933309,-0.0003109987226581623
2019-04-11,121.94999694824219,5043.82,2888.32,0.57,114.6303,13.02,2.2,,-0.609,-0.06132808931986666,-0.012872932029622142,3.808514800862639e-05,0.001775976074638308,0.029999999999999916,-0.021277398447284934,-0.009999999999999787,,-1.2734571487897275,0.018625227405691724,0.003423874746358635,0.018625227405691724,0.003423874746358635
2019-04-12,121.83000183105469,5031.77,2907.41,0.61,114.3531,12.01,2.15,,-0.612,-0.002391920621050758,-0.0009844542413608437,0.0065876322869362625,-0.0024211373873388453,0.040000000000000036,-0.08074700068853113,-0.050000000000000266,,-1.3213751035140484,0.018625227405691724,0.003423874746358635,0.018625227405691724,0.003423874746358635
2019-04-15,121.5999984741211,5006.83,2905.58,0.61,114.495,12.32,2.15,,-0.612,-0.004968830576480343,-0.00188968841218351,-0.0006296243621459752,0.0012401240664505764,0.0,0.02548432201348172,0.0,,-1.310125058072538,0.018625227405691724,0.003423874746358635,0.018625227405691724,0.003423874746358635
2019-04-16,120.51000213623047,5157.0,2907.06,0.64,114.6756,12.18,2.12,,-0.612,0.02955203476395951,-0.009004202217837154,0.0005092350573869808,0.0015761187288987344,0.030000000000000027,-0.011428695823623158,-0.029999999999999805,,-1.2990211351532313,0.018625227405691724,0.003423874746358635,0.018625227405691724,0.003423874746358635
2019-04-17,120.27999877929688,5210.48,2900.45,0.65,114.5141,12.6,2.13,,-0.612,0.010316966970931318,-0.0019104067944004655,-0.0022763638303944234,-0.0014093131299572903,0.010000000000000009,0.03390155167568132,0.009999999999999787,,-1.288059324850086,0.018625227405691724,0.003423874746358635,0.018625227405691724,0.003423874746358635
2019-04-18,120.37000274658203,5262.73,2905.03,0.62,114.7073,12.09,2.12,,-0.612,0.009977921476872709,0.0007480072379886238,0.0015778199046989627,0.001685706882079252,-0.030000000000000027,-0.04131814933073086,-0.009999999999999787,,-1.2772357599582933,0.018625227405691724,0.003423874746358635,0.018625227405691724,0.003423874746358635
2019-04-22,120.37000274658203,5354.69,2907.97,0.64,114.7694,12.42,2.14,,-0.612,0.01732290888480925,0.0,0.0010115259764935658,0.0005412314323489653,0.020000000000000018,0.026929411878631626,0.020000000000000018,,-1.266546709274034,0.018625227405691724,0.003423874746358635,0.018625227405691724,0.003423874746358635
2019-04-23,120.12000274658203,5568.5,2933.68,0.62,115.1578,12.28,2.14,,-0.612,0.039152905449583386,-0.0020790892290234453,0.008802364401891971,0.003378463874075699,-0.020000000000000018,-0.011336153786336567,0.0,,-1.256263494534171,0.018625227405691724,0.003423874746358635,0.018625227405691724,0.003423874746358635
2019-04-24,120.47000122070312,5400.0,2927.25,0.57,115.4187,13.14,2.14,,-0.612,-0.030726764280789354,0.0029095034311525936,-0.002194191904615117,0.002263024300786398,-0.050000000000000044,0.06768909033746828,0.0,,-1.2461036470917646,0.018625227405691724,0.003423874746358635,0.018625227405691724,0.003423874746358635
2019-04-25,120.56999969482422,5469.0,2926.17,0.56,115.7709,13.25,2.14,,-0.612,0.012696830794405756,0.0008297251865103661,-0.0003690150415502913,0.0030468522153679345,-0.009999999999999898,0.008336539375766616,0.0,,-1.2360640085213943,0.018625227405691724,0.003423874746358635,0.018625227405691724,0.003423874746358635
2019-04-26,121.37000274658203,5260.46,2939.88,0.54,115.4767,12.73,2.13,,-0.613,-0.03887730896727781,0.006613259149985673,0.0046743634859041094,-0.002544460212583033,-0.020000000000000018,-0.0400361398629161,-0.010000000000000231,,-1.2452319835903727,0.018625227405691724,0.003423874746358635,0.018625227405691724,0.003423874746358635
2019-04-29,120.83000183105469,5239.89,2943.03,0.58,115.5227,13.11,2.13,,-0.613,-0.0039179696511606465,-0.004459139554906066,0.0010708986882486116,0.0003982694379986995,0.039999999999999925,0.02941388520629351,0.0,,-1.2351851012169421,0.018625227405691724,0.003423874746358635,0.018625227405691724,0.003423874746358635
2019-04-30,121.19999694824219,5292.53,2945.83,0.56,115.3281,13.12,2.14,,-0.613,0.009995886663299203,0.003057434262503378,0.000950948132915741,-0.001685937809996929,-0.019999999999999907,0.0007624857403345509,0.010000000000000231,,-1.2258657009890477,0.018625227405691724,0.003423874746358635,0.018625227405691724,0.003423874746358635
2019-05-01,120.4000015258789,5365.98,2923.73,0.59,115.0022,14.8,2.11,,-0.613,0.013782632415914264,-0.006622502907560168,-0.007530412649501272,-0.002829851022513985,0.029999999999999916,0.12048939725412611,-0.03000000000000025,,-1.2166505490006594,0.018625227405691724,0.003423874746358635,0.018625227405691724,0.003423874746358635
2019-05-02,119.94000244140625,5506.01,2917.52,0.66,115.5617,14.42,2.12,,-0.613,0.025761198093864124,-0.003827907452540913,-0.0021262580234031603,0.004853327847436084,0.07000000000000006,-0.026011048913266333,0.010000000000000231,,-1.2075371931836671,0.018625227405691724,0.003423874746358635,0.018625227405691724,0.003423874746358635
2019-05-03,120.6500015258789,5758.53,2945.64,0.63,115.2646,12.87,2.11,,-0.61,0.04484201088400397,0.005902166622600014,0.00959217064148099,-0.002574231481119682,-0.030000000000000027,-0.11371711024876774,-0.010000000000000231,,-1.1420095623594713,0.018625227405691724,0.003423874746358635,0.018625227405691724,0.003423874746358635
2019-05-06,120.80999755859375,5790.35,2932.47,0.6,115.3811,15.44,2.14,,-0.61,0.005510505004741262,0.0013252386046360698,-0.004481039666655029,0.0010102075166154023,-0.030000000000000027,0.18206252298859482,0.03000000000000025,,-1.1337669513010322,0.018625227405691724,0.003423874746358635,0.018625227405691724,0.003423874746358635
2019-05-07,121.20999908447266,5923.45,2884.05,0.58,115.6116,19.32,2.17,,-0.61,0.02272631061351582,0.003305527606358716,-0.016649515009818927,0.0019957347267336445,-0.020000000000000018,0.22417928418774213,0.029999999999999805,,-1.1263806664159464,0.018625227405691724,0.003423874746358635,0.018625227405691724,0.003423874746358635
2019-05-08,120.91000366210938,5951.57,2879.42,0.62,115.5171,19.4,2.17,,-0.61,0.004736000875830371,-0.0024780734551379524,-0.0016066713268170218,-0.0008177262734214708,0.040000000000000036,0.00413223728491019,0.0,,-1.1190616995775449,0.018625227405691724,0.003423874746358635,0.018625227405691724,0.003423874746358635
2019-05-09,121.19999694824219,6136.92,2870.72,0.6,115.8421,19.1,2.21,,-0.61,0.030667937339440954,0.0023955509816442344,-0.0030260155887189555,0.002809485974834658,-0.020000000000000018,-0.015584731016697884,0.040000000000000036,,-1.1118087385274489,0.018625227405691724,0.003423874746358635,0.018625227405691724,0.003423874746358635
2019-05-10,121.43000030517578,6410.55,2881.4,0.59,115.5334,16.04,2.2,,-0.603,0.04362208304700488,0.0018959191232168493,0.0037134177564537296,-0.002668391278851878,-0.010000000000000009,-0.1746027326142161,-0.009999999999999787,,-0.9741827301307577,0.019964397755302565,0.001339170349610841,0.018625227405691724,0.003423874746358635
2019-05-13,122.66999816894531,7845.84,2811.87,0.55,115.915,20.55,2.25,,-0.603,0.20203838433890198,0.010159840539079035,-0.024426544706444453,0.0032974982395819197,-0.039999999999999925,0.24777533850387545,0.04999999999999982,,-0.9684093686136895,0.019964397755302565,0.001339170349610841,0.019964397755302565,0.001339170349610841
2019-05-14,122.45999908447266,7738.25,2834.41,0.56,115.9425,18.06,2.24,,-0.603,-0.013807891176341514,-0.00171336954431478,0.007984060207655297,0.0002372146696050237,0.010000000000000009,-0.12916139295340434,-0.009999999999999787,,-0.9633802229182861,0.019964397755302565,0.001339170349610841,0.019964397755302565,0.001339170349610841
2019-05-15,122.38999938964844,8167.0,2850.96,0.54,115.8565,16.44,2.26,,-0.603,0.05392608052976655,-0.0005717761663674992,0.00582197702081011,-0.0007420222170582136,-0.020000000000000018,-0.09398215836080537,0.019999999999999574,,-0.9583827218411692,0.019964397755302565,0.001339170349610841,0.019964397755302565,0.001339170349610841
2019-05-16,121.51000213623047,7856.75,2876.32,0.56,116.0346,15.29,2.24,,-0.603,-0.03872860944902179,-0.007216080906090383,0.008855919648712351,0.001536066153629001,0.020000000000000018,-0.07251836968706327,-0.019999999999999574,,-0.9534164138246289,0.019964397755302565,0.001339170349610841,0.019964397755302565,0.001339170349610841
2019-05-17,120.6500015258789,7135.73,2859.53,0.58,116.448,15.96,2.24,,-0.596,-0.09625847668809051,-0.007102776783024289,-0.005854423653127938,0.003556398936717109,0.019999999999999907,0.04288657208069191,0.0,,-0.8189977891269085,0.019964397755302565,0.001339170349610841,0.019964397755302565,0.001339170349610841
2019-05-20,120.63999938964844,7802.09,2840.23,0.6,116.3119,16.31,2.24,,-0.596,0.08927708828262304,-8.290551782685895e-05,-0.006772240853415212,-0.0011694455575117502,0.020000000000000018,0.021692824611259542,0.0,,-0.815203634319583,0.019964397755302565,0.001339170349610841,0.019964397755302565,0.001339170349610841
2019-05-21,120.36000061035156,7966.44,2864.36,0.6,116.2844,14.95,2.23,,-0.596,0.02084607146009887,-0.0023236423674717344,0.008459904713623345,-0.00023646120018305794,0.0,-0.0870671167962267,-0.010000000000000231,,-0.8118467153929647,0.019964397755302565,0.001339170349610841,0.019964397755302565,0.001339170349610841
2019-05-22,120.23999786376953,7901.2,2856.27,0.6,116.2412,14.75,2.26,,-0.596,-0.008223071310039742,-0.0009975291545627485,-0.0028283616990023575,-0.00037157199462800605,0.0,-0.013468217050866649,0.029999999999999805,,-0.8085037113865795,0.019964397755302565,0.001339170349610841,0.019964397755302565,0.001339170349610841
2019-05-23,121.16999816894531,7759.16,2822.24,0.58,116.2368,16.92,2.28,,-0.596,-0.018140565758436367,0.00770477545364745,-0.011985681943016857,-3.78530441640379e-05,-0.020000000000000018,0.13725327139224852,0.020000000000000018,,-0.8051744801712754,0.019964397755302565,0.001339170349610841,0.019964397755302565,0.001339170349610841
2019-05-24,121.30000305175781,8023.9,2826.06,0.56,116.0806,15.85,2.31,,-0.588,0.033550507056540724,0.0010723379767867414,0.001352619578427472,-0.0013447122216190266,-0.019999999999999907,-0.06532685385478798,0.03000000000000025,,-0.6545705832609642,0.019964397755302565,0.001339170349610841,0.019964397755302565,0.001339170349610841
2019-05-28,120.83000183105469,8689.66,2802.39,0.53,116.3174,17.5,2.32,,-0.588,0.07970922511053757,-0.00388222691557516,-0.008410890934652748,0.0020378839917034597,-0.030000000000000027,0.09903138060617911,0.009999999999999787,,-0.6523077551583558,0.019964397755302565,0.001339170349610841,0.019964397755302565,0.001339170349610841
2019-05-29,120.87000274658203,8677.5,2783.02,0.5,116.5535,17.9,2.33,,-0.588,-0.0014003443265462323,0.00033099640161360355,-0.006935955517473502,0.0020277336575569294,-0.030000000000000027,0.022599831917240465,0.010000000000000231,,-0.6500507829007026,0.019964397755302565,0.001339170349610841,0.019964397755302565,0.001339170349610841
2019-05-30,121.69000244140625,8620.21,2788.86,0.48,116.3989,17.3,2.33,,-0.588,-0.006624022425993914,0.006761236816409166,0.0020962411748000065,-0.0013273099800414911,-0.020000000000000018,-0.03409421134297563,0.0,,-0.647799622695313,0.019964397755302565,0.001339170349610841,0.019964397755302565,0.001339170349610841
2019-05-31,123.33000183105469,8444.72,2752.06,0.4,116.7273,18.71,2.37,,-0.58,-0.02056805233115,0.013386857013474085,-0.013283188023120118,0.002817360015505699,-0.07999999999999996,0.07835163878226492,0.040000000000000036,,-0.49853547570363455,0.019964397755302565,0.001339170349610841,0.019964397755302565,0.001339170349610841
2019-06-03,125.11000061035156,8570.89,2744.45,0.34,116.4764,18.86,2.42,,-0.58,0.01483018386269741,0.014329650783140302,-0.0027690315718498226,-0.0021517677190177054,-0.06,0.007985136919312907,0.04999999999999982,,-0.4971572914311407,0.019964397755302565,0.001339170349610841,0.019964397755302565,0.001339170349610841
2019-06-04,125.1500015258789,7621.51,2803.27,0.38,116.091,16.97,2.42,,-0.58,-0.11739706506278402,0.00031967486235551235,0.02120590232217978,-0.003314311058132624,0.03999999999999998,-0.10559619795917641,0.0,,-0.4953866240758194,0.019964397755302565,0.001339170349610841,0.019964397755302565,0.001339170349610841
2019-06-05,125.47000122070312,7783.06,2826.15,0.37,116.03,16.09,2.45,,-0.58,0.020975064260561282,0.0025536658304687876,0.008128768500641037,-0.0005255879597640956,-0.010000000000000009,-0.053249118241843085,0.03000000000000025,,-0.4936188894220228,0.019964397755302565,0.001339170349610841,0.019964397755302565,0.001339170349610841
2019-06-06,125.87999725341797,7592.95,2843.49,0.39,115.9771,15.93,2.44,,-0.58,-0.024729391860230265,0.0032623544765035817,0.006116809555866354,-0.0004560205348607127,0.020000000000000018,-0.0099938370823347,-0.010000000000000231,,-0.4918540678734033,0.019964397755302565,0.001339170349610841,0.019964397755302565,0.001339170349610841
2019-06-07,126.58999633789062,7937.72,2873.34,0.35,115.7368,16.3,2.42,,-0.575,0.04440589517324334,0.005624438342681337,0.010442945224567346,-0.0020741102380670284,-0.040000000000000036,0.022960983890759845,-0.020000000000000018,,-0.39834258125386923,0.019964397755302565,0.001339170349610841,0.019964397755302565,0.001339170349610841
2019-06-10,125.33000183105469,7947.67,2886.73,0.42,115.5001,15.94,2.39,,-0.575,0.0012527235782329171,-0.010003215486539041,0.004649257428951614,-0.0020472518241865245,0.07,-0.02233343445064806,-0.029999999999999805,,-0.39705507471375057,0.019964397755302565,0.001339170349610841,0.019964397755302565,0.001339170349610841
2019-06-11,125.18000030517578,7868.69,2885.72,0.43,115.3794,15.99,2.38,,-0.575,-0.009987210266217517,-0.0011975692988466236,-0.0003499380714622191,-0.0010455671551259371,0.010000000000000009,0.003131853483794078,-0.010000000000000231,,-0.39532222667845773,0.019964397755302565,0.001339170349610841,0.019964397755302565,0.001339170349610841
2019-06-12,125.83000183105469,8118.54,2879.84,0.42,115.438,15.91,2.41,,-0.575,0.031258741369269316,0.005179100221238464,-0.002039698498872866,0.0005077606909971166,-0.010000000000000009,-0.005015684496167516,0.03000000000000025,,-0.3935915217062248,0.017902284687663972,-0.0020621130676385935,0.019964397755302565,0.001339170349610841
2019-06-13,126.5999984741211,8225.62,2891.64,0.42,115.6275,15.82,2.42,,-0.575,0.01310333869828817,0.006100693501630339,0.004089078171241489,0.0016402279222562655,0.0,-0.005672880010187509,0.009999999999999787,,-0.3918629428408165,0.017902284687663972,-0.0020621130676385935,0.017902284687663972,-0.0020621130676385935
2019-06-14,126.55999755859375,8385.86,2886.98,0.46,115.9057,15.28,2.42,,-0.572,0.019293280368676946,-0.0003160129284811575,-0.001612842169983253,0.002403112243794858,0.040000000000000036,-0.03473017860113359,0.0,,-0.33514959193703897,0.017902284687663972,-0.0020621130676385935,0.017902284687663972,-0.0020621130676385935
2019-06-17,126.4800033569336,9278.04,2889.67,0.48,115.9684,15.35,2.41,,-0.572,0.10110336347584159,-0.000632265286402145,0.000931335703024061,0.0005408107376219107,0.019999999999999962,0.004570690294831703,-0.009999999999999787,,-0.3336871652329082,0.017902284687663972,-0.0020621130676385935,0.017902284687663972,-0.0020621130676385935
2019-06-18,127.12000274658203,9071.63,2917.75,0.42,115.8797,15.15,2.4,,-0.572,-0.02249835627301877,0.00504732439223865,0.009670462557011206,-0.0007651561891384162,-0.06,-0.013114942077827596,-0.010000000000000231,,-0.33179849020302704,0.017902284687663972,-0.0020621130676385935,0.017902284687663972,-0.0020621130676385935
2019-06-19,127.88999938964844,9134.32,2926.46,0.36,115.7889,14.33,2.41,,-0.572,0.006886786767040576,0.00603897083808036,0.00298073014106226,-0.0007838783905071978,-0.06,-0.05564529011529773,0.010000000000000231,,-0.32991164142492296,0.017902284687663972,-0.0020621130676385935,0.017902284687663972,-0.0020621130676385935
2019-06-20,131.11000061035156,9497.5,2954.18,0.27,114.8046,14.75,2.38,,-0.572,0.03898985799138188,0.0248661554938181,0.009427615127716393,-0.008537152853129726,-0.08999999999999997,0.028887840945748255,-0.03000000000000025,,-0.32802659813544754,0.017902284687663972,-0.0020621130676385935,0.017902284687663972,-0.0020621130676385935
2019-06-21,131.97999572753906,9890.25,2950.46,0.34,114.8377,15.4,2.35,,-0.572,0.04052081729413892,0.006613693416667843,-0.0012600261801480883,0.00028827441833900735,0.07,0.04312442663375471,-0.029999999999999805,,-0.32614333964900205,0.017902284687663972,-0.0020621130676385935,0.017902284687663972,-0.0020621130676385935
2019-06-24,133.94000244140625,10945.0,2945.35,0.31,114.6559,15.26,2.33,,-0.572,0.10133330760104364,0.014741593126273322,-0.0017334348561242052,-0.0015843582394401423,-0.030000000000000027,-0.009132483563272675,-0.020000000000000018,,-0.3242618453563487,0.017902284687663972,-0.0020621130676385935,0.017902284687663972,-0.0020621130676385935
2019-06-25,134.1999969482422,11411.76,2917.38,0.33,114.6363,16.28,2.34,,-0.572,0.04176167166106737,0.0019392450876951628,-0.009541702315563505,-0.0001709608966002918,0.020000000000000018,0.06470233471808351,0.009999999999999787,,-0.32197154936436845,0.017902284687663972,-0.0020621130676385935,0.017902284687663972,-0.0020621130676385935
2019-06-26,132.97000122070312,13960.76,2913.78,0.35,114.5608,16.21,2.32,,-0.572,0.2016061344772062,-0.009207653748306122,-0.0012347459021464502,-0.0006588216232303878,0.019999999999999962,-0.004309024826809615,-0.020000000000000018,,-0.319683294011796,0.017902284687663972,-0.0020621130676385935,0.017902284687663972,-0.0020621130676385935
2019-06-27,132.83999633789062,11029.96,2924.92,0.33,114.665,15.82,2.31,,-0.572,-0.2356353303275185,-0.0009781791081797664,0.0038159225573179967,0.0009091472877589268,-0.019999999999999962,-0.024353373408076973,-0.009999999999999787,,-0.31739704308727507,0.017902284687663972,-0.0020621130676385935,0.017902284687663972,-0.0020621130676385935
2019-06-28,133.1999969482422,12366.71,2941.76,0.31,114.5821,15.08,2.31,,-0.574,0.11439297819668681,0.0027063662544692946,0.005740911810812932,-0.0007232370975565061,-0.020000000000000018,-0.04790559975969799,0.0,,-0.351721328385378,0.017902284687663972,-0.0020621130676385935,0.017902284687663972,-0.0020621130676385935
2019-07-01,130.6199951171875,10259.0,2964.33,0.34,114.7239,14.06,2.29,,-0.574,-0.18685281587669245,-0.019559428102496668,0.007642995575579903,0.0012367754709856627,0.030000000000000027,-0.07003547619729078,-0.020000000000000018,,-0.34927395979795806,0.017902284687663972,-0.0020621130676385935,0.017902284687663972,-0.0020621130676385935
2019-07-02,133.41000366210938,10785.1,2973.01,0.33,114.8258,12.93,2.29,,-0.574,0.0500101828297872,0.0211348135480538,0.0029238703472564964,0.0008878252221062866,-0.010000000000000009,-0.08378369359875304,0.0,,-0.3466322396596721,0.017902284687663972,-0.0020621130676385935,0.017902284687663972,-0.0020621130676385935
2019-07-03,133.6300048828125,11174.48,2995.82,0.31,114.8135,12.57,2.26,,-0.574,0.03546705504312442,0.001647702692010533,0.007643076127193282,-0.00010712452103600612,-0.020000000000000018,-0.028237170181609983,-0.03000000000000025,,-0.34399313935911374,0.017902284687663972,-0.0020621130676385935,0.017902284687663972,-0.0020621130676385935
2019-07-05,132.13999938964844,11110.47,2990.41,0.35,115.1132,13.28,2.26,,-0.578,-0.005744699991323543,-0.011212861349997993,-0.001807481995470539,0.002606919246271211,0.03999999999999998,0.054946121446131535,0.0,,-0.4145419127272543,0.017902284687663972,-0.0020621130676385935,0.017902284687663972,-0.0020621130676385935
2019-07-08,131.2899932861328,12185.57,2975.95,0.35,115.0254,13.96,2.23,,-0.578,0.09236455782233755,-0.0064533961744341894,-0.0048471859933751915,-0.0007630184963298703,0.0,0.049936953285938834,-0.029999999999999805,,-0.41156980307716823,0.017902284687663972,-0.0020621130676385935,0.017902284687663972,-0.0020621130676385935
2019-07-09,131.75,12494.47,2979.63,0.36,115.1017,14.09,2.22,,-0.578,0.025033681611002834,0.0034976216131425986,0.0012358159804266577,0.0006631118438100714,0.010000000000000009,0.009269228576362476,-0.009999999999999787,,-0.4086654075472558,0.017902284687663972,-0.0020621130676385935,0.017902284687663972,-0.0020621130676385935
2019-07-10,133.8300018310547,12070.96,2993.07,0.33,115.0879,13.03,2.25,,-0.578,-0.0344835784341182,0.015664164068756037,0.0045004847673171255,-0.00011990115988336214,-0.02999999999999997,-0.07821093477383512,0.029999999999999805,,-0.40576517286831804,0.017902284687663972,-0.0020621130676385935,0.017902284687663972,-0.0020621130676385935
2019-07-11,132.6999969482422,11563.42,2999.91,0.36,114.8361,12.93,2.25,,-0.578,-0.04295590074560529,-0.008479433149487292,0.0022826717159194487,-0.0021902898406844784,0.02999999999999997,-0.007704198352987746,0.0,,-0.40286902513036277,0.016484846560762545,-0.001417438126901427,0.017902284687663972,-0.0020621130676385935
2019-07-12,133.52999877929688,11590.64,3013.77,0.35,114.7685,12.39,2.25,,-0.58,0.0023512086035673008,0.006235244213343094,0.00460949852364223,-0.0005888383939458564,-0.010000000000000009,-0.04266049714271514,0.0,,-0.43653697784733175,0.016484846560762545,-0.001417438126901427,0.016484846560762545,-0.001417438126901427
2019-07-15,133.52999877929688,10844.99,3014.3,0.32,114.6819,12.68,2.25,,-0.58,-0.06649465364984408,0.0,0.0001758440102275216,-0.0007548472707998855,-0.02999999999999997,0.023136253368028825,0.0,,-0.43347285591627344,0.016484846560762545,-0.001417438126901427,0.016484846560762545,-0.001417438126901427
2019-07-16,132.39999389648438,9694.73,3004.04,0.33,115.0111,12.86,2.23,,-0.58,-0.11212078329460162,-0.00849856515023717,-0.0034095813595058644,0.00286643672558462,0.010000000000000009,0.014095769800393398,-0.020000000000000018,,-0.43073443234611486,0.016484846560762545,-0.001417438126901427,0.016484846560762545,-0.001417438126901427
2019-07-17,134.5800018310547,9731.55,2984.42,0.31,114.8819,13.97,2.24,,-0.58,0.0037907457414583234,0.016331233962022296,-0.006552626285154517,-0.0011240012840962876,-0.020000000000000018,0.08279045445939737,0.010000000000000231,,-0.4280004581259702,0.016484846560762545,-0.001417438126901427,0.016484846560762545,-0.001417438126901427
2019-07-18,136.47999572753906,10492.54,2995.11,0.25,114.8744,13.53,2.27,,-0.58,0.0752913438238263,0.014019221072833155,0.0035755356654512127,-6.528656670301558e-05,-0.06,-0.032002731086173686,0.029999999999999805,,-0.4252708702890825,0.016484846560762545,-0.001417438126901427,0.016484846560762545,-0.001417438126901427
2019-07-19,134.47000122070312,10391.96,2976.61,0.25,114.8695,14.45,2.26,,-0.579,-0.009632098218999019,-0.014836917525038906,-0.006195889687755418,-4.265619240140239e-05,0.0,0.06578497237574421,-0.010000000000000231,,-0.4042875456286137,0.016484846560762545,-0.001417438126901427,0.016484846560762545,-0.001417438126901427
2019-07-22,134.4499969482422,10163.75,2985.03,0.26,115.0018,13.53,2.24,,-0.579,-0.022204961706277615,-0.0001487748968767022,0.0028247279603137443,0.0011510790134128257,0.010000000000000009,-0.06578497237574421,-0.019999999999999574,,-0.4016555836481049,0.016484846560762545,-0.001417438126901427,0.016484846560762545,-0.001417438126901427
2019-07-23,133.69000244140625,10147.69,3005.47,0.27,115.2995,12.61,2.23,,-0.579,-0.00158137516068102,-0.005668654760058622,0.0068241647017259766,0.0025853103374977593,0.010000000000000009,-0.07041929220586862,-0.010000000000000231,,-0.39956995245445714,0.016484846560762545,-0.001417438126901427,0.016484846560762545,-0.001417438126901427
2019-07-24,134.3699951171875,9650.97,3019.56,0.26,115.2436,12.07,2.15,,-0.579,-0.05018766494522886,0.005073447292028632,0.004677163660893768,-0.00048494187069980654,-0.010000000000000009,-0.043767114867387935,-0.08000000000000007,,-0.39748715527677264,0.016484846560762545,-0.001417438126901427,0.016484846560762545,-0.001417438126901427
2019-07-25,133.4199981689453,9857.21,3003.67,0.28,115.2982,12.74,2.14,,-0.579,0.021144738678950503,-0.007095118991376381,-0.005276251069020077,0.0004736668232903085,0.020000000000000018,0.05402361503457698,-0.009999999999999787,,-0.39540716342986243,0.016484846560762545,-0.001417438126901427,0.016484846560762545,-0.001417438126901427
2019-07-26,133.63999938964844,9838.98,3025.86,0.3,115.5449,12.16,2.13,,-0.576,-0.0018511199582906812,0.0016475793640440273,0.007360474259664684,0.002137383304233964,0.019999999999999962,-0.0465947736059964,-0.010000000000000231,,-0.33862090465827915,0.016484846560762545,-0.001417438126901427,0.016484846560762545,-0.001417438126901427
2019-07-29,134.52999877929688,9489.81,3020.97,0.29,115.5885,12.83,2.13,,-0.576,-0.03613345580806282,0.006637600502191532,-0.001617376729949882,0.00037727131186748863,-0.010000000000000009,0.053634302089524244,0.0,,-0.336806626538992,0.016484846560762545,-0.001417438126901427,0.016484846560762545,-0.001417438126901427
2019-07-30,134.97999572753906,9598.87,3013.18,0.28,115.6211,13.94,2.14,,-0.576,0.0114267918656914,0.003339374239096138,-0.002581972383094211,0.0002819952131405401,-0.009999999999999953,0.08297622670483262,0.010000000000000231,,-0.33564333991458034,0.016484846560762545,-0.001417438126901427,0.016484846560762545,-0.001417438126901427
2019-07-31,133.2100067138672,9982.43,2980.38,0.26,115.4946,16.12,2.13,,-0.576,0.039181164446890904,-0.013199706898716634,-0.010945190319276321,-0.0010946899118717823,-0.020000000000000018,0.14529833174610474,-0.010000000000000231,,-0.3344809741471531,0.016484846560762545,-0.001417438126901427,0.016484846560762545,-0.001417438126901427
2019-08-01,136.41000366210938,10283.71,2953.56,0.2,116.0499,17.87,2.17,,-0.576,0.029734542202559666,0.023738202587374246,-0.009039586726804494,0.004796495400402279,-0.06,0.10306259209285429,0.040000000000000036,,-0.33331952404933296,0.016484846560762545,-0.001417438126901427,0.016484846560762545,-0.001417438126901427
2019-08-02,135.88999938964844,10444.0,2932.05,0.2,116.1864,17.61,2.18,,-0.568,0.01546656097514365,-0.0038193529104750823,-0.0073093853544552445,0.001175526958694384,0.0,-0.01465640666322221,0.010000000000000231,,-0.1863683567742224,0.016484846560762545,-0.001417438126901427,0.016484846560762545,-0.001417438126901427
2019-08-05,137.7899932861328,11751.5,2844.74,0.15,116.5851,24.59,2.24,,-0.568,0.11795324117996309,0.013885007839557595,-0.030230162083586087,0.003425680462640912,-0.05000000000000002,0.3338729337199866,0.06000000000000005,,-0.18584836922040412,0.016484846560762545,-0.001417438126901427,0.016484846560762545,-0.001417438126901427
2019-08-06,138.91000366210938,11709.62,2881.77,0.11,116.6904,20.17,2.25,,-0.568,-0.0035701658304301276,0.008095529492026188,0.012933013700776819,0.0009027952541265094,-0.039999999999999994,-0.19814350426198057,0.009999999999999787,,-0.18607493196374128,0.016484846560762545,-0.001417438126901427,0.016484846560762545,-0.001417438126901427
2019-08-07,141.02000427246094,11792.25,2883.98,0.09,116.7987,19.49,2.23,,-0.568,0.007031809849943116,0.015075486815260497,0.0007665958837028697,0.0009276664972075466,-0.020000000000000004,-0.034294838446651266,-0.020000000000000018,,-0.18630152514912765,0.016484846560762545,-0.001417438126901427,0.016484846560762545,-0.001417438126901427
2019-08-08,141.72999572753906,11614.59,2938.09,0.07,116.474,16.91,2.25,,-0.568,-0.015180469619108905,0.005022054446004454,0.018588425780335704,-0.0027838680625711376,-0.01999999999999999,-0.1419963506089803,0.020000000000000018,,-0.18652814881602475,0.016484846560762545,-0.001417438126901427,0.016484846560762545,-0.001417438126901427
2019-08-09,141.25999450683594,11837.21,2918.65,0.08,116.4419,17.97,2.23,,-0.558,0.01898589337880452,-0.0033216839398715337,-0.006638529760062184,-0.00027563597163826614,0.009999999999999995,0.060798537884978465,-0.020000000000000018,,-0.00443128636913675,0.016484846560762545,-0.001417438126901427,0.016484846560762545,-0.001417438126901427
2019-08-12,142.6300048828125,11446.1,2883.75,0.04,116.7548,21.09,2.23,,-0.558,-0.033598899170739216,0.009651773675578568,-0.012029650100344291,0.00268357303324418,-0.04,0.1600952936952158,0.0,,-0.005376290456541373,0.016484846560762545,-0.001417438126901427,0.016484846560762545,-0.001417438126901427
2019-08-13,141.77999877929688,10936.28,2926.32,0.05,116.7267,17.52,2.22,,-0.558,-0.04556335802009137,-0.005977346952418472,0.01465413043215591,-0.00024070429679134975,0.010000000000000002,-0.1854559089824379,-0.009999999999999787,,-0.006976971426165299,0.018114648063935146,0.001629801503172601,0.016484846560762545,-0.001417438126901427
2019-08-14,142.75,10140.74,2840.6,0.02,117.0913,22.1,2.23,,-0.558,-0.0755247288012253,0.006818296719088401,-0.029730363473091437,0.0031186674722292196,-0.030000000000000002,0.23223452301546166,0.009999999999999787,,-0.008578742613130113,0.018114648063935146,0.001629801503172601,0.018114648063935146,0.001629801503172601
2019-08-15,143.6999969482422,10106.68,2847.6,-0.02,117.2239,21.18,2.27,,-0.558,-0.00336438243759396,0.006632923311853389,0.0024612367826906123,0.001131808898056974,-0.04,-0.04252026835044642,0.040000000000000036,,-0.010181618024581807,0.018114648063935146,0.001629801503172601,0.018114648063935146,0.001629801503172601
2019-08-16,142.77999877929688,10451.75,2888.68,0.01,117.0786,18.47,2.26,,-0.546,0.033572837138699185,-0.006422796323197311,0.014323116131046199,-0.0012402771513420063,0.03,-0.13690954596211213,-0.010000000000000231,,0.20732169874052236,0.018114648063935146,0.001629801503172601,0.018114648063935146,0.001629801503172601
2019-08-19,141.11000061035156,10685.59,2923.65,0.04,117.3886,16.88,2.29,,-0.546,0.02212667633633103,-0.011765243129746139,0.01203318530199482,0.0026442946444893423,0.03,-0.09001830504333741,0.03000000000000025,,0.20490209985991834,0.018114648063935146,0.001629801503172601,0.018114648063935146,0.001629801503172601
2019-08-20,142.2100067138672,10734.0,2900.51,0.02,117.3726,17.5,2.3,,-0.546,0.004520168913202838,0.007765153200510078,-0.007946252081149296,-0.0001363087258434703,-0.02,0.03607139176165752,0.009999999999999787,,0.20202319300265228,0.018114648063935146,0.001629801503172601,0.018114648063935146,0.001629801503172601
2019-08-21,141.75999450683594,10107.14,2924.43,0.05,117.1764,15.8,2.25,,-0.546,-0.06017416897215533,-0.00316943748851628,0.008213006299500059,-0.001672998356525568,0.030000000000000002,-0.10219094089654757,-0.04999999999999982,,0.1991431440878671,0.018114648063935146,0.001629801503172601,0.018114648063935146,0.001629801503172601
2019-08-22,141.39999389648438,10164.91,2922.95,0.07,117.3558,16.68,2.25,,-0.546,0.005699488348154702,-0.0025427378094429187,-0.0005062096294770058,0.0015298541947741384,0.020000000000000004,0.054200456897679494,0.0,,0.19626187445223492,0.018114648063935146,0.001629801503172601,0.018114648063935146,0.001629801503172601
2019-08-23,144.1699981689453,10402.01,2847.11,-0.02,117.3009,19.87,2.27,,-0.536,0.023057463573367798,0.01940043582556772,-0.02628893555806666,-0.00046791760901498947,-0.09000000000000001,0.17500065963312483,0.020000000000000018,,0.3763257324798334,0.018114648063935146,0.001629801503172601,0.018114648063935146,0.001629801503172601
2019-08-26,144.19000244140625,10325.0,2878.38,0.0,117.6658,19.32,2.27,,-0.536,-0.007430917856908081,0.00013874512727696242,0.010923191173948688,0.0031059745347015166,0.02,-0.028070227779353196,0.0,,0.3727385000398082,0.018114648063935146,0.001629801503172601,0.018114648063935146,0.001629801503172601
2019-08-27,145.57000732421875,10163.99,2869.16,-0.06,117.75,20.31,2.26,,-0.536,-0.015717057254283517,0.009525229640209965,-0.0032083318806845895,0.0007153300975586419,-0.06,0.04997254680792107,-0.010000000000000231,,0.36881732200826195,0.018114648063935146,0.001629801503172601,0.018114648063935146,0.001629801503172601
2019-08-28,145.16000366210938,9685.23,2887.94,-0.08,117.8767,19.35,2.26,,-0.536,-0.048249036951817814,-0.002820513317677076,0.0065241411868015575,0.0010754300103616998,-0.020000000000000004,-0.0484209561165021,0.0,,0.36489762088595806,0.018114648063935146,0.001629801503172601,0.018114648063935146,0.001629801503172601
2019-08-29,144.1199951171875,9509.99,2924.58,-0.09,118.0625,17.88,2.27,,-0.536,-0.018259219608959043,-0.007190355573253093,0.0126074354387411,0.0015749823548398822,-0.009999999999999995,-0.0790096497304229,0.010000000000000231,,0.3609792027953092,0.018114648063935146,0.001629801503172601,0.018114648063935146,0.001629801503172601
2019-08-30,143.75,9572.13,2926.46,-0.05,118.1575,18.98,2.26,,-0.526,0.00651292620059607,-0.0025705723222451127,0.0006426208211518514,0.0008043349853670279,0.039999999999999994,0.05970302343641354,-0.010000000000000231,,0.5404237220935467,0.018114648063935146,0.001629801503172601,0.018114648063935146,0.001629801503172601
2019-09-03,145.75,10646.29,2906.27,-0.03,118.3113,19.66,2.28,,-0.526,0.10635572342496324,0.013817145553141508,-0.006923029401107783,0.0013008060402643906,0.020000000000000004,0.03520032153723873,0.020000000000000018,,0.5357345563994966,0.018114648063935146,0.001629801503172601,0.018114648063935146,0.001629801503172601
2019-09-04,146.66000366210938,10698.81,2937.78,-0.04,117.6729,17.33,2.29,,-0.526,0.004921045672153568,0.0062241824051145755,0.010783722026351583,-0.00541054492102333,-0.010000000000000002,-0.12614701099150594,0.010000000000000231,,0.530877608247323,0.018114648063935146,0.001629801503172601,0.018114648063935146,0.001629801503172601
2019-09-05,143.13999938964844,10532.94,2976.0,0.01,117.4776,16.27,2.28,,-0.526,-0.0156250308743644,-0.024293839589282662,0.01292592289421357,-0.00166106425378576,0.05,-0.06311618249656803,-0.010000000000000231,,0.5260290036065379,0.018114648063935146,0.001629801503172601,0.018114648063935146,0.001629801503172601
2019-09-06,141.9199981689453,10374.17,2978.71,0.01,117.1292,15.0,2.26,,-0.519,-0.01518842653879382,-0.008559662387184197,0.000910203918275343,-0.0029700780720212094,0.0,-0.08127272012873643,-0.020000000000000018,,0.6497325521732319,0.018114648063935146,0.001629801503172601,0.018114648063935146,0.001629801503172601
2019-09-09,141.38999938964844,10311.44,2978.43,0.06,117.0601,15.27,2.23,,-0.519,-0.00606510441761543,-0.0037414803722946033,-9.400484131827369e-05,-0.0005901209150485087,0.049999999999999996,0.017839918128331078,-0.029999999999999805,,0.6442889745028381,0.018114648063935146,0.001629801503172601,0.018114648063935146,0.001629801503172601
2019-09-10,140.17999267578125,10025.6,2979.39,0.12,117.0887,15.2,2.22,,-0.519,-0.02811213672323909,-0.0085947664634487,0.00032226552944081277,0.0002442891028460181,0.06,-0.004594691378310589,-0.009999999999999787,,0.638792475884102,0.018114648063935146,0.001629801503172601,0.018114648063935146,0.001629801503172601
2019-09-11,141.02999877929688,10074.5,3000.93,0.15,117.3125,14.61,2.22,,-0.519,0.004865657033947812,0.006045366225015947,0.007203659050794897,0.001909547118400745,0.03,-0.03958920208962269,0.0,,0.6333117833828265,0.018114648063935146,0.001629801503172601,0.018114648063935146,0.001629801503172601
2019-09-12,141.32000732421875,10301.57,3009.57,0.16,116.8375,14.22,2.22,,-0.519,0.0222888319945298,0.002054249269613173,0.002874970784835895,-0.004057233838025809,0.010000000000000009,-0.027056801387513207,0.0,,0.6278463914874479,0.017497798894291483,-0.0006168491696436629,0.018114648063935146,0.001629801503172601
2019-09-13,140.14999389648438,10210.59,3007.39,0.23,116.7677,13.74,2.21,,-0.514,-0.008870893813375247,-0.008313640257218147,-0.0007246184436624503,-0.0005975894550056537,0.07,-0.03433813758089155,-0.010000000000000231,,0.7144183134088103,0.017497798894291483,-0.0006168491696436629,0.017497798894291483,-0.0006168491696436629
2019-09-16,141.32000732421875,10121.39,2997.96,0.17,117.0251,14.67,2.2,,-0.514,-0.008774410784754494,0.008313640257218147,-0.003140535605966832,0.002201950650338347,-0.06,0.06549330536068743,-0.009999999999999787,,0.7085098865913533,0.017497798894291483,-0.0006168491696436629,0.017497798894291483,-0.0006168491696436629
2019-09-17,141.60000610351562,10257.94,3005.7,0.15,116.9826,14.44,2.21,,-0.514,0.01340103365049572,0.00197935004540728,0.002578428587945325,-0.00036323591460707405,-0.020000000000000018,-0.015802458690210575,0.009999999999999787,,0.7026235778261766,0.017497798894291483,-0.0006168491696436629,0.017497798894291483,-0.0006168491696436629
2019-09-18,140.7100067138672,10172.17,3006.73,0.21,116.9766,13.95,2.18,,-0.514,-0.008396479892120112,-0.006305141849163753,0.00034262353493552666,-5.129099433887063e-05,0.06,-0.03452262519730542,-0.029999999999999805,,0.6967587666910563,0.017497798894291483,-0.0006168491696436629,0.017497798894291483,-0.0006168491696436629
2019-09-19,141.27999877929688,10086.41,3006.79,0.18,117.0861,14.05,2.17,,-0.514,-0.008466586729626968,0.004042645700960357,1.995503465579418e-05,0.0009356467988137496,-0.03,0.007142887512380458,-0.010000000000000231,,0.6909148384449117,0.017497798894291483,-0.0006168491696436629,0.017497798894291483,-0.0006168491696436629
2019-09-20,142.9499969482422,10161.35,2992.07,0.13,117.1819,15.32,2.19,,-0.51,0.007402334104281039,0.011751169204553769,-0.0049076089603001805,0.0008178667623415237,-0.04999999999999999,0.0865367685326901,0.020000000000000018,,0.7588736101355757,0.017497798894291483,-0.0006168491696436629,0.017497798894291483,-0.0006168491696436629
2019-09-23,143.75,9806.19,2991.78,0.11,117.2986,14.91,2.17,,-0.51,-0.0355774884054707,0.005580782257567307,-9.692756343504527e-05,0.0009953920230945101,-0.020000000000000004,-0.027127035535797983,-0.020000000000000018,,0.7526675815224853,0.017497798894291483,-0.0006168491696436629,0.017497798894291483,-0.0006168491696436629
2019-09-24,144.50999450683594,8362.08,2966.6,0.06,117.2227,17.05,2.2,,-0.51,-0.15930661895582077,0.005272991620432599,-0.008452012089671612,-0.0006472759843134668,-0.05,0.13411807495287853,0.03000000000000025,,0.7465637404294299,0.017497798894291483,-0.0006168491696436629,0.017497798894291483,-0.0006168491696436629
2019-09-25,141.8300018310547,8349.89,2984.87,0.13,117.6527,15.96,2.2,,-0.51,-0.0014588348545263585,-0.018719501081169376,0.006139678900037637,0.0036615199412768362,0.07,-0.06606461170786293,0.0,,0.7404860586976862,0.017497798894291483,-0.0006168491696436629,0.017497798894291483,-0.0006168491696436629
2019-09-26,141.7899932861328,8131.99,2977.62,0.13,117.7267,16.07,2.18,,-0.51,-0.026442699067739994,-0.00028212781803826914,-0.0024318711052062625,0.0006287721222673071,0.0,0.006868587727758335,-0.020000000000000018,,0.7344338574133252,0.017497798894291483,-0.0006168491696436629,0.017497798894291483,-0.0006168491696436629
2019-09-27,141.05999755859375,7991.65,2961.79,0.16,117.7218,17.22,2.19,,-0.51,-0.01740841946207361,-0.005161727926225268,-0.005330508411847568,-4.1622690318376954e-05,0.03,0.06911731925016351,0.009999999999999787,,0.7284064654491589,0.017497798894291483,-0.0006168491696436629,0.017497798894291483,-0.0006168491696436629
2019-09-30,138.8699951171875,8269.34,2976.74,0.15,117.9461,16.24,2.2,,-0.51,0.03415745272778281,-0.015647105922202975,0.005034926684707841,0.0019035266807883033,-0.010000000000000009,-0.05859416426605257,0.010000000000000231,,0.7224032190896633,0.017497798894291483,-0.0006168491696436629,0.017497798894291483,-0.0006168491696436629
2019-10-01,139.6300048828125,8302.6,2940.25,0.13,117.9595,18.56,2.22,,-0.51,0.004014019439853911,0.005457893373497669,-0.01233413022605756,0.00011360476406174769,-0.01999999999999999,0.1335313926245223,0.020000000000000018,,0.7165389546221309,0.017497798894291483,-0.0006168491696436629,0.017497798894291483,-0.0006168491696436629
2019-10-02,141.25999450683594,8257.05,2887.61,0.1,117.9671,20.56,2.26,,-0.51,-0.00550133787607443,0.011606023170116941,-0.01806544138860655,6.44268175147289e-05,-0.03,0.1023387132289102,0.03999999999999959,,0.7106978221519059,0.017497798894291483,-0.0006168491696436629,0.017497798894291483,-0.0006168491696436629
2019-10-03,141.89999389648438,8145.01,2910.63,0.06,117.6608,19.12,2.29,,-0.51,-0.01366191108470538,0.004520416059329513,0.007940382236732546,-0.0025998633653383507,-0.04000000000000001,-0.07261253296370906,0.03000000000000025,,0.7048792192521163,0.017497798894291483,-0.0006168491696436629,0.017497798894291483,-0.0006168491696436629
2019-10-04,141.89999389648438,8183.9,2952.01,0.02,117.5288,17.04,2.29,,-0.514,0.004763339810502032,0.0,0.014116741669229604,-0.0011224987317470791,-0.039999999999999994,-0.115171386222086,0.0,,0.625003133248368,0.017497798894291483,-0.0006168491696436629,0.017497798894291483,-0.0006168491696436629
2019-10-07,140.69000244140625,8211.0,2938.79,0.05,117.5533,17.86,2.28,,-0.514,0.0033059091158111897,-0.008563635410989257,-0.004488362257589529,0.00020843781886181745,0.030000000000000002,0.04700005404718377,-0.010000000000000231,,0.6196117787395156,0.017497798894291483,-0.0006168491696436629,0.017497798894291483,-0.0006168491696436629
2019-10-08,141.9199981689453,8166.59,2893.06,0.06,117.7407,20.28,2.3,,-0.514,-0.005423277643247459,0.008704599917037648,-0.015683166513284164,0.0015929011332609377,0.009999999999999995,0.1270716032746293,0.020000000000000018,,0.6145050886426446,0.017497798894291483,-0.0006168491696436629,0.017497798894291483,-0.0006168491696436629
2019-10-09,142.0500030517578,8579.75,2919.4,0.1,117.6835,18.64,2.29,,-0.514,0.04935333446282186,0.0009156241246355279,0.009063350218849742,-0.00048593136241414925,0.04000000000000001,-0.08432536946553748,-0.009999999999999787,,0.6094129134117652,0.017497798894291483,-0.0006168491696436629,0.017497798894291483,-0.0006168491696436629
2019-10-10,140.80999755859375,8554.96,2938.13,0.15,117.2801,17.57,2.27,,-0.514,-0.002893543841288704,-0.008767683192965947,0.006395208846051048,-0.003433726724960451,0.04999999999999999,-0.05911690705843897,-0.020000000000000018,,0.6043348534337635,0.017113045131695204,-0.00038475376259627936,0.017497798894291483,-0.0006168491696436629
2019-10-11,140.02999877929688,8342.96,2970.27,0.2,116.8239,15.58,2.22,,-0.523,-0.02509316223494551,-0.005554769940673054,0.010879533213144832,-0.003897418048969925,0.05000000000000002,-0.12020486175640377,-0.04999999999999982,,0.4321451839539606,0.017113045131695204,-0.00038475376259627936,0.017113045131695204,-0.00038475376259627936
2019-10-14,140.58999633789062,8327.96,2966.15,0.2,116.8239,14.57,2.22,,-0.523,-0.0017995412428266633,0.003991150393420462,-0.0013880421740664062,0.0,0.0,-0.0670234202354889,0.0,,0.427846294361832,0.017113045131695204,-0.00038475376259627936,0.017113045131695204,-0.00038475376259627936
2019-10-15,139.61000061035156,8177.1,2995.68,0.21,116.8111,13.54,2.21,,-0.523,-0.018280963698110497,-0.006995001671277201,0.009906435272235115,-0.00010957262407451651,0.009999999999999981,-0.07331635272298431,-0.010000000000000231,,0.42408988422303584,0.017113045131695204,-0.00038475376259627936,0.017113045131695204,-0.00038475376259627936
2019-10-16,140.41000366210938,7958.16,2989.69,0.18,116.6425,13.68,2.22,,-0.523,-0.02713974717227252,0.005713914835704159,-0.00200154777390793,-0.0014443986240717521,-0.03,0.010286644710275183,0.010000000000000231,,0.420338034279654,0.017113045131695204,-0.00038475376259627936,0.017113045131695204,-0.00038475376259627936
2019-10-17,140.61000061035156,8059.32,2997.95,0.17,116.2615,13.79,2.21,,-0.523,0.012631368356981199,0.0014233647353725232,0.002759018658343493,-0.00327173719524243,-0.009999999999999981,0.008008779610806371,-0.010000000000000231,,0.4165905838225361,0.017113045131695204,-0.00038475376259627936,0.017113045131695204,-0.00038475376259627936
2019-10-18,140.4600067138672,7941.55,2986.2,0.16,116.1344,14.25,2.21,,-0.535,-0.014720715400720508,-0.0010673064134527621,-0.003927045645713889,-0.0010938231928561137,-0.010000000000000009,0.032813214909448885,0.0,,0.1894087350637834,0.017113045131695204,-0.00038475376259627936,0.017113045131695204,-0.00038475376259627936
2019-10-21,139.7899932861328,8183.56,3006.72,0.19,116.0436,14.0,2.19,,-0.535,0.030018793450116377,-0.004781550075213303,0.006848107497875233,-0.0007821585561860189,0.03,-0.017699577099401065,-0.020000000000000018,,0.1865434731051313,0.017113045131695204,-0.00038475376259627936,0.017113045131695204,-0.00038475376259627936
2019-10-22,140.1999969482422,8167.91,2995.99,0.17,115.9851,14.46,2.17,,-0.535,-0.0019142015707078741,0.0029287043785162226,-0.003575055742610189,-0.000504247976561345,-0.01999999999999999,0.032328887115360416,-0.020000000000000018,,0.184424155060606,0.017113045131695204,-0.00038475376259627936,0.017113045131695204,-0.00038475376259627936
2019-10-23,140.52999877929688,7482.9,3004.52,0.16,116.0586,14.01,2.18,,-0.535,-0.08759264480773865,0.0023510275929137237,0.0028430935856427197,0.0006335013832146075,-0.010000000000000009,-0.03161485638170314,0.010000000000000231,,0.18230490536962715,0.017113045131695204,-0.00038475376259627936,0.017113045131695204,-0.00038475376259627936
2019-10-24,141.52999877929688,7471.3,3010.29,0.15,116.1278,13.71,2.17,,-0.535,-0.0015514039302182425,0.007090719694469172,0.0019185981834688448,0.000596072828114913,-0.010000000000000009,-0.02164586677469238,-0.010000000000000231,,0.18018569470355364,0.017113045131695204,-0.00038475376259627936,0.017113045131695204,-0.00038475376259627936
2019-10-25,141.86000061035156,8634.87,3022.55,0.15,116.0774,12.65,2.16,,-0.549,0.14473964302213282,0.0023289599557347884,0.004064426332368143,-0.00043409881252820526,0.0,-0.08046827840069382,-0.009999999999999787,,-0.0830919100387982,0.017113045131695204,-0.00038475376259627936,0.017113045131695204,-0.00038475376259627936
2019-10-28,140.63999938964844,9397.73,3039.42,0.21,116.0222,13.11,2.16,,-0.549,0.08465951427437624,-0.008637230479381586,0.005565861774648795,-0.00047565787309178376,0.06,0.03571808260207909,0.0,,-0.08422786996029093,0.017113045131695204,-0.00038475376259627936,0.017113045131695204,-0.00038475376259627936
2019-10-29,140.25,9227.76,3036.89,0.23,115.9797,13.2,2.15,,-0.549,-0.018251838580045643,-0.002776885194245793,-0.0008327422880682889,-0.00036637631394764725,0.020000000000000018,0.0068415318167165395,-0.010000000000000231,,-0.0843778488953102,0.017113045131695204,-0.00038475376259627936,0.017113045131695204,-0.00038475376259627936
2019-10-30,141.02000427246094,9201.17,3046.77,0.21,116.1636,12.33,2.17,,-0.549,-0.002885682288836122,0.005475210184932244,0.003248047618049199,0.0015843665397108353,-0.020000000000000018,-0.06818151241607229,0.020000000000000018,,-0.08452783434015661,0.017113045131695204,-0.00038475376259627936,0.017113045131695204,-0.00038475376259627936
2019-10-31,142.42999267578125,9211.02,3037.56,0.15,115.9125,13.22,2.18,,-0.549,0.0010699434385230688,0.00994884493546877,-0.0030274515138035696,-0.002163946205445022,-0.06,0.06969551724728751,0.010000000000000231,,-0.0846778263053207,0.017113045131695204,-0.00038475376259627936,0.017113045131695204,-0.00038475376259627936
2019-11-01,142.55999755859375,9170.09,3066.91,0.14,115.7312,12.3,2.16,,-0.561,-0.00445349248756699,0.0009123470738270356,0.009615978507103051,-0.001565335357875064,-0.009999999999999981,-0.07213157204516829,-0.020000000000000018,,-0.3087010308842567,0.017113045131695204,-0.00038475376259627936,0.017113045131695204,-0.00038475376259627936
2019-11-04,142.14999389648438,9448.07,3078.27,0.15,115.8624,12.83,2.16,,-0.561,0.029863387009980258,-0.0028801514371741277,0.003697210802720008,0.001133019341082786,0.009999999999999981,0.042186916249173034,0.0,,-0.30790838577926627,0.017113045131695204,-0.00038475376259627936,0.017113045131695204,-0.00038475376259627936
2019-11-05,139.85000610351562,9350.18,3074.62,0.18,116.1138,13.1,2.15,,-0.561,-0.01041489339086965,-0.01631233186859138,-0.001186434481407872,0.002167464579737377,0.03,0.020826051579560634,-0.010000000000000231,,-0.3060087878796193,0.017113045131695204,-0.00038475376259627936,0.017113045131695204,-0.00038475376259627936
2019-11-06,140.4499969482422,9293.01,3076.78,0.15,116.1004,12.62,2.14,,-0.561,-0.006133089798796121,0.00428106853055521,0.0007022791848285692,-0.00011541068560738665,-0.03,-0.0373293730940385,-0.009999999999999787,,-0.3041107653155176,0.017113045131695204,-0.00038475376259627936,0.017113045131695204,-0.00038475376259627936
2019-11-07,138.27000427246094,9197.75,3085.18,0.23,116.1172,12.73,2.13,,-0.561,-0.010303615726739324,-0.015643205521890913,0.002726406923544644,0.00014469187545884665,0.08000000000000002,0.00867855545624785,-0.010000000000000231,,-0.3022142972161193,0.017113045131695204,-0.00038475376259627936,0.017113045131695204,-0.00038475376259627936
2019-11-08,137.38999938964844,8810.97,3093.08,0.23,116.3436,12.07,2.11,,-0.57,-0.04296135288272218,-0.006384733806550358,0.0025573557297846605,0.0019478559101822057,0.0,-0.05323837745987481,-0.020000000000000018,,-0.4680001813588635,0.017113045131695204,-0.00038475376259627936,0.017113045131695204,-0.00038475376259627936
2019-11-11,137.05999755859375,8724.36,3087.01,0.23,116.3436,12.69,2.11,,-0.57,-0.00987842308139264,-0.0024048241483871635,-0.0019643733188008383,0.0,0.0,0.05009124661685593,0.0,,-0.4653000251821047,0.017113045131695204,-0.00038475376259627936,0.017113045131695204,-0.00038475376259627936
2019-11-12,137.42999267578125,8793.1,3091.84,0.22,116.5837,12.68,2.1,,-0.57,0.007848210052474158,0.0026958749275864946,0.0015633980380798107,0.0020615881868577546,-0.010000000000000009,-0.0007883327172164556,-0.009999999999999787,,-0.4615955932578941,0.017113045131695204,-0.00038475376259627936,0.017113045131695204,-0.00038475376259627936
2019-11-13,137.97999572753906,8763.43,3094.04,0.22,116.8397,13.0,2.11,,-0.57,-0.003379942191978458,0.003994072881030597,0.0007112973716782989,0.0021934399262324433,0.0,0.024923408452456997,0.009999999999999787,,-0.457897378553455,0.017640429444213845,0.0005273843125186417,0.017113045131695204,-0.00038475376259627936
2019-11-14,138.55999755859375,8666.75,3096.63,0.2,116.8022,13.05,2.13,,-0.57,-0.011093516131273518,0.004194711040663712,0.000836743083095115,-0.00032100406923607494,-0.01999999999999999,0.00383877630716567,0.020000000000000018,,-0.45420522869907626,0.017640429444213845,0.0005273843125186417,0.017640429444213845,0.0005273843125186417
2019-11-15,138.2100067138672,8480.99,3120.46,0.21,116.4401,12.05,2.13,,-0.575,-0.021666676419130226,-0.0025291110010527973,0.007666003452600378,-0.0031049281447179666,0.009999999999999981,-0.07972347383203848,0.0,,-0.5435958307777329,0.017640429444213845,0.0005273843125186417,0.017640429444213845,0.0005273843125186417
2019-11-18,138.6199951171875,8217.18,3122.03,0.18,116.3625,12.46,2.14,,-0.575,-0.031600103758469444,0.002962025072170249,0.0005030044207039452,-0.0006666592458506315,-0.03,0.03345885342264321,0.010000000000000231,,-0.539453118878477,0.017640429444213845,0.0005273843125186417,0.017640429444213845,0.0005273843125186417
2019-11-19,138.69000244140625,8114.7,3120.18,0.16,116.5391,12.86,2.13,,-0.575,-0.012549852807671513,0.0005049030061829995,-0.0005927388069810746,0.0015165205721725528,-0.01999999999999999,0.031598205450166006,-0.010000000000000231,,-0.5344186212703281,0.017640429444213845,0.0005273843125186417,0.017640429444213845,0.0005273843125186417
2019-11-20,138.75999450683594,8096.64,3108.46,0.13,116.828,12.78,2.16,,-0.575,-0.002228070902376089,0.0005045382424526679,-0.0037632657632205024,0.0024759286770503763,-0.03,-0.006240269860084524,0.03000000000000025,,-0.5293919591580846,0.017640429444213845,0.0005273843125186417,0.017640429444213845,0.0005273843125186417
2019-11-21,138.0,7600.0,3103.54,0.14,116.7435,13.13,2.15,,-0.575,-0.06330091351182787,-0.00549209735682421,-0.0015840312391350864,-0.0007235472109092811,0.010000000000000009,0.027018239365316443,-0.010000000000000231,,-0.5243727272434292,0.017640429444213845,0.0005273843125186417,0.017640429444213845,0.0005273843125186417
2019-11-22,137.74000549316406,7314.13,3110.29,0.15,116.9137,12.34,2.14,,-0.574,-0.038340153591251536,-0.001885795159979331,0.0021725739696911717,0.001456835313461191,0.009999999999999981,-0.06205366983746341,-0.009999999999999787,,-0.5006820435359621,0.017640429444213845,0.0005273843125186417,0.017640429444213845,0.0005273843125186417
2019-11-25,137.0800018310547,7160.38,3133.64,0.14,117.0098,11.87,2.13,,-0.574,-0.021245041511082974,-0.004803179633254828,0.00747929872680686,0.000821636179403562,-0.009999999999999981,-0.038831809855665256,-0.010000000000000231,,-0.49502169011728514,0.017640429444213845,0.0005273843125186417,0.017640429444213845,0.0005273843125186417
2019-11-26,137.74000549316406,7104.5,3140.52,0.12,117.0513,11.54,2.11,,-0.574,-0.007834666093957665,0.004803179633254828,0.002193123145604048,0.0003546082662593264,-0.020000000000000018,-0.028194947541622994,-0.020000000000000018,,-0.48935846732601734,0.017640429444213845,0.0005273843125186417,0.017640429444213845,0.0005273843125186417
2019-11-27,137.00999450683594,7554.61,3153.63,0.14,117.1273,11.75,2.09,,-0.574,0.0614295868535244,-0.005314014225370478,0.004165779003972858,0.0006490772655425303,0.020000000000000018,0.01803397951021468,-0.020000000000000018,,-0.4836916088300377,0.017640429444213845,0.0005273843125186417,0.017640429444213845,0.0005273843125186417
2019-11-29,137.86000061035156,7747.73,3140.98,0.17,117.1204,12.62,2.08,,-0.569,0.025241924285403172,0.006184806112979224,-0.004019317171344738,-5.8911997872890254e-05,0.03,0.07142961652289914,-0.009999999999999787,,-0.3835334858348262,0.017640429444213845,0.0005273843125186417,0.017640429444213845,0.0005273843125186417
2019-12-02,137.7899932861328,7293.5,3113.87,0.18,116.9647,14.91,2.11,,-0.569,-0.06041635669079071,-0.0005079436043828878,-0.008668527546204174,-0.0013302856351069536,0.009999999999999981,0.1667492716635799,0.029999999999999805,,-0.37801212632818165,0.017640429444213845,0.0005273843125186417,0.017640429444213845,0.0005273843125186417
2019-12-03,139.11000061035156,7301.7,3093.2,0.09,116.8898,15.96,2.11,,-0.569,0.0011236572109716292,0.009534253178573593,-0.006660171838372975,-0.0006405692647453165,-0.09,0.0680534632450156,0.0,,-0.3718216719032568,0.017640429444213845,0.0005273843125186417,0.017640429444213845,0.0005273843125186417
2019-12-04,138.9199981689453,7199.97,3112.76,0.11,116.692,14.8,2.11,,-0.569,-0.014030338408439036,-0.001366776763793709,0.00630363868584638,-0.0016936255074684325,0.020000000000000004,-0.07545841125159347,0.0,,-0.36559906731146125,0.017640429444213845,0.0005273843125186417,0.017640429444213845,0.0005273843125186417
2019-12-05,139.0,7377.76,3117.43,0.13,116.3838,14.52,2.09,,-0.569,0.024393210158049072,0.0005757184354600042,0.0014991519920375396,-0.0026446347465647335,0.020000000000000004,-0.01910017137341935,-0.020000000000000018,,-0.3593424940881106,0.017640429444213845,0.0005273843125186417,0.017640429444213845,0.0005273843125186417
2019-12-06,137.6199951171875,7426.66,3145.91,0.15,116.5381,13.62,2.07,,-0.56,0.006606159219790797,-0.009977704836757084,0.00909425204036829,0.001324907813059717,0.01999999999999999,-0.0639877086752838,-0.020000000000000018,,-0.17837560275782446,0.017640429444213845,0.0005273843125186417,0.017640429444213845,0.0005273843125186417
2019-12-09,137.5800018310547,7302.05,3135.96,0.14,116.3283,15.86,2.05,,-0.56,-0.016921098075442842,-0.0002906488870486612,-0.0031678491662230357,-0.0018018920442379738,-0.009999999999999981,0.1522609154853356,-0.020000000000000018,,-0.17078278084561735,0.017640429444213845,0.0005273843125186417,0.017640429444213845,0.0005273843125186417
2019-12-10,137.97000122070312,7207.51,3132.52,0.14,116.2542,15.68,2.01,,-0.56,-0.013031592675966763,0.00283069966065419,-0.0010975548602925045,-0.0006371932755655507,0.0,-0.01141420128444004,-0.040000000000000036,,-0.16307879362434652,0.017640429444213845,0.0005273843125186417,0.017640429444213845,0.0005273843125186417
2019-12-11,138.9199981689453,7171.72,3141.63,0.1,116.1478,14.99,2.04,,-0.56,-0.0049780237062027055,0.006861935627691551,0.0029039810658435528,-0.000915654834589219,-0.04000000000000001,-0.04500270280775531,0.03000000000000025,,-0.1552572777479429,0.020512779818916194,0.0028723503747023482,0.017640429444213845,0.0005273843125186417
2019-12-12,138.42999267578125,7250.0,3168.57,0.18,115.8741,13.94,2.02,,-0.56,0.010855954599692907,-0.0035334849047758965,0.00853860849985466,-0.002359261146932745,0.07999999999999999,-0.07262090678212862,-0.020000000000000018,,-0.14731138895111115,0.020512779818916194,0.0028723503747023482,0.020512779818916194,0.0028723503747023482
2019-12-13,139.0500030517578,7257.27,3168.8,0.12,115.6967,12.63,2.02,,-0.552,0.0010022561941109842,0.004468872836715931,7.258531539200419e-05,-0.0015321451124528096,-0.06,-0.09868746896997793,0.0,,0.02369334862287084,0.020512779818916194,0.0028723503747023482,0.020512779818916194,0.0028723503747023482
2019-12-16,139.0399932861328,6860.94,3191.45,0.16,115.555,12.14,2.0,,-0.552,-0.056159266471071945,-7.198939739794241e-05,0.007122391651236626,-0.0012255046577775985,0.04000000000000001,-0.03956915073104739,-0.020000000000000018,,0.034116331849924554,0.020512779818916194,0.0028723503747023482,0.020512779818916194,0.0028723503747023482
2019-12-17,139.00999450683594,6584.69,3192.52,0.14,115.5553,12.29,1.99,,-0.552,-0.0410972011919668,-0.00021577975709607955,0.00033521461097762995,2.59616295839038e-06,-0.01999999999999999,0.012280137946591108,-0.010000000000000009,,0.044829615219216405,0.020512779818916194,0.0028723503747023482,0.020512779818916194,0.0028723503747023482
2019-12-18,139.02000427246094,7111.69,3191.14,0.16,115.6618,12.58,1.98,,-0.552,0.07699265156248813,7.200493236858563e-05,-0.0004323538601678223,0.0009212122073289919,0.01999999999999999,0.023322327694351053,-0.010000000000000009,,0.05585509686196173,0.020512779818916194,0.0028723503747023482,0.020512779818916194,0.0028723503747023482
2019-12-19,139.3800048828125,7151.07,3205.37,0.15,115.5988,12.5,1.96,,-0.552,0.005522086898926304,0.002586212637701202,0.004449308599584256,-0.0005448399040606233,-0.010000000000000009,-0.006379606964038942,-0.020000000000000018,,0.06721707074038501,0.020512779818916194,0.0028723503747023482,0.020512779818916194,0.0028723503747023482
2019-12-20,139.52000427246094,7203.49,3221.22,0.15,115.7598,12.51,1.96,,-0.548,0.007303634945294846,0.0010039397404915107,0.004932641459037157,0.0013917790476662972,0.0,0.0007996801705640877,0.0,,0.16632062719405585,0.020512779818916194,0.0028723503747023482,0.020512779818916194,0.0028723503747023482
2019-12-23,139.9499969482422,7401.03,3224.01,0.18,115.8059,12.61,1.96,,-0.548,0.027053548909032443,0.003077203372165549,0.0008657565903060771,0.00039815914540941577,0.03,0.007961825498008501,0.0,,0.18026294660358205,0.020512779818916194,0.0028723503747023482,0.020512779818916194,0.0028723503747023482
2019-12-24,141.27000427246094,7228.74,3223.38,0.15,115.8059,12.67,1.97,,-0.548,-0.023554432589099505,0.009387789011396919,-0.00019542791796567371,0.0,-0.03,0.004746844356219526,0.010000000000000009,,0.19478086352307022,0.020512779818916194,0.0028723503747023482,0.020512779818916194,0.0028723503747023482
2019-12-26,142.3800048828125,7255.53,3239.91,0.16,115.634,12.65,1.97,,-0.548,0.00369918961045812,0.007826590803155398,0.00511505318207206,-0.0014854831134165636,0.010000000000000009,-0.0015797791595182353,0.0,,0.20993065350927043,0.020512779818916194,0.0028723503747023482,0.020512779818916194,0.0028723503747023482
2019-12-27,142.3300018310547,7223.5,3240.02,0.15,115.22,13.43,1.96,,-0.553,-0.004424336747456792,-0.00035125602256869115,3.395098404190833e-05,-0.0035866863369831137,-0.010000000000000009,0.059833795361616815,-0.010000000000000009,,0.10826147660551051,0.020512779818916194,0.0028723503747023482,0.020512779818916194,0.0028723503747023482
2019-12-30,142.6300048828125,7265.24,3221.29,0.15,114.9631,14.82,1.97,,-0.553,0.005761731589092989,0.0021055808220618033,-0.005797602177576522,-0.0022321369958575588,0.0,0.09848660933279474,0.010000000000000009,,0.12253839554281117,0.020512779818916194,0.0028723503747023482,0.020512779818916194,0.0028723503747023482
2019-12-31,142.89999389648438,7176.51,3230.78,0.15,114.669,13.78,1.98,,-0.553,-0.012288139111152674,0.0018911434545749728,0.0029416937024926426,-0.0025614899729164975,0.0,-0.07275935428242875,0.010000000000000009,,0.13747055425967716,0.020512779818916194,0.0028723503747023482,0.020512779818916194,0.0028723503747023482
2020-01-02,143.9499969482422,6948.16,3257.85,0.08,114.9745,12.47,1.98,,-0.553,-0.0323363161419703,0.007320953634035732,0.008343874454693534,0.0026606473095966976,-0.06999999999999999,-0.09989250589356713,0.0,,0.15313118339240167,0.020512779818916194,0.0028723503747023482,0.020512779818916194,0.0028723503747023482
2020-01-03,145.86000061035156,7317.01,3234.85,0.03,114.9867,14.02,1.99,,-0.567,0.05172489825802273,0.01318126588252877,-0.007084909578082943,0.00010610485604889419,-0.05,0.11715912191449895,0.010000000000000009,,-0.1885615654785047,0.020512779818916194,0.0028723503747023482,0.020512779818916194,0.0028723503747023482
2020-01-06,147.38999938964844,7551.24,3246.28,0.06,114.9557,13.85,2.02,,-0.567,0.03151001360458672,0.010434868967012179,0.003527166358322731,-0.00026963274444202767,0.03,-0.012199648973096444,0.030000000000000027,,-0.1789755079016764,0.020512779818916194,0.0028723503747023482,0.020512779818916194,0.0028723503747023482
2020-01-07,147.97000122070312,8162.57,3237.18,0.09,115.1477,13.79,2.03,,-0.567,0.07784728218388004,0.003927428056507587,-0.0028071449428903605,0.0016688153635202596,0.03,-0.0043415408281370915,0.009999999999999787,,-0.16910356052425796,0.020512779818916194,0.0028723503747023482,0.020512779818916194,0.0028723503747023482
2020-01-08,146.86000061035156,8046.42,3253.05,0.12,115.1328,13.45,2.05,,-0.567,-0.014331798353669711,-0.0075298025846350924,0.004890437358737287,-0.0001294073968116649,0.03,-0.02496458575736238,0.020000000000000018,,-0.15891580177775882,0.020512779818916194,0.0028723503747023482,0.020512779818916194,0.0028723503747023482
2020-01-09,146.02999877929688,7819.97,3274.7,0.11,115.2331,12.54,2.03,,-0.567,-0.02854655378336446,-0.00566768448635635,0.006633244037574926,0.0008707886569832013,-0.009999999999999995,-0.07005557084307368,-0.020000000000000018,,-0.148377565947446,0.020512779818916194,0.0028723503747023482,0.020512779818916194,0.0028723503747023482
2020-01-10,146.91000366210938,8074.0,3265.35,0.07,115.0677,12.56,1.99,,-0.587,0.0319683041980241,0.006008107616787939,-0.0028593073050462436,-0.0014363825782428563,-0.039999999999999994,0.0015936258352780008,-0.039999999999999813,,-0.7070076519986885,0.020512779818916194,0.0028723503747023482,0.020512779818916194,0.0028723503747023482
2020-01-13,145.82000732421875,8155.79,3288.13,0.08,115.0342,12.32,1.99,,-0.587,0.010079082034332387,-0.007447144703816022,0.006952059592316928,-0.000291175346545991,0.009999999999999995,-0.01929320293467862,0.0,,-0.7043214502236114,0.020512779818916194,0.0028723503747023482,0.020512779818916194,0.0028723503747023482
2020-01-14,145.69000244140625,8688.18,3283.15,0.05,115.0239,12.39,1.99,,-0.587,0.06323537674392377,-0.00089194118264313,-0.0015156867317731582,-8.954259821258859e-05,-0.03,0.005665737535677007,0.0,,-0.7019194281113502,0.022851297401217163,0.0023385175823009696,0.020512779818916194,0.0028723503747023482
2020-01-15,146.5399932861328,8815.21,3289.29,0.04,114.9528,12.42,2.01,,-0.587,0.014515157385993405,0.005817289492434874,0.001868408623343143,-0.0006183235281245203,-0.010000000000000002,0.0024183808642819216,0.019999999999999796,,-0.6998346750147311,0.022851297401217163,0.0023385175823009696,0.022851297401217163,0.0023385175823009696
2020-01-16,146.30999755859375,8742.94,3316.81,0.07,115.0006,12.32,2.0,,-0.587,-0.008232121052754948,-0.0015707412123404652,0.008331741632201073,0.0004157364117114426,0.030000000000000006,-0.008084118399958928,-0.009999999999999787,,-0.6981060560857579,0.022851297401217163,0.0023385175823009696,0.022851297401217163,0.0023385175823009696
2020-01-17,146.5800018310547,8879.74,3329.62,0.09,115.0656,12.1,1.98,,-0.608,0.015525759753909796,0.0018437252860081799,0.003854705717721174,0.0005650547688400565,0.01999999999999999,-0.018018505502678472,-0.020000000000000018,,-1.350745694329676,0.022851297401217163,0.0023385175823009696,0.022851297401217163,0.0023385175823009696
2020-01-21,146.74000549316406,8719.98,3320.79,0.04,115.1876,12.85,1.97,,-0.608,-0.018155332955876347,0.0010909837309727166,-0.002655476937141188,0.001059703069637763,-0.049999999999999996,0.06013835873853335,-0.010000000000000009,,-1.34888698467362,0.022851297401217163,0.0023385175823009696,0.022851297401217163,0.0023385175823009696
2020-01-22,146.7899932861328,8666.3,3321.75,0.05,115.2273,12.91,1.97,,-0.608,-0.006175003574208304,0.00034059751071335853,0.00028904605969515274,0.00034459577390855145,0.010000000000000002,0.0046583935173223345,0.0,,-1.3474914709829005,0.022851297401217163,0.0023385175823009696,0.022851297401217163,0.0023385175823009696
2020-01-23,147.1199951171875,8372.49,3325.54,0.04,115.5545,12.98,1.98,,-0.608,-0.0344906094669426,0.0022455988755121226,0.0011403144471451299,0.0028355807887638917,-0.010000000000000002,0.005407506417392849,0.010000000000000009,,-1.346589790098265,0.022851297401217163,0.0023385175823009696,0.022851297401217163,0.0023385175823009696
2020-01-24,147.97999572753906,8486.63,3295.47,0.02,115.5556,14.56,1.98,,-0.622,0.013540652649941975,0.005828553518776758,-0.009083268789936483,9.519272415658975e-06,-0.02,0.11486833149259601,0.0,,-1.7981973819558081,0.022851297401217163,0.0023385175823009696,0.022851297401217163,0.0023385175823009696
2020-01-27,148.99000549316406,8986.44,3243.63,-0.02,115.8004,18.23,2.04,,-0.622,0.05722479055690677,0.0068021258430706055,-0.01585572511838329,0.0021162199498530043,-0.04,0.22479054592203163,0.06000000000000005,,-1.785994099155249,0.022851297401217163,0.0023385175823009696,0.022851297401217163,0.0023385175823009696
2020-01-28,147.66000366210938,9061.5,3276.24,0.0,115.7239,16.28,2.04,,-0.622,0.008317894758793187,-0.008966868036617726,0.010003350352588924,-0.0006608377849239844,0.02,-0.11313122811617715,0.0,,-1.7741623086437666,0.022851297401217163,0.0023385175823009696,0.022851297401217163,0.0023385175823009696
2020-01-29,148.4600067138672,9386.3,3273.4,-0.04,115.7003,16.39,2.05,,-0.622,0.035216510094004505,0.005403248480831735,-0.0008672232910491573,-0.00020395447046439585,-0.04,0.006734032181344052,0.009999999999999787,,-1.7626980703213908,0.022851297401217163,0.0023385175823009696,0.022851297401217163,0.0023385175823009696
2020-01-30,148.47000122070312,9575.22,3283.66,-0.07,115.8077,15.49,2.08,,-0.622,0.019927331945286397,6.7318940979888e-05,0.003129453862989351,0.0009278297743904318,-0.030000000000000006,-0.05647673832696132,0.03000000000000025,,-1.7515981736650394,0.022851297401217163,0.0023385175823009696,0.022851297401217163,0.0023385175823009696
2020-01-31,149.3300018310547,9321.0,3225.52,-0.14,115.7345,18.84,2.13,,-0.62,-0.026908592225039385,0.005775708477189667,-0.01786447639264388,-0.0006322821709270343,-0.07,0.19578761471943995,0.04999999999999982,,-1.675816899472181,0.022851297401217163,0.0023385175823009696,0.022851297401217163,0.0023385175823009696
2020-02-03,148.36000061035156,9318.05,3248.92,-0.09,116.1172,17.97,2.1,,-0.62,-0.0003165397404512049,-0.00651687759559838,0.0072284558629114315,0.00330125116670299,0.05000000000000002,-0.047278568352749684,-0.029999999999999805,,-1.6605784374299917,0.022851297401217163,0.0023385175823009696,0.022851297401217163,0.0023385175823009696
2020-02-04,146.42999267578125,9204.95,3297.59,-0.03,115.9291,16.05,2.09,,-0.62,-0.012211996498805888,-0.01309430818678159,0.014869265218065308,-0.0016212285324082032,0.06,-0.11299485121944253,-0.010000000000000231,,-1.6456402858255041,0.022851297401217163,0.0023385175823009696,0.022851297401217163,0.0023385175823009696
2020-02-05,146.61000061035156,9673.84,3334.69,0.0,116.009,15.15,2.07,,-0.62,0.04968395224707933,0.0012285555646718294,0.01118782288293474,0.0006889769568747539,0.03,-0.05770831762064654,-0.020000000000000018,,-1.6309929635264782,0.022851297401217163,0.0023385175823009696,0.022851297401217163,0.0023385175823009696
2020-02-06,147.39999389648438,9783.39,3345.78,-0.02,116.1518,14.96,2.05,,-0.62,0.011260714665922933,0.005373934234125244,0.0033201287296620308,0.0012301819946243242,-0.02,-0.01262055940904716,-0.020000000000000018,,-1.6166274660141327,0.022851297401217163,0.0023385175823009696,0.022851297401217163,0.0023385175823009696
2020-02-07,147.7899932861328,9740.6,3327.71,-0.07,116.5086,15.47,2.05,,-0.594,-0.004383332352913882,0.0026423634506587135,-0.005415470514540388,0.0030671337254704056,-0.05,0.033522692038643775,0.0,,-0.7570377774895108,0.022851297401217163,0.0023385175823009696,0.022851297401217163,0.0023385175823009696
2020-02-10,148.1699981689453,9852.08,3352.09,-0.1,116.5711,15.04,2.06,,-0.594,0.011379883004115854,0.0025679490647929626,0.007299652162371828,0.0005362972536682165,-0.03,-0.028189346063281384,0.010000000000000231,,-0.7511619891398501,0.022851297401217163,0.0023385175823009696,0.022851297401217163,0.0023385175823009696
2020-02-11,147.66000366210938,10221.98,3357.75,-0.06,116.3585,15.18,2.05,,-0.594,0.03685770337593475,-0.00344789243087007,0.0016870749056518974,-0.0018254447613035296,0.04000000000000001,0.009265453445790328,-0.010000000000000231,,-0.7453129560735573,0.022851297401217163,0.0023385175823009696,0.022851297401217163,0.0023385175823009696
2020-02-12,147.5399932861328,10376.67,3379.45,-0.04,116.2794,13.74,2.06,,-0.594,0.015019713238990207,-0.0008130784812250269,0.006441867553744984,-0.0006800267974247376,0.019999999999999997,-0.09966748517328083,0.010000000000000231,,-0.7394900750742921,0.022851297401217163,0.0023385175823009696,0.022851297401217163,0.0023385175823009696
2020-02-13,148.3800048828125,10226.5,3373.94,-0.06,116.3999,14.15,2.05,,-0.594,-0.014577626582807923,0.005677303718111482,-0.001631773441966189,0.0010357604717974311,-0.019999999999999997,0.02940333729504374,-0.010000000000000231,,-0.7336927511735999,0.024865719552504606,0.0020144221512874427,0.022851297401217163,0.0023385175823009696
2020-02-14,149.0,10354.05,3380.16,-0.07,116.4223,13.68,2.04,,-0.534,0.012395357083541114,0.004169722276595955,0.001841844733833753,0.00019242151366238858,-0.010000000000000009,-0.033779711894842634,-0.009999999999999787,,1.2345665286402512,0.024865719552504606,0.0020144221512874427,0.024865719552504606,0.0020144221512874427
2020-02-18,150.91000366210938,10156.22,3370.29,-0.1,116.6039,14.83,2.05,,-0.534,-0.019291421840129885,0.01273735095184314,-0.002924251578310333,0.001558623337319709,-0.03,0.08071724395543667,0.009999999999999787,,1.2266182608089042,0.024865719552504606,0.0020144221512874427,0.024865719552504606,0.0020144221512874427
2020-02-19,151.7899932861328,10153.18,3386.15,-0.09,116.7829,14.38,2.05,,-0.534,-0.0002993687674379686,0.005814285510176376,0.004694788714441955,0.0015339345249882896,0.010000000000000009,-0.030813803856940325,0.0,,1.218750029624563,0.024865719552504606,0.0020144221512874427,0.024865719552504606,0.0020144221512874427
2020-02-20,152.41000366210938,9582.49,3373.23,-0.11,117.2454,15.56,2.05,,-0.534,-0.05784948220903452,0.004076339518292116,-0.00382284047783088,0.0039525185809861085,-0.020000000000000004,0.0788651664573452,0.0,,1.2109602090967448,0.024865719552504606,0.0020144221512874427,0.024865719552504606,0.0020144221512874427
2020-02-21,154.6999969482422,9695.44,3337.75,-0.15,117.0473,17.08,2.09,,-0.434,0.011718197180430323,0.014913455926308217,-0.01057381502289445,-0.0016910475418816517,-0.039999999999999994,0.09320466961017804,0.040000000000000036,,4.280545987529945,0.024865719552504606,0.0020144221512874427,0.024865719552504606,0.0020144221512874427
2020-02-24,156.08999633789062,9594.81,3225.89,-0.21,117.4018,25.03,2.13,,-0.434,-0.010433344600048855,0.00894500265671816,-0.0340880461205213,0.0030241128685597474,-0.06,0.3821669170832589,0.040000000000000036,,4.116138522677894,0.024865719552504606,0.0020144221512874427,0.024865719552504606,0.0020144221512874427
2020-02-25,153.3000030517578,9329.58,3128.21,-0.2,117.2425,27.85,2.19,,-0.434,-0.028032329514575238,-0.018035934723933167,-0.030747925188098435,-0.001357800078451099,0.009999999999999981,0.10675786092961026,0.06000000000000005,,3.9681546650233783,0.024865719552504606,0.0020144221512874427,0.024865719552504606,0.0020144221512874427
2020-02-26,153.97000122070312,8804.17,3116.39,-0.21,117.405,27.56,2.2,,-0.434,-0.057964524886221724,0.004360980385151869,-0.003785675340731487,0.001385056529288775,-0.009999999999999981,-0.010467520227835259,0.010000000000000231,,3.8339929926582235,0.024865719552504606,0.0020144221512874427,0.024865719552504606,0.0020144221512874427
2020-02-27,154.0,8883.6,2978.76,-0.23,117.3678,39.16,2.27,,-0.434,0.00898140737230868,0.00019481624361361582,-0.045168174100653324,-0.000316902131007879,-0.020000000000000018,0.35129037151685205,0.06999999999999984,,3.71159545719422,0.024865719552504606,0.0020144221512874427,0.024865719552504606,0.0020144221512874427
2020-02-28,148.3800048828125,8614.15,2954.22,-0.28,117.6568,40.11,2.38,,-0.295,-0.030800680261723556,-0.03717601874476628,-0.008272449914275448,0.0024593182642318467,-0.05000000000000002,0.023969862119651797,0.10999999999999988,,6.791772128267553,0.024865719552504606,0.0020144221512874427,0.024865719552504606,0.0020144221512874427
2020-03-02,149.1999969482422,8882.23,3090.23,-0.31,116.8144,33.42,2.44,,-0.295,0.030646451610126135,0.00551108364665609,0.045010865172777415,-0.007185561592076617,-0.02999999999999997,-0.1824711566147137,0.06000000000000005,,6.220916913078162,0.024865719552504606,0.0020144221512874427,0.024865719552504606,0.0020144221512874427
2020-03-03,153.88999938964844,8704.77,3003.37,-0.43,116.4958,36.82,2.48,,-0.295,-0.020181500329005786,0.03095039019408663,-0.02851053026190442,-0.002731129612320693,-0.12,0.09688665263768392,0.040000000000000036,,5.770148109837277,0.024865719552504606,0.0020144221512874427,0.024865719552504606,0.0020144221512874427
2020-03-04,154.16000366210938,8702.42,3130.12,-0.44,116.7802,31.99,2.47,,-0.295,-0.00027000337381011263,0.0017529903517550238,0.04133635094064125,0.002438314622211557,-0.010000000000000009,-0.14061782184350502,-0.009999999999999787,,5.4023243574114375,0.024865719552504606,0.0020144221512874427,0.024865719552504606,0.0020144221512874427
2020-03-05,157.49000549316406,9110.54,3023.94,-0.48,116.7901,39.62,2.52,,-0.295,0.0458308371360463,0.021370951204574773,-0.03451072562469726,8.477105184923062e-05,-0.03999999999999998,0.213910687308978,0.04999999999999982,,5.094632127977058,0.024865719552504606,0.0020144221512874427,0.024865719552504606,0.0020144221512874427
2020-03-06,157.5500030517578,9098.17,2972.37,-0.57,116.7106,41.94,2.55,,-0.135,-0.0013586906379376984,0.0003808885074381152,-0.01720100245461964,-0.0006809401691034722,-0.08999999999999997,0.05690598420336901,0.029999999999999805,,7.216626786588091,0.024865719552504606,0.0020144221512874427,0.024865719552504606,0.0020144221512874427
2020-03-09,157.80999755859375,7842.04,2746.56,-0.45,117.1871,54.46,2.93,,-0.135,-0.14857428980187315,0.0016488747161256256,-0.07901039484826633,0.004074436466876108,0.11999999999999994,0.2612264617718396,0.38000000000000034,,6.545471773623855,0.024865719552504606,0.0020144221512874427,0.024865719552504606,0.0020144221512874427
2020-03-10,154.47999572753906,7978.94,2882.23,-0.24,117.9027,47.3,2.93,,-0.135,0.017306565961817455,-0.021327151826289636,0.04821508053580015,0.0060879052188935745,0.21000000000000002,-0.14095619174772622,0.0,,6.028691821845612,0.024865719552504606,0.0020144221512874427,0.024865719552504606,0.0020144221512874427
2020-03-11,153.92999267578125,7828.23,2741.38,-0.14,118.2505,53.9,2.99,,-0.135,-0.019069139749666064,-0.0035667044227176703,-0.05010285683741067,0.0029455476484478993,0.09999999999999998,0.13062018241706408,0.06000000000000005,,5.614701514350826,0.023348735639459495,-0.0015169839130451113,0.024865719552504606,0.0020144221512874427
2020-03-12,147.7899932861328,6036.28,2480.64,-0.04,120.4883,75.47,3.2,,-0.135,-0.2599485026425459,-0.0407056042424383,-0.09994485184600777,0.018747397088045403,0.1,0.33660474838182575,0.20999999999999996,,5.27322660099598,0.023348735639459495,-0.0015169839130451113,0.023348735639459495,-0.0015169839130451113
2020-03-13,143.27999877929688,5397.16,2711.02,0.04,120.4388,57.83,3.3,,0.03,-0.11191503886958998,-0.030991552565301284,0.08880835644074647,-0.00041091268434723105,0.08,-0.2662275541266501,0.09999999999999964,,6.646501853644287,0.023348735639459495,-0.0015169839130451113,0.023348735639459495,-0.0015169839130451113
2020-03-16,141.63999938964844,4942.5,2386.13,0.0,120.9352,82.69,3.38,,0.03,-0.08800161323411793,-0.011512126298224956,-0.1276521411564726,0.004113124858788453,-0.04,0.35759100356394846,0.08000000000000007,,6.107820739039246,0.023348735639459495,-0.0015169839130451113,0.023348735639459495,-0.0015169839130451113
2020-03-17,143.55999755859375,5375.25,2529.19,0.39,122.4816,75.91,3.49,,0.03,0.08393380849736687,0.013464426338705593,0.0582262866907417,0.01270594966598626,0.39,-0.08555024770539887,0.11000000000000032,,5.678833141007549,0.023348735639459495,-0.0015169839130451113,0.023348735639459495,-0.0015169839130451113
2020-03-18,140.6999969482422,5329.23,2398.1,0.55,124.1623,76.45,3.81,,0.03,-0.008598322109170553,-0.020123106842711458,-0.053222336221424804,0.013628766126482894,0.16000000000000003,0.007088504346395297,0.31999999999999984,,5.326560357355671,0.023348735639459495,-0.0015169839130451113,0.023348735639459495,-0.0015169839130451113
2020-03-19,138.0399932861328,6216.08,2409.39,0.62,125.0587,72.0,4.01,,0.03,0.1539327205445673,-0.019086492837834257,0.004696846277420619,0.007193646326859593,0.06999999999999995,-0.05997081335901644,0.19999999999999973,,5.030428352007246,0.023348735639459495,-0.0015169839130451113,0.023348735639459495,-0.0015169839130451113
2020-03-20,140.11000061035156,6184.53,2304.92,0.17,124.9362,66.04,4.23,,0.174,-0.005088470337467399,0.01488438314668361,-0.044327634743158484,-0.000980020070845633,-0.44999999999999996,-0.08640549996412794,0.22000000000000064,,5.832593913435827,0.023348735639459495,-0.0015169839130451113,0.023348735639459495,-0.0015169839130451113
2020-03-23,146.3000030517578,6266.27,2237.4,-0.04,126.1262,61.59,4.31,,0.174,0.013130268634126807,0.04323149614629607,-0.029731491257259712,0.009479785995292644,-0.21000000000000002,-0.06976109935297536,0.07999999999999918,,5.453950287283126,0.023348735639459495,-0.0015169839130451113,0.023348735639459495,-0.0015169839130451113
2020-03-24,153.39999389648438,6697.39,2447.33,-0.13,125.5001,61.67,4.19,,0.174,0.06653661697087188,0.047389520259250695,0.08968315694821616,-0.004976437614905294,-0.09,0.001298069304449534,-0.11999999999999922,,5.138267864741715,0.023348735639459495,-0.0015169839130451113,0.023348735639459495,-0.0015169839130451113
2020-03-25,151.3000030517578,6622.1,2475.56,-0.19,124.7916,63.95,4.13,,0.174,-0.011305358074006122,-0.013784208180364743,0.011468998674479813,-0.005661409406514828,-0.06,0.03630393902145013,-0.0600000000000005,,4.869717484160796,0.023348735639459495,-0.0015169839130451113,0.023348735639459495,-0.0015169839130451113
2020-03-26,153.24000549316406,6658.01,2630.07,-0.24,122.4308,61.0,4.04,,0.174,0.005408100915319736,0.012740714714697177,0.060543828751667306,-0.019099173567123096,-0.04999999999999999,-0.047227663851540314,-0.08999999999999986,,4.637538393934904,0.023348735639459495,-0.0015169839130451113,0.023348735639459495,-0.0015169839130451113
2020-03-27,152.25,6656.63,2541.47,-0.22,122.4007,65.54,3.98,,0.266,-0.00020729062219437822,-0.0064814490892439736,-0.034267808022629076,-0.0002458833945109262,0.01999999999999999,0.07178677909735764,-0.06000000000000005,,4.963012425692968,0.023348735639459495,-0.0015169839130451113,0.023348735639459495,-0.0015169839130451113
2020-03-30,152.9199981689453,6366.5,2626.65,-0.25,123.2883,57.08,3.89,,0.266,-0.04456348245069641,0.004390990264266925,0.03296661622145525,0.007225426140839097,-0.03,-0.13820685066203353,-0.08999999999999986,,4.718647588218647,0.023348735639459495,-0.0015169839130451113,0.023348735639459495,-0.0015169839130451113
2020-03-31,148.0500030517578,6465.32,2584.59,-0.17,122.5301,53.54,3.93,,0.266,0.01540264026063376,-0.03236482169365207,-0.016142381973062392,-0.006168801069275531,0.07999999999999999,-0.0640247545164292,0.040000000000000036,,4.505523706167571,0.023348735639459495,-0.0015169839130451113,0.023348735639459495,-0.0015169839130451113
2020-04-01,149.4499969482422,6200.11,2470.5,-0.29,123.7933,57.06,3.97,,0.266,-0.041885474462842964,0.009411793149400438,-0.045146328727152074,0.010256525150637685,-0.11999999999999997,0.06367430769314764,0.040000000000000036,,4.317441233310393,0.023348735639459495,-0.0015169839130451113,0.023348735639459495,-0.0015169839130451113
2020-04-02,151.89999389648438,6801.41,2526.9,-0.4,123.5916,50.91,3.92,,0.266,0.09256290979944382,0.016260501110561876,0.02257269570362297,-0.0016306576892448632,-0.11000000000000004,-0.11404397787110954,-0.050000000000000266,,4.149798499328582,0.023348735639459495,-0.0015169839130451113,0.023348735639459495,-0.0015169839130451113
2020-04-03,152.64999389648438,6768.14,2488.65,-0.46,124.4152,46.8,3.92,,0.305,-0.0049036359594119006,0.004925309776577791,-0.01525286023195438,0.006641777787016245,-0.06,-0.08417616499064318,0.0,,4.1867906710392395,0.023348735639459495,-0.0015169839130451113,0.023348735639459495,-0.0015169839130451113
2020-04-06,156.8800048828125,7265.86,2663.68,-0.47,124.16,45.24,3.91,,0.305,0.0709603581214715,0.027333533815435018,0.0679682305676863,-0.0020533029011851056,-0.009999999999999953,-0.03390155167568132,-0.009999999999999787,,4.032547259489115,0.023348735639459495,-0.0015169839130451113,0.023348735639459495,-0.0015169839130451113
2020-04-07,156.0399932861328,7287.62,2659.41,-0.42,123.0956,46.7,3.79,,0.305,0.0029903523027066115,-0.005368871400719399,-0.001604331662951708,-0.008609767181439132,0.04999999999999999,0.031762513426931704,-0.1200000000000001,,3.8930851962494195,0.023348735639459495,-0.0015169839130451113,0.023348735639459495,-0.0015169839130451113
2020-04-08,154.64999389648438,7307.6,2749.98,-0.42,123.2216,43.35,3.75,,0.305,0.0027378843869243497,-0.008947881947437786,0.03348934524468916,0.0010230711536998172,0.0,-0.07443746144830055,-0.040000000000000036,,3.766151403796973,0.023348735639459495,-0.0015169839130451113,0.023348735639459495,-0.0015169839130451113
2020-04-09,158.69000244140625,7262.85,2789.82,-0.5,122.476,41.67,3.61,,0.305,-0.006142588692398476,0.025788169295063668,0.01438343869822667,-0.006069267984245563,-0.08000000000000002,-0.03952525779218874,-0.14000000000000012,,3.6499467264444356,0.023348735639459495,-0.0015169839130451113,0.023348735639459495,-0.0015169839130451113
2020-04-13,161.41000366210938,6772.72,2761.63,-0.5,122.5203,41.17,3.41,,0.305,-0.06986953502681637,0.0169951055139288,-0.010155992507349332,0.00036163811847700345,0.0,-0.012071609652549053,-0.19999999999999973,,3.543014671811046,0.023348735639459495,-0.0015169839130451113,0.023348735639459495,-0.0015169839130451113
2020-04-14,162.67999267578125,6918.18,2846.06,-0.53,122.1121,37.76,3.36,,0.305,0.021249950496082803,0.007837301543346165,0.03011449655045695,-0.003337255235634551,-0.030000000000000027,-0.0864594945045134,-0.050000000000000266,,3.4442100019812085,0.023348735639459495,-0.0015169839130451113,0.023348735639459495,-0.0015169839130451113
2020-04-15,161.85000610351562,6730.01,2783.36,-0.56,123.0752,40.84,3.33,,0.305,-0.027576099717512292,-0.005115017933585264,-0.022276750679012913,0.007856075362568937,-0.030000000000000027,0.07841165201916489,-0.029999999999999805,,3.35248966276325,0.023348735639459495,-0.0015169839130451113,0.023348735639459495,-0.0015169839130451113
2020-04-16,161.7100067138672,7071.01,2799.55,-0.42,123.4615,40.11,3.28,,0.305,0.04942669730859528,-0.0008653689753943539,0.005799858992437734,0.0031338159077156647,0.14000000000000007,-0.01803631351450319,-0.050000000000000266,,3.2670279085759772,0.023348735639459495,-0.0015169839130451113,0.023348735639459495,-0.0015169839130451113
2020-04-17,158.57000732421875,7071.48,2874.56,-0.36,122.871,38.15,3.27,,0.236,6.646637192808669e-05,-0.019608466717140338,0.02644092907918516,-0.004794342046529287,0.06,-0.050099922051495493,-0.009999999999999787,,2.9152843568894475,0.023348735639459495,-0.0015169839130451113,0.023348735639459495,-0.0015169839130451113
2020-04-20,159.6999969482422,6768.94,2823.16,-0.31,123.1033,43.83,3.28,,0.236,-0.04372529167151562,0.007100853720992006,-0.018042794099790704,0.0018888157751710821,0.04999999999999999,0.13879275670025182,0.009999999999999787,,2.8556110121385303,0.023348735639459495,-0.0015169839130451113,0.023348735639459495,-0.0015169839130451113
2020-04-21,158.61000061035156,6863.95,2736.56,-0.38,123.9116,45.41,3.29,,0.236,0.013938576228204269,-0.006848673348053502,-0.031155167779795434,0.0065445678381950145,-0.07,0.03541383067914161,0.010000000000000231,,2.7989761398756334,0.023348735639459495,-0.0015169839130451113,0.023348735639459495,-0.0015169839130451113
2020-04-22,161.72999572753906,7085.56,2799.31,-0.43,123.9256,41.98,3.3,,0.236,0.03177583246811366,0.019479888950845847,0.022671301062101357,0.00011297739011695285,-0.04999999999999999,-0.07853903071737278,0.009999999999999787,,2.7451218457560898,0.023348735639459495,-0.0015169839130451113,0.023348735639459495,-0.0015169839130451113
2020-04-23,163.33999633789062,7522.0,2797.8,-0.44,123.7542,41.38,3.26,,0.236,0.05977314980318482,0.009905643795524277,-0.0005395641810270746,-0.0013840452661941782,-0.010000000000000009,-0.014395642075089476,-0.040000000000000036,,2.693819939311994,0.023348735639459495,-0.0015169839130451113,0.023348735639459495,-0.0015169839130451113
2020-04-24,162.63999938964844,7521.65,2836.74,-0.51,124.1615,35.93,3.25,,0.158,-4.653126070586211e-05,-0.004294729942651898,0.013822111461720077,0.0032857972806885627,-0.07,-0.14122507119197003,-0.009999999999999787,,2.3547254332631646,0.023348735639459495,-0.0015169839130451113,0.023348735639459495,-0.0015169839130451113
2020-04-27,161.55999755859375,7698.74,2878.48,-0.5,123.8843,33.29,3.24,,0.158,0.02327115031867244,-0.006662589983554845,0.014606871524448728,-0.0022350720342547703,0.010000000000000009,-0.07631554953849351,-0.009999999999999787,,2.319331513721622,0.023348735639459495,-0.0015169839130451113,0.023348735639459495,-0.0015169839130451113
2020-04-28,160.83999633789062,7716.84,2863.39,-0.52,123.3693,33.57,3.25,,0.158,0.0023482747087744116,-0.004466516323335057,-0.005256139460119158,-0.004165769434782085,-0.020000000000000018,0.008375759405010008,0.009999999999999787,,2.285177123856554,0.023348735639459495,-0.0015169839130451113,0.023348735639459495,-0.0015169839130451113
2020-04-29,161.72999572753906,8721.22,2939.51,-0.51,122.7782,31.23,3.24,,0.158,0.1223541825766361,0.005518192454017523,0.026236663207249045,-0.004802820554714593,0.010000000000000009,-0.07225363969695664,-0.009999999999999787,,2.252187587805861,0.023348735639459495,-0.0015169839130451113,0.023348735639459495,-0.0015169839130451113
2020-04-30,158.8000030517578,8836.01,2912.43,-0.43,122.327,34.15,3.23,,0.158,0.013076280899525727,-0.018282683683788825,-0.00925511652526545,-0.003681688594624255,0.08000000000000002,0.08938341472181177,-0.010000000000000231,,2.220294387922788,0.023348735639459495,-0.0015169839130451113,0.023348735639459495,-0.0015169839130451113
2020-05-01,159.77999877929688,8727.97,2830.71,-0.42,123.1492,37.19,3.25,,0.061,-0.01230260597974997,0.006152293383342666,-0.02846022068682874,0.006698841473408379,0.010000000000000009,0.0852773219201799,0.020000000000000018,,1.841269055275606,0.023348735639459495,-0.0015169839130451113,0.023348735639459495,-0.0015169839130451113
2020-05-04,160.33999633789062,8828.94,2842.74,-0.43,123.2117,35.97,3.28,,0.061,0.011502150798444077,0.003498676361159525,0.004240812214593603,0.0005073857202244625,-0.010000000000000009,-0.03335465022944639,0.029999999999999805,,1.820719270242894,0.023348735639459495,-0.0015169839130451113,0.023348735639459495,-0.0015169839130451113
2020-05-05,161.02000427246094,8905.01,2868.44,-0.44,122.803,33.61,3.28,,0.061,0.00857907759587917,0.004232069630407231,0.008999952189538085,-0.003322568740694365,-0.010000000000000009,-0.06786161597051787,0.0,,1.8006401801907408,0.023348735639459495,-0.0015169839130451113,0.023348735639459495,-0.0015169839130451113
2020-05-06,158.9499969482422,9237.74,2848.42,-0.38,123.609,34.12,3.31,,0.061,0.03668322728667839,-0.012938939248233972,-0.007003873398600646,0.0065419125245869125,0.06,0.015060080886463822,0.03000000000000025,,1.7810122203797343,0.023348735639459495,-0.0015169839130451113,0.023348735639459495,-0.0015169839130451113
2020-05-07,161.38999938964844,9863.93,2881.19,-0.45,123.1249,31.44,3.34,,0.061,0.06558740233199245,0.0152341241085594,0.011438948664054038,-0.003924070597467022,-0.07,-0.08180275506247225,0.029999999999999805,,1.7618169392227176,0.023348735639459495,-0.0015169839130451113,0.023348735639459495,-0.0015169839130451113
2020-05-08,160.4199981689453,9946.0,2929.8,-0.43,122.5379,27.98,3.37,,-0.038,0.008285790968255213,-0.006028427741239462,0.01673075806255042,-0.004778917419820061,0.020000000000000018,-0.11659099832367081,0.03000000000000025,,1.3943535689424398,0.023348735639459495,-0.0015169839130451113,0.023348735639459495,-0.0015169839130451113
2020-05-11,159.4199981689453,8745.25,2930.32,-0.4,123.2333,27.57,3.41,,-0.038,-0.12865976446616578,-0.006253147010599314,0.00017747076898189107,0.005658936895492239,0.02999999999999997,-0.014761744201629678,0.040000000000000036,,1.3821135797816462,0.023348735639459495,-0.0015169839130451113,0.023348735639459495,-0.0015169839130451113
2020-05-12,160.0399932861328,8792.19,2870.12,-0.4,123.0592,33.04,3.4,,-0.038,0.005353131596484317,0.0038815245238019713,-0.020757791338385623,-0.0014137663875137818,0.0,0.18099072361707158,-0.010000000000000231,,1.3700479110548487,0.003290966863368272,-0.012102303055829822,0.023348735639459495,-0.0015169839130451113
2020-05-13,161.5800018310547,9151.25,2820.0,-0.43,123.5408,35.28,3.43,,-0.038,0.04002665455585053,0.009576645345897639,-0.01761695579410727,0.0039059254848679004,-0.02999999999999997,0.06559728248581331,0.03000000000000025,,1.3581515068183418,0.003290966863368272,-0.012102303055829822,0.003290966863368272,-0.012102303055829822
2020-05-14,163.00999450683594,9658.59,2852.5,-0.43,123.6429,32.61,3.41,,-0.038,0.05395719285919576,0.008811127536123564,0.011458917804072044,0.0008261062991330448,0.0,-0.07869724133736256,-0.020000000000000018,,1.3464195048722274,0.003290966863368272,-0.012102303055829822,0.003290966863368272,-0.012102303055829822
2020-05-15,163.92999267578125,9337.86,2863.7,-0.45,123.5991,31.89,3.41,,-0.127,-0.03377057090530222,0.005627947839550451,0.003918692254435641,-0.00035430873765918136,-0.020000000000000018,-0.022326508779261456,0.0,,1.0239733051575293,0.003290966863368272,-0.012102303055829822,0.003290966863368272,-0.012102303055829822
2020-05-18,162.69000244140625,9701.7,2953.91,-0.44,122.7968,29.3,3.38,,-0.127,0.03822402395284463,-0.007592898231851386,0.031015221473356114,-0.006512306702093795,0.010000000000000009,-0.08470496499894464,-0.03000000000000025,,1.0161121141354228,0.003290966863368272,-0.012102303055829822,0.003290966863368272,-0.012102303055829822
2020-05-19,164.25999450683594,9644.92,2922.94,-0.45,122.5655,30.53,3.3,,-0.127,-0.00586977601524552,0.009603940342588935,-0.010539757419425477,-0.001885375777090914,-0.010000000000000009,0.04112229072376472,-0.08000000000000007,,1.0083159567937574,0.003290966863368272,-0.012102303055829822,0.003290966863368272,-0.012102303055829822
2020-05-20,164.64999389648438,9531.99,2971.61,-0.48,122.1007,27.99,3.24,,-0.127,-0.011777841732039107,0.0023714668825753904,0.016513934417861975,-0.0037994668585383806,-0.02999999999999997,-0.08686250321942435,-0.05999999999999961,,1.0005833861230207,0.003290966863368272,-0.012102303055829822,0.003290966863368272,-0.012102303055829822
2020-05-21,162.25,9065.81,2948.51,-0.46,122.0914,29.53,3.18,,-0.127,-0.05014331526246174,-0.014683616168536417,-0.007803935472623813,-7.616954032929613e-05,0.019999999999999962,0.05355939222846917,-0.06000000000000005,,0.992912990758618,0.003290966863368272,-0.012102303055829822,0.003290966863368272,-0.012102303055829822
2020-05-22,163.2100067138672,9173.72,2955.45,-0.46,122.3211,28.16,3.18,,-0.206,0.01183267979578062,0.00589940071477546,0.002350965520251158,0.0018796098204978406,0.0,-0.04750416446598971,0.0,,0.7099080680329132,0.003290966863368272,-0.012102303055829822,0.003290966863368272,-0.012102303055829822
2020-05-26,160.88999938964844,8800.0,2991.77,-0.44,121.3864,28.01,3.14,,-0.206,-0.04159115318732631,-0.014316858429626933,0.012214261971749352,-0.00767070839529449,0.020000000000000018,-0.005340942017824535,-0.040000000000000036,,0.7044473790327955,0.003290966863368272,-0.012102303055829822,0.003290966863368272,-0.012102303055829822
2020-05-27,161.17999267578125,9159.99,3036.13,-0.46,121.5677,27.62,3.11,,-0.206,0.04009336549822429,0.001800809585778218,0.014718492616298207,0.0014924632566648555,-0.020000000000000018,-0.014021441290871017,-0.03000000000000025,,0.6990087185118274,0.003290966863368272,-0.012102303055829822,0.003290966863368272,-0.012102303055829822
2020-05-28,161.72000122070312,9452.24,3029.73,-0.48,121.0138,28.59,3.1,,-0.206,0.03140666347146315,0.003344744865694693,-0.0021101714760458634,-0.004566720567139804,-0.019999999999999962,0.03451685835307439,-0.009999999999999787,,0.6935916011981764,0.003290966863368272,-0.012102303055829822,0.003290966863368272,-0.012102303055829822
2020-05-29,162.91000366210938,9404.99,3044.31,-0.5,120.9458,27.51,3.08,,-0.269,-0.005011350965641981,0.007331471236597054,0.004800767858805344,-0.0005620773202652529,-0.020000000000000018,-0.03850743139773716,-0.020000000000000018,,0.4682131267810923,0.003290966863368272,-0.012102303055829822,0.003290966863368272,-0.012102303055829822
2020-06-01,163.66000366210938,9572.5,3055.73,-0.52,120.2686,28.23,3.1,,-0.269,0.01765400488110558,0.004593203918142663,0.0037442421170172935,-0.005614936580914609,-0.020000000000000018,0.025835667328914624,0.020000000000000018,,0.4640412092689986,0.003290966863368272,-0.012102303055829822,0.003290966863368272,-0.012102303055829822
2020-06-02,162.60000610351562,9507.69,3080.82,-0.5,119.6854,26.84,3.08,,-0.269,-0.006793459525734846,-0.006497892824854468,0.008177278702023116,-0.0048609412500466576,0.020000000000000018,-0.05049193016191689,-0.020000000000000018,,0.4598751245620632,0.003290966863368272,-0.012102303055829822,0.003290966863368272,-0.012102303055829822
2020-06-03,159.60000610351562,9577.18,3122.87,-0.44,119.2556,25.66,3.02,,-0.269,0.007282240549038477,-0.01862251139241966,0.013556655475682078,-0.00359754469555984,0.06,-0.04495995291599053,-0.06000000000000005,,0.4557146510629801,0.003290966863368272,-0.012102303055829822,0.003290966863368272,-0.012102303055829822
2020-06-04,161.27999877929688,9817.65,3112.35,-0.4,119.3014,25.81,2.99,,-0.269,0.02479860079949958,0.010471254055873125,-0.0033743829350463272,0.00038397532298528603,0.03999999999999998,0.005828654543031941,-0.029999999999999805,,0.4515595676374429,0.003290966863368272,-0.012102303055829822,0.003290966863368272,-0.012102303055829822
2020-06-05,158.00999450683594,9724.99,3193.93,-0.36,118.8138,24.52,2.86,,-0.315,-0.009482924965769968,-0.020483689915413272,0.025874065601552587,-0.004095502358088865,0.040000000000000036,-0.05127290266251183,-0.13000000000000034,,0.28628815769634597,0.003290966863368272,-0.012102303055829822,0.003290966863368272,-0.012102303055829822
2020-06-08,159.72000122070312,9694.64,3232.39,-0.4,118.6621,25.81,2.81,,-0.315,-0.0031257057637077423,0.01076400243904363,0.011969668235860098,-0.0012776035011103914,-0.040000000000000036,0.05127290266251183,-0.04999999999999982,,0.2828359370244119,0.003290966863368272,-0.012102303055829822,0.003290966863368272,-0.012102303055829822
2020-06-09,161.25999450683594,9731.15,3207.18,-0.42,118.5893,27.57,2.8,,-0.315,0.0037589249126064317,0.00959564535506452,-0.007829755338198296,-0.0006136950280151154,-0.019999999999999962,0.0659662113051831,-0.010000000000000231,,0.279383174052377,0.003290966863368272,-0.012102303055829822,0.003290966863368272,-0.012102303055829822
2020-06-10,163.57000732421875,9852.17,3190.14,-0.52,118.5231,27.57,2.86,,-0.315,0.012359655113792556,0.01422314285485271,-0.005327243376571644,-0.0005583849829875476,-0.10000000000000003,0.0,0.06000000000000005,,0.27592973338414695,0.0011792637021070806,-0.0021117031612611914,0.003290966863368272,-0.012102303055829822
2020-06-11,162.38999938964844,9280.93,3002.1,-0.55,119.2347,40.79,2.91,,-0.315,-0.05972997819492676,-0.007240232329264629,-0.060752759198692274,0.005985941363912062,-0.030000000000000027,0.3917087282937617,0.050000000000000266,,0.27247547902067354,0.0011792637021070806,-0.0021117031612611914,0.0011792637021070806,-0.0021117031612611914
2020-06-12,162.6199951171875,9431.11,3041.31,-0.5,119.6645,36.09,2.91,,-0.345,0.01605204186200737,0.0014153150353442001,0.012976299868565633,0.0035981741564068415,0.050000000000000044,-0.12242113467477012,0.0,,0.1635398001797923,0.0011792637021070806,-0.0021117031612611914,0.0011792637021070806,-0.0021117031612611914
2020-06-15,162.3300018310547,9418.57,3066.59,-0.52,119.9539,34.4,2.93,,-0.345,-0.0013305267622545358,-0.0017848491512042486,0.00827785142343096,0.0024155084977870445,-0.020000000000000018,-0.04795925427534442,0.020000000000000018,,0.1604816587398538,0.0011792637021070806,-0.0021117031612611914,0.0011792637021070806,-0.0021117031612611914
2020-06-16,162.25,9507.87,3124.74,-0.52,119.567,33.67,2.89,,-0.345,0.009436604313934893,-0.0004929560183830617,0.01878488465267303,-0.003230618593224044,0.0,-0.021449331206369493,-0.040000000000000036,,0.15742054001873673,0.0011792637021070806,-0.0021117031612611914,0.0011792637021070806,-0.0021117031612611914
2020-06-17,162.55999755859375,9302.13,3113.49,-0.52,119.9105,33.47,2.87,,-0.345,-0.021876470514406776,0.0019087937874244787,-0.003606796221337305,0.002868747465423205,0.0,-0.005957717949748087,-0.020000000000000018,,0.1543563419675402,0.0011792637021070806,-0.0021117031612611914,0.0011792637021070806,-0.0021117031612611914
2020-06-18,162.24000549316406,9397.99,3115.34,-0.57,120.2173,32.94,2.86,,-0.345,0.010252430430483628,-0.001970395110546974,0.0005940120550409489,0.0025553073566664253,-0.04999999999999993,-0.015961790473741022,-0.010000000000000231,,0.151288961776101,0.0011792637021070806,-0.0021117031612611914,0.0011792637021070806,-0.0021117031612611914
2020-06-19,164.02999877929688,9307.36,3097.74,-0.6,120.2186,35.12,2.87,,-0.367,-0.00969035160535725,0.01097257622136727,-0.0056654822009658545,1.0813692963296262e-05,-0.030000000000000027,0.06408304401742182,0.010000000000000231,,0.0705456976225487,0.0011792637021070806,-0.0021117031612611914,0.0011792637021070806,-0.0021117031612611914
2020-06-22,165.08999633789062,9563.51,3117.86,-0.63,119.7532,31.77,2.86,,-0.367,0.0271493294716727,0.00644142707482942,0.006474055690439684,-0.0038787939540956273,-0.030000000000000027,-0.10024832048549115,-0.010000000000000231,,0.06771969032265635,0.0011792637021070806,-0.0021117031612611914,0.0011792637021070806,-0.0021117031612611914
2020-06-23,166.47999572753906,9640.02,3131.29,-0.66,119.3285,31.37,2.87,,-0.367,0.007968368818907834,0.008384398864595966,0.004298191170313714,-0.003552764153160304,-0.030000000000000027,-0.012670426078837949,0.010000000000000231,,0.06488944869199598,0.0011792637021070806,-0.0021117031612611914,0.0011792637021070806,-0.0021117031612611914
2020-06-24,165.89999389648438,9299.0,3050.33,-0.64,119.9744,33.84,2.89,,-0.367,-0.03601631581303799,-0.0034899960158005783,-0.02619527873275551,0.005398192570886806,0.020000000000000018,0.07579151253543603,0.020000000000000018,,0.06205488583761413,0.0011792637021070806,-0.0021117031612611914,0.0011792637021070806,-0.0021117031612611914
2020-06-25,165.8000030517578,9286.39,3083.76,-0.65,120.2997,32.22,2.92,,-0.367,-0.0013569800725186099,-0.0006028992986149007,0.01089985017340922,0.00270774252201722,-0.010000000000000009,-0.049056156989194744,0.029999999999999805,,0.05921591407936577,0.0011792637021070806,-0.0021117031612611914,0.0011792637021070806,-0.0021117031612611914
2020-06-26,166.5399932861328,9166.81,3009.05,-0.68,120.533,34.73,2.92,,-0.385,-0.012960535177736432,0.004453219386376439,-0.024525217335130023,0.0019374451474245546,-0.030000000000000027,0.07501648900715452,0.0,,-0.007459858843597476,0.0011792637021070806,-0.0021117031612611914,0.0011792637021070806,-0.0021117031612611914
2020-06-29,166.6300048828125,9158.1,3053.24,-0.7,120.6658,31.78,2.94,,-0.385,-0.0009506186557981522,0.0005403343600223209,0.01457890753907165,0.0011011664520639286,-0.019999999999999907,-0.08876670564741262,0.020000000000000018,,-0.010139538678861311,0.0011792637021070806,-0.0021117031612611914,0.0011792637021070806,-0.0021117031612611914
2020-06-30,167.3699951171875,9134.29,3100.29,-0.68,120.4649,30.43,2.93,,-0.385,-0.0026032698238687146,0.00443108649793178,0.01529233363767979,-0.0016663166198673807,0.019999999999999907,-0.043408197199690246,-0.009999999999999787,,-0.01282429380376918,0.0011792637021070806,-0.0021117031612611914,0.0011792637021070806,-0.0021117031612611914
2020-07-01,166.6199951171875,9240.01,3115.86,-0.68,120.0808,28.62,2.89,,-0.385,0.011507504137950875,-0.004491160110102754,0.005009542099664088,-0.0031935746633617867,0.0,-0.06132318978057505,-0.040000000000000036,,-0.015514203699071777,0.0011792637021070806,-0.0021117031612611914,0.0011792637021070806,-0.0021117031612611914
2020-07-02,166.97999572753906,9055.14,3130.01,-0.73,119.8555,27.68,2.87,,-0.385,-0.020210415617002653,0.002158277937509112,0.004531001832653203,-0.0018779990040451722,-0.04999999999999993,-0.03339564337883605,-0.020000000000000018,,-0.01820934864354827,0.0011792637021070806,-0.0021117031612611914,0.0011792637021070806,-0.0021117031612611914
2020-07-06,167.97999572753906,9289.62,3179.72,-0.76,119.2852,27.94,2.83,,-0.385,0.02556509550399788,0.005970880083946639,0.015756943165827764,-0.004769586115149771,-0.030000000000000027,0.009349223079347269,-0.040000000000000036,,-0.020967433030929617,0.0011792637021070806,-0.0021117031612611914,0.0011792637021070806,-0.0021117031612611914
2020-07-07,169.0399932861328,9238.5,3145.32,-0.78,119.5717,29.43,2.81,,-0.385,-0.005518112978013079,0.006290434327038241,-0.010877508816987458,0.0023989270345303737,-0.020000000000000018,0.05195520841656531,-0.020000000000000018,,-0.02373125885922126,0.0011792637021070806,-0.0021117031612611914,0.0011792637021070806,-0.0021117031612611914
2020-07-08,170.08999633789062,9430.0,3169.94,-0.75,119.5525,28.08,2.77,,-0.385,0.02051656183229511,0.006192353605402268,0.00779702648129188,-0.00016058600544166524,0.030000000000000027,-0.046956983087770965,-0.040000000000000036,,-0.02650091532385773,0.0011792637021070806,-0.0021117031612611914,0.0011792637021070806,-0.0021117031612611914
2020-07-09,169.6300048828125,9218.21,3152.05,-0.77,119.5129,29.26,2.73,,-0.385,-0.022715221092116877,-0.0027080639028707054,-0.005659625451288619,-0.00033129010189014707,-0.020000000000000018,0.04116381643436817,-0.040000000000000036,,-0.02927649258307882,0.0011792637021070806,-0.0021117031612611914,0.0011792637021070806,-0.0021117031612611914
2020-07-10,169.19000244140625,9235.58,3185.04,-0.76,119.3509,27.29,2.74,,-0.42,0.001882540673745936,-0.0025972650920351725,0.010411813000986925,-0.0013564217335435558,0.010000000000000009,-0.06970106087173145,0.010000000000000231,,-0.1572752787300835,0.0011792637021070806,-0.0021117031612611914,0.0011792637021070806,-0.0021117031612611914
2020-07-13,169.39999389648438,9234.56,3155.22,-0.78,119.1891,32.19,2.74,,-0.42,-0.00011044854029584883,0.0012403879870825918,-0.009406623666484037,-0.0013565861055901962,-0.020000000000000018,0.16513551059046971,0.0,,-0.15971897363663365,0.0011792637021070806,-0.0021117031612611914,0.0011792637021070806,-0.0021117031612611914
2020-07-14,170.19000244140625,9268.89,3197.52,-0.78,119.3901,29.52,2.71,,-0.42,0.0037106636212023147,0.004652728164010966,0.013317285189446082,0.00168497545096713,0.0,-0.08658784557844479,-0.03000000000000025,,-0.16216868981209237,0.006457330475554857,0.005278066773447776,0.0011792637021070806,-0.0021117031612611914
2020-07-15,170.33999633789062,9185.46,3226.56,-0.77,119.0331,27.76,2.71,,-0.42,-0.009041832239985226,0.0008809438623460508,0.009041044884783744,-0.0029946772528903765,0.010000000000000009,-0.06147186409366823,0.0,,-0.16462449535586726,0.006457330475554857,0.005278066773447776,0.006457330475554857,0.005278066773447776
2020-07-16,168.72999572753906,9126.13,3215.57,-0.79,118.9275,28.0,2.69,,-0.42,-0.006480071649919594,-0.0094966393251541,-0.003411918313160456,-0.0008875419454490441,-0.020000000000000018,0.008608374536600127,-0.020000000000000018,,-0.1670864591050219,0.006457330475554857,0.005278066773447776,0.006457330475554857,0.005278066773447776
2020-07-17,170.1199951171875,9164.74,3224.73,-0.82,119.124,25.68,2.68,,-0.439,0.00422178467694323,0.008204262794308192,0.002844589903158834,0.001650903645890267,-0.029999999999999916,-0.08649203135344319,-0.009999999999999787,,-0.23787046943363063,0.006457330475554857,0.005278066773447776,0.006457330475554857,0.005278066773447776
2020-07-20,170.94000244140625,9158.64,3251.84,-0.84,119.0483,24.46,2.66,,-0.439,-0.0006658160476238351,0.004808590336846663,0.008371764170464147,-0.0006356742790751824,-0.020000000000000018,-0.0486733485627342,-0.020000000000000018,,-0.2401140666238013,0.006457330475554857,0.005278066773447776,0.006457330475554857,0.005278066773447776
2020-07-21,173.0,9354.35,3257.3,-0.87,118.4042,24.84,2.63,,-0.439,0.021143779704118515,0.0119789624776665,0.001677641372159755,-0.0054250983227825955,-0.030000000000000027,0.015416126806251373,-0.03000000000000025,,-0.24236333856074352,0.006457330475554857,0.005278066773447776,0.006457330475554857,0.005278066773447776
2020-07-22,175.6300048828125,9373.88,3276.02,-0.88,118.1337,24.32,2.61,,-0.439,0.0020856223016618713,0.015087942737563864,0.005730639622957057,-0.002287160898256424,-0.010000000000000009,-0.02115619996731155,-0.020000000000000018,,-0.2446183399836235,0.006457330475554857,0.005278066773447776,0.006457330475554857,0.005278066773447776
2020-07-23,177.17999267578125,9595.67,3235.66,-0.9,118.0613,26.08,2.58,,-0.439,0.02338485700413706,0.008786586410813868,-0.012396345287241317,-0.0006130527933914109,-0.020000000000000018,0.06986967996048588,-0.029999999999999805,,-0.24687912619539285,0.006457330475554857,0.005278066773447776,0.006457330475554857,0.005278066773447776
2020-07-24,178.6999969482422,9581.76,3215.63,-0.92,118.1329,25.84,2.58,,-0.457,-0.0014506638730402699,0.008542281441677346,-0.006209630744304917,0.0006062807824518401,-0.020000000000000018,-0.009245058144050855,0.0,,-0.3141773705765481,0.006457330475554857,0.005278066773447776,0.006457330475554857,0.005278066773447776
2020-07-27,182.22999572753906,10792.0,3239.41,-0.9,117.3869,24.74,2.56,,-0.457,0.11894382772126022,0.01956119696469827,0.007367919510066656,-0.0063349450436165355,0.020000000000000018,-0.04350231195005927,-0.020000000000000018,,-0.3161796151645191,0.006457330475554857,0.005278066773447776,0.006457330475554857,0.005278066773447776
2020-07-28,183.75,10993.98,3218.44,-0.92,117.3189,25.44,2.57,,-0.457,0.018542731357264586,0.008306536040413093,-0.0064944443446854905,-0.0005794488410817422,-0.020000000000000018,0.02790137150757932,0.009999999999999787,,-0.31818673314188783,0.006457330475554857,0.005278066773447776,0.006457330475554857,0.005278066773447776
2020-07-29,185.1300048828125,11204.95,3258.44,-0.95,117.2126,24.1,2.61,,-0.457,0.019007794686597634,0.007482169283186124,0.012351783128252691,-0.0009064881031255467,-0.029999999999999916,-0.05411089797531199,0.040000000000000036,,-0.3201987641953365,0.006457330475554857,0.005278066773447776,0.006457330475554857,0.005278066773447776
2020-07-30,183.75999450683594,11116.82,3246.22,-0.97,117.4008,24.76,2.6,,-0.457,-0.007896368247468644,-0.007427778888432712,-0.0037573107206831935,0.0016043417841222762,-0.020000000000000018,0.027017607319786308,-0.009999999999999787,,-0.32221574838136496,0.006457330475554857,0.005278066773447776,0.006457330475554857,0.005278066773447776
2020-07-31,185.42999267578125,11316.77,3271.12,-1.0,117.2082,24.46,2.6,,-0.475,0.01782641966816989,0.009046884353027806,0.007641191392371738,-0.0016418811151073243,-0.030000000000000027,-0.012190317557369212,0.0,,-0.3895522959400154,0.006457330475554857,0.005278066773447776,0.006457330475554857,0.005278066773447776
2020-08-03,185.63999938964844,11399.46,3294.61,-1.02,117.8074,24.28,2.63,,-0.475,0.007280289487461289,0.0011318982444246117,0.007155365883905418,0.005099247014937802,-0.020000000000000018,-0.007386164067729073,0.029999999999999805,,-0.3911931690507804,0.006457330475554857,0.005278066773447776,0.006457330475554857,0.005278066773447776
2020-08-04,189.58999633789062,11221.38,3306.51,-1.05,117.7833,23.76,2.62,,-0.475,-0.01574509867374374,0.021054515412853192,0.0036054526780180396,-0.0002045921174653742,-0.030000000000000027,-0.021649471696853162,-0.009999999999999787,,-0.392837468367765,0.006457330475554857,0.005278066773447776,0.006457330475554857,0.005278066773447776
2020-08-05,191.35000610351562,11645.0,3327.77,-1.06,116.8736,22.99,2.59,,-0.475,0.037056016152568816,0.00924041727083491,0.006409157519801312,-0.007753486535713172,-0.010000000000000009,-0.03294415571935394,-0.03000000000000025,,-0.3944852156876396,0.006457330475554857,0.005278066773447776,0.006457330475554857,0.005278066773447776
2020-08-06,193.88999938964844,11863.84,3349.16,-1.08,117.0422,22.65,2.57,,-0.475,0.018618215231718693,0.013186741026147253,0.0064071581324238736,0.0014415446002074006,-0.020000000000000018,-0.01489948684604725,-0.020000000000000018,,-0.39613643297276574,0.006457330475554857,0.005278066773447776,0.006457330475554857,0.005278066773447776
2020-08-07,190.80999755859375,11488.9,3351.28,-1.04,117.6239,22.21,2.57,,-0.489,-0.03211376671239208,-0.016012829047696187,0.0006327942853729951,0.004957692580672912,0.040000000000000036,-0.019617214022706886,0.0,,-0.4487702284033198,0.006457330475554857,0.005278066773447776,0.006457330475554857,0.005278066773447776
2020-08-10,190.14999389648438,11863.0,3360.47,-1.02,117.5821,22.13,2.56,,-0.489,0.03204296082333613,-0.0034649534714485952,0.0027384827334753226,-0.0003554331134418831,0.020000000000000018,-0.003608483843377641,-0.009999999999999787,,-0.4500324474029888,0.006457330475554857,0.005278066773447776,0.006457330475554857,0.005278066773447776
2020-08-11,179.94000244140625,11387.05,3333.69,-0.99,117.3781,24.03,2.59,,-0.489,-0.0409475678879776,-0.055189726718978704,-0.00800104654322098,-0.001736464739646948,0.030000000000000027,0.08236889568541894,0.029999999999999805,,-0.4512967368218997,0.006457330475554857,0.005278066773447776,0.006457330475554857,0.005278066773447776
2020-08-12,179.10000610351562,11568.98,3380.35,-0.98,117.2559,22.28,2.55,,-0.489,0.01585063349638105,-0.004679132411383513,0.013899455827980134,-0.0010416223654603485,0.010000000000000009,-0.07561363468929416,-0.040000000000000036,,-0.4525631064398829,0.009860818253037085,0.003403487777482228,0.006457330475554857,0.005278066773447776
2020-08-13,183.3300018310547,11506.18,3373.43,-0.96,117.1193,22.13,2.59,,-0.489,-0.005443095956815469,0.023343474417206522,-0.0020492235227109745,-0.0011656524706289417,0.020000000000000018,-0.006755260996124779,0.040000000000000036,,-0.4538315660932432,0.009860818253037085,0.003403487777482228,0.009860818253037085,0.003403487777482228
2020-08-14,182.5399932861328,11801.94,3372.85,-0.94,116.9395,22.05,2.61,,-0.499,0.02537964240741175,-0.004318527254207893,-0.00017194661396580102,-0.0015363663777385739,0.020000000000000018,-0.0036215521701032927,0.020000000000000018,,-0.49161255672411835,0.009860818253037085,0.003403487777482228,0.009860818253037085,0.003403487777482228
2020-08-17,186.5,12328.53,3381.99,-0.97,116.749,21.35,2.64,,-0.499,0.04365216391965632,0.02146194877539198,0.0027062093485916705,-0.0016303758396132295,-0.030000000000000027,-0.032260862218221664,0.03000000000000025,,-0.49249245964420096,0.009860818253037085,0.003403487777482228,0.009860818253037085,0.003403487777482228
2020-08-18,188.17999267578125,11981.99,3389.78,-1.01,116.5593,21.51,2.64,,-0.499,-0.02851139958144877,0.008967673573403445,0.0023007288895726674,-0.0016261748236505724,-0.040000000000000036,0.007466203605005273,0.0,,-0.4933733725118413,0.009860818253037085,0.003403487777482228,0.009860818253037085,0.003403487777482228
2020-08-19,182.24000549316406,11649.79,3374.85,-0.99,116.567,22.54,2.65,,-0.499,-0.02811653497800215,-0.03207438281593067,-0.004414143638946655,6.605861288822013e-05,0.020000000000000018,0.046773565331991396,0.009999999999999787,,-0.49425529856831923,0.009860818253037085,0.003403487777482228,0.009860818253037085,0.003403487777482228
2020-08-20,183.5,11843.09,3385.51,-0.97,116.8126,22.72,2.65,,-0.499,0.016456421038132163,0.006890137653281947,0.003153680820281224,0.0021047262971114478,0.020000000000000018,0.007954085241320463,0.0,,-0.4951382410677535,0.009860818253037085,0.003403487777482228,0.009860818253037085,0.003403487777482228
2020-08-21,182.02999877929688,11670.89,3397.16,-1.0,117.0572,22.54,2.64,,-0.505,-0.014646867821191734,-0.008043165542872543,0.003435228739302687,0.002091762931226704,-0.030000000000000027,-0.007954085241320463,-0.009999999999999787,,-0.5179680542239808,0.009860818253037085,0.003403487777482228,0.009860818253037085,0.003403487777482228
2020-08-24,181.0,11748.38,3431.28,-1.02,116.912,22.37,2.63,,-0.505,0.006617651429365878,-0.005674470685926636,0.009993580954931858,-0.0012411891705461642,-0.020000000000000018,-0.007570733109591998,-0.010000000000000231,,-0.5185556756894731,0.009860818253037085,0.003403487777482228,0.009860818253037085,0.003403487777482228
2020-08-25,181.22000122070312,11294.0,3443.62,-1.01,116.8206,22.03,2.63,,-0.505,-0.039443747493832504,0.0012147382641174431,0.0035898742533948536,-0.0007820903430575399,0.010000000000000009,-0.015315614687786194,0.0,,-0.5191437463759951,0.009860818253037085,0.003403487777482228,0.009860818253037085,0.003403487777482228
2020-08-26,183.36000061035156,11460.04,3478.73,-1.03,116.6243,23.27,2.66,,-0.505,0.014594590431252996,0.01173966732513776,0.010144040989640501,-0.0016817676999316689,-0.020000000000000018,0.05475981649994832,0.03000000000000025,,-0.5197322672310106,0.009860818253037085,0.003403487777482228,0.009860818253037085,0.003403487777482228
2020-08-27,181.24000549316406,11244.09,3484.55,-0.99,116.649,24.47,2.71,,-0.505,-0.019023544400702974,-0.01162928674736019,0.001671626404583293,0.0002117687715852412,0.040000000000000036,0.05028290014037973,0.04999999999999982,,-0.5203212392044557,0.009860818253037085,0.003403487777482228,0.009860818253037085,0.003403487777482228
2020-08-28,184.38999938964844,11498.0,3508.01,-1.03,115.9374,22.96,2.71,,-0.507,0.022330449919904183,0.0172309262992405,0.006710014078512572,-0.006119035509768445,-0.040000000000000036,-0.06369430600321424,0.0,,-0.5282347804719255,0.009860818253037085,0.003403487777482228,0.009860818253037085,0.003403487777482228
2020-08-31,184.8300018310547,11725.0,3500.31,-1.08,115.7586,26.41,2.67,,-0.507,0.01955020713124256,0.002383417194323556,-0.00219738913128964,-0.0015434020051543484,-0.050000000000000044,0.13998915485767505,-0.040000000000000036,,-0.5285952640385366,0.009860818253037085,0.003403487777482228,0.009860818253037085,0.003403487777482228
2020-09-01,185.0500030517578,11957.41,3526.65,-1.08,115.5687,26.12,2.67,,-0.507,0.019627855554738005,0.001189581722410793,0.0074968758512330425,-0.0016418299323763819,0.0,-0.011041421900810366,0.0,,-0.5289559147748115,0.009860818253037085,0.003403487777482228,0.009860818253037085,0.003403487777482228
2020-09-02,182.6199951171875,11389.21,3580.84,-1.07,116.0304,26.57,2.64,,-0.507,-0.048684753920360535,-0.01321861087305809,0.01524899790823575,0.003987067407650535,0.010000000000000009,0.017081455363491482,-0.029999999999999805,,-0.5293167328954219,0.009860818253037085,0.003403487777482228,0.009860818253037085,0.003403487777482228
2020-09-03,181.13999938964844,10682.69,3455.06,-1.02,116.0685,33.6,2.64,,-0.507,-0.06404174149008846,-0.008137254873337163,-0.035757586556313115,0.00032830832323860193,0.050000000000000044,0.23474330719743675,0.0,,-0.5296777186153792,0.009860818253037085,0.003403487777482228,0.009860818253037085,0.003403487777482228
2020-09-04,181.63999938964844,10570.13,3426.96,-0.98,116.0347,30.75,2.68,,-0.505,-0.010592575710797192,0.002756493292222828,-0.008166252396865303,-0.0002912497564784289,0.040000000000000036,-0.08863607271663199,0.040000000000000036,,-0.522575208800252,0.009860818253037085,0.003403487777482228,0.009860818253037085,0.003403487777482228
2020-09-08,181.2899932861328,9991.21,3331.84,-0.99,116.4618,31.46,2.67,,-0.505,-0.056326392318821306,-0.0019287808618004831,-0.028148866864059485,0.0036740379355038044,-0.010000000000000009,0.022826903377604957,-0.010000000000000231,,-0.5228387593183205,0.009860818253037085,0.003403487777482228,0.009860818253037085,0.003403487777482228
2020-09-09,183.0500030517578,10276.46,3398.96,-1.0,116.1291,28.81,2.69,,-0.505,0.028150136298529915,0.009661434230238797,0.019944798533671815,-0.0028608189478545043,-0.010000000000000009,-0.08799434853369448,0.020000000000000018,,-0.523102397894756,0.009860818253037085,0.003403487777482228,0.009860818253037085,0.003403487777482228
2020-09-10,182.4600067138672,10270.09,3339.19,-1.01,115.8806,29.71,2.69,,-0.505,-0.0006200554549646853,-0.0032283485242556864,-0.01774123987058651,-0.0021421526343665676,-0.010000000000000009,0.030761140378078977,0.0,,-0.5233661246123702,0.009860818253037085,0.003403487777482228,0.009860818253037085,0.003403487777482228
2020-09-11,182.4499969482422,10323.2,3340.97,-0.98,116.0866,26.87,2.69,,-0.501,0.005158002218120572,-5.486155779266255e-05,0.0005329213797651278,0.0017761136415286316,0.030000000000000027,-0.10047326684711644,0.0,,-0.5089636114622584,0.013096453823307153,0.003235635570270068,0.009860818253037085,0.003403487777482228
2020-09-14,183.88999938964844,10665.0,3383.54,-0.97,115.6428,25.85,2.66,,-0.501,0.03257356241461551,0.007861603277736329,0.01266131471119003,-0.003830334369306243,0.010000000000000009,-0.03869982167296149,-0.029999999999999805,,-0.5092055257095575,0.013096453823307153,0.003235635570270068,0.013096453823307153,0.003235635570270068
2020-09-15,183.4499969482422,10783.35,3401.2,-0.99,115.5908,25.59,2.68,,-0.501,0.011035925949345327,-0.0023956152677246934,0.0052058118315070345,-0.00044976163392007606,-0.020000000000000018,-0.010108950782740767,0.020000000000000018,,-0.5094475129592898,0.013096453823307153,0.003235635570270068,0.013096453823307153,0.003235635570270068
2020-09-16,183.97000122070312,10982.2,3385.49,-0.99,115.3537,26.04,2.67,,-0.501,0.018272502437204352,0.002830573307104345,-0.004629658363745293,-0.0020533079012716726,0.0,0.017432167168670798,-0.010000000000000231,,-0.5096895732748917,0.013096453823307153,0.003235635570270068,0.013096453823307153,0.003235635570270068
2020-09-17,182.9600067138672,10916.63,3357.01,-0.97,115.4392,26.46,2.65,,-0.501,-0.00598846568097855,-0.005505121062684637,-0.008447955322131051,0.0007409240397899808,0.020000000000000018,0.01600034134644135,-0.020000000000000018,,-0.5099317067198657,0.013096453823307153,0.003235635570270068,0.013096453823307153,0.003235635570270068
2020-09-18,183.1999969482422,10866.55,3319.47,-0.97,115.2395,25.83,2.66,,-0.497,-0.0045980511782861555,0.0013108491716185,-0.011245565213034325,-0.0017314129990175786,0.0,-0.02409755157906046,0.010000000000000231,,-0.49549886864868925,0.013096453823307153,0.003235635570270068,0.013096453823307153,0.003235635570270068
2020-09-21,179.52000427246094,10498.55,3281.06,-0.94,116.378,27.78,2.66,,-0.497,-0.03445211106124191,-0.020291789448273256,-0.011638590711243069,0.009830942561856126,0.030000000000000027,0.07277973021844852,0.0,,-0.49573826878882754,0.013096453823307153,0.003235635570270068,0.013096453823307153,0.003235635570270068
2020-09-22,178.64999389648438,10491.98,3315.57,-0.94,116.5438,26.86,2.66,,-0.497,-0.0006259966008048679,-0.004858095828926601,0.010463013638869256,0.0014236540160990074,0.0,-0.03367814623110599,0.0,,-0.4959777393554469,0.013096453823307153,0.003235635570270068,0.013096453823307153,0.003235635570270068
2020-09-23,174.7899932861328,10293.0,3236.92,-0.92,117.2526,28.58,2.68,,-0.497,-0.019147103244129937,-0.021843335368817662,-0.02400729416109293,0.00606341390700571,0.019999999999999907,0.06206898140662975,0.020000000000000018,,-0.49621728040954133,0.013096453823307153,0.003235635570270068,0.013096453823307153,0.003235635570270068
2020-09-24,175.44000244140625,10653.87,3246.59,-0.91,117.5473,28.51,2.7,,-0.497,0.03445915388607723,0.0037119030895915728,0.002982954347357847,0.0025102238522887177,0.010000000000000009,-0.002452269577140953,0.020000000000000018,,-0.49645689201216703,0.013096453823307153,0.003235635570270068,0.013096453823307153,0.003235635570270068
2020-09-25,174.94000244140625,10718.43,3298.46,-0.92,117.8679,26.38,2.74,,-0.492,0.006041483262661629,-0.0028540460781512067,0.015850478138508706,0.002723700068633761,-0.010000000000000009,-0.07764875563541196,0.040000000000000036,,-0.47834193990010576,0.013096453823307153,0.003235635570270068,0.013096453823307153,0.003235635570270068
2020-09-28,176.6999969482422,10868.63,3351.6,-0.94,117.6178,26.19,2.76,,-0.492,0.013915968538281476,0.010010290107421937,0.01598215087400412,-0.0021241212866458525,-0.019999999999999907,-0.007228488769547958,0.019999999999999574,,-0.4786702500300701,0.013096453823307153,0.003235635570270068,0.013096453823307153,0.003235635570270068
2020-09-29,178.19000244140625,10738.98,3335.47,-0.98,117.526,26.27,2.74,,-0.492,-0.012000545727895329,0.008397048385655914,-0.004824244783808496,-0.0007807988529888732,-0.040000000000000036,0.003049945177827862,-0.019999999999999574,,-0.4789986912699311,0.013096453823307153,0.003235635570270068,0.013096453823307153,0.003235635570270068
2020-09-30,177.1199951171875,10706.48,3363.0,-0.94,116.946,26.37,2.75,,-0.492,-0.0030309468652554017,-0.006022969047958959,0.008219833784947284,-0.004947295907345328,0.040000000000000036,0.0037993966677469793,0.009999999999999787,,-0.4793272637769704,0.013096453823307153,0.003235635570270068,0.013096453823307153,0.003235635570270068
2020-10-01,178.6999969482422,10617.74,3380.8,-0.95,116.7227,26.7,2.75,,-0.492,-0.008322978497279365,0.008880963695329314,0.00527893512152211,-0.001911253565189952,-0.010000000000000009,0.012436565041008318,0.0,,-0.4796559677086897,0.013096453823307153,0.003235635570270068,0.013096453823307153,0.003235635570270068
2020-10-02,178.5399932861328,10515.04,3348.44,-0.94,116.7321,27.63,2.76,,-0.489,-0.00971957390418865,-0.0008957769408937111,-0.00961780214318253,8.052950725456753e-05,0.010000000000000009,0.0342385735291213,0.009999999999999787,,-0.4689636869616002,0.013096453823307153,0.003235635570270068,0.013096453823307153,0.003235635570270068
2020-10-05,179.41000366210938,10730.78,3408.63,-0.9,116.1767,27.96,2.74,,-0.489,0.020309634146785882,0.0048610816963101655,0.017815885301178724,-0.004769257776022329,0.039999999999999925,0.011872778430284558,-0.019999999999999574,,-0.46941887818253686,0.013096453823307153,0.003235635570270068,0.013096453823307153,0.003235635570270068
2020-10-06,177.3000030517578,10571.35,3360.95,-0.9,116.2681,29.48,2.7,,-0.489,-0.014968735694806057,-0.011830479550693163,-0.014086778930183286,0.0007864233117764741,0.0,0.05293714995552623,-0.040000000000000036,,-0.46987432218705494,0.013096453823307153,0.003235635570270068,0.013096453823307153,0.003235635570270068
2020-10-07,177.22000122070312,10650.9,3419.45,-0.9,116.3447,28.06,2.69,,-0.489,0.007496883938365784,-0.00045132478533460585,0.017256047320879375,0.0006586052252401942,0.0,-0.049366992646821206,-0.010000000000000231,,-0.4703300193980636,0.013096453823307153,0.003235635570270068,0.013096453823307153,0.003235635570270068
2020-10-08,177.85000610351562,10878.82,3446.83,-0.94,116.1657,26.36,2.68,,-0.489,0.021173384036510257,0.0035486272055740287,0.007975248642445365,-0.0015397163771027067,-0.039999999999999925,-0.062497365040008024,-0.009999999999999787,,-0.4707859702393072,0.013096453823307153,0.003235635570270068,0.013096453823307153,0.003235635570270068
2020-10-09,181.0800018310547,11034.28,3477.13,-0.94,115.2757,25.0,2.67,,-0.489,0.01418901097479619,0.017998399966815626,0.008752272809347872,-0.0076909696107021475,0.0,-0.05297188476610604,-0.010000000000000231,,-0.4712421751353647,0.013096453823307153,0.003235635570270068,0.013096453823307153,0.003235635570270068
2020-10-12,180.55999755859375,11546.93,3534.22,-0.94,115.2757,25.07,2.67,,-0.489,0.04541281013221443,-0.0028758136916344768,0.016285383484969884,0.0,0.0,0.0027960873020016486,0.0,,-0.47186695181694055,0.013096453823307153,0.003235635570270068,0.013096453823307153,0.003235635570270068
2020-10-13,177.72000122070312,11387.83,3511.93,-0.96,115.9107,26.07,2.65,,-0.489,-0.013874359460702479,-0.01585383405158325,-0.006326880453748629,0.005493416540925722,-0.020000000000000018,0.03911331577520816,-0.020000000000000018,,-0.47249221479118914,0.013713248610564666,0.000616794787257513,0.013096453823307153,0.003235635570270068
2020-10-14,178.27000427246094,11342.25,3488.67,-0.96,115.6872,26.4,2.64,,-0.489,-0.004010549993164858,0.0030899939936110954,-0.006645169155040875,-0.00193006991325273,0.0,0.01257878220686015,-0.009999999999999787,,-0.4731179651745549,0.013713248610564666,0.000616794787257513,0.013713248610564666,0.000616794787257513
2020-10-15,178.9199981689453,11520.93,3483.34,-0.95,116.0964,26.97,2.65,,-0.489,0.01563068985916516,0.003639489400711682,-0.001528971139844515,0.003530883333672463,0.010000000000000009,0.021361126999368096,0.009999999999999787,,-0.47374420408654805,0.013713248610564666,0.000616794787257513,0.013713248610564666,0.000616794787257513
2020-10-16,178.3000030517578,11308.23,3483.81,-0.95,115.7679,27.41,2.64,,-0.492,-0.01863460196889477,-0.0034712263457636894,0.00013491886947036846,-0.0028335558323977494,0.0,0.01618277316305594,-0.009999999999999787,,-0.48541709846879555,0.013713248610564666,0.000616794787257513,0.013713248610564666,0.000616794787257513
2020-10-19,178.38999938964844,11689.98,3426.92,-0.93,115.4031,29.18,2.61,,-0.492,0.03320128541143319,0.0005046193567768142,-0.016464623898633235,-0.0031561078406454612,0.019999999999999907,0.06257563277994516,-0.03000000000000025,,-0.4862227197782819,0.013713248610564666,0.000616794787257513,0.013713248610564666,0.000616794787257513
2020-10-20,179.25,11912.42,3443.12,-0.91,115.2485,29.35,2.64,,-0.492,0.01884948870440617,0.004809318137998453,0.004716138487298238,-0.0013405501904371064,0.020000000000000018,0.005809003179465755,0.03000000000000025,,-0.48702917678924623,0.013713248610564666,0.000616794787257513,0.013713248610564666,0.000616794787257513
2020-10-21,180.60000610351562,12680.74,3435.56,-0.91,114.9108,28.65,2.63,,-0.492,0.06250275360474156,0.007503195298922627,-0.0021980970313855153,-0.002934491392132088,0.0,-0.024139103113356875,-0.010000000000000231,,-0.4878364719622881,0.013713248610564666,0.000616794787257513,0.013713248610564666,0.000616794787257513
2020-10-22,178.8300018310547,13072.47,3453.49,-0.89,115.1158,28.11,2.61,,-0.492,0.030424185255979452,-0.009849030639626832,0.00520537388632647,0.0017824030288071668,0.020000000000000018,-0.01902805824230791,-0.020000000000000018,,-0.4886446077668726,0.013713248610564666,0.000616794787257513,0.013713248610564666,0.000616794787257513
2020-10-23,178.63999938964844,12919.02,3465.39,-0.9,115.0126,27.55,2.6,,-0.498,-0.01180784809924873,-0.001063040023779216,0.003439866491129706,-0.0008968906655413278,-0.010000000000000009,-0.020122849319517133,-0.009999999999999787,,-0.5115831775999797,0.013713248610564666,0.000616794787257513,0.013713248610564666,0.000616794787257513
2020-10-26,178.5500030517578,13004.49,3400.97,-0.91,115.2797,32.46,2.6,,-0.498,0.006594038360979937,-0.0005039129828938727,-0.018764495369547163,0.0023196617495964134,-0.010000000000000009,0.1640060264875216,0.0,,-0.5125674933207219,0.013713248610564666,0.000616794787257513,0.013713248610564666,0.000616794787257513
2020-10-27,179.02000427246094,13656.9,3390.68,-0.92,115.0131,33.35,2.6,,-0.498,0.04895020597176902,0.0026288641762706177,-0.003030193803752468,-0.002315314409277569,-0.010000000000000009,0.027049210275187807,0.0,,-0.513553107307978,0.013713248610564666,0.000616794787257513,0.013713248610564666,0.000616794787257513
2020-10-28,176.1300048828125,13165.32,3271.03,-0.91,115.8023,40.28,2.62,,-0.498,-0.036658788890001404,-0.01627516884164315,-0.03592557122600937,0.006838391853263737,0.010000000000000009,0.1887972954887287,0.020000000000000018,,-0.5145400241880297,0.013713248610564666,0.000616794787257513,0.013713248610564666,0.000616794787257513
2020-10-29,175.39999389648438,13492.5,3310.11,-0.86,116.3069,37.59,2.61,,-0.498,0.02454787598350805,-0.004153341326592397,0.011876501443804699,0.0043479603130327504,0.050000000000000044,-0.06911701027427508,-0.010000000000000231,,-0.5155282486078736,0.013713248610564666,0.000616794787257513,0.013713248610564666,0.000616794787257513
2020-10-30,176.1999969482422,13536.44,3269.96,-0.82,116.1354,38.02,2.61,,-0.507,0.0032513327350667254,0.004550651041840048,-0.012203669046733978,-0.0014756352963303243,0.040000000000000036,0.01137427948419667,0.0,,-0.5497820177090404,0.013713248610564666,0.000616794787257513,0.013713248610564666,0.000616794787257513
2020-11-02,177.91000366210938,13663.44,3310.24,-0.84,116.2361,37.13,2.6,,-0.507,0.009338344354079098,0.009658128848512249,0.012242941894852422,0.0008667156368469264,-0.020000000000000018,-0.02368706887129468,-0.009999999999999787,,-0.5508645080443643,0.013713248610564666,0.000616794787257513,0.013713248610564666,0.000616794787257513
2020-11-03,178.9199981689453,13731.64,3369.16,-0.82,115.4802,35.55,2.58,,-0.507,0.0049790065145014495,0.005660943299978349,0.017642760820757886,-0.006524380731081081,0.020000000000000018,-0.04348511193973881,-0.020000000000000018,,-0.5519486267964177,0.013713248610564666,0.000616794787257513,0.013713248610564666,0.000616794787257513
2020-11-04,178.82000732421875,14035.01,3443.44,-0.86,115.1677,29.57,2.58,,-0.507,0.02185226320373701,-0.0005590140649358588,0.021807516584335218,-0.002709759691882141,-0.040000000000000036,-0.18417982238486408,0.0,,-0.5530343802570782,0.013713248610564666,0.000616794787257513,0.013713248610564666,0.000616794787257513
2020-11-05,182.92999267578125,15065.82,3510.45,-0.87,114.4556,27.58,2.52,,-0.507,0.07087367958278534,0.022723771699055817,0.019273262670013835,-0.006202352137812284,-0.010000000000000009,-0.06966946149923015,-0.06000000000000005,,-0.5541217747495123,0.013713248610564666,0.000616794787257513,0.013713248610564666,0.000616794787257513
2020-11-06,183.19000244140625,15484.28,3509.44,-0.82,113.9919,24.86,2.51,,-0.52,0.02739671383371345,0.001420352959710769,-0.00028775379869649953,-0.00405958162660891,0.050000000000000044,-0.10383078628259046,-0.010000000000000231,,-0.6033705409217525,0.013713248610564666,0.000616794787257513,0.013713248610564666,0.000616794787257513
2020-11-09,175.0800018310547,15373.77,3550.5,-0.77,114.0895,25.75,2.47,,-0.52,-0.007162505242133577,-0.04528085614346544,0.011631958050303481,0.0008558348550762318,0.04999999999999993,0.035174541027179984,-0.03999999999999959,,-0.6044220021760297,0.013713248610564666,0.000616794787257513,0.013713248610564666,0.000616794787257513
2020-11-10,175.66000366210938,15280.63,3545.53,-0.78,114.0757,24.8,2.44,,-0.52,-0.006076797237492215,0.003307306555601741,-0.0014007834839127042,-0.00012096498516722676,-0.010000000000000009,-0.0375909739388085,-0.03000000000000025,,-0.6054750467925575,0.013713248610564666,0.000616794787257513,0.013713248610564666,0.000616794787257513
2020-11-11,174.89999389648438,15713.1,3572.66,-0.78,114.0757,23.45,2.44,,-0.52,0.027908746089892134,-0.004335982209302536,0.007622761226929953,0.0,0.0,-0.05597315827864824,0.0,,-0.6065296805902073,0.013713248610564666,0.000616794787257513,0.013713248610564666,0.000616794787257513
2020-11-12,175.9600067138672,16145.84,3537.01,-0.83,114.2843,25.35,2.45,,-0.52,0.027167672003786336,0.0060423875087805,-0.01002867890894521,0.001826940427575252,-0.04999999999999993,0.07790823514490386,0.010000000000000231,,-0.6075859094159486,0.011820661677274913,-0.0018925869332897527,0.013713248610564666,0.000616794787257513
2020-11-13,177.16000366210938,16201.94,3585.15,-0.83,114.2397,23.1,2.44,,-0.537,0.0034685568063324013,0.006796565090032125,0.013518576706374574,-0.0003903309986368342,0.0,-0.0929461125094444,-0.010000000000000231,,-0.6717581867756619,0.011820661677274913,-0.0018925869332897527,0.011820661677274913,-0.0018925869332897527
2020-11-16,177.14999389648438,16825.57,3626.91,-0.81,113.8312,22.45,2.42,,-0.537,0.0377687649595142,-5.65028686549951e-05,0.011580731916657427,-0.003582223219478209,0.019999999999999907,-0.028542003339484534,-0.020000000000000018,,-0.6726036318672011,0.011820661677274913,-0.0018925869332897527,0.011820661677274913,-0.0018925869332897527
2020-11-17,176.5,17677.63,3609.53,-0.83,113.682,22.71,2.42,,-0.537,0.04940024533582488,-0.003675920484188744,-0.00480347613410359,-0.0013115724396479678,-0.019999999999999907,0.011514741929203876,0.0,,-0.6734501213760599,0.011820661677274913,-0.0018925869332897527,0.011820661677274913,-0.0018925869332897527
2020-11-18,175.49000549316406,17642.92,3567.79,-0.82,113.46,23.84,2.39,,-0.537,-0.001965428690859028,-0.005738783845972151,-0.011631213479601499,-0.001954724979858824,0.010000000000000009,0.04855948607968186,-0.029999999999999805,,-0.6742976583021733,0.011820661677274913,-0.0018925869332897527,0.011820661677274913,-0.0018925869332897527
2020-11-19,175.16000366210938,18023.98,3581.87,-0.84,113.694,23.11,2.35,,-0.537,0.02136852373831566,-0.001882229686957615,0.003938653922539004,0.0020602770171116447,-0.020000000000000018,-0.03109941791085946,-0.040000000000000036,,-0.6751462456569868,0.011820661677274913,-0.0018925869332897527,0.011820661677274913,-0.0018925869332897527
2020-11-20,175.69000244140625,18623.35,3557.54,-0.86,113.489,23.7,2.35,,-0.553,0.03271307623949227,0.003021229432643935,-0.006815715636271591,-0.0018047129903226988,-0.020000000000000018,0.02520962385479608,0.0,,-0.7354921612931148,0.011820661677274913,-0.0018925869332897527,0.011820661677274913,-0.0018925869332897527
2020-11-23,172.22999572753906,18373.0,3577.59,-0.85,113.7548,22.66,2.33,,-0.553,-0.013533974099619428,-0.019890324232127554,0.0056200945950592995,0.0023393388177455066,0.010000000000000009,-0.04487379254122548,-0.020000000000000018,,-0.7359823721020037,0.011820661677274913,-0.0018925869332897527,0.011820661677274913,-0.0018925869332897527
2020-11-24,169.58999633789062,19057.69,3635.41,-0.86,113.4316,21.64,2.31,,-0.553,0.036588499021148024,-0.015447030279528207,0.016032507557284248,-0.002845242655689084,-0.010000000000000009,-0.04605780162157913,-0.020000000000000018,,-0.7364729360939227,0.011820661677274913,-0.0018925869332897527,0.011820661677274913,-0.0018925869332897527
2020-11-25,169.50999450683594,18902.38,3629.65,-0.87,113.1823,21.25,2.32,,-0.553,-0.008182854595226274,-0.0004718480371508349,-0.0015856720266285151,-0.0022002189677774453,-0.010000000000000009,-0.01818655860785512,0.009999999999999787,,-0.7369638538406897,0.011820661677274913,-0.0018925869332897527,0.011820661677274913,-0.0018925869332897527
2020-11-27,167.7899932861328,16727.89,3638.35,-0.91,113.1823,20.84,2.32,,-0.567,-0.12221045375985895,-0.010198732236164965,0.002394057279952122,0.0,-0.040000000000000036,-0.01948267848525953,0.0,,-0.7895387133372531,0.011820661677274913,-0.0018925869332897527,0.011820661677274913,-0.0018925869332897527
2020-11-30,166.6699981689453,19439.27,3621.63,-0.93,113.2256,20.57,2.29,,-0.567,0.15021786058323094,-0.00669735892011758,-0.004606081438497611,0.000382495491790813,-0.020000000000000018,-0.013040513220300642,-0.029999999999999805,,-0.7895871079978518,0.011820661677274913,-0.0018925869332897527,0.011820661677274913,-0.0018925869332897527
2020-12-01,170.17999267578125,19024.33,3662.45,-0.89,112.8063,20.77,2.28,,-0.567,-0.02157656057924129,0.02084085881536435,0.011208121636018475,-0.0037101000431043474,0.040000000000000036,0.00967593422315538,-0.010000000000000231,,-0.7896355060909799,0.011820661677274913,-0.0018925869332897527,0.011820661677274913,-0.0018925869332897527
2020-12-02,171.4600067138672,19083.77,3669.01,-0.9,112.6115,21.17,2.24,,-0.567,0.0031195492928688395,0.007493385024314847,0.001789548534858909,-0.0017283466389246271,-0.010000000000000009,0.019075447258752654,-0.03999999999999959,,-0.7896839076171714,0.011820661677274913,-0.0018925869332897527,0.011820661677274913,-0.0018925869332897527
2020-12-03,172.80999755859375,19369.44,3666.72,-0.94,112.0236,21.28,2.23,,-0.567,0.014858330713835244,0.00784266853055371,-0.0006243414287023796,-0.0052342785455792296,-0.039999999999999925,0.005182579326669767,-0.010000000000000231,,-0.7897323125769619,0.011820661677274913,-0.0018925869332897527,0.011820661677274913,-0.0018925869332897527
2020-12-04,172.32000732421875,18962.52,3699.12,-0.92,111.7778,20.79,2.23,,-0.58,-0.021232166927010354,-0.002839455026540705,0.00879742404541517,-0.0021965912530692577,0.019999999999999907,-0.023295562603522058,0.0,,-0.8381266710356667,0.011820661677274913,-0.0018925869332897527,0.011820661677274913,-0.0018925869332897527
2020-12-07,174.88999938964844,19050.63,3691.96,-0.94,111.8385,21.3,2.22,,-0.58,0.004635772504679281,0.0148039454595148,-0.0019374711787083498,0.0005428942477880838,-0.019999999999999907,0.024234970845458115,-0.009999999999999787,,-0.8376295910134692,0.011820661677274913,-0.0018925869332897527,0.011820661677274913,-0.0018925869332897527
2020-12-08,175.5,18742.64,3702.25,-0.97,111.8639,20.68,2.22,,-0.58,-0.01629902987031251,0.0034818415347377396,0.0027832605897479823,0.0002270874171150794,-0.030000000000000027,-0.029540023075151023,0.0,,-0.8371328700244417,0.011820661677274913,-0.0018925869332897527,0.011820661677274913,-0.0018925869332897527
2020-12-09,172.5,18341.01,3672.82,-0.96,112.0305,22.27,2.24,,-0.58,-0.021661605826421848,-0.017241806434506124,-0.007980983560702981,0.0014882018554107646,0.010000000000000009,0.07407343162904789,0.020000000000000018,,-0.8366365075079816,0.011820661677274913,-0.0018925869332897527,0.011820661677274913,-0.0018925869332897527
2020-12-10,172.1699981689453,18365.79,3668.1,-0.96,111.9788,22.52,2.22,,-0.58,0.001350158758832265,-0.0019148863181888132,-0.001285942538656215,-0.0004615879869094286,0.0,0.01116332200221315,-0.020000000000000018,,-0.8361405029046756,0.011745357842679605,-7.530383459530832e-05,0.011820661677274913,-0.0018925869332897527
2020-12-11,172.49000549316406,17983.47,3663.46,-0.97,112.1417,23.31,2.23,,-0.59,-0.021036692317677463,0.0018569454695862575,-0.001265760798382587,0.0014536825385151886,-0.010000000000000009,0.034478649776175985,0.009999999999999787,,-0.8727744631873698,0.011745357842679605,-7.530383459530832e-05,0.011745357842679605,-7.530383459530832e-05
2020-12-14,171.5399932861328,19208.08,3647.49,-0.98,112.1708,24.72,2.24,,-0.59,0.06587802120511377,-0.005522859199322383,-0.004368796230528105,0.00025945946091443517,-0.010000000000000009,0.058730179541824246,0.010000000000000231,,-0.8718153580887762,0.011745357842679605,-7.530383459530832e-05,0.011745357842679605,-7.530383459530832e-05
2020-12-15,173.94000244140625,19491.87,3694.62,-0.99,111.8601,22.89,2.26,,-0.59,0.014666431714630335,0.013893989774039994,0.012838447626448257,-0.0027737262957829856,-0.010000000000000009,-0.07691249862501426,0.019999999999999574,,-0.8708575782576065,0.011745357842679605,-7.530383459530832e-05,0.011745357842679605,-7.530383459530832e-05
2020-12-16,174.89999389648438,20802.82,3701.17,-1.0,111.7157,22.5,2.25,,-0.59,0.06509109888444087,0.005503920929852413,0.0017712784469292586,-0.0012917321112437818,-0.010000000000000009,-0.017184824754101324,-0.009999999999999787,,-0.8699011197729642,0.011745357842679605,-7.530383459530832e-05,0.011745357842679605,-7.530383459530832e-05
2020-12-17,176.74000549316406,22791.78,3722.48,-1.0,111.2226,21.93,2.23,,-0.59,0.09131139019874013,0.01046541004295598,0.005741126947631514,-0.00442365267978051,0.0,-0.025659746780577475,-0.020000000000000018,,-0.8689459787297321,0.011745357842679605,-7.530383459530832e-05,0.011745357842679605,-7.530383459530832e-05
2020-12-18,176.44000244140625,22755.25,3709.41,-1.0,111.6071,21.57,2.24,,-0.597,-0.0016040566347630403,-0.0016988680965654979,-0.003517278505022148,0.003451069418594521,0.0,-0.016552102028731586,0.010000000000000231,,-0.893916545679389,0.011745357842679605,-7.530383459530832e-05,0.011745357842679605,-7.530383459530832e-05
2020-12-21,175.8800048828125,22829.79,3694.92,-1.0,111.9415,25.16,2.23,,-0.597,0.003270374071664861,-0.0031789169989817623,-0.003913931036978013,0.0029917454139436472,0.0,0.15395197143117478,-0.010000000000000231,,-0.8926701119178062,0.011745357842679605,-7.530383459530832e-05,0.011745357842679605,-7.530383459530832e-05
2020-12-22,174.49000549316406,23423.76,3687.26,-1.01,112.1947,24.23,2.22,,-0.597,0.025684629748502275,-0.007934507183398942,-0.002075268484142967,0.0022593414870737405,-0.010000000000000009,-0.03766389700380568,-0.009999999999999787,,-0.891425904832308,0.011745357842679605,-7.530383459530832e-05,0.011745357842679605,-7.530383459530832e-05
2020-12-23,175.64999389648438,23501.99,3690.01,-1.01,111.9807,23.31,2.24,,-0.597,0.003334206591183886,0.006625879072275964,0.0007455332737915654,-0.001909219878761803,0.0,-0.038709081780768706,0.020000000000000018,,-0.8901839159543481,0.011745357842679605,-7.530383459530832e-05,0.011745357842679605,-7.530383459530832e-05
2020-12-24,176.35000610351562,23377.27,3703.06,-1.03,111.9807,21.53,2.23,,-0.597,-0.0053209156568350124,0.003977347328631531,0.0035303368029282467,0.0,-0.020000000000000018,-0.07943514167139387,-0.010000000000000231,,-0.8889441368592106,0.011745357842679605,-7.530383459530832e-05,0.011745357842679605,-7.530383459530832e-05
2020-12-28,175.7100067138672,26866.97,3735.36,-1.03,111.9752,21.7,2.22,,-0.597,0.1391334683441965,-0.0036357443125671907,0.00868469460336918,-4.911681273878088e-05,0.0,0.007864949170142133,-0.009999999999999787,,-0.8878273604282529,0.011745357842679605,-7.530383459530832e-05,0.011745357842679605,-7.530383459530832e-05
2020-12-29,176.35000610351562,26990.0,3727.04,-1.02,111.5172,23.08,2.22,,-0.597,0.004568775926594881,0.0036357443125671907,-0.0022298465500121267,-0.00409857911174516,0.010000000000000009,0.06165418109348497,0.0,,-0.8867123777160251,0.011745357842679605,-7.530383459530832e-05,0.011745357842679605,-7.530383459530832e-05
2020-12-30,177.6999969482422,28785.67,3732.04,-1.03,111.3084,22.77,2.2,,-0.597,0.06441126683878906,0.00762602669465462,0.0013406481091209344,-0.0018741119612286639,-0.010000000000000009,-0.01352256156425069,-0.020000000000000018,,-0.8855991825887518,0.011745357842679605,-7.530383459530832e-05,0.011745357842679605,-7.530383459530832e-05
2020-12-31,178.36000061035156,29126.71,3756.07,-1.06,111.3169,22.75,2.18,,-0.597,0.01177792874000616,0.0037072651943423907,0.006418196978792423,7.636149174583551e-05,-0.030000000000000027,-0.0008787346786887085,-0.020000000000000018,,-0.8844877689412162,0.011745357842679605,-7.530383459530832e-05,0.011745357842679605,-7.530383459530832e-05
2021-01-04,182.3300018310547,31244.97,3700.65,-1.08,111.2075,26.97,2.19,,-0.597,0.07020278061825103,0.022014258912347984,-0.014864718123371645,-0.0009832630382469176,-0.020000000000000018,0.17015999175467922,0.009999999999999787,,-0.8837208183389655,0.011745357842679605,-7.530383459530832e-05,0.011745357842679605,-7.530383459530832e-05
2021-01-05,182.8699951171875,33968.66,3726.86,-1.07,110.9574,25.34,2.23,,-0.597,0.08357993159699362,0.0029572490918932104,0.007057576170721447,-0.002251481720559667,0.010000000000000009,-0.062340962258645494,0.040000000000000036,,-0.8829547234113754,0.011745357842679605,-7.530383459530832e-05,0.011745357842679605,-7.530383459530832e-05
2021-01-06,179.89999389648438,36015.16,3748.14,-1.02,110.8502,25.07,2.27,,,0.05850162610086862,-0.01637438415631909,0.005693660866217698,-0.0009666035640494286,0.050000000000000044,-0.01071226272279091,0.040000000000000036,,,0.011745357842679605,-7.530383459530832e-05,0.011745357842679605,-7.530383459530832e-05
2021-01-07,179.47999572753906,39111.34,3803.79,-1.01,111.3042,22.37,2.23,,,0.08247248959265896,-0.002337349726099447,0.014738221178340893,0.004087253117919687,0.010000000000000009,-0.11395113666816403,-0.040000000000000036,,,0.011745357842679605,-7.530383459530832e-05,0.011745357842679605,-7.530383459530832e-05
2021-01-08,173.33999633789062,39062.88,3824.68,-0.93,111.2847,21.56,2.19,,-0.613,-0.001239795068176619,-0.03480879472366194,0.005476865536104825,-0.00017521089371363985,0.07999999999999996,-0.036881029461242054,-0.040000000000000036,,-0.9457367612415964,0.011745357842679605,-7.530383459530832e-05,0.011745357842679605,-7.530383459530832e-05
2021-01-11,173.0,33410.75,3799.61,-0.91,111.8257,24.08,2.15,,-0.613,-0.15629495096384716,-0.001963368081677963,-0.0065763737616642,0.004849626555364139,0.020000000000000018,0.1105418743998241,-0.040000000000000036,,-0.9450239194586051,0.011745357842679605,-7.530383459530832e-05,0.011745357842679605,-7.530383459530832e-05
2021-01-12,174.1199951171875,34287.95,3801.19,-0.93,111.5501,23.33,2.16,,-0.613,0.025916276008583594,0.00645309414351658,0.00041574571696578744,-0.0024675917431000727,-0.020000000000000018,-0.03164153440728157,0.010000000000000231,,-0.9443118256880453,0.011745357842679605,-7.530383459530832e-05,0.011745357842679605,-7.530383459530832e-05
2021-01-13,173.3699951171875,36222.07,3809.84,-0.96,111.3622,22.21,2.13,,-0.613,0.054874621073629726,-0.004316677807614688,0.002273017902771457,-0.0016858651990325768,-0.029999999999999916,-0.04919744812700255,-0.03000000000000025,,-0.9436004783155426,0.013620054947193205,0.0018746971045136007,0.011745357842679605,-7.530383459530832e-05
2021-01-14,173.27999877929688,39321.64,3795.54,-0.94,111.1567,23.25,2.12,,-0.613,0.0821064018954143,-0.0005192346256865932,-0.003760500291052793,-0.0018470346422043704,0.020000000000000018,0.045762494127029374,-0.009999999999999787,,-0.9428898757315214,0.013620054947193205,0.0018746971045136007,0.013620054947193205,0.0018746971045136007
2021-01-15,171.1300048828125,35605.7,3768.25,-0.99,111.5106,24.34,2.13,,-0.616,-0.09926926606216391,-0.012485246085867097,-0.007215990506594494,0.003178736150251993,-0.050000000000000044,0.045815955526015806,0.009999999999999787,,-0.9531832167212294,0.013620054947193205,0.0018746971045136007,0.013620054947193205,0.0018746971045136007
2021-01-19,172.5800018310547,36436.26,3798.91,-1.0,111.4527,23.24,2.11,,-0.616,0.023058695255942396,0.008437377567923399,0.008103480771509908,-0.0005193679973478638,-0.010000000000000009,-0.04624615557567102,-0.020000000000000018,,-0.9529587810614829,0.013620054947193205,0.0018746971045136007,0.013620054947193205,0.0018746971045136007
2021-01-20,175.38999938964844,34957.15,3851.85,-1.02,111.4527,21.58,2.11,,-0.616,-0.04144140693173526,0.016151154600027695,0.013839368887685666,0.0,-0.020000000000000018,-0.07410797215372167,0.0,,-0.9527344205939173,0.013620054947193205,0.0018746971045136007,0.013620054947193205,0.0018746971045136007
2021-01-21,175.27999877929688,31880.9,3853.07,-0.98,111.1973,21.32,2.12,,-0.616,-0.09211594133584988,-0.000627373967170719,0.00031668077285651464,-0.0022941847026292095,0.040000000000000036,-0.012121360532344916,0.010000000000000231,,-0.9525101352672058,0.013620054947193205,0.0018746971045136007,0.013620054947193205,0.0018746971045136007
2021-01-22,173.89999389648438,33501.36,3841.47,-0.99,111.5516,21.91,2.14,,-0.618,0.04957895063263251,-0.00790430206051873,-0.0030151272949279218,0.003181163173303858,-0.010000000000000009,0.027297554309731353,0.020000000000000018,,-0.9596173997374873,0.013620054947193205,0.0018746971045136007,0.013620054947193205,0.0018746971045136007
2021-01-25,174.0500030517578,33463.51,3855.36,-1.03,111.8676,23.19,2.15,,-0.618,-0.001130443590220409,0.0008622455288582742,0.0036092820235467116,0.0028287650364609007,-0.040000000000000036,0.05677799766006553,0.009999999999999787,,-0.9597315802619044,0.013620054947193205,0.0018746971045136007,0.013620054947193205,0.0018746971045136007
2021-01-26,173.6199951171875,31986.98,3849.62,-1.03,111.6572,23.02,2.16,,-0.618,-0.04512664642805575,-0.002473656951146097,-0.001489945739473697,-0.0018825657120737915,0.0,-0.007357747973704143,0.010000000000000231,,-0.9598457804218602,0.013620054947193205,0.0018746971045136007,0.013620054947193205,0.0018746971045136007
2021-01-27,172.52000427246094,31520.2,3750.77,-1.04,112.0782,37.21,2.16,,-0.618,-0.014700334856421193,-0.0063557782954406505,-0.026013289892048874,0.0037633784987596286,-0.010000000000000009,0.48021413906479493,0.0,,-0.9599600002241917,0.013620054947193205,0.0018746971045136007,0.013620054947193205,0.0018746971045136007
2021-01-28,172.67999267578125,32577.97,3787.38,-1.06,112.0059,30.21,2.17,,-0.618,0.03300768292093359,0.0009269317276352496,0.009713334927598183,-0.0006452934635596819,-0.020000000000000018,-0.20840454695995092,0.009999999999999787,,-0.9600742396757388,0.013620054947193205,0.0018746971045136007,0.013620054947193205,0.0018746971045136007
2021-01-29,172.61000061035156,34574.61,3714.24,-1.02,111.9511,33.09,2.17,,-0.618,0.0594833045925931,-0.00040541033768271006,-0.01950040596712732,-0.000489379667468981,0.040000000000000036,0.09105812653494061,0.0,,-0.9601884987833443,0.013620054947193205,0.0018746971045136007,0.013620054947193205,0.0018746971045136007
2021-02-01,174.22999572753906,33831.54,3773.86,-1.02,112.4189,30.24,2.19,,-0.618,-0.021726094177925148,0.009341522978241201,0.01592426914071865,0.0041699039786591285,0.0,-0.09006557062218867,0.020000000000000018,,-0.9602455303964885,0.013620054947193205,0.0018746971045136007,0.013620054947193205,0.0018746971045136007
2021-02-02,172.11000061035156,35788.3,3826.31,-1.03,112.2862,25.56,2.18,,-0.618,0.056227520865512304,-0.012242430084677736,0.01380254196564934,-0.0011811037259628065,-0.010000000000000009,-0.16813692180199835,-0.009999999999999787,,-0.9603025669016162,0.013620054947193205,0.0018746971045136007,0.013620054947193205,0.0018746971045136007
2021-02-03,171.85000610351562,37039.88,3830.17,-1.04,112.2567,22.91,2.17,,-0.618,0.03437414568358399,-0.0015117720158048797,0.0010082963259936406,-0.00026275602719749713,-0.010000000000000009,-0.10945513304392973,-0.010000000000000231,,-0.960359608299577,0.013620054947193205,0.0018746971045136007,0.013620054947193205,0.0018746971045136007
2021-02-04,168.14999389648438,37613.32,3871.74,-1.02,112.7469,21.77,2.19,,-0.618,0.015363072949487133,-0.021765636924135023,0.01079482976893864,0.004357270510960021,0.020000000000000018,-0.05104062121894826,0.020000000000000018,,-0.9604166545912208,0.013620054947193205,0.0018746971045136007,0.013620054947193205,0.0018746971045136007
2021-02-05,169.80999755859375,37740.4,3886.83,-1.02,112.2379,20.87,2.18,,-0.621,0.0033728957369678625,0.00982374869269087,0.0038898969855534204,-0.004524757836214199,0.0,-0.04222015415734681,-0.009999999999999787,,-0.9714743986395161,0.013620054947193205,0.0018746971045136007,0.013620054947193205,0.0018746971045136007
2021-02-08,171.52000427246094,44151.08,3915.59,-1.03,112.0428,21.24,2.14,,-0.621,0.15688625009356727,0.010019752210912891,0.007372105129887174,-0.0017397845575786164,-0.010000000000000009,0.017573475284628604,-0.040000000000000036,,-0.9707169579578339,0.013620054947193205,0.0018746971045136007,0.013620054947193205,0.0018746971045136007
2021-02-09,172.0800018310547,47084.16,3911.23,-1.04,111.7675,21.63,2.15,,-0.621,0.06431924991450089,0.0032595928083516412,-0.0011141179817588664,-0.002460120368431795,-0.010000000000000009,0.018195043591229698,0.009999999999999787,,-0.969960362941349,0.013620054947193205,0.0018746971045136007,0.013620054947193205,0.0018746971045136007
2021-02-10,172.7100067138672,44555.59,3909.88,-1.06,111.5834,21.99,2.16,,-0.621,-0.055199015689051834,0.0036544306292798368,-0.0003452195438775618,-0.0016485274220352508,-0.020000000000000018,0.01650656460170241,0.010000000000000231,,-0.96920461166756,0.013997697415600863,0.00037764246840765736,0.013620054947193205,0.0018746971045136007
2021-02-11,171.2100067138672,47027.49,3916.38,-1.04,111.5272,21.25,2.18,,-0.621,0.053994701306095294,-0.008723013798523027,0.001661074764843562,-0.0005037860253045423,0.020000000000000018,-0.03423090919624405,0.020000000000000018,,-0.968449702219998,0.013997697415600863,0.00037764246840765736,0.013997697415600863,0.00037764246840765736
2021-02-12,170.69000244140625,47577.49,3934.83,-1.01,111.4889,19.97,2.19,,-0.622,0.01162742588216048,-0.00304185235154808,0.004699921149025954,-0.0003434729634008704,0.030000000000000027,-0.06212574794270198,0.009999999999999787,,-0.9713555787319685,0.013997697415600863,0.00037764246840765736,0.013997697415600863,0.00037764246840765736
2021-02-16,168.24000549316406,48769.28,3932.59,-0.94,111.7879,21.46,2.15,,-0.622,0.02474085621326516,-0.014457496034196105,-0.0005694370099789126,0.002678291508417807,0.07000000000000006,0.07195958977482864,-0.040000000000000036,,-0.96903651848196,0.013997697415600863,0.00037764246840765736,0.013997697415600863,0.00037764246840765736
2021-02-17,166.3300018310547,52239.99,3931.33,-0.92,112.0204,21.5,2.13,,-0.622,0.06874768710505919,-0.01141778623419576,-0.0003204508720298094,0.0020776716827430874,0.019999999999999907,0.0018621979310644576,-0.020000000000000018,,-0.9667250306171216,0.013997697415600863,0.00037764246840765736,0.013997697415600863,0.00037764246840765736
2021-02-18,166.32000732421875,52111.89,3913.97,-0.87,112.1603,22.49,2.13,,-0.622,-0.0024551558505070403,-6.0090224343056775e-05,-0.00442558686962613,0.001248100466818336,0.050000000000000044,0.04501783083760724,0.0,,-0.9644210635746615,0.013997697415600863,0.00037764246840765736,0.013997697415600863,0.00037764246840765736
2021-02-19,167.00999450683594,55345.17,3906.71,-0.8,111.7058,22.05,2.14,,-0.624,0.06019625478093715,0.004139970385630853,-0.0018566165820494973,-0.004060468507382176,0.06999999999999995,-0.019758164078369056,0.010000000000000231,,-0.9694139277650011,0.013997697415600863,0.00037764246840765736,0.013997697415600863,0.00037764246840765736
2021-02-22,169.50999450683594,53779.38,3876.5,-0.79,111.918,23.45,2.16,,-0.624,-0.028699270149363798,0.014858231751961881,-0.007762902892533674,0.00189783076480321,0.010000000000000009,0.06155789299943315,0.020000000000000018,,-0.9649495385878676,0.013997697415600863,0.00037764246840765736,0.013997697415600863,0.00037764246840765736
2021-02-23,169.1199951171875,47812.8,3881.37,-0.79,111.8981,23.11,2.2,,-0.624,-0.1175967362481547,-0.00230339647421296,0.0012554994192246482,-0.00017782456268733426,0.0,-0.014605070605998804,0.040000000000000036,,-0.9605109050300681,0.013997697415600863,0.00037764246840765736,0.013997697415600863,0.00037764246840765736
2021-02-24,169.0,49101.18,3925.43,-0.79,111.7212,21.34,2.22,,-0.624,0.02658968102138104,-0.0007097783269722768,0.011287715277781274,-0.0015821535699425127,0.0,-0.07968217841268244,0.020000000000000018,,-0.9560976989097905,0.013997697415600863,0.00037764246840765736,0.013997697415600863,0.00037764246840765736
2021-02-25,165.82000732421875,49151.36,3829.34,-0.6,111.9253,28.89,2.12,,-0.624,0.0010214495088476383,-0.01899580806530743,-0.024783434790563774,0.0018252023319034194,0.19000000000000006,0.3029122686045369,-0.10000000000000009,,-0.9517095975694824,0.013997697415600863,0.00037764246840765736,0.013997697415600863,0.00037764246840765736
2021-02-26,161.80999755859375,46270.0,3811.15,-0.71,112.8306,27.95,2.12,,-0.627,-0.06041071368819395,-0.024480114534154218,-0.004761483718072057,0.008055894381106654,-0.10999999999999999,-0.03307831487703572,0.0,,-0.9581882309799311,0.013997697415600863,0.00037764246840765736,0.013997697415600863,0.00037764246840765736
2021-03-01,161.52999877929688,48512.99,3901.82,-0.71,112.5263,23.35,2.13,,-0.627,0.04733779421467155,-0.0017319159550748253,0.02351213008199693,-0.002700606770374314,0.0,-0.17982021548620208,0.009999999999999787,,-0.951730190208899,0.013997697415600863,0.00037764246840765736,0.013997697415600863,0.00037764246840765736
2021-03-02,162.41000366210938,47529.57,3870.29,-0.78,112.5342,24.1,2.15,,-0.627,-0.020479553466321576,0.00543314836651998,-0.008113671312553805,7.020334535123851e-05,-0.07000000000000006,0.03161485638170314,0.020000000000000018,,-0.9453188596132098,0.013997697415600863,0.00037764246840765736,0.013997697415600863,0.00037764246840765736
2021-03-03,160.6199951171875,50523.93,3819.72,-0.74,112.7617,26.67,2.14,,-0.627,0.061095041763342905,-0.011082728374519846,-0.013152318131986362,0.002019566954608365,0.040000000000000036,0.10132749769731353,-0.009999999999999787,,-0.9389533789481521,0.013997697415600863,0.00037764246840765736,0.013997697415600863,0.00037764246840765736
2021-03-04,159.0399932861328,48221.0,3768.47,-0.66,112.7037,28.57,2.13,,-0.627,-0.046652474609741645,-0.00988559566723346,-0.01350803796008293,-0.0005144913701116138,0.07999999999999996,0.06881787804875872,-0.010000000000000231,,-0.9326329068506923,0.013997697415600863,0.00037764246840765736,0.013997697415600863,0.00037764246840765736
2021-03-05,159.13999938964844,49173.85,3841.94,-0.66,113.7487,24.66,2.13,,-0.631,0.0195673673140071,0.0006286134207726946,0.01930836381558443,0.009229378163990276,0.0,-0.14717471850648334,0.0,,-0.9406955602402772,0.013997697415600863,0.00037764246840765736,0.013997697415600863,0.00037764246840765736
2021-03-08,157.49000549316406,51762.77,3821.35,-0.62,114.2678,25.47,2.14,,-0.631,0.051309186854584965,-0.010422315048140618,-0.00537368403054117,0.004553187131723924,0.040000000000000036,0.032318791255167234,0.010000000000000231,,-0.9332519370456658,0.013997697415600863,0.00037764246840765736,0.013997697415600863,0.00037764246840765736
2021-03-09,160.83999633789062,54326.14,3875.44,-0.66,113.928,24.03,2.16,,-0.631,0.04833434574648621,0.021048060194488905,0.014055441418612702,-0.002978146408922022,-0.040000000000000036,-0.05819823924298806,0.020000000000000018,,-0.9258605025161974,0.013997697415600863,0.00037764246840765736,0.013997697415600863,0.00037764246840765736
2021-03-10,161.66000366210938,56266.0,3898.81,-0.73,113.5881,22.56,2.17,,-0.631,0.0350849343463846,0.0050853276984303974,0.006012173623114236,-0.002987922638236107,-0.06999999999999995,-0.06312462311851919,0.009999999999999787,,-0.918520039541729,0.016762152173745104,0.0027644547581442414,0.013997697415600863,0.00037764246840765736
2021-03-11,161.52000427246094,57457.36,3939.34,-0.74,112.9214,21.91,2.18,,-0.631,0.02095266240809579,-0.000866386502682559,0.010341818218279286,-0.005886745812470728,-0.010000000000000009,-0.029235273022483188,0.010000000000000231,,-0.9112293562540136,0.016762152173745104,0.0027644547581442414,0.016762152173745104,0.0027644547581442414
2021-03-12,161.49000549316406,56696.81,3943.34,-0.62,113.0269,20.69,2.19,,-0.636,-0.013325159362350902,-0.00018574519969138947,0.001014883350162421,0.0009338420131230762,0.12,-0.05729266184992321,0.009999999999999787,,-0.9218952064598025,0.016762152173745104,0.0027644547581442414,0.016762152173745104,0.0027644547581442414
2021-03-15,162.1999969482422,56570.37,3968.94,-0.65,113.1928,20.03,2.18,,-0.636,-0.0022325982251860665,0.004386867610048029,0.006470976590856381,0.0014667160264218992,-0.030000000000000027,-0.032419342079724967,-0.009999999999999787,,-0.914797405948155,0.016762152173745104,0.0027644547581442414,0.016762152173745104,0.0027644547581442414
2021-03-16,162.35000610351562,55731.36,3962.71,-0.68,112.9839,19.79,2.19,,-0.636,-0.014942345245785305,0.0009244132771240032,-0.0015709218841468697,-0.0018472288206670129,-0.030000000000000027,-0.012054390063252374,0.009999999999999787,,-0.9077524475945996,0.016762152173745104,0.0027644547581442414,0.016762152173745104,0.0027644547581442414
2021-03-17,163.50999450683594,57867.42,3974.12,-0.67,113.1589,19.23,2.23,,-0.636,0.03761152724948502,0.0071195808075623646,0.002875205304977868,0.0015476949514408034,0.010000000000000009,-0.02870520001378596,0.040000000000000036,,-0.9007594266977046,0.016762152173745104,0.0027644547581442414,0.016762152173745104,0.0027644547581442414
2021-03-18,162.55999755859375,57294.12,3915.46,-0.56,112.7744,21.58,2.17,,-0.636,-0.009956531252500511,-0.005826967579591447,-0.01487052060181071,-0.003403662684518416,0.10999999999999999,0.11529540022930007,-0.06000000000000005,,-0.893817472951009,0.016762152173745104,0.0027644547581442414,0.016762152173745104,0.0027644547581442414
2021-03-19,163.24000549316406,58826.56,3913.1,-0.57,112.9756,20.95,2.1,,-0.642,0.026395452944731446,0.0041743948168262435,-0.0006029206064699366,0.0017825032405136554,-0.009999999999999898,-0.029628313461842026,-0.06999999999999984,,-0.9087379655025661,0.016762152173745104,0.0027644547581442414,0.016762152173745104,0.0027644547581442414
2021-03-22,163.0,55524.99,3940.59,-0.64,113.0023,18.88,2.08,,-0.642,-0.057760263917391086,-0.0014713433816879729,0.007000559550654373,0.0002363062947683403,-0.07000000000000006,-0.10403548565079213,-0.020000000000000018,,-0.9032169415929334,0.016762152173745104,0.0027644547581442414,0.016762152173745104,0.0027644547581442414
2021-03-23,161.80999755859375,55008.45,3910.52,-0.66,113.2916,20.3,2.11,,-0.642,-0.009346379886171263,-0.007327408483150499,-0.007660100809948389,0.0025568533452133835,-0.020000000000000018,0.07251772533038725,0.029999999999999805,,-0.8977955277414396,0.016762152173745104,0.0027644547581442414,0.016762152173745104,0.0027644547581442414
2021-03-24,162.3699951171875,54736.52,3889.14,-0.69,113.6565,21.2,2.1,,-0.642,-0.004955681458969963,0.0034548592032761505,-0.005482303984823744,0.003215715967194832,-0.029999999999999916,0.04338029563022516,-0.009999999999999787,,-0.8924767178217471,0.016762152173745104,0.0027644547581442414,0.016762152173745104,0.0027644547581442414
2021-03-25,161.77999877929688,52195.19,3909.52,-0.69,114.0016,19.81,2.11,,-0.642,-0.047540783287221444,-0.0036402714825332083,0.0052265508159266005,0.0030317415838139183,0.0,-0.0678143209675075,0.009999999999999787,,-0.8872638654143687,0.016762152173745104,0.0027644547581442414,0.016762152173745104,0.0027644547581442414
2021-03-26,162.24000549316406,53773.38,3974.54,-0.67,113.7406,18.86,2.09,,-0.648,0.029788204127941142,0.0028393742167223124,0.016494413826352528,-0.002292066329956377,0.019999999999999907,-0.049143583505148136,-0.020000000000000018,,-0.9048243482759685,0.016762152173745104,0.0027644547581442414,0.016762152173745104,0.0027644547581442414
2021-03-29,160.30999755859375,57676.41,3971.09,-0.63,113.9314,20.74,2.08,,-0.648,0.07006970191818773,-0.011967328788776932,-0.0008684019308251578,0.0016760958279258276,0.040000000000000036,0.0950209255960699,-0.009999999999999787,,-0.9015640254240764,0.016762152173745104,0.0027644547581442414,0.016762152173745104,0.0027644547581442414
2021-03-30,157.57000732421875,59060.0,3958.55,-0.62,114.203,19.61,2.04,,-0.648,0.02370562522058961,-0.017239575016029463,-0.003162819611880252,0.0023810536974506746,0.010000000000000009,-0.05602456259312616,-0.040000000000000036,,-0.8985394627569463,0.016762152173745104,0.0027644547581442414,0.016762152173745104,0.0027644547581442414
2021-03-31,159.9600067138672,58553.12,3972.89,-0.63,113.8234,19.4,2.03,,-0.648,-0.008619499903579353,0.015053975494509153,0.0036159929659937973,-0.0033294421230287696,-0.010000000000000009,-0.01076657413897264,-0.010000000000000231,,-0.8957683897395045,0.016762152173745104,0.0027644547581442414,0.016762152173745104,0.0027644547581442414
2021-04-01,161.97999572753906,58918.99,4019.87,-0.66,113.7389,17.33,1.98,,-0.648,0.00622907314800436,0.012549018493591468,0.011755774236888783,-0.0007426538041119812,-0.030000000000000027,-0.11283396234176779,-0.04999999999999982,,-0.8932708704431943,0.016762152173745104,0.0027644547581442414,0.016762152173745104,0.0027644547581442414
2021-04-05,161.9199981689453,59005.21,4077.91,-0.62,113.394,17.91,1.93,,-0.648,0.001462295531599267,-0.0003704696536619423,0.014335038467166328,-0.0030369908110481347,0.040000000000000036,0.032920112345105945,-0.050000000000000044,,-0.8910696798848147,0.016762152173745104,0.0027644547581442414,0.016762152173745104,0.0027644547581442414
2021-04-06,163.22000122070312,58225.01,4073.94,-0.65,113.1464,18.12,1.95,,-0.648,-0.013310757573879783,0.007996616729269768,-0.0009740121110812794,-0.0021859244407753664,-0.030000000000000027,0.011657084542212814,0.020000000000000018,,-0.8902474320415289,0.016762152173745104,0.0027644547581442414,0.016762152173745104,0.0027644547581442414
2021-04-07,162.75999450683594,56153.84,4079.95,-0.66,113.2436,17.16,1.96,,-0.648,-0.0362199204260687,-0.0028223021365771928,0.001474143283354934,0.0008586952248119673,-0.010000000000000009,-0.05443520655501688,0.010000000000000009,,-0.889883647482331,0.016762152173745104,0.0027644547581442414,0.016762152173745104,0.0027644547581442414
2021-04-08,164.50999450683594,57732.53,4097.17,-0.69,113.0917,16.95,1.98,,-0.648,0.027725725721911232,0.010694635856861368,0.004211758040806757,-0.0013422565795613295,-0.029999999999999916,-0.012313260233357326,0.020000000000000018,,-0.8900289492867217,0.016762152173745104,0.0027644547581442414,0.016762152173745104,0.0027644547581442414
2021-04-09,163.27000427246094,58370.59,4128.8,-0.64,113.2028,16.69,1.96,,-0.664,0.010991374283008781,-0.007566026934119563,0.007690316372556794,0.0009819064000788913,0.04999999999999993,-0.015458096152715317,-0.020000000000000018,,-0.9599741646330688,0.016762152173745104,0.0027644547581442414,0.016762152173745104,0.0027644547581442414
2021-04-12,162.27999877929688,60090.42,4127.99,-0.64,113.1815,16.91,1.95,,-0.664,0.029038260740364308,-0.006082067490100762,-0.00019620215667437435,-0.00018817559400385875,0.0,0.013095425236745228,-0.010000000000000009,,-0.9622079980202332,0.016762152173745104,0.0027644547581442414,0.016762152173745104,0.0027644547581442414
2021-04-13,163.42999267578125,62997.02,4141.59,-0.69,113.0391,16.65,1.97,,-0.664,0.047236995848338736,0.007061488473290467,0.003289166381145847,-0.0012589482903679894,-0.04999999999999993,-0.015494946484036376,0.020000000000000018,,-0.965248322595174,0.02619762508959189,0.009435472915846788,0.016762152173745104,0.0027644547581442414
2021-04-14,162.72000122070312,62150.03,4124.66,-0.69,112.7849,16.99,1.98,,-0.664,-0.013536123025733815,-0.004353779487220599,-0.004096179929696575,-0.002251311706157999,0.0,0.020214719257388047,0.010000000000000009,,-0.9692034501090734,0.02619762508959189,0.009435472915846788,0.02619762508959189,0.009435472915846788
2021-04-15,165.35000610351562,63363.29,4170.42,-0.77,112.6181,16.57,1.95,,-0.664,0.019333371003396493,0.016033536538392568,0.011033158016154232,-0.0014800160640922044,-0.08000000000000007,-0.02503110424536903,-0.030000000000000027,,-0.9742034240314462,0.02619762508959189,0.009435472915846788,0.02619762508959189,0.009435472915846788
2021-04-16,166.35000610351562,61713.42,4185.47,-0.77,112.4814,16.25,1.97,,-0.67,-0.02638326035050831,0.006029562814785727,0.0036022533265391843,-0.0012145741488085449,0.0,-0.019500922662725184,0.020000000000000018,,-1.0094573573576244,0.02619762508959189,0.009435472915846788,0.02619762508959189,0.009435472915846788
2021-04-19,165.88999938964844,55930.94,4163.26,-0.73,112.1835,17.29,1.99,,-0.67,-0.0983836958976756,-0.0027691247303618383,-0.005320582266875817,-0.0026519511912219684,0.040000000000000036,0.06203539091945265,0.020000000000000018,,-1.0137985232373699,0.02619762508959189,0.009435472915846788,0.02619762508959189,0.009435472915846788
2021-04-20,166.47999572753906,56572.44,4134.94,-0.74,112.2354,18.68,2.0,,-0.67,0.011404225412269042,0.0035502419969404286,-0.006825603130707236,0.00046252789694012364,-0.010000000000000009,0.07732513310549738,0.010000000000000009,,-1.019213082072029,0.02619762508959189,0.009435472915846788,0.02619762508959189,0.009435472915846788
2021-04-21,168.1300048828125,55478.7,4173.42,-0.76,112.1771,17.5,2.01,,-0.67,-0.019522777522462675,0.009862362310854245,0.009263025469113728,-0.000519578912151708,-0.020000000000000018,-0.06525255187122792,0.009999999999999787,,-1.0258589002556568,0.02619762508959189,0.009435472915846788,0.02619762508959189,0.009435472915846788
2021-04-22,167.0399932861328,52923.54,4134.98,-0.76,112.2297,18.71,1.99,,-0.67,-0.04715093287123473,-0.006504254231621154,-0.009253351856793657,0.00046879150688283744,0.0,0.06685725935652975,-0.019999999999999796,,-1.0339284322054982,0.02619762508959189,0.009435472915846788,0.02619762508959189,0.009435472915846788
2021-04-23,166.39999389648438,50876.71,4180.17,-0.76,112.0889,17.33,1.99,,-0.677,-0.039442975442018025,-0.003838772793776535,0.010869423861540994,-0.0012553575003666495,0.0,-0.07661903655848379,0.0,,-1.0820382499784829,0.02619762508959189,0.009435472915846788,0.02619762508959189,0.009435472915846788
2021-04-26,166.83999633789062,54038.21,4187.62,-0.78,111.8109,17.64,1.98,,-0.677,0.06028613393975313,0.002640755671589723,0.0017806378908797882,-0.0024832549458144726,-0.020000000000000018,0.01772994685113094,-0.010000000000000009,,-1.0888119352277523,0.02619762508959189,0.009435472915846788,0.02619762508959189,0.009435472915846788
2021-04-27,166.4199981689453,54761.7,4186.72,-0.76,111.9097,17.56,1.97,,-0.677,0.013299655565186086,-0.002520544909244471,-0.00021494231270047237,0.0008832446044122477,0.020000000000000018,-0.004545462371674969,-0.010000000000000009,,-1.0969768809902436,0.02619762508959189,0.009435472915846788,0.02619762508959189,0.009435472915846788
2021-04-28,166.91000366210938,55407.03,4183.18,-0.78,111.7909,17.28,1.98,,-0.677,0.011715436513121347,0.0029400644612769256,-0.0008458882928294997,-0.0010621340413790037,-0.020000000000000018,-0.01607382483106079,0.010000000000000009,,-1.106751783172608,0.02619762508959189,0.009435472915846788,0.02619762508959189,0.009435472915846788
2021-04-29,166.22000122070312,52860.02,4211.47,-0.77,111.7464,17.61,1.97,,-0.677,-0.04705919347557064,-0.0041425474621679115,0.006740032543708807,-0.00039814384970959793,0.010000000000000009,0.01891715913220482,-0.010000000000000009,,-1.1184066219305069,0.02619762508959189,0.009435472915846788,0.02619762508959189,0.009435472915846788
2021-04-30,165.66000366210938,57007.38,4181.17,-0.76,112.0839,18.61,1.96,,-0.682,0.07553344560376907,-0.003374702192485479,-0.007220643718202524,0.0030156797875697805,0.010000000000000009,0.055232148146044935,-0.010000000000000009,,-1.1636134354754137,0.02619762508959189,0.009435472915846788,0.02619762508959189,0.009435472915846788
2021-05-03,167.80999755859375,57564.86,4192.66,-0.79,112.005,18.31,1.96,,-0.682,0.00973157895155019,0.01289485518814093,0.002744265697041115,-0.0007041848414663932,-0.030000000000000027,-0.016251711967740334,0.0,,-1.1715573930795582,0.02619762508959189,0.009435472915846788,0.02619762508959189,0.009435472915846788
2021-05-04,166.5800018310547,54539.73,4164.66,-0.81,112.2896,19.48,1.97,,-0.682,-0.05398288517917749,-0.007356686965197312,-0.006700737740406026,0.0025377352173237,-0.020000000000000018,0.061940939527969974,0.010000000000000009,,-1.1810176407669268,0.02619762508959189,0.009435472915846788,0.02619762508959189,0.009435472915846788
2021-05-05,167.27000427246094,57136.04,4167.59,-0.88,112.1514,19.15,1.98,,-0.682,0.04650566402571776,0.004133613366980704,0.0007032914568743109,-0.0012315042034769519,-0.06999999999999995,-0.017085582587734294,0.010000000000000009,,-1.1922289351769308,0.02619762508959189,0.009435472915846788,0.02619762508959189,0.009435472915846788
2021-05-06,170.05999755859375,56128.42,4201.62,-0.87,111.8401,18.39,1.96,,-0.682,-0.017792811317898227,0.016542002735280725,0.00813223411591224,-0.0027795715500431584,0.010000000000000009,-0.040495677010425,-0.020000000000000018,,-1.2054804465798283,0.02619762508959189,0.009435472915846788,0.02619762508959189,0.009435472915846788
2021-05-07,171.58999633789062,57584.01,4232.6,-0.89,111.0249,16.69,1.97,,-0.687,0.02560264537805068,0.008956587353821988,0.007346296237811245,-0.00731567213985862,-0.020000000000000018,-0.09699730094248604,0.010000000000000009,,-1.256868536165546,0.02619762508959189,0.009435472915846788,0.02619762508959189,0.009435472915846788
2021-05-10,172.11000061035156,55733.76,4188.43,-0.91,110.7905,19.66,1.98,,-0.687,-0.03265885754042941,0.0030259218728545534,-0.010490499399026021,-0.002113469914627686,-0.020000000000000018,0.1637763770452767,0.010000000000000009,,-1.2644638923008105,0.02619762508959189,0.009435472915846788,0.02619762508959189,0.009435472915846788
2021-05-11,172.13999938964844,56608.93,4152.1,-0.89,110.8921,21.84,2.01,,-0.687,0.015580679160162703,0.0001742848474819425,-0.008711731693216151,0.0009166259067123761,0.020000000000000018,0.10515703615768368,0.029999999999999805,,-1.2734805541289327,0.02619762508959189,0.009435472915846788,0.02619762508959189,0.009435472915846788
2021-05-12,170.42999267578125,54437.0,4063.04,-0.85,111.5636,27.59,2.02,,-0.687,-0.03912267689020865,-0.009983483413452454,-0.021682768452684797,0.006037175397523242,0.040000000000000036,0.2337102373524904,0.010000000000000231,,-1.2841193389991508,0.041596948387021104,0.015399323297429213,0.02619762508959189,0.009435472915846788
2021-05-13,171.1300048828125,48569.97,4112.5,-0.85,111.5955,23.13,2.04,,-0.687,-0.11403863103329748,0.004098917859921336,0.012099654192200049,0.0002858946842607679,0.0,-0.1763229119858467,0.020000000000000018,,-1.2966238725505008,0.041596948387021104,0.015399323297429213,0.041596948387021104,0.015399323297429213
2021-05-14,172.69000244140625,50141.33,4173.85,-0.88,111.1353,18.81,2.03,,-0.689,0.03184017941407191,0.009074563611958908,0.014807755166462044,-0.004132348600876412,-0.030000000000000027,-0.2067418329304087,-0.010000000000000231,,-1.3273920523574678,0.041596948387021104,0.015399323297429213,0.041596948387021104,0.015399323297429213
2021-05-17,174.6999969482422,44197.73,4163.29,-0.9,111.079,19.72,2.02,,-0.689,-0.12617218780756012,0.011572105937362132,-0.002533244169402593,-0.0005067180753410838,-0.020000000000000018,0.04724470586155016,-0.009999999999999787,,-1.3330324278123564,0.041596948387021104,0.015399323297429213,0.041596948387021104,0.015399323297429213
2021-05-18,175.0399932861328,43262.7,4127.83,-0.88,110.8317,21.34,2.03,,-0.689,-0.02138259840662471,0.0019442812059784487,-0.008553781927838955,-0.002228825400265144,0.020000000000000018,0.07894989669911778,0.009999999999999787,,-1.3398324892697144,0.041596948387021104,0.015399323297429213,0.041596948387021104,0.015399323297429213
2021-05-19,175.16000366210938,39337.45,4115.68,-0.8,110.8807,22.18,2.02,,-0.689,-0.0951138405542018,0.0006853819629943914,-0.002947775595103508,0.00044201407587340924,0.07999999999999996,0.038607736048613894,-0.009999999999999787,,-1.3479334747890457,0.041596948387021104,0.015399323297429213,0.041596948387021104,0.015399323297429213
2021-05-20,175.9600067138672,40116.04,4159.12,-0.78,110.8605,20.67,2.02,,-0.689,0.019599262995928513,0.00455687179574138,0.01049944386861057,-0.00018219437845434783,0.020000000000000018,-0.07050760822854407,0.0,,-1.3575030672527386,0.041596948387021104,0.015399323297429213,0.041596948387021104,0.015399323297429213
2021-05-21,176.0399932861328,36062.13,4155.86,-0.8,111.0576,20.15,2.01,,-0.692,-0.10653297008350471,0.0004544691684227331,-0.0007841270013955182,0.0017763314648657769,-0.020000000000000018,-0.025479085300985194,-0.010000000000000231,,-1.3954645951114786,0.041596948387021104,0.015399323297429213,0.041596948387021104,0.015399323297429213
2021-05-24,176.35000610351562,39606.11,4197.05,-0.83,110.9118,18.4,2.0,,-0.692,0.09374011503745194,0.0017594874877140398,0.009862511119054673,-0.001313694779265795,-0.029999999999999916,-0.09085362377775175,-0.009999999999999787,,-1.3978361651053066,0.041596948387021104,0.015399323297429213,0.041596948387021104,0.015399323297429213
2021-05-25,177.9499969482422,37292.69,4188.13,-0.86,110.842,18.84,2.01,,-0.692,-0.060186070396612834,0.009031903514378214,-0.0021275639556268544,-0.000629527000711505,-0.030000000000000027,0.023631604533277173,0.009999999999999787,,-1.4010353845975105,0.041596948387021104,0.015399323297429213,0.041596948387021104,0.015399323297429213
2021-05-26,177.63999938964844,38476.74,4195.99,-0.82,110.8677,17.36,1.98,,-0.692,0.03125657398271642,-0.0017435678186670245,0.0018749737128445076,0.0002318346929808257,0.040000000000000036,-0.08181355991601302,-0.029999999999999805,,-1.4051416702901653,0.041596948387021104,0.015399323297429213,0.041596948387021104,0.015399323297429213
2021-05-27,177.7100067138672,38768.36,4200.88,-0.81,110.8688,16.74,1.98,,-0.692,0.007550547166234267,0.0003940189892901458,0.0011647198427056082,9.92168632585333e-06,0.009999999999999898,-0.036367644170875124,0.0,,-1.4102468756229518,0.041596948387021104,0.015399323297429213,0.041596948387021104,0.015399323297429213
2021-05-28,178.3800048828125,35789.31,4204.11,-0.84,110.7576,16.76,1.99,,-0.694,-0.07995520457629368,0.003763087633854134,0.000768591077205727,-0.0010034906430957946,-0.029999999999999916,0.0011940299926078701,0.010000000000000009,,-1.4275995395373127,0.041596948387021104,0.015399323297429213,0.041596948387021104,0.015399323297429213
2021-06-01,177.89999389648438,35973.86,4202.04,-0.84,110.5046,17.9,1.97,,-0.694,0.005143318134804176,-0.0026945732480543327,-0.0004924965749690813,-0.0022868805450011465,0.0,0.06580561779277216,-0.020000000000000018,,-1.4262856028463085,0.041596948387021104,0.015399323297429213,0.041596948387021104,0.015399323297429213
2021-06-02,178.77000427246094,37884.58,4208.12,-0.85,110.5799,17.48,1.98,,-0.694,0.051751605541372925,0.004878526963101315,0.0014458704850337512,0.0006811875360934749,-0.010000000000000009,-0.02374334261931965,0.010000000000000009,,-1.4255164537000453,0.041596948387021104,0.015399323297429213,0.041596948387021104,0.015399323297429213
2021-06-03,175.27000427246094,38596.65,4192.85,-0.79,111.1782,18.04,1.96,,-0.694,0.018621315999741483,-0.019772420864664575,-0.0036352984992422677,0.005395982845325165,0.05999999999999994,0.03153414440708824,-0.020000000000000018,,-1.4253296135260998,0.041596948387021104,0.015399323297429213,0.041596948387021104,0.015399323297429213
2021-06-04,177.16000366210938,36801.0,4229.89,-0.84,110.7521,16.42,1.98,,-0.695,-0.047640466421036365,0.010725633264657475,0.008795294352097471,-0.0038399490612830434,-0.04999999999999993,-0.09409141061019533,0.020000000000000018,,-1.435786202712987,0.041596948387021104,0.015399323297429213,0.041596948387021104,0.015399323297429213
2021-06-07,177.8699951171875,35634.45,4226.52,-0.82,110.5155,16.42,1.98,,-0.695,-0.03221215214806605,0.003999619209611005,-0.000797028568481295,-0.002138587756864041,0.020000000000000018,0.0,0.0,,-1.431468189494344,0.041596948387021104,0.015399323297429213,0.041596948387021104,0.015399323297429213
2021-06-08,177.32000732421875,32864.19,4227.26,-0.83,110.649,17.07,1.98,,-0.695,-0.08092925143908047,-0.003096867753862753,0.00017506961427571355,0.0012072463366772368,-0.010000000000000009,0.03882243278206676,0.0,,-1.4275222129055036,0.041596948387021104,0.015399323297429213,0.041596948387021104,0.015399323297429213
2021-06-09,176.97999572753906,36260.45,4219.55,-0.82,110.5707,17.89,1.96,,-0.695,0.098344000487673,-0.0019193434836646261,-0.001825541746812931,-0.0007078935851527746,0.010000000000000009,0.046919360714278824,-0.020000000000000018,,-1.4239647747740232,0.041596948387021104,0.015399323297429213,0.041596948387021104,0.015399323297429213
2021-06-10,177.74000549316406,36675.1,4239.18,-0.9,110.5456,16.1,2.0,,-0.695,0.011370435059109951,0.004285131517665519,0.004641367023083376,-0.00022702984906874946,-0.08000000000000007,-0.10542262553021065,0.040000000000000036,,-1.4208143865616731,0.04992706537594471,0.008330116988923608,0.041596948387021104,0.015399323297429213
2021-06-11,175.74000549316406,37246.76,4247.44,-0.85,111.0933,15.65,1.97,,-0.694,0.015466910498467712,-0.011316177890912549,0.0019465941937433229,0.00494228328014934,0.050000000000000044,-0.028348355004255144,-0.030000000000000027,,-1.4076330889397228,0.04992706537594471,0.008330116988923608,0.04992706537594471,0.008330116988923608
2021-06-14,174.7100067138672,39716.06,4255.15,-0.85,110.9659,16.39,1.96,,-0.694,0.06419067871953388,-0.00587816641004224,0.0018135655401927409,-0.0011474418891728178,0.0,0.04620047576957642,-0.010000000000000009,,-1.402186906049597,0.04992706537594471,0.008330116988923608,0.04992706537594471,0.008330116988923608
2021-06-15,174.0500030517578,39957.76,4246.59,-0.87,111.3507,17.02,1.96,,-0.694,0.006067256256734765,-0.0037848631237418218,-0.0020137061101781484,0.0034617332603499307,-0.020000000000000018,0.03771773038948956,0.0,,-1.3970455294254744,0.04992706537594471,0.008330116988923608,0.04992706537594471,0.008330116988923608
2021-06-16,171.11000061035156,38680.1,4223.7,-0.75,111.1165,18.15,1.91,,-0.694,-0.03249764025593649,-0.017036003680355627,-0.005404786783293147,-0.0021054796978452472,0.12,0.06428143756563154,-0.050000000000000044,,-1.392219271186009,0.04992706537594471,0.008330116988923608,0.04992706537594471,0.008330116988923608
2021-06-17,165.85000610351562,37702.53,4221.86,-0.75,112.5772,17.75,1.84,,-0.694,-0.025598054941571746,-0.031222825916410457,-0.00043573191810075684,0.013060008054055494,0.0,-0.022285044789434938,-0.06999999999999984,,-1.3877197211500443,0.04992706537594471,0.008330116988923608,0.04992706537594471,0.008330116988923608
2021-06-18,164.92999267578125,35323.65,4166.45,-0.79,113.0408,20.7,1.85,,-0.691,-0.06517448967577799,-0.005562705142465596,-0.013211434948255274,0.004109606968177637,-0.040000000000000036,0.15374818434989868,0.010000000000000009,,-1.3509910237456204,0.04992706537594471,0.008330116988923608,0.04992706537594471,0.008330116988923608
2021-06-21,166.9499969482422,32563.89,4224.79,-0.75,112.8391,17.89,1.88,,-0.691,-0.0813487055371791,0.012173251058175794,0.013905201143733947,-0.001785905285148992,0.040000000000000036,-0.14589180275069547,0.029999999999999805,,-1.3451544970642595,0.04992706537594471,0.008330116988923608,0.04992706537594471,0.008330116988923608
2021-06-22,166.25,32404.06,4246.44,-0.83,112.9174,16.66,1.9,,-0.691,-0.0049202821528453455,-0.004201668574228101,0.005111429423335423,0.0006936677627411569,-0.07999999999999996,-0.0712312607819312,0.020000000000000018,,-1.3395772211285173,0.04992706537594471,0.008330116988923608,0.04992706537594471,0.008330116988923608
2021-06-23,166.13999938964844,32882.5,4241.84,-0.84,112.3819,16.32,1.89,,-0.691,0.014656877771010102,-0.000661876798756289,-0.0010838474815404453,-0.004753685505584748,-0.010000000000000009,-0.02061928720273576,-0.010000000000000009,,-1.334266786146021,0.04992706537594471,0.008330116988923608,0.04992706537594471,0.008330116988923608
2021-06-24,166.0399932861328,34854.63,4266.49,-0.81,112.326,15.97,1.88,,-0.691,0.05824538211453678,-0.0006021199876098393,0.0057943377765710125,-0.0004975348098854582,0.029999999999999916,-0.021679387309039733,-0.010000000000000009,,-1.3292317361243546,0.04992706537594471,0.008330116988923608,0.04992706537594471,0.008330116988923608
2021-06-25,166.58999633789062,32222.91,4280.7,-0.8,111.9655,15.62,1.9,,-0.687,-0.07850829323124486,0.003306999189259585,0.003325072472303958,-0.003214569526122979,0.010000000000000009,-0.022159817815381455,0.020000000000000018,,-1.2794997737501494,0.04992706537594471,0.008330116988923608,0.04992706537594471,0.008330116988923608
2021-06-28,166.5800018310547,34441.77,4290.61,-0.84,112.0248,15.76,1.88,,-0.687,0.06659238172305137,-5.9996439618181796e-05,0.002312366351411299,0.0005294872267720407,-0.039999999999999925,0.00892294001819316,-0.020000000000000018,,-1.2735903269123505,0.04992706537594471,0.008330116988923608,0.04992706537594471,0.008330116988923608
2021-06-29,164.8300018310547,36382.39,4291.8,-0.83,112.2613,16.02,1.87,,-0.687,0.054814794402039624,-0.010561034647227352,0.00027731138634301544,0.002108914352278113,0.010000000000000009,0.016362857210480364,-0.009999999999999787,,-1.2679026051156161,0.04992706537594471,0.008330116988923608,0.04992706537594471,0.008330116988923608
2021-06-30,165.6300048828125,34743.56,4297.5,-0.87,112.5533,15.83,1.87,,-0.687,-0.046090635273952074,0.004841763592293269,0.0013272329146101214,0.002597697517884079,-0.040000000000000036,-0.011931067747292357,0.0,,-1.2624427009670751,0.04992706537594471,0.008330116988923608,0.04992706537594471,0.008330116988923608
2021-07-01,166.1999969482422,33091.48,4319.94,-0.87,112.74,15.48,1.86,,-0.687,-0.0487183836584304,0.0034354496150825753,0.005208054995812006,0.0016573954284311299,0.0,-0.022358005731339947,-0.010000000000000009,,-1.257217468871618,0.04992706537594471,0.008330116988923608,0.04992706537594471,0.008330116988923608
2021-07-02,167.2899932861328,33327.71,4352.34,-0.89,112.5425,15.07,1.87,,-0.681,0.007113335651739661,0.00653692915069648,0.007472118231364178,-0.0017533545712336007,-0.020000000000000018,-0.026842855523177,0.010000000000000009,,-1.1823735376845292,0.04992706537594471,0.008330116988923608,0.04992706537594471,0.008330116988923608
2021-07-06,168.1199951171875,34019.99,4343.54,-0.94,112.9516,16.44,1.9,,-0.681,0.020559109934398023,0.004949187883217299,-0.0020239476634920095,0.003628480291468783,-0.04999999999999993,0.08701137698963013,0.029999999999999805,,-1.1777961094098928,0.04992706537594471,0.008330116988923608,0.04992706537594471,0.008330116988923608
2021-07-07,168.75999450683594,34628.71,4358.13,-0.95,113.1048,16.2,1.89,,-0.681,0.017734813759069823,0.0037995736126816837,0.0033533824363036757,0.0013554141661487051,-0.010000000000000009,-0.01470614738969589,-0.010000000000000009,,-1.1734571746447022,0.04992706537594471,0.008330116988923608,0.04992706537594471,0.008330116988923608
2021-07-08,168.64999389648438,33002.45,4320.82,-0.92,113.0776,19.0,1.91,,-0.681,-0.04810130564711379,-0.0006520293887515294,-0.008597867216574073,-0.00024051385192791486,0.029999999999999916,0.15942773692810208,0.020000000000000018,,-1.1693671727757098,0.04992706537594471,0.008330116988923608,0.04992706537594471,0.008330116988923608
2021-07-09,169.2100067138672,33445.31,4369.55,-0.91,112.8375,16.18,1.91,,-0.674,0.01332976634154548,0.0033150614410244472,0.011214829918571922,-0.002125578063610689,0.010000000000000009,-0.1606630675360945,0.0,,-1.081115127767398,0.04992706537594471,0.008330116988923608,0.04992706537594471,0.008330116988923608
2021-07-12,169.0,32822.85,4384.63,-0.95,112.7611,16.17,1.91,,-0.674,-0.018786648290298302,-0.0012418718351820957,0.003445214723939216,-0.0006773091935921016,-0.039999999999999925,-0.0006182380413299882,0.0,,-1.0750540551278875,0.04992706537594471,0.008330116988923608,0.04992706537594471,0.008330116988923608
2021-07-13,169.22000122070312,32309.69,4369.21,-0.94,113.0063,17.12,1.91,,-0.674,-0.015757733948529307,0.0013009357869862015,-0.0035230289676473348,0.002172147939951685,0.010000000000000009,0.05708969712458023,0.0,,-1.0691268332455413,0.053914514133213354,0.003987448757268641,0.04992706537594471,0.008330116988923608
2021-07-14,171.0399932861328,32729.77,4374.3,-0.97,112.8801,16.33,1.91,,-0.674,0.012917876058612165,0.010697757313475442,0.0011642922750674245,-0.001117375929940323,-0.030000000000000027,-0.047243463731222235,0.0,,-1.063336306767506,0.053914514133213354,0.003987448757268641,0.053914514133213354,0.003987448757268641
2021-07-15,171.07000732421875,31538.92,4360.03,-1.01,113.0041,17.01,1.92,,-0.674,-0.037062722579692675,0.0001754642548270624,-0.0032675689369963123,0.0010979077992692154,-0.040000000000000036,0.040797499425396566,0.010000000000000009,,-1.0576856920679347,0.053914514133213354,0.003987448757268641,0.053914514133213354,0.003987448757268641
2021-07-16,169.41000366210938,31911.34,4327.16,-1.02,113.0428,18.45,1.93,,-0.667,0.011739093797547895,-0.009751038308664306,-0.007567500391697735,0.00034240682246178267,-0.010000000000000009,0.08126296407876588,0.010000000000000009,,-0.9649120489730721,0.053914514133213354,0.003987448757268641,0.053914514133213354,0.003987448757268641
2021-07-19,169.61000061035156,30744.84,4258.49,-1.05,113.5472,22.5,1.97,,-0.667,-0.03723925722041166,0.0011798535126086307,-0.015996800327963356,0.004452101444468504,-0.030000000000000027,0.198450938723838,0.040000000000000036,,-0.9586910414976523,0.053914514133213354,0.003987448757268641,0.053914514133213354,0.003987448757268641
2021-07-20,169.38999938964844,29780.87,4323.06,-1.03,113.7502,19.73,1.98,,-0.667,-0.03185593422678501,-0.0012979424872483492,0.015048847488143835,0.0017862065643798886,0.020000000000000018,-0.13137498917585022,0.010000000000000009,,-0.952558866852692,0.053914514133213354,0.003987448757268641,0.053914514133213354,0.003987448757268641
2021-07-21,168.75999450683594,31627.58,4358.69,-0.98,113.3926,17.91,1.96,,-0.667,0.06016328368092161,-0.003726190289075504,0.00820806865888457,-0.0031486826387912004,0.050000000000000044,-0.09678110396190354,-0.020000000000000018,,-0.9465166979358133,0.053914514133213354,0.003987448757268641,0.053914514133213354,0.003987448757268641
2021-07-22,169.08999633789062,32376.93,4367.48,-1.01,113.4695,17.69,1.95,,-0.667,0.02341660739467777,0.0019535411866025143,0.002014630238242887,0.0006779449096638857,-0.030000000000000027,-0.012359707900926331,-0.010000000000000009,,-0.9405659022975629,0.053914514133213354,0.003987448757268641,0.053914514133213354,0.003987448757268641
2021-07-23,168.55999755859375,32248.64,4411.79,-1.05,113.4398,17.2,1.93,,-0.661,-0.003970260332534892,-0.0031393408805522327,0.010094319060165446,-0.0002617786064265104,-0.040000000000000036,-0.02809012435228686,-0.020000000000000018,,-0.8575819377704803,0.053914514133213354,0.003987448757268641,0.053914514133213354,0.003987448757268641
2021-07-26,168.16000366210938,39361.36,4422.3,-1.11,113.2238,17.58,1.94,,-0.661,0.1993087526227022,-0.0023758261058626218,0.0023794199422138007,-0.0019059087156891863,-0.06000000000000005,0.02185250843762354,0.010000000000000009,,-0.8512573765169781,0.053914514133213354,0.003987448757268641,0.053914514133213354,0.003987448757268641
2021-07-27,168.44000244140625,37800.49,4401.46,-1.13,113.2227,19.36,1.95,,-0.661,-0.04046255892815864,0.0016636888817753714,-0.004723618672649366,-9.715319071013084e-06,-0.019999999999999796,0.0964471895914003,0.010000000000000009,,-0.8449872092539894,0.053914514133213354,0.003987448757268641,0.053914514133213354,0.003987448757268641
2021-07-28,169.2899932861328,40388.61,4400.64,-1.15,113.1807,18.31,1.96,,-0.661,0.06622574901961897,0.0050335632022413535,-0.0001863191743716186,-0.0003710191673960139,-0.020000000000000018,-0.055761723162012,0.010000000000000009,,-0.8387714811238912,0.053914514133213354,0.003987448757268641,0.053914514133213354,0.003987448757268641
2021-07-29,171.1699981689453,39659.84,4419.15,-1.15,112.4834,17.7,1.94,,-0.661,-0.01820872573207133,0.01104402302009877,0.004197385011620369,-0.006180001332035445,0.0,-0.03388271910663576,-0.020000000000000018,,-0.8326103203906974,0.053914514133213354,0.003987448757268641,0.053914514133213354,0.003987448757268641
2021-07-30,169.82000732421875,39860.64,4395.26,-1.16,112.6714,18.24,1.95,,-0.655,0.005050282060402367,-0.007918108309763028,-0.005420682382194286,0.0016699625652289996,-0.010000000000000009,0.030052345066402086,0.010000000000000009,,-0.7472126525390456,0.053914514133213354,0.003987448757268641,0.053914514133213354,0.003987448757268641
2021-08-02,169.61000061035156,39177.85,4387.16,-1.17,112.6691,19.46,1.95,,-0.655,-0.017277834777919665,-0.0012374082182162738,-0.0018445946098477606,-2.04135519359383e-05,-0.010000000000000009,0.06474409211167353,0.0,,-0.7408823256109799,0.053914514133213354,0.003987448757268641,0.053914514133213354,0.003987448757268641
2021-08-03,169.49000549316406,38008.8,4423.15,-1.19,112.8228,18.04,1.97,,-0.655,-0.030293824211028664,-0.0007077270423847537,0.008170019032652576,0.001363242083670002,-0.020000000000000018,-0.07576956212338137,0.020000000000000018,,-0.7345792436726776,0.053914514133213354,0.003987448757268641,0.053914514133213354,0.003987448757268641
2021-08-04,169.52999877929688,39752.17,4402.66,-1.16,112.8953,17.97,1.96,,-0.655,0.044846718941775165,0.00023593466942628538,-0.00464320822964126,0.000642394229733334,0.030000000000000027,-0.003887813839010157,-0.010000000000000009,,-0.7283027601010887,0.053914514133213354,0.003987448757268641,0.053914514133213354,0.003987448757268641
2021-08-05,168.86000061035156,40692.24,4429.1,-1.1,112.7674,17.28,1.95,,-0.655,0.02337298007404698,-0.003959922253452319,0.005987499431546084,-0.0011335503270615277,0.05999999999999983,-0.03915393741955775,-0.010000000000000009,,-0.7220522455148196,0.053914514133213354,0.003987448757268641,0.053914514133213354,0.003987448757268641
2021-08-06,164.63999938964844,42901.18,4436.52,-1.06,113.3088,16.15,1.94,,-0.651,0.05286192050388827,-0.02530870447734479,0.0016738821949289218,0.004789544719560723,0.040000000000000036,-0.06762971370724413,-0.010000000000000009,,-0.6616759971683551,0.053914514133213354,0.003987448757268641,0.053914514133213354,0.003987448757268641
2021-08-09,161.72000122070312,45981.05,4432.35,-1.04,113.4521,16.72,1.95,,-0.651,0.06933002370675823,-0.017894816057729912,-0.0009403678951880323,0.0012638864907987823,0.020000000000000018,0.03468555798788975,0.010000000000000009,,-0.6554454957972193,0.053914514133213354,0.003987448757268641,0.053914514133213354,0.003987448757268641
2021-08-10,161.77000427246094,45495.73,4436.75,-1.04,113.4973,16.79,1.95,,-0.651,-0.010610879690725383,0.00030914743149335067,0.0009922089864762285,0.00039832668072836697,0.0,0.004177863432893947,0.0,,-0.6492271929191052,0.053914514133213354,0.003987448757268641,0.053914514133213354,0.003987448757268641
2021-08-11,164.0,46448.01,4447.7,-1.07,113.282,16.06,1.99,,-0.651,0.020715147177542192,0.013690828071884376,0.0024649821979920716,-0.0018987629354629831,-0.030000000000000027,-0.04445176257083361,0.040000000000000036,,-0.6430202099858826,0.05365475239385398,-0.0002597617393593765,0.053914514133213354,0.003987448757268641
2021-08-12,164.0399932861328,44371.8,4460.83,-1.05,113.2691,15.59,1.99,,-0.651,-0.045729490057494715,0.00024383177142706103,0.002947738741944761,-0.00011388159239889006,0.020000000000000018,-0.029702025448930414,0.0,,-0.6368236616779572,0.05365475239385398,-0.0002597617393593765,0.05365475239385398,-0.0002597617393593765
2021-08-13,166.38999938964844,46459.86,4468.0,-1.08,113.0615,15.45,1.98,,-0.648,0.045984581473630826,0.014224167163591872,0.001606033834480769,-0.0018344851135490003,-0.030000000000000027,-0.00902067972593068,-0.010000000000000009,,-0.5891402657236063,0.05365475239385398,-0.0002597617393593765,0.05365475239385398,-0.0002597617393593765
2021-08-16,167.22000122070312,46092.98,4479.71,-1.1,113.1698,16.12,1.97,,-0.648,-0.007928053242993727,0.004975891262676946,0.0026174309818660646,0.0009574272726444732,-0.020000000000000018,0.04245173373472788,-0.010000000000000009,,-0.5830442751892051,0.05365475239385398,-0.0002597617393593765,0.05365475239385398,-0.0002597617393593765
2021-08-17,166.97000122070312,45465.01,4448.08,-1.07,113.6174,17.91,1.98,,-0.648,-0.013717641622653431,-0.0014961551501162518,-0.007085769790768026,0.0039473178484765725,0.030000000000000027,0.10529847899413802,0.010000000000000009,,-0.576950770312629,0.05365475239385398,-0.0002597617393593765,0.05365475239385398,-0.0002597617393593765
2021-08-18,167.10000610351562,44901.11,4400.27,-1.05,113.6959,21.57,1.97,,-0.648,-0.012480503081064853,0.0007783092556952198,-0.010806639720144062,0.0006906767278520576,0.020000000000000018,0.1859442443284447,-0.010000000000000009,,-0.5708587954313434,0.05365475239385398,-0.0002597617393593765,0.05365475239385398,-0.0002597617393593765
2021-08-19,166.61000061035156,46710.0,4405.8,-1.04,114.1106,21.67,1.98,,-0.648,0.03949575846781883,-0.002936716523141314,0.0012559520255734924,0.003640813217256955,0.010000000000000009,0.004625355147202637,0.010000000000000009,,-0.5647673777843322,0.05365475239385398,-0.0002597617393593765,0.05365475239385398,-0.0002597617393593765
2021-08-20,166.6999969482422,48684.16,4441.67,-1.01,114.5009,18.56,1.96,,-0.646,0.041395445993591906,0.0005400158455302062,0.008108577149078755,0.0034145297083423287,0.030000000000000027,-0.15492008819021352,-0.020000000000000018,,-0.5304455019402549,0.05365475239385398,-0.0002597617393593765,0.05365475239385398,-0.0002597617393593765
2021-08-23,168.72999572753906,49240.01,4479.53,-1.02,113.9418,17.15,1.97,,-0.646,0.011352783895544505,0.012104007439095454,0.008487698356534068,-0.004894891509636068,-0.010000000000000009,-0.07901055374610566,0.010000000000000009,,-0.5244435290666685,0.05365475239385398,-0.0002597617393593765,0.05365475239385398,-0.0002597617393593765
2021-08-24,168.64999389648438,48243.2,4486.23,-1.01,113.6795,17.22,1.95,,-0.646,-0.020451619192584758,-0.0004742535717268126,0.0014945751943340468,-0.0023047062476511115,0.010000000000000009,0.00407332538763594,-0.020000000000000018,,-0.5184369235980777,0.05365475239385398,-0.0002597617393593765,0.05365475239385398,-0.0002597617393593765
2021-08-25,167.47999572753906,48652.13,4496.19,-1.0,113.6322,16.79,1.93,,-0.646,0.008440704580198855,-0.006961609676564784,0.0022176660815187432,-0.0004161686414088095,0.010000000000000009,-0.02528802791013529,-0.020000000000000018,,-0.5124246689757879,0.05365475239385398,-0.0002597617393593765,0.05365475239385398,-0.0002597617393593765
2021-08-26,167.6699981689453,46934.22,4470.0,-0.99,113.7883,18.84,1.92,,-0.646,-0.03594854286793314,0.0011338353884635666,-0.005841962859470584,0.0013727876292133345,0.010000000000000009,0.11519879805876787,-0.010000000000000009,,-0.5064057245409818,0.05365475239385398,-0.0002597617393593765,0.05365475239385398,-0.0002597617393593765
2021-08-27,170.19000244140625,48293.68,4509.37,-1.08,113.3404,16.39,1.92,,-0.647,0.02855365631294937,0.014917723322636078,0.008769045552897481,-0.0039440245165183185,-0.09000000000000008,-0.13931087639247863,0.0,,-0.514782808788316,0.05365475239385398,-0.0002597617393593765,0.05365475239385398,-0.0002597617393593765
2021-08-30,169.35000610351562,48619.99,4528.79,-1.08,113.246,16.19,1.92,,-0.647,0.006734059975496365,-0.00494785904714945,0.0042973414690568035,-0.0008332362883365363,0.0,-0.012277625066194453,0.0,,-0.5087616284202131,0.05365475239385398,-0.0002597617393593765,0.05365475239385398,-0.0002597617393593765
2021-08-31,169.69000244140625,47300.0,4522.68,-1.03,113.1076,16.48,1.94,,-0.647,-0.027524467713393008,0.0020056420675675923,-0.0013500571571327669,-0.0012228656159818385,0.050000000000000044,0.017753756791781594,0.020000000000000018,,-0.5027329869813942,0.05365475239385398,-0.0002597617393593765,0.05365475239385398,-0.0002597617393593765
2021-09-01,169.6999969482422,48147.25,4524.09,-1.03,112.8732,16.11,1.92,,-0.647,0.017753727927273033,5.889688474436383e-05,0.0003117134648977782,-0.0020745132689485857,0.0,-0.022707327292442514,-0.020000000000000018,,-0.4966957943147526,0.05365475239385398,-0.0002597617393593765,0.05365475239385398,-0.0002597617393593765
2021-09-02,169.25,49340.06,4536.95,-1.03,112.7863,16.41,1.92,,-0.647,0.024472303727195666,-0.002655242464544294,0.00283852816777852,-0.0007701869790164295,0.0,0.018450707913116204,0.0,,-0.49064893105437274,0.05365475239385398,-0.0002597617393593765,0.05365475239385398,-0.0002597617393593765
2021-09-03,171.05999755859375,50528.5,4535.43,-1.01,112.5476,16.41,1.91,,-0.648,0.023801206375399175,0.010637446088029634,-0.0003350829692383428,-0.0021186345178065835,0.020000000000000018,0.0,-0.010000000000000009,,-0.49930964822794716,0.05365475239385398,-0.0002597617393593765,0.05365475239385398,-0.0002597617393593765
2021-09-07,167.7100067138672,46691.58,4520.03,-0.98,112.9795,18.14,1.91,,-0.648,-0.07897368489473067,-0.019778020504278793,-0.0034012661634807984,0.003830143055956192,0.030000000000000027,0.10022853958499134,0.0,,-0.49321129793468127,0.05365475239385398,-0.0002597617393593765,0.05365475239385398,-0.0002597617393593765
2021-09-08,167.2899932861328,46436.31,4514.07,-1.03,113.2319,17.96,1.91,,-0.648,-0.005482152324578493,-0.0025075441660513675,-0.0013194454045599713,0.0022315418651874808,-0.050000000000000044,-0.009972381812937137,0.0,,-0.487101045763313,0.05365475239385398,-0.0002597617393593765,0.05365475239385398,-0.0002597617393593765
2021-09-09,168.02999877929688,46567.2,4493.28,-1.08,113.043,18.8,1.9,,-0.648,0.0028147343345885645,0.004413734414974613,-0.004616238276287987,-0.0016696508882203531,-0.050000000000000044,0.04570980696185023,-0.010000000000000009,,-0.48097762875826305,0.05365475239385398,-0.0002597617393593765,0.05365475239385398,-0.0002597617393593765
2021-09-10,167.17999267578125,45649.78,4458.58,-1.05,112.9425,20.95,1.88,,-0.65,-0.01989764289077911,-0.005071495164425954,-0.007752617623131286,-0.0008894376552968097,0.030000000000000027,0.1082817765322428,-0.020000000000000018,,-0.5048682649289397,0.05365475239385398,-0.0002597617393593765,0.05365475239385398,-0.0002597617393593765
2021-09-13,167.74000549316406,44741.66,4468.73,-1.04,113.0341,19.37,1.87,,-0.65,-0.020093729115281178,0.0033441618437191067,0.0022739222394125846,0.0008107034535163038,0.010000000000000009,-0.078413168949242,-0.009999999999999787,,-0.4986918366288962,0.05365475239385398,-0.0002597617393593765,0.05365475239385398,-0.0002597617393593765
2021-09-14,168.82000732421875,46474.89,4443.05,-1.05,113.0061,19.46,1.87,,-0.65,0.03800710810382668,0.006417907636002695,-0.00576317437780105,-0.0002477435442296283,-0.010000000000000009,0.00463559933895441,0.0,,-0.4925018280665538,0.05251271554874992,-0.0011420368451040552,0.05365475239385398,-0.0002597617393593765
2021-09-15,167.8300018310547,48075.44,4480.7,-1.04,112.9773,18.18,1.85,,-0.65,0.03385927705825509,-0.005881528710091288,0.008438206673245574,-0.0002548859797304459,0.010000000000000009,-0.06803898800852615,-0.020000000000000018,,-0.4862968344718569,0.05251271554874992,-0.0011420368451040552,0.05251271554874992,-0.0011420368451040552
2021-09-16,164.02999877929688,47430.0,4473.75,-1.01,113.3036,18.69,1.84,,-0.65,-0.013516503909565714,-0.02290224274781849,-0.0015523011230360595,0.0028840280038648913,0.030000000000000027,0.027666532718138903,-0.010000000000000009,,-0.4800753998312457,0.05251271554874992,-0.0011420368451040552,0.05251271554874992,-0.0011420368451040552
2021-09-17,163.77000427246094,47501.68,4432.99,-0.96,113.5989,20.81,1.83,,-0.652,0.0015101389467098159,-0.001586299932490931,-0.009152683146432139,0.0026028815612102463,0.050000000000000044,0.10744501893807135,-0.010000000000000009,,-0.5047724081167196,0.05251271554874992,-0.0011420368451040552,0.05251271554874992,-0.0011420368451040552
2021-09-20,164.94000244140625,43850.26,4357.73,-0.98,113.9422,25.71,1.84,,-0.652,-0.07998443073113926,0.007118755657040232,-0.017123020373770004,0.003017479132200407,-0.020000000000000018,0.2114463808722551,0.010000000000000009,,-0.49854622942307375,0.05251271554874992,-0.0011420368451040552,0.05251271554874992,-0.0011420368451040552
2021-09-21,166.0399932861328,42010.81,4354.19,-0.96,113.8179,24.36,1.83,,-0.652,-0.04285368198610762,0.006646896542603642,-0.0008126796836602779,-0.0010914994535093925,0.020000000000000018,-0.05393757843610203,-0.010000000000000009,,-0.49230455377926785,0.05251271554874992,-0.0011420368451040552,0.05251271554874992,-0.0011420368451040552
2021-09-22,165.4199981689453,43384.93,4395.64,-0.96,113.6223,20.87,1.83,,-0.652,0.03218517966432444,-0.003740999554961988,0.009474540664092146,-0.0017200129811936193,0.0,-0.15462972175258693,0.0,,-0.48604584215568786,0.05251271554874992,-0.0011420368451040552,0.05251271554874992,-0.0011420368451040552
2021-09-23,163.50999450683594,44767.56,4448.98,-0.9,113.513,18.63,1.81,,-0.652,0.031371624202600756,-0.011613566243419804,0.012061715863250555,-0.000962422031596688,0.05999999999999994,-0.11353953647561221,-0.020000000000000018,,-0.4797684930167801,0.05251271554874992,-0.0011420368451040552,0.05251271554874992,-0.0011420368451040552
2021-09-24,163.3000030517578,42371.43,4455.48,-0.87,113.7597,17.75,1.8,,-0.654,-0.055009455621918946,-0.0012850982867504968,0.0014599428049599794,0.002170961113172609,0.030000000000000027,-0.04838766869207234,-0.010000000000000009,,-0.5055494418856358,0.05251271554874992,-0.0011420368451040552,0.05251271554874992,-0.0011420368451040552
2021-09-27,163.63999938964844,43011.82,4443.11,-0.87,113.7432,18.76,1.78,,-0.654,0.01500064727692596,0.0020798706668898603,-0.0027802175328766054,-0.0001450530962801011,0.0,0.05534142765665395,-0.020000000000000018,,-0.4993393785371696,0.05251271554874992,-0.0011420368451040552,0.05251271554874992,-0.0011420368451040552
2021-09-28,162.0500030517578,41601.8,4352.63,-0.84,114.2469,23.25,1.8,,-0.654,-0.03333152607898526,-0.009763940911599711,-0.020574321587474742,0.0044186201026112926,0.030000000000000027,0.21457818845528687,0.020000000000000018,,-0.4931147678393132,0.05251271554874992,-0.0011420368451040552,0.05251271554874992,-0.0011420368451040552
2021-09-29,161.32000732421875,41207.87,4359.46,-0.82,114.7092,22.56,1.81,,-0.654,-0.009514178030830323,-0.004514933012786493,0.0015679363733056562,0.00403833423325306,0.020000000000000018,-0.03012670540350726,0.010000000000000009,,-0.48687414516630134,0.05251271554874992,-0.0011420368451040552,0.05251271554874992,-0.0011420368451040552
2021-09-30,164.22000122070312,43532.32,4307.54,-0.85,114.6403,23.14,1.85,,-0.654,0.05487439318999776,0.017816984307014394,-0.01198122097381571,-0.0006008297560953224,-0.030000000000000027,0.025384295135672197,0.040000000000000036,,-0.48061599128046306,0.05251271554874992,-0.0011420368451040552,0.05251271554874992,-0.0011420368451040552
2021-10-01,164.58999633789062,48029.99,4357.04,-0.9,114.3798,21.15,1.85,,-0.654,0.0983219567524376,0.002250511092103835,0.011425952216360002,-0.0022749104759389738,-0.050000000000000044,-0.08992281627324372,0.0,,-0.47433872823273,0.05251271554874992,-0.0011420368451040552,0.05251271554874992,-0.0011420368451040552
2021-10-04,165.36000061035156,49380.0,4300.46,-0.89,114.2739,22.96,1.85,,-0.654,0.02771987644352869,0.004667408258472783,-0.01307093399993775,-0.000926291659150813,0.010000000000000009,0.0821136659590791,0.0,,-0.4680589495786088,0.05251271554874992,-0.0011420368451040552,0.05251271554874992,-0.0011420368451040552
2021-10-05,164.58999633789062,51190.11,4345.72,-0.91,114.3654,21.3,1.84,,-0.654,0.03600086540734715,-0.004667408258472783,0.010469458977262036,0.0008003873777138182,-0.020000000000000018,-0.07504649873598623,-0.010000000000000009,,-0.46175788232308734,0.05251271554874992,-0.0011420368451040552,0.05251271554874992,-0.0011420368451040552
2021-10-06,165.02999877929688,55049.99,4363.55,-0.9,114.7185,21.0,1.84,,-0.654,0.07269533219124824,0.0026697573525336082,0.004094493547635025,0.0030827158052559867,0.010000000000000009,-0.014184634991956546,0.0,,-0.4554338632172513,0.05251271554874992,-0.0011420368451040552,0.05251271554874992,-0.0011420368451040552
2021-10-07,164.16000366210938,53962.75,4399.76,-0.88,114.5044,19.54,1.85,,-0.654,-0.01994768779788103,-0.005285683868044622,0.008264047735016433,-0.0018680512484623435,0.020000000000000018,-0.07205879110878621,0.010000000000000009,,-0.44908516562579553,0.05251271554874992,-0.0011420368451040552,0.05251271554874992,-0.0011420368451040552
2021-10-08,164.22999572753906,54686.48,4391.34,-0.89,114.5986,18.77,1.84,,-0.652,0.013322518797572513,0.0004262740437868118,-0.0019155742909777729,0.0008223375975733305,-0.010000000000000009,-0.04020379601621915,-0.010000000000000009,,-0.40720955404096415,0.05251271554874992,-0.0011420368451040552,0.05251271554874992,-0.0011420368451040552
2021-10-11,163.9199981689453,57488.33,4361.19,-0.89,114.5986,20.0,1.84,,-0.652,0.04996545816778308,-0.0018893655741347715,-0.0068894637904683975,0.0,0.0,0.0634724229555732,0.0,,-0.40053188975681925,0.05251271554874992,-0.0011420368451040552,0.05251271554874992,-0.0011420368451040552
2021-10-12,164.66000366210938,55329.78,4350.65,-0.9,114.7542,19.85,1.82,,-0.652,-0.03827068992413096,0.004504271350483258,-0.0024196966754637117,0.001356861776900864,-0.010000000000000009,-0.007528266420791407,-0.020000000000000018,,-0.3938044447944081,0.05251271554874992,-0.0011420368451040552,0.05251271554874992,-0.0011420368451040552
2021-10-13,167.58999633789062,57259.77,4363.8,-0.96,114.4705,18.64,1.79,,-0.652,0.03428700213729741,0.01763773443447203,0.0030179781813099993,-0.0024753017005165745,-0.05999999999999994,-0.06289419787575445,-0.030000000000000027,,-0.3870237450263084,0.053903488550791634,0.001390773002041712,0.05251271554874992,-0.0011420368451040552
2021-10-14,168.0,57833.11,4438.26,-1.0,114.2053,16.86,1.81,,-0.652,0.009963166143608149,0.002443480858075553,0.016919170336134215,-0.0023194419251524323,-0.040000000000000036,-0.10036585668373554,0.020000000000000018,,-0.3801860651508316,0.053903488550791634,0.001390773002041712,0.053903488550791634,0.001390773002041712
2021-10-15,165.3300018310547,61446.33,4471.37,-0.97,114.0905,16.3,1.76,,-0.646,0.060602661836336225,-0.01602049176485476,0.007432441620920827,-0.0010057128486486988,0.030000000000000027,-0.03377884476099258,-0.050000000000000044,,-0.2593477114874747,0.053903488550791634,0.001390773002041712,0.053903488550791634,0.001390773002041712
2021-10-18,164.9199981689453,61434.64,4486.46,-0.95,113.9899,16.31,1.72,,-0.646,-0.00019026542572575522,-0.002482990902389126,0.003369122716966544,-0.0008821451253480106,0.020000000000000018,0.0006133088202053827,-0.040000000000000036,,-0.25122557337757934,0.053903488550791634,0.001390773002041712,0.053903488550791634,0.001390773002041712
2021-10-19,165.4499969482422,64170.58,4519.63,-0.89,113.647,15.7,1.72,,-0.646,0.04357100476259568,0.0032085191864092977,0.0073661600060432875,-0.003012694860596632,0.05999999999999994,-0.038117704278660014,0.0,,-0.24295131698586572,0.053903488550791634,0.001390773002041712,0.053903488550791634,0.001390773002041712
2021-10-20,166.89999389648438,66397.6,4536.19,-0.92,113.5083,15.49,1.75,,-0.646,0.03411606103775888,0.008725778175469046,0.0036573205869530057,-0.0012211911167119283,-0.030000000000000027,-0.013466057925485053,0.030000000000000027,,-0.23451266305335247,0.053903488550791634,0.001390773002041712,0.053903488550791634,0.001390773002041712
2021-10-21,166.75,62801.57,4549.78,-0.96,113.6188,15.01,1.74,,-0.646,-0.055680838089186224,-0.0008991093021597507,0.0029914274720983514,0.0009730235512908081,-0.039999999999999925,-0.031478008783406786,-0.010000000000000009,,-0.22589592743017742,0.053903488550791634,0.001390773002041712,0.053903488550791634,0.001390773002041712
2021-10-22,167.77000427246094,61032.71,4544.9,-0.98,113.67,15.43,1.72,,-0.636,-0.028570123199816777,0.006098334452754983,-0.0010731549583589128,0.0004505281462705568,-0.020000000000000018,0.02759702072969894,-0.020000000000000018,,-0.011478807372739912,0.053903488550791634,0.001390773002041712,0.053903488550791634,0.001390773002041712
2021-10-25,168.92999267578125,62688.0,4566.48,-1.02,113.605,15.24,1.73,,-0.636,0.026760091800289487,0.006890365329616621,0.004736942230948671,-0.0005719942956528001,-0.040000000000000036,-0.01239011611656915,0.010000000000000009,,-8.395546766107185e-05,0.053903488550791634,0.001390773002041712,0.053903488550791634,0.001390773002041712
2021-10-26,167.67999267578125,62000.01,4574.79,-1.06,113.674,15.98,1.71,,-0.636,-0.011035495426728659,-0.007427027125168628,0.00181812861650954,0.0006071832603966598,-0.040000000000000036,0.04741439007962844,-0.020000000000000018,,0.011701506769439736,0.053903488550791634,0.001390773002041712,0.053903488550791634,0.001390773002041712
2021-10-27,168.1199951171875,59062.31,4551.68,-1.11,113.6218,16.98,1.69,,-0.636,-0.04854155801783122,0.0026206236403645278,-0.005064400451443518,-0.0004593133785819603,-0.050000000000000044,0.06069824054507267,-0.020000000000000018,,0.023914166855572398,0.053903488550791634,0.001390773002041712,0.053903488550791634,0.001390773002041712
2021-10-28,168.0800018310547,61288.87,4596.42,-1.0,113.4389,16.53,1.69,,-0.636,0.03700527207096549,-0.0002379136626089462,0.009781344040089124,-0.0016110233039716704,0.1100000000000001,-0.026859269050268253,0.0,,0.03659568626143777,0.053903488550791634,0.001390773002041712,0.053903488550791634,0.001390773002041712
2021-10-29,166.64999389648438,62545.11,4605.38,-0.96,114.1349,16.26,1.69,,-0.622,0.02028979601033498,-0.00854429930170042,0.0019474456805763651,0.006116716159972668,0.040000000000000036,-0.01646880771326842,0.0,,0.36472688819787424,0.053903488550791634,0.001390773002041712,0.053903488550791634,0.001390773002041712
2021-11-01,167.52000427246094,61435.97,4613.67,-0.92,114.2067,16.41,1.69,,-0.622,-0.017892562158650094,0.005207004497418843,0.0017984504334940254,0.0006288823619202688,0.039999999999999925,0.009182800982334705,0.0,,0.38182173728777935,0.053903488550791634,0.001390773002041712,0.053903488550791634,0.001390773002041712
2021-11-02,167.16000366210938,63576.05,4630.65,-0.95,114.2847,16.03,1.71,,-0.622,0.03424133285764874,-0.0021513131388868345,0.0036736112761168727,0.0006827390705286263,-0.029999999999999916,-0.02342893848053773,0.020000000000000018,,0.3997178100208675,0.053903488550791634,0.001390773002041712,0.053903488550791634,0.001390773002041712
2021-11-03,165.77000427246094,62799.99,4660.57,-0.93,114.3593,15.1,1.7,,-0.622,-0.012281912859398503,-0.008350148277322944,0.006440511240473512,0.0006525428408101774,0.019999999999999907,-0.059767222800582775,-0.010000000000000009,,0.4184962457652429,0.053903488550791634,0.001390773002041712,0.053903488550791634,0.001390773002041712
2021-11-04,167.64999389648438,61249.33,4680.06,-1.03,114.3558,15.44,1.73,,-0.622,-0.025002003648973314,0.011277125295739765,0.0041731721062596705,-3.060576236801893e-05,-0.09999999999999998,0.02226680077575116,0.030000000000000027,,0.4382503610324159,0.053903488550791634,0.001390773002041712,0.053903488550791634,0.001390773002041712
2021-11-05,169.83999633789062,61090.69,4697.53,-1.09,114.0732,16.48,1.73,,-0.604,-0.002593429180672402,0.012978359326946354,0.0037259083006286886,-0.0024742930554007003,-0.06000000000000005,0.06518597988469566,0.0,,0.9041269422280613,0.053903488550791634,0.001390773002041712,0.053903488550791634,0.001390773002041712
2021-11-08,170.4499969482422,66036.88,4701.7,-1.11,113.8256,17.22,1.67,,-0.604,0.0778538924325769,0.0035851848469015124,0.000887306784404629,-0.0021728951395942886,-0.020000000000000018,0.04392397451825891,-0.06000000000000005,,0.9277916231574633,0.053903488550791634,0.001390773002041712,0.053903488550791634,0.001390773002041712
2021-11-09,171.2899932861328,67349.0,4685.25,-1.17,113.762,17.78,1.67,,-0.604,0.0196746810947932,0.004916006634196002,-0.003504869385574594,-0.000558905684277633,-0.05999999999999983,0.03200273108617413,0.0,,0.9526130870208346,0.053903488550791634,0.001390773002041712,0.053903488550791634,0.001390773002041712
2021-11-10,173.14999389648438,65840.26,4646.71,-1.14,114.1484,18.73,1.66,,-0.604,-0.022656549607985355,0.010800248284572156,-0.008259833757376711,0.003390809460404043,0.030000000000000027,0.0520522863702384,-0.010000000000000009,,0.9787001904430296,0.062218689033288976,0.008315200482497342,0.053903488550791634,0.001390773002041712
2021-11-11,174.1199951171875,64796.1,4649.27,-1.14,114.1484,17.66,1.66,,-0.604,-0.015986088966366552,0.005586453042739414,0.0005507757255749368,0.0,0.0,-0.058824321280183334,0.0,,1.0061768378414027,0.062218689033288976,0.008315200482497342,0.062218689033288976,0.008315200482497342
2021-11-12,174.4499969482422,64119.43,4682.85,-1.15,114.5144,16.29,1.69,,-0.585,-0.010497978242037576,0.00189346149789138,0.0071966809110382,0.0032012230459761426,-0.010000000000000009,-0.08075077256185992,0.030000000000000027,,1.5458065293586103,0.062218689033288976,0.008315200482497342,0.062218689033288976,0.008315200482497342
2021-11-15,174.17999267578125,63903.43,4682.8,-1.13,114.5876,16.49,1.7,,-0.585,-0.003374400555625101,-0.0015489449243064612,-1.0677315508189622e-05,0.0006390167042704675,0.020000000000000018,0.01220271395755379,0.010000000000000009,,1.5691699889474116,0.062218689033288976,0.008315200482497342,0.062218689033288976,0.008315200482497342
2021-11-16,172.9199981689453,59720.76,4700.9,-1.1,115.136,16.37,1.72,,-0.585,-0.06769333891924312,-0.0072601560044773805,0.0038577581225869295,0.004774442345016894,0.029999999999999805,-0.007303745188464106,0.020000000000000018,,1.5933558777597339,0.062218689033288976,0.008315200482497342,0.062218689033288976,0.008315200482497342
2021-11-17,174.5,60395.51,4688.67,-1.1,115.0263,17.11,1.74,,-0.585,0.011235065784299891,0.009095692432078195,-0.0026050195943359,-0.0009532404595082866,0.0,0.044212696521058525,0.020000000000000018,,1.618416702817789,0.062218689033288976,0.008315200482497342,0.062218689033288976,0.008315200482497342
2021-11-18,173.94000244140625,57964.94,4704.54,-1.14,115.0678,17.59,1.73,,-0.585,-0.041076419414800114,-0.0032143154449517652,0.0033790397745132594,0.0003607219867873823,-0.039999999999999813,0.027667470845364583,-0.010000000000000009,,1.6444098160263763,0.062218689033288976,0.008315200482497342,0.062218689033288976,0.008315200482497342
2021-11-19,172.61000061035156,57767.87,4697.96,-1.11,115.2187,17.91,1.73,,-0.567,-0.003405606248922055,-0.007675708262916636,-0.001399627987058949,0.0013105416218293087,0.029999999999999805,0.01802865732315384,0.0,,2.179812499477176,0.062218689033288976,0.008315200482497342,0.062218689033288976,0.008315200482497342
2021-11-22,168.74000549316406,55850.6,4682.94,-0.98,115.6481,19.17,1.71,,-0.567,-0.03375247024623995,-0.02267561664312101,-0.003202254119567982,0.003719898185074122,0.13000000000000012,0.06798734098493275,-0.020000000000000018,,2.189863332417343,0.062218689033288976,0.008315200482497342,0.062218689033288976,0.008315200482497342
2021-11-23,167.27999877929688,57831.77,4690.7,-0.95,116.0118,19.38,1.73,,-0.567,0.03485801013387757,-0.008690053468478176,0.001655707232783854,0.0031399504084959062,0.030000000000000027,0.010895049405066803,0.020000000000000018,,2.200031270918836,0.062218689033288976,0.008315200482497342,0.062218689033288976,0.008315200482497342
2021-11-24,167.1199951171875,57388.78,4701.46,-0.97,116.2711,18.58,1.72,,-0.567,-0.007689464817731917,-0.0009569597921075257,0.0022912737234968006,0.002232623302955261,-0.020000000000000018,-0.04215587307692781,-0.010000000000000009,,2.2103186970434447,0.062218689033288976,0.008315200482497342,0.062218689033288976,0.008315200482497342
2021-11-26,166.85000610351562,54212.92,4594.62,-1.07,116.5103,28.62,1.82,,-0.552,-0.056929557413193166,-0.001616846252669113,-0.0229870449732843,0.0020551477411085983,-0.10000000000000009,0.43202004074261247,0.10000000000000009,,2.645430317103388,0.062218689033288976,0.008315200482497342,0.062218689033288976,0.008315200482497342
2021-11-29,166.6199951171875,58034.21,4655.27,-1.02,116.581,22.96,1.81,,-0.552,0.06811340783047726,-0.0013795005365553337,0.01311385739268367,0.0006066292664561601,0.050000000000000044,-0.2203522026769389,-0.010000000000000009,,2.632527142691199,0.062218689033288976,0.008315200482497342,0.062218689033288976,0.008315200482497342
2021-11-30,165.5,57400.41,4567.0,-1.07,116.2071,27.19,1.81,,-0.552,-0.010981218095551526,-0.006744546424564568,-0.019143376992335703,-0.003212366281026391,-0.050000000000000044,0.1690956871930136,0.0,,2.6197865970027725,0.062218689033288976,0.008315200482497342,0.062218689033288976,0.008315200482497342
2021-12-01,166.16000366210938,56788.54,4513.04,-1.01,115.889,31.12,1.81,,-0.552,-0.010716901349828944,0.003980006790396118,-0.011885550113429844,-0.0027411076633763187,0.06000000000000005,0.13500144066581132,0.0,,2.6072051902226514,0.062218689033288976,0.008315200482497342,0.062218689033288976,0.008315200482497342
2021-12-02,165.24000549316406,57028.12,4577.1,-1.03,116.018,27.95,1.8,,-0.552,0.004209934711678187,-0.005552205835400947,0.014094625715696196,0.0011125150452997445,-0.020000000000000018,-0.10743349970908245,-0.010000000000000009,,2.5947795368040674,0.062218689033288976,0.008315200482497342,0.062218689033288976,0.008315200482497342
2021-12-03,166.6300048828125,53453.99,4538.43,-1.08,116.2377,30.67,1.81,,-0.541,-0.06472319562919715,0.008376819081740372,-0.008484472537633181,0.0018918809357915123,-0.050000000000000044,0.09286777852505201,0.010000000000000009,,2.884432216304011,0.062218689033288976,0.008315200482497342,0.062218689033288976,0.008315200482497342
2021-12-06,166.22000122070312,48834.34,4591.67,-1.01,116.1538,27.18,1.79,,-0.541,-0.09038752997879484,-0.002463595385072459,0.011662655055921789,-0.0007220574215942577,0.07000000000000006,-0.12080356940316284,-0.020000000000000018,,2.8506605583790665,0.062218689033288976,0.008315200482497342,0.062218689033288976,0.008315200482497342
2021-12-07,166.80999755859375,50441.59,4686.75,-0.99,115.8555,21.89,1.75,,-0.541,0.032382279289992155,0.0035432060613329597,0.020495586171746183,-0.002571450061459757,0.020000000000000018,-0.21645149718822587,-0.040000000000000036,,2.817910131145165,0.062218689033288976,0.008315200482497342,0.062218689033288976,0.008315200482497342
2021-12-08,166.89999389648438,50689.01,4701.21,-1.0,115.4418,19.9,1.79,,-0.541,0.004893088613147967,0.0005393685677796967,0.0030805438956171827,-0.0035772180752555727,-0.010000000000000009,-0.09531017980432477,0.040000000000000036,,2.7861291009391658,0.062218689033288976,0.008315200482497342,0.062218689033288976,0.008315200482497342
2021-12-09,165.8800048828125,47683.61,4667.45,-0.98,115.7784,21.58,1.81,,-0.541,-0.06112138883589857,-0.006130129283900665,-0.007207038387209153,0.002911512383236392,0.020000000000000018,0.08104722809954179,0.020000000000000018,,2.7552692538307015,0.062218689033288976,0.008315200482497342,0.062218689033288976,0.008315200482497342
2021-12-10,166.5800018310547,48430.69,4712.02,-0.96,115.5732,18.69,1.83,,-0.539,0.015545970702726564,0.004211020685246147,0.009503806818878857,-0.0017739237922747009,0.020000000000000018,-0.14377833836251686,0.020000000000000018,,2.777427163348127,0.06809002839806477,0.005871339364775796,0.062218689033288976,0.008315200482497342
2021-12-13,167.0,46660.0,4668.97,-0.98,115.842,20.31,1.82,,-0.539,-0.03724643708769548,0.0025181269175167387,-0.009178200213042942,0.0023230982311277515,-0.020000000000000018,0.08312475412482145,-0.010000000000000009,,2.740491293408431,0.06809002839806477,0.005871339364775796,0.06809002839806477,0.005871339364775796
2021-12-14,165.44000244140625,47786.13,4634.09,-0.93,116.2397,21.89,1.82,,-0.539,0.023848163433415337,-0.009385206339642238,-0.007498643121873982,0.0034272447097905,0.04999999999999993,0.07491653594247838,0.0,,2.7048023337759766,0.06809002839806477,0.005871339364775796,0.06809002839806477,0.005871339364775796
2021-12-15,166.14999389648438,49211.83,4709.85,-0.92,116.4219,19.29,1.83,,-0.539,0.02939861172325209,0.004282351988517341,0.016216212899903937,0.0015662235387843282,0.010000000000000009,-0.12644308461713383,0.010000000000000009,,2.670289545610102,0.06809002839806477,0.005871339364775796,0.06809002839806477,0.005871339364775796
2021-12-16,168.16000366210938,47929.53,4668.67,-0.98,115.7146,20.57,1.87,,-0.539,-0.0264022345935242,0.012024970840539773,-0.008781825842753221,-0.006093847273444197,-0.05999999999999994,0.06424687674722795,0.040000000000000036,,2.6368876991448262,0.06809002839806477,0.005871339364775796,0.06809002839806477,0.005871339364775796
2021-12-17,167.8000030517578,46183.93,4620.64,-0.97,115.791,21.57,1.87,,-0.541,-0.03709990507536709,-0.0021431166861889395,-0.010341010906644854,0.0006600272544030616,0.010000000000000009,0.047469756736199464,0.0,,2.5549649858052725,0.06809002839806477,0.005871339364775796,0.06809002839806477,0.005871339364775796
2021-12-20,167.08999633789062,47020.99,4568.02,-0.96,116.0092,22.87,1.89,,-0.541,0.01796219567948043,-0.004240244730916665,-0.011453373010201773,0.0018826563950247177,0.010000000000000009,0.05852254763362463,0.019999999999999796,,2.5227317231143584,0.06809002839806477,0.005871339364775796,0.06809002839806477,0.005871339364775796
2021-12-21,167.02000427246094,48608.94,4649.23,-0.96,116.1089,21.01,1.88,,-0.541,0.033213366846352343,-0.0004189761834467731,0.017621763861807693,0.0008590455128762997,0.0,-0.0848274931777806,-0.010000000000000009,,2.4915044002985907,0.06809002839806477,0.005871339364775796,0.06809002839806477,0.005871339364775796
2021-12-22,168.58999633789062,48974.33,4696.56,-1.01,115.7485,18.63,1.86,,-0.541,0.0074888186809261015,0.009356118800107005,0.01012871135227833,-0.003108809900076892,-0.050000000000000044,-0.1202253302434122,-0.019999999999999796,,2.461229816696146,0.06809002839806477,0.005871339364775796,0.06809002839806477,0.005871339364775796
2021-12-23,168.97000122070312,50929.71,4725.79,-0.97,115.5337,17.96,1.86,,-0.541,0.03915016350255662,0.002251481491211571,0.0062044168953239165,-0.0018574716234853739,0.040000000000000036,-0.03662612173944346,0.0,,2.4318586404954186,0.06809002839806477,0.005871339364775796,0.06809002839806477,0.005871339364775796
2021-12-27,169.3699951171875,51225.88,4791.19,-1.02,115.4684,17.68,1.86,,-0.541,0.00579842629879046,0.002364450476828317,0.013744072068897495,-0.0005653628407653599,-0.050000000000000044,-0.015713005664556245,0.0,,2.403345053854697,0.06809002839806477,0.005871339364775796,0.06809002839806477,0.005871339364775796
2021-12-28,168.63999938964844,47804.59,4786.35,-1.01,115.4192,17.54,1.86,,-0.541,-0.06912321309726721,-0.004319380340024992,-0.00101069803143794,-0.00042618140380579206,0.010000000000000009,-0.00795007026546024,0.0,,2.375646437038114,0.06809002839806477,0.005871339364775796,0.06809002839806477,0.005871339364775796
2021-12-29,168.58999633789062,47369.97,4793.06,-0.98,115.3678,16.95,1.85,,-0.541,-0.009133176368662177,-0.0002965516280148961,0.0014009215802239794,-0.0004454323757387968,0.030000000000000027,-0.034216153117577974,-0.010000000000000009,,2.3487230865959714,0.06809002839806477,0.005871339364775796,0.06809002839806477,0.005871339364775796
2021-12-30,169.8000030517578,47203.16,4778.73,-1.06,115.283,17.33,1.85,,-0.541,-0.0035276441201776976,0.0071515817441829554,-0.0029942175300767815,-0.0007353107279133297,-0.08000000000000007,0.022171269901055446,0.0,,2.322537963334804,0.06809002839806477,0.005871339364775796,0.06809002839806477,0.005871339364775796
2021-12-31,170.9600067138672,45886.66,4766.18,-1.04,115.283,17.22,1.85,,-0.556,-0.02828639648644682,0.006808358432550676,-0.0026296753415451235,0.0,0.020000000000000018,-0.006367604727929965,0.0,,1.952279885534284,0.06809002839806477,0.005871339364775796,0.06809002839806477,0.005871339364775796
2022-01-03,168.3300018310547,45922.01,4796.56,-0.97,115.4101,16.6,1.82,,-0.556,0.0007700798137459941,-0.015503300973700007,0.006353848835551901,0.0011018969605958162,0.07000000000000006,-0.0366688036370868,-0.030000000000000027,,1.9374277256285495,0.06809002839806477,0.005871339364775796,0.06809002839806477,0.005871339364775796
2022-01-04,169.57000732421875,46264.92,4793.54,-0.91,115.3103,16.91,1.84,,-0.556,0.007439483700222738,0.007339514803168967,-0.000629816185405474,-0.0008651164459179128,0.05999999999999994,0.01850246754799123,0.020000000000000018,,1.9228308357940587,0.06809002839806477,0.005871339364775796,0.06809002839806477,0.005871339364775796
2022-01-05,169.05999755859375,43967.01,4700.58,-0.82,115.137,19.73,1.8,,-0.556,-0.05094442655973985,-0.0030121970522101194,-0.01958327277580274,-0.0015040317909447154,0.09000000000000008,0.15423515712403502,-0.040000000000000036,,1.9049770401614332,0.06809002839806477,0.005871339364775796,0.06809002839806477,0.005871339364775796
2022-01-06,166.99000549316406,43221.5,4696.05,-0.73,115.4046,19.61,1.78,,-0.556,-0.01710152333978776,-0.012319703780208968,-0.0009641755290861198,0.0023214909602593536,0.08999999999999997,-0.006100679826269051,-0.020000000000000018,,1.8876119385783456,0.06809002839806477,0.005871339364775796,0.06809002839806477,0.005871339364775796
2022-01-07,167.75,41922.19,4677.03,-0.72,115.0451,18.76,1.78,,-0.562,-0.030522775616438125,0.004540812572282782,-0.004058436737205184,-0.00311998923517276,0.010000000000000009,-0.04431269663017634,0.0,,1.7353518169155107,0.06809002839806477,0.005871339364775796,0.06809002839806477,0.005871339364775796
2022-01-10,168.25999450683594,41716.81,4670.29,-0.7,115.2216,19.4,1.76,,-0.562,-0.00491111593389526,0.003035593623995858,-0.0014421248375171558,0.0015330052896587176,0.020000000000000018,0.0335461224912037,-0.020000000000000018,,1.7215332524504972,0.06809002839806477,0.005871339364775796,0.06809002839806477,0.005871339364775796
2022-01-11,170.2899932861328,42797.62,4713.07,-0.79,114.8332,18.41,1.76,,-0.562,0.025578328484243684,0.011992457136645207,0.009118332112992178,-0.0033765900039810504,-0.09000000000000008,-0.05237907082429594,0.0,,1.7079441956256693,0.06809002839806477,0.005871339364775796,0.06809002839806477,0.005871339364775796
2022-01-12,170.74000549316406,43819.16,4726.35,-0.74,114.355,17.62,1.77,,-0.562,0.023588671089550317,0.002639137142411485,0.002813734056029915,-0.004172995764559317,0.050000000000000044,-0.043859374736952894,0.010000000000000009,,1.6945777896932173,0.07036402865545144,0.0022740002573866658,0.06809002839806477,0.005871339364775796
2022-01-13,170.16000366210938,42796.18,4659.03,-0.73,114.177,20.31,1.8,,-0.562,-0.023622318386436802,-0.00340277134129785,-0.014345962458905959,-0.001557769030116063,0.010000000000000009,0.1420787550842597,0.030000000000000027,,1.6814274614539442,0.07036402865545144,0.0022740002573866658,0.07036402865545144,0.0022740002573866658
2022-01-14,169.6699981689453,43100.94,4662.85,-0.66,114.3825,19.19,1.79,,-0.562,0.007095960348575403,-0.002883829150556849,0.0008195772127130851,0.0017982193291050663,0.06999999999999995,-0.05672406557268461,-0.010000000000000009,,1.668000260197653,0.07036402865545144,0.0022740002573866658,0.07036402865545144,0.0022740002573866658
2022-01-18,169.38999938964844,41784.97,4577.11,-0.59,114.7373,22.79,1.78,,-0.562,-0.031008101124500698,-0.001651618267930921,-0.018559054584436296,0.0030970722181073995,0.07000000000000006,0.1719325332379844,-0.010000000000000009,,1.6547913180354286,0.07036402865545144,0.0022740002573866658,0.07036402865545144,0.0022740002573866658
2022-01-19,172.0800018310547,41629.35,4532.76,-0.57,114.6109,23.85,1.77,,-0.562,-0.0037312581472548345,0.01575575060513401,-0.009736769104655707,-0.0011022542387308931,0.020000000000000018,0.04546237407675724,-0.010000000000000009,,1.6417941985879703,0.07036402865545144,0.0022740002573866658,0.07036402865545144,0.0022740002573866658
2022-01-20,171.64999389648438,42723.72,4482.73,-0.5,114.4642,25.59,1.79,,-0.562,0.02594882216760297,-0.0025020112544043016,-0.011098789654239383,-0.0012808028463551224,0.06999999999999995,0.07041743283734725,0.020000000000000018,,1.629002727903601,0.07036402865545144,0.0022740002573866658,0.07036402865545144,0.0022740002573866658
2022-01-21,171.08999633789062,38350.62,4397.94,-0.59,114.6125,28.85,1.84,,-0.556,-0.10798357494595301,-0.0032677719138094474,-0.01909598635863574,0.0012947630266859633,-0.08999999999999997,0.11990834278241103,0.050000000000000044,,1.7453558555244841,0.07036402865545144,0.0022740002573866658,0.07036402865545144,0.0022740002573866658
2022-01-24,172.02999877929688,37218.56,4410.13,-0.63,115.2034,29.9,1.89,,-0.556,-0.029963132977822937,0.005479160681096218,0.0027679180076169985,0.005142388339134385,-0.040000000000000036,0.035748487442532006,0.04999999999999982,,1.730055995922039,0.07036402865545144,0.0022740002573866658,0.07036402865545144,0.0022740002573866658
2022-01-25,172.5800018310547,36859.8,4356.45,-0.63,115.1654,31.16,1.91,,-0.556,-0.009686035297740148,0.003192034576976255,-0.012246661962160843,-0.00032990578884461996,0.0,0.041276740605907136,0.020000000000000018,,1.7150334437808137,0.07036402865545144,0.0022740002573866658,0.07036402865545144,0.0022740002573866658
2022-01-26,169.7899932861328,37015.05,4349.93,-0.53,115.0922,31.96,1.84,,-0.556,0.00420306040689411,-0.01629856790431372,-0.00149775250307016,-0.0006358096537617541,0.09999999999999998,0.025349899895526384,-0.06999999999999984,,1.700279131865185,0.07036402865545144,0.0022740002573866658,0.07036402865545144,0.0022740002573866658
2022-01-27,167.60000610351562,35583.5,4326.51,-0.59,115.978,30.49,1.86,,-0.556,-0.03944253942747267,-0.012982115320597565,-0.005398540617997938,0.007666971674587408,-0.05999999999999994,-0.04708635989791077,0.020000000000000018,,1.6857844023720798,0.07036402865545144,0.0022740002573866658,0.07036402865545144,0.0022740002573866658
2022-01-28,167.10000610351562,37758.0,4431.85,-0.66,116.0393,27.66,1.91,,-0.542,0.0593153265024462,-0.0029877523376660164,0.024055891707797983,0.0005284088852546276,-0.07000000000000006,-0.09741143476355107,0.04999999999999982,,1.9638430450375397,0.07036402865545144,0.0022740002573866658,0.07036402865545144,0.0022740002573866658
2022-01-31,168.08999633789062,38450.62,4515.55,-0.65,115.566,24.83,1.93,,-0.542,0.018177446886250337,0.0059070563312300095,0.01870989151139746,-0.004087131502248376,0.010000000000000009,-0.10793472671653692,0.020000000000000018,,1.9430856542469435,0.07036402865545144,0.0022740002573866658,0.07036402865545144,0.0022740002573866658
2022-02-01,168.22999572753906,38512.86,4546.54,-0.62,115.3685,21.96,1.92,,-0.542,0.001617390834407928,0.0008325368758193008,0.006839508503304614,-0.0017104421223397281,0.030000000000000027,-0.12282998287874536,-0.010000000000000009,,1.922809289567962,0.07036402865545144,0.0022740002573866658,0.07036402865545144,0.0022740002573866658
2022-02-02,168.83999633789062,37566.0,4589.38,-0.63,115.1538,22.09,1.91,,-0.542,-0.024892825502281113,0.0036194338899537826,0.009378434574516703,-0.0018627270513924543,-0.010000000000000009,0.0059024007906960385,-0.010000000000000009,,1.9029942724582063,0.07036402865545144,0.0022740002573866658,0.07036402865545144,0.0022740002573866658
2022-02-03,168.60000610351562,36367.43,4477.44,-0.56,114.9065,24.35,1.92,,-0.542,-0.0324257921230906,-0.0014224174555623748,-0.02469348416817496,-0.0021498719705288494,0.06999999999999995,0.09740683209657286,0.010000000000000009,,1.8836220343563832,0.07036402865545144,0.0022740002573866658,0.07036402865545144,0.0022740002573866658
2022-02-04,168.86000061035156,40588.0,4500.53,-0.48,115.1362,23.22,1.92,,-0.523,0.10979886254869875,0.0015408910869814108,0.0051437130908578155,0.0019970212168329837,0.08000000000000007,-0.04751787325885326,0.0,,2.244741218091068,0.07036402865545144,0.0022740002573866658,0.07036402865545144,0.0022740002573866658
2022-02-07,170.11000061035156,44131.88,4483.87,-0.48,115.0098,22.86,1.93,,-0.523,0.08370996736214487,0.0073753173535777705,-0.0037086548006097786,-0.0010984332789538698,0.0,-0.015625317903081193,0.010000000000000009,,2.2150085370137993,0.07036402865545144,0.0022740002573866658,0.07036402865545144,0.0022740002573866658
2022-02-08,170.6300048828125,44271.95,4521.54,-0.46,115.0892,21.44,1.91,,-0.523,0.0031688698829483997,0.003052207946077523,0.00836613096277894,0.0006901377507206874,0.019999999999999962,-0.064130322164063,-0.020000000000000018,,2.186186273397768,0.07036402865545144,0.0022740002573866658,0.07036402865545144,0.0022740002573866658
2022-02-09,171.2100067138672,44765.19,4587.18,-0.48,114.8232,19.96,1.92,,-0.523,0.01107953480253876,0.0033934142753979657,0.014412812398356678,-0.00231392581423151,-0.019999999999999962,-0.07152806531928357,0.010000000000000009,,2.158226241944246,0.07036402865545144,0.0022740002573866658,0.07036402865545144,0.0022740002573866658
2022-02-10,170.55999755859375,44102.41,4504.08,-0.42,114.5527,23.91,1.91,,-0.523,-0.014916398978767731,-0.0038037857675305986,-0.018281803510330263,-0.002358574945288794,0.06,0.18056651058691564,-0.010000000000000009,,2.131083760042889,0.07479872468289117,0.004434696027439733,0.07036402865545144,0.0022740002573866658
2022-02-11,173.80999755859375,42338.65,4418.64,-0.51,114.8413,27.36,2.0,,-0.497,-0.04081404902987096,0.01887560786556186,-0.019151696234066762,0.0025161961713591197,-0.09000000000000002,0.1347853112841162,0.09000000000000008,,2.596920349220534,0.07479872468289117,0.004434696027439733,0.07479872468289117,0.004434696027439733
2022-02-14,174.74000549316406,42180.51,4401.67,-0.5,115.1946,28.33,2.0,,-0.497,-0.003742114439889477,0.005336451777181672,-0.003847942065318577,0.0030716968768054187,0.010000000000000009,0.03483922108807569,0.0,,2.553489946116515,0.07479872468289117,0.004434696027439733,0.07479872468289117,0.004434696027439733
2022-02-15,173.0800018310547,44140.76,4471.07,-0.43,114.93,25.7,1.99,,-0.497,0.045425352607331604,-0.009545260370239284,0.01564373921237383,-0.0022996247824558225,0.07,-0.09743032194125112,-0.010000000000000009,,2.5118195016078757,0.07479872468289117,0.004434696027439733,0.07479872468289117,0.004434696027439733
2022-02-16,174.86000061035156,44093.62,4475.01,-0.43,114.6886,24.29,2.05,,-0.497,-0.0010685178381724114,0.010231731307338343,0.0008808327792149129,-0.0021026178971199627,0.0,-0.056426248887093244,0.05999999999999983,,2.471788303507298,0.07479872468289117,0.004434696027439733,0.07479872468289117,0.004434696027439733
2022-02-17,177.25,40878.68,4380.26,-0.46,114.6755,28.11,2.12,,-0.497,-0.0757064450391507,0.01357550816897568,-0.021400503004024074,-0.0001142288615723075,-0.030000000000000027,0.14606064190435974,0.07000000000000028,,2.4331015506466724,0.07479872468289117,0.004434696027439733,0.07479872468289117,0.004434696027439733
2022-02-18,177.1199951171875,40025.79,4348.87,-0.49,114.7982,27.75,2.13,,-0.468,-0.02108465939399551,-0.0007337240197315964,-0.007192042117619479,0.0010694036980583022,-0.02999999999999997,-0.012889544725997126,0.009999999999999787,,2.9062719085138657,0.07479872468289117,0.004434696027439733,0.07479872468289117,0.004434696027439733
2022-02-22,177.49000549316406,37908.99,4304.76,-0.51,114.7002,28.81,2.13,,-0.468,-0.05433570922556896,0.002086858856896079,-0.010194654042816609,-0.0008540365070661693,-0.020000000000000018,0.03748670890399364,0.0,,2.847740338390195,0.07479872468289117,0.004434696027439733,0.07479872468289117,0.004434696027439733
2022-02-23,178.2899932861328,37677.98,4225.5,-0.54,114.6668,31.02,2.1,,-0.468,-0.006112448197079345,0.004497100140273602,-0.01858379019433265,-0.0002912363176568178,-0.030000000000000027,0.0739096086519555,-0.029999999999999805,,2.7921437116583743,0.07479872468289117,0.004434696027439733,0.07479872468289117,0.004434696027439733
2022-02-24,177.13999938964844,38421.98,4288.7,-0.59,115.9419,30.32,2.24,,-0.468,0.019553852741701405,-0.006471023453826774,0.01484605971153563,0.01105867206878397,-0.04999999999999993,-0.022824596974221567,0.14000000000000012,,2.7392366291439236,0.07479872468289117,0.004434696027439733,0.07479872468289117,0.004434696027439733
2022-02-25,176.5500030517578,39109.06,4384.65,-0.57,115.2577,27.59,2.2,,-0.439,0.017724462033861244,-0.003336237275936682,0.022126148364755238,-0.005918712639284784,0.020000000000000018,-0.09435417254497658,-0.040000000000000036,,3.1625149300146718,0.07479872468289117,0.004434696027439733,0.07479872468289117,0.004434696027439733
2022-02-28,178.3800048828125,41908.08,4373.94,-0.79,115.2224,30.15,2.34,,-0.439,0.06912449472742921,0.010311993951243714,-0.002445600339324727,-0.00030631712044559833,-0.22000000000000008,0.08873153494399988,0.13999999999999968,,3.0891774111598704,0.07479872468289117,0.004434696027439733,0.07479872468289117,0.004434696027439733
2022-03-01,181.6199951171875,44084.63,4306.26,-0.9,115.7962,33.32,2.25,,-0.439,0.05063254719407695,0.01800043176575361,-0.015594426756136315,0.004967575597482288,-0.10999999999999999,0.09997289412544763,-0.08999999999999986,,3.020141220223356,0.07479872468289117,0.004434696027439733,0.07479872468289117,0.004434696027439733
2022-03-02,179.72999572753906,43803.31,4386.54,-0.85,115.7623,30.74,2.24,,-0.439,-0.006401810323044543,-0.010460864384516988,0.018470983448990452,-0.00029279858214881216,0.050000000000000044,-0.08059307918819236,-0.009999999999999787,,2.9549902265333277,0.07479872468289117,0.004434696027439733,0.07479872468289117,0.004434696027439733
2022-03-03,180.8000030517578,42030.32,4363.49,-0.83,115.9495,30.48,2.24,,-0.439,-0.04131812270595958,0.005935763844875375,-0.005268565551901361,0.0016158006690094595,0.020000000000000018,-0.008494007292004113,0.0,,2.8933626777812056,0.07479872468289117,0.004434696027439733,0.07479872468289117,0.004434696027439733
2022-03-04,183.67999267578125,39469.36,4328.87,-0.93,116.6503,31.98,2.31,,-0.412,-0.06286658790079436,0.015803608419049375,-0.007965657901415568,0.006025818771395741,-0.10000000000000009,0.0480399765873627,0.06999999999999984,,3.2351252751152493,0.07479872468289117,0.004434696027439733,0.07479872468289117,0.004434696027439733
2022-03-07,186.41000366210938,37590.0,4201.09,-0.99,117.3278,36.45,2.32,,-0.412,-0.04878661712048782,0.014753495270293016,-0.029962522550535553,0.005791156466950831,-0.05999999999999994,0.1308307510488591,0.009999999999999787,,3.1569817834273484,0.07479872468289117,0.004434696027439733,0.07479872468289117,0.004434696027439733
2022-03-08,191.50999450683594,38512.5,4170.7,-1.04,117.6176,35.13,2.35,,-0.412,0.02424480634669912,0.0269914293684268,-0.007260127998096166,0.0024669574034978936,-0.050000000000000044,-0.03688599217693156,0.03000000000000025,,3.0836273146841804,0.07479872468289117,0.004434696027439733,0.07479872468289117,0.004434696027439733
2022-03-09,185.82000732421875,41841.64,4277.88,-0.9,116.5961,32.45,2.32,,-0.412,0.08290915200642779,-0.030161495266206373,0.025373672345635256,-0.0087228584579373,0.14,-0.07935502312763676,-0.03000000000000025,,3.014579142280111,0.07479872468289117,0.004434696027439733,0.07479872468289117,0.004434696027439733
2022-03-10,186.39999389648438,39612.11,4259.52,-0.88,116.7401,30.23,2.38,,-0.412,-0.05475713633773083,0.0031163668784781606,-0.004301081899390269,0.0012342707070835957,0.020000000000000018,-0.07086563435873217,0.06000000000000005,,2.9494201582066304,0.07871063897739283,0.003911914294501662,0.07479872468289117,0.004434696027439733
2022-03-11,185.08999633789062,38364.9,4204.31,-0.94,117.0192,30.75,2.35,,-0.391,-0.03199190050767342,-0.00705269602424341,-0.013046288284511931,0.0023879275188081195,-0.05999999999999994,0.017055185461159805,-0.029999999999999805,,3.1703651713463024,0.07871063897739283,0.003911914294501662,0.07871063897739283,0.003911914294501662
2022-03-14,182.3000030517578,38814.18,4173.11,-0.79,117.1506,31.77,2.33,,-0.391,0.011642664697273375,-0.01518847505814147,-0.007448628397105139,0.0011222626811075997,0.1499999999999999,0.03263245402889803,-0.020000000000000018,,3.096061519269895,0.07871063897739283,0.003911914294501662,0.07871063897739283,0.003911914294501662
2022-03-15,178.88999938964844,39735.71,4262.45,-0.69,117.246,29.83,2.36,,-0.391,0.023464635829425262,-0.01888261003368097,0.02118255114065626,0.0008140050262479548,0.10000000000000009,-0.0630078497547677,0.029999999999999805,,3.0261595577631413,0.07871063897739283,0.003911914294501662,0.07871063897739283,0.003911914294501662
2022-03-16,180.00999450683594,40880.17,4357.86,-0.61,116.8073,26.67,2.23,,-0.391,0.02839482478901445,0.0062412859954879,0.0221369988429565,-0.003748723164778589,0.07999999999999996,-0.1119752603327342,-0.1299999999999999,,2.9602292840937,0.07871063897739283,0.003911914294501662,0.07871063897739283,0.003911914294501662
2022-03-17,180.88999938964844,40871.86,4411.67,-0.71,116.0467,25.67,2.17,,-0.391,-0.00020329770474525333,0.004876733952654533,0.012272191404502308,-0.0065328721439055215,-0.09999999999999998,-0.03821634331087376,-0.06000000000000005,,2.8978974129976187,0.07871063897739283,0.003911914294501662,0.07871063897739283,0.003911914294501662
2022-03-18,179.3000030517578,42042.71,4463.12,-0.72,116.1378,23.87,2.14,,-0.379,0.02824419965310554,-0.008828710707897258,0.011594770446318847,0.0007847208118958449,-0.010000000000000009,-0.0727005545323105,-0.029999999999999805,,2.9866838437322967,0.07871063897739283,0.003911914294501662,0.07871063897739283,0.003911914294501662
2022-03-21,180.6699981689453,41180.54,4461.18,-0.58,115.9398,23.53,2.07,,-0.379,-0.020720191672488397,0.007611755019546251,-0.00043476799985597836,-0.001706326229162336,0.14,-0.014346237611467583,-0.07000000000000028,,2.92292136642143,0.07871063897739283,0.003911914294501662,0.07871063897739283,0.003911914294501662
2022-03-22,179.36000061035156,42284.4,4511.61,-0.53,116.0824,22.94,2.05,,-0.379,0.02645240902924506,-0.007277189924242755,0.011240769260245642,0.0012291928785668205,0.04999999999999993,-0.02539409103804635,-0.020000000000000018,,2.8625595944150435,0.07871063897739283,0.003911914294501662,0.07871063897739283,0.003911914294501662
2022-03-23,181.80999755859375,42216.79,4456.24,-0.62,116.005,23.57,2.03,,-0.379,-0.0016002144923010775,0.01356720957605173,-0.012348713151043356,-0.0006669901327640559,-0.08999999999999997,0.027092605246815005,-0.020000000000000018,,2.8052970841262788,0.07871063897739283,0.003911914294501662,0.07871063897739283,0.003911914294501662
2022-03-24,183.1300048828125,43908.31,4520.16,-0.58,115.9599,21.67,2.01,,-0.379,0.039285586804625794,0.0072341375131088625,0.014242030309045361,-0.0003888519389638745,0.040000000000000036,-0.08404590139977186,-0.020000000000000018,,2.7508685963533055,0.07871063897739283,0.003911914294501662,0.07871063897739283,0.003911914294501662
2022-03-25,182.3800048828125,44444.94,4543.06,-0.47,115.7921,20.81,1.96,,-0.374,0.012147523692636497,-0.004103860537691517,0.005053402374178617,-0.0014480999458301724,0.10999999999999999,-0.040495175142724715,-0.04999999999999982,,2.756229280639476,0.07871063897739283,0.003911914294501662,0.07871063897739283,0.003911914294501662
2022-03-28,179.05999755859375,47956.28,4575.52,-0.49,116.1911,19.63,1.94,,-0.374,0.07603864280422279,-0.01837151770682066,0.007119559648820939,0.003439907660951924,-0.020000000000000018,-0.05837463211717342,-0.020000000000000018,,2.7042157956428428,0.07871063897739283,0.003911914294501662,0.07871063897739283,0.003911914294501662
2022-03-29,179.13999938964844,47701.49,4631.6,-0.45,115.5679,18.9,1.91,,-0.374,-0.005327128210115717,0.00044668806848946474,0.01218202728525597,-0.005378013385184843,0.03999999999999998,-0.03789708622277299,-0.030000000000000027,,2.654608157291715,0.07871063897739283,0.003911914294501662,0.07871063897739283,0.003911914294501662
2022-03-30,180.5800018310547,47073.89,4602.45,-0.51,115.0818,19.33,1.93,,-0.374,-0.013244139433073343,0.008006283379257795,-0.006313610350948906,-0.004215056162649944,-0.06,0.02249637115464287,0.020000000000000018,,2.6072194011411614,0.07871063897739283,0.003911914294501662,0.07871063897739283,0.003911914294501662
2022-03-31,180.64999389648438,45581.98,4530.41,-0.52,115.2218,20.56,1.93,,-0.374,-0.03220603189128113,0.0003875207880481568,-0.01577632727939715,0.0012157866159707709,-0.010000000000000009,0.06168914736672493,0.0,,2.5618823314383232,0.07871063897739283,0.003911914294501662,0.07871063897739283,0.003911914294501662
2022-04-01,179.5,46361.68,4545.86,-0.41,115.4814,19.63,1.81,,-0.371,0.0169607929719362,-0.0063862158789014245,0.0034044855260564333,0.002250511562635893,0.11000000000000004,-0.046288432298594806,-0.11999999999999988,,2.5506341229112786,0.07871063897739283,0.003911914294501662,0.07871063897739283,0.003911914294501662
2022-04-04,180.3699951171875,45925.77,4582.64,-0.38,115.4112,18.57,1.81,,-0.371,-0.009446858523590507,0.00483506168268466,0.00805832262263273,-0.0006080749418826414,0.02999999999999997,-0.05551163292375527,0.0,,2.5076663381841864,0.07871063897739283,0.003911914294501662,0.07871063897739283,0.003911914294501662
2022-04-05,179.24000549316406,46032.49,4525.12,-0.3,115.73,21.03,1.77,,-0.371,0.00232105409369332,-0.006284549046099208,-0.012631155137048822,0.0027584887692251314,0.08000000000000002,0.12440261434999389,-0.040000000000000036,,2.466432490389726,0.07871063897739283,0.003911914294501662,0.07871063897739283,0.003911914294501662
2022-04-06,179.66000366210938,43754.56,4481.15,-0.22,115.9995,22.1,1.77,,-0.371,-0.0507516155777612,0.0023404756196958587,-0.009764386222700594,0.0023259888922613214,0.07999999999999999,0.04962761880909872,0.0,,2.426813689467329,0.07871063897739283,0.003911914294501662,0.07871063897739283,0.003911914294501662
2022-04-07,180.33999633789062,43388.93,4500.21,-0.16,116.3512,21.55,1.78,,-0.371,-0.008391496497358375,0.003777741580450744,0.004244352439510379,0.00302732265150496,0.06,-0.025201791973950005,0.010000000000000009,,2.389027701771565,0.07871063897739283,0.003911914294501662,0.07871063897739283,0.003911914294501662
2022-04-08,181.47000122070312,42730.84,4488.28,-0.15,116.4176,21.16,1.78,,-0.368,-0.01528343166387991,0.006246419748616283,-0.0026545074879766872,0.0005705232127422022,0.010000000000000009,-0.01826320955965821,0.0,,2.3831536330607865,0.07871063897739283,0.003911914294501662,0.07871063897739283,0.003911914294501662
2022-04-11,182.3699951171875,39985.34,4412.53,-0.12,116.5401,24.37,1.82,,-0.368,-0.06640802084599606,0.004947206140849758,-0.017021333762949453,0.0010516931725463863,0.03,0.14124026064701622,0.040000000000000036,,2.346980535695743,0.07871063897739283,0.003911914294501662,0.07871063897739283,0.003911914294501662
2022-04-12,183.77000427246094,39303.1,4397.45,-0.14,116.3866,24.26,1.92,,-0.368,-0.017209490764953372,0.007647435301758598,-0.0034233936348684324,-0.0013180113934652127,-0.020000000000000018,-0.0045239641212107,0.09999999999999987,,2.3120956401914965,0.08542455554842432,0.006713916571031486,0.07871063897739283,0.003911914294501662
2022-04-13,184.64999389648438,41059.31,4446.59,-0.1,116.2796,21.82,1.94,,-0.368,0.04371421060205982,0.004777109287769754,0.011112682823132047,-0.0009197726832974595,0.04000000000000001,-0.10600192311097967,0.020000000000000018,,2.2784202779140528,0.08542455554842432,0.006713916571031486,0.08542455554842432,0.006713916571031486
2022-04-14,184.0399932861328,39775.81,4392.59,-0.06,116.7558,22.7,1.93,,-0.368,-0.031758668206411045,-0.003309019437270244,-0.012218479951524586,0.004086938403633944,0.04000000000000001,0.039537944082432386,-0.010000000000000009,,2.2460532581172346,0.08542455554842432,0.006713916571031486,0.08542455554842432,0.006713916571031486
2022-04-18,184.61000061035156,40680.68,4391.69,-0.07,116.8441,22.17,1.94,,-0.368,0.022494348304434197,0.0030924062818558085,-0.00020491150171686456,0.000755993510318298,-0.010000000000000009,-0.023624900859136932,0.010000000000000009,,2.214748624788772,0.08542455554842432,0.006713916571031486,0.08542455554842432,0.006713916571031486
2022-04-19,181.82000732421875,41417.23,4462.21,0.0,117.1324,21.37,1.91,,-0.368,0.017943690954258074,-0.015228268112133847,0.01593004016149635,0.0024643512994213523,0.07,-0.036751954297163714,-0.030000000000000027,,2.184446219121995,0.08542455554842432,0.006713916571031486,0.08542455554842432,0.006713916571031486
2022-04-20,182.7100067138672,41193.89,4459.45,-0.07,116.7306,20.32,1.91,,-0.368,-0.005407033438853404,0.004883006193092676,-0.000618718957692721,-0.0034362032074692905,-0.07,-0.0503824466207754,0.0,,2.1550905559774405,0.08542455554842432,0.006713916571031486,0.08542455554842432,0.006713916571031486
2022-04-21,182.05999755859375,41218.82,4393.66,-0.12,117.1432,22.68,1.93,,-0.368,0.0006050037854699042,-0.003563943502360445,-0.01486284731647558,0.0035284023097883477,-0.04999999999999999,0.10987785614927015,0.020000000000000018,,2.1266303663517627,0.08542455554842432,0.006713916571031486,0.08542455554842432,0.006713916571031486
2022-04-22,180.2899932861328,39502.92,4271.78,-0.08,118.0186,28.21,1.96,,-0.352,-0.04252035494694084,-0.00976966135240076,-0.02813199052103066,0.007445121134488808,0.039999999999999994,0.21819304615435398,0.030000000000000027,,2.2501273448129657,0.08542455554842432,0.006713916571031486,0.08542455554842432,0.006713916571031486
2022-04-25,177.0500030517578,40225.98,4296.12,-0.1,118.6271,27.02,2.03,,-0.352,0.018138462314572834,-0.01813443252023017,0.005681687572860028,0.005142720456039029,-0.020000000000000004,-0.043099192481852455,0.06999999999999984,,2.219016543222436,0.08542455554842432,0.006713916571031486,0.08542455554842432,0.006713916571031486
2022-04-26,177.32000732421875,38270.03,4175.2,-0.08,118.9624,33.52,2.06,,-0.352,-0.04984597219888798,0.0015238553873304639,-0.028550028430272434,0.002822517178580064,0.020000000000000004,0.2155649430818296,0.03000000000000025,,2.1888994510939637,0.08542455554842432,0.006713916571031486,0.08542455554842432,0.006713916571031486
2022-04-27,175.97999572753906,38858.27,4183.96,-0.06,119.4708,31.6,2.05,,-0.352,0.015253840831775278,-0.007585723242633513,0.002095905140411247,0.004264513251368562,0.020000000000000004,-0.05898515502101587,-0.010000000000000231,,2.1597213718043013,0.08542455554842432,0.006713916571031486,0.08542455554842432,0.006713916571031486
2022-04-28,176.92999267578125,39983.77,4287.5,-0.12,120.0675,29.99,2.06,,-0.352,0.02855269760221013,0.005383804789462765,0.024445646004581434,0.004982094589775166,-0.06,-0.05229312783194873,0.010000000000000231,,2.131431747965429,0.08542455554842432,0.006713916571031486,0.08542455554842432,0.006713916571031486
2022-04-29,176.91000366210938,38331.55,4131.93,0.01,119.4933,33.4,2.05,,-0.337,-0.04220030490129112,-0.00011298334784104469,-0.03695920232685879,-0.004793781784073303,0.13,0.10769190722173683,-0.010000000000000231,,2.240056930604502,0.08542455554842432,0.006713916571031486,0.08542455554842432,0.006713916571031486
2022-05-02,173.6300048828125,38563.39,4155.38,0.18,119.8825,32.34,2.08,,-0.337,0.0060300639419725854,-0.018714522902945063,0.005659270037375208,0.003251793564388983,0.16999999999999998,-0.03225104583369376,0.03000000000000025,,2.209562703562398,0.08542455554842432,0.006713916571031486,0.08542455554842432,0.006713916571031486
2022-05-03,174.08999633789062,37717.5,4175.48,0.14,119.7043,29.25,2.05,,-0.337,-0.02217920308372001,0.002645759356915356,0.004825441551572496,-0.0014875613586449177,-0.03999999999999998,-0.10042528047109522,-0.03000000000000025,,2.180030559487885,0.08542455554842432,0.006713916571031486,0.08542455554842432,0.006713916571031486
2022-05-04,175.8000030517578,39859.23,4300.17,0.07,119.5592,25.42,2.08,,-0.337,0.055229819254329016,0.009774616775434453,0.02942523504760608,-0.00121288886761306,-0.07,-0.14034330791655725,0.03000000000000025,,2.1514083349815425,0.08542455554842432,0.006713916571031486,0.08542455554842432,0.006713916571031486
2022-05-05,175.1300048828125,36316.01,4146.87,0.18,120.0068,31.2,2.1,,-0.337,-0.09309530611622563,-0.0038184194446895248,-0.03630072399124984,0.0037367616509378365,0.10999999999999999,0.20488182905412833,0.020000000000000018,,2.123647763428227,0.08542455554842432,0.006713916571031486,0.08542455554842432,0.006713916571031486
2022-05-06,175.4199981689453,36001.34,4123.34,0.26,119.8577,30.19,2.09,,-0.319,-0.008702530884592719,0.001654504919470945,-0.005690318260649363,-0.001243202051186998,0.08000000000000002,-0.0329073510966893,-0.010000000000000231,,2.2538015991902394,0.08542455554842432,0.006713916571031486,0.08542455554842432,0.006713916571031486
2022-05-09,172.8800048828125,30940.62,3991.24,0.3,120.4972,34.75,2.17,,-0.319,-0.15148627625671196,-0.014585347642546154,-0.032561554986877184,0.005321310354183595,0.03999999999999998,0.14066882829205385,0.08000000000000007,,2.22321376585688,0.08542455554842432,0.006713916571031486,0.08542455554842432,0.006713916571031486
2022-05-10,171.4199981689453,31330.0,4001.05,0.34,120.7742,32.99,2.16,,-0.319,0.012506221235209836,-0.008481065653521469,0.002454867109817016,0.0022961703849233572,0.040000000000000036,-0.05197508677031104,-0.009999999999999787,,2.193596395188044,0.08542455554842432,0.006713916571031486,0.08542455554842432,0.006713916571031486
2022-05-11,172.82000732421875,29372.21,3935.18,0.21,120.3925,32.56,2.17,,-0.319,-0.06452711573394687,0.008133958004822084,-0.016600202520525187,-0.0031654479554710235,-0.13000000000000003,-0.013119944106150694,0.009999999999999787,,2.164896853322995,0.08258629340882373,-0.002838262139600589,0.08542455554842432,0.006713916571031486
2022-05-12,170.1699981689453,28640.0,3930.08,0.25,121.2796,31.77,2.2,,-0.319,-0.025244647137709464,-0.0154527061706764,-0.0012968422441890226,0.00734138515992111,0.04000000000000001,-0.024562092852914663,0.03000000000000025,,2.137066448718212,0.08258629340882373,-0.002838262139600589,0.08258629340882373,-0.002838262139600589
2022-05-13,168.7899932861328,30084.1,4023.89,0.24,120.8442,28.87,2.24,,-0.3,0.04919245089224766,-0.008142627698811467,0.023589314531626826,-0.0035965111180384923,-0.010000000000000009,-0.09571945460658116,0.040000000000000036,,2.269555950144906,0.08258629340882373,-0.002838262139600589,0.08258629340882373,-0.002838262139600589
2022-05-16,170.39999389648438,29576.7,4008.01,0.2,120.6881,27.47,2.29,,-0.3,-0.017009903791651126,0.00949327965207658,-0.003954237650276582,-0.0012925809238257813,-0.03999999999999998,-0.04970849356766127,0.04999999999999982,,2.2386990642063815,0.08258629340882373,-0.002838262139600589,0.08258629340882373,-0.002838262139600589
2022-05-17,169.3300018310547,30097.1,4088.85,0.27,119.8871,26.1,2.27,,-0.3,0.01744193240531189,-0.006299094085683521,0.019968898134441915,-0.006659065106486395,0.07,-0.05115918577853451,-0.020000000000000018,,2.2088298458271773,0.08258629340882373,-0.002838262139600589,0.08258629340882373,-0.002838262139600589
2022-05-18,169.4199981689453,29276.55,3923.68,0.17,120.0274,30.96,2.31,,-0.3,-0.027641967316343496,0.0005313437048437564,-0.04123376798544065,0.001169583464053936,-0.1,0.17076073439287853,0.040000000000000036,,2.1798944733422014,0.08258629340882373,-0.002838262139600589,0.08258629340882373,-0.002838262139600589
2022-05-19,171.91000366210938,29967.4,3900.79,0.25,119.4278,29.35,2.37,,-0.3,0.02332326986318023,0.014590277160261067,-0.005850892213604908,-0.005008045372908221,0.07999999999999999,-0.05340350244742087,0.06000000000000005,,2.1518431817021555,0.08258629340882373,-0.002838262139600589,0.08258629340882373,-0.002838262139600589
2022-05-20,172.02999877929688,29291.55,3901.36,0.23,119.3677,29.43,2.36,,-0.281,-0.02281104562070091,0.0006977677571926577,0.00014611357151927962,-0.0005033595797989676,-0.01999999999999999,0.0027220159712757486,-0.010000000000000231,,2.2782513140549696,0.08258629340882373,-0.002838262139600589,0.08258629340882373,-0.002838262139600589
2022-05-23,172.8300018310547,29089.91,3973.75,0.26,118.7169,28.48,2.33,,-0.281,-0.006907699868847317,0.004639589893868923,0.01838502294652855,-0.00546697788027295,0.03,-0.03281247570160639,-0.029999999999999805,,2.2474091892203725,0.08258629340882373,-0.002838262139600589,0.08258629340882373,-0.002838262139600589
2022-05-24,174.1300048828125,29391.62,3941.48,0.21,118.6245,29.45,2.34,,-0.281,0.010318221045473308,0.007493711725538255,-0.008153945948249586,-0.0007786252602208776,-0.05000000000000002,0.033491823553820854,0.009999999999999787,,2.2175571016869813,0.08258629340882373,-0.002838262139600589,0.08258629340882373,-0.002838262139600589
2022-05-25,173.0800018310547,29599.1,3978.73,0.19,118.9598,28.37,2.29,,-0.281,0.007034355761240008,-0.006048248796559186,0.009406385602540368,0.0028225789550049285,-0.01999999999999999,-0.03736166127683571,-0.04999999999999982,,2.1886412034542504,0.08258629340882373,-0.002838262139600589,0.08258629340882373,-0.002838262139600589
2022-05-26,172.75999450683594,29379.76,4057.84,0.13,118.7687,27.5,2.25,,-0.281,-0.007437953572317468,-0.0018506096399271144,0.019688139439344,-0.0016077167118133673,-0.06,-0.031146244148234192,-0.040000000000000036,,2.1606117072008186,0.08258629340882373,-0.002838262139600589,0.08258629340882373,-0.002838262139600589
2022-05-27,172.85000610351562,28880.0,4158.24,0.11,118.2834,25.72,2.26,,-0.259,-0.01715668786541258,0.0005208853826914606,0.024441095491292586,-0.004094464280128385,-0.020000000000000004,-0.06691710530310724,0.009999999999999787,,2.3047205738395196,0.08258629340882373,-0.002838262139600589,0.08258629340882373,-0.002838262139600589
2022-05-31,171.13999938964844,31625.71,4132.15,0.21,118.0704,26.19,2.18,,-0.259,0.09082108336393446,-0.009942270255165475,-0.006294055196399029,-0.0018023831870896956,0.09999999999999999,0.018108759150202047,-0.07999999999999963,,2.2732927266660914,0.08258629340882373,-0.002838262139600589,0.08258629340882373,-0.002838262139600589
2022-06-01,172.22999572753906,30126.71,4101.23,0.29,118.6954,25.69,2.08,,-0.259,-0.04855824370324946,0.006348836617416254,-0.0075109239121431415,0.005279490971410894,0.07999999999999999,-0.019275847397828283,-0.10000000000000009,,2.2428904949090263,0.08258629340882373,-0.002838262139600589,0.08258629340882373,-0.002838262139600589
2022-06-02,174.35000610351562,30293.0,4176.82,0.26,118.0658,24.72,2.1,,-0.259,0.005504509037756122,0.012234040087981235,0.018263262738202002,-0.0053184515373940755,-0.02999999999999997,-0.03848917853230249,0.020000000000000018,,2.2134574542926253,0.08258629340882373,-0.002838262139600589,0.08258629340882373,-0.002838262139600589
2022-06-03,172.5800018310547,29572.52,4108.54,0.22,118.2153,24.79,2.09,,-0.236,-0.024071110981541466,-0.010203900438868097,-0.01648245720240027,0.0012654420514381925,-0.04000000000000001,0.0028277134576093488,-0.010000000000000231,,2.358387702405175,0.08258629340882373,-0.002838262139600589,0.08258629340882373,-0.002838262139600589
2022-06-06,171.82000732421875,31470.72,4121.43,0.28,118.3081,25.07,2.08,,-0.236,0.06221203800538966,-0.0044134478528645715,0.0031324562641241727,0.0007847004124066359,0.060000000000000026,0.011231566123103054,-0.009999999999999787,,2.325383228301539,0.08258629340882373,-0.002838262139600589,0.08258629340882373,-0.002838262139600589
2022-06-07,172.94000244140625,31059.71,4160.68,0.25,118.4414,24.02,2.07,,-0.236,-0.013146108837506887,0.006497267812168417,0.009478331934065665,0.0011260848625749276,-0.030000000000000027,-0.042785095518364624,-0.010000000000000231,,2.2934961829291303,0.08258629340882373,-0.002838262139600589,0.08258629340882373,-0.002838262139600589
2022-06-08,172.77999877929688,30140.14,4115.77,0.28,118.3951,23.96,2.07,,-0.236,-0.030053642731799002,-0.0009256257836884885,-0.010852585537421078,-0.00039098703611895047,0.030000000000000027,-0.0025010434045888985,0.0,,2.2626630650643205,0.08258629340882373,-0.002838262139600589,0.08258629340882373,-0.002838262139600589
2022-06-09,172.22999572753906,30017.12,4017.82,0.29,118.9226,26.09,2.07,,-0.236,-0.004089952617086112,-0.0031883338247284954,-0.024086469933733312,0.0044455248701193995,0.009999999999999953,0.08516632590138817,0.0,,2.2328253818122175,0.08258629340882373,-0.002838262139600589,0.08258629340882373,-0.002838262139600589
2022-06-10,174.5399932861328,28980.03,3900.86,0.39,119.9981,27.75,2.04,,-0.211,-0.035160913471834476,0.013323135228160865,-0.029542425335362665,0.009003047994863067,0.10000000000000003,0.061683741043806695,-0.029999999999999805,,2.3850416132205936,0.08581511543676523,0.0032288220279415025,0.08258629340882373,-0.002838262139600589
2022-06-13,169.92999267578125,23215.97,3749.63,0.69,121.1523,34.02,1.98,,-0.211,-0.221766568159957,-0.026767358824472787,-0.03953987319895802,0.009572522488636714,0.29999999999999993,0.20371274677527218,-0.06000000000000005,,2.3512479803029325,0.08581511543676523,0.0032288220279415025,0.08581511543676523,0.0032288220279415025
2022-06-14,168.57000732421875,22190.93,3735.48,0.89,121.6669,32.69,1.99,,-0.211,-0.04515675709184208,-0.00803540720328666,-0.003780844063994593,0.0042385509087612405,0.20000000000000007,-0.0398793662315966,0.010000000000000009,,2.318619011847942,0.08581511543676523,0.0032288220279415025,0.08581511543676523,0.0032288220279415025
2022-06-15,170.77000427246094,21632.03,3789.99,0.63,121.6403,29.62,2.1,,-0.211,-0.025508560142977643,0.012966509676610727,0.014487056184645297,-0.00021865362065742744,-0.26,-0.0986194118964665,0.1100000000000001,,2.287087487021296,0.08581511543676523,0.0032288220279415025,0.08581511543676523,0.0032288220279415025
2022-06-16,172.69000244140625,20875.48,3666.77,0.66,120.6714,32.95,2.13,,-0.211,-0.035599822209373855,0.011180446816136502,-0.03305221501708466,-0.007997180192445441,0.030000000000000027,0.10654145210886368,0.029999999999999805,,2.256591568674556,0.08581511543676523,0.0032288220279415025,0.08581511543676523,0.0032288220279415025
2022-06-17,171.27000427246094,20515.59,3674.84,0.67,121.2369,31.13,2.13,,-0.188,-0.017390179559622965,-0.008256810144045446,0.002198428750711301,0.004675333835945317,0.010000000000000009,-0.05681927649499974,0.0,,2.3870331908483022,0.08581511543676523,0.0032288220279415025,0.08581511543676523,0.0032288220279415025
2022-06-21,170.6300048828125,20888.63,3764.79,0.7,120.6427,30.19,2.13,,-0.188,0.018019906874993552,-0.0037437854344899435,0.024182488501784505,-0.004913198097796112,0.029999999999999916,-0.03066124073476928,0.0,,2.353176117729775,0.08581511543676523,0.0032288220279415025,0.08581511543676523,0.0032288220279415025
2022-06-22,171.30999755859375,20117.34,3759.89,0.62,120.5197,28.95,2.17,,-0.188,-0.03762286206789689,0.003977268335422224,-0.0013023811491290616,-0.0010200596002141182,-0.07999999999999996,-0.041940539699742985,0.040000000000000036,,2.3204874858787763,0.08581511543676523,0.0032288220279415025,0.08581511543676523,0.0032288220279415025
2022-06-23,170.25999450683594,20910.06,3795.73,0.59,120.7622,29.05,2.2,,-0.188,0.03864825314487419,-0.006148118298448857,0.009487049060657782,0.00201009758006343,-0.030000000000000027,0.003448279278916111,0.03000000000000025,,2.2888997719562085,0.08581511543676523,0.0032288220279415025,0.08581511543676523,0.0032288220279415025
2022-06-24,170.08999633789062,21253.79,3911.74,0.57,120.4853,27.23,2.22,,-0.172,0.016304849531723065,-0.0009989609969460744,0.03010553708080721,-0.0022955688377850336,-0.020000000000000018,-0.064699176612252,0.020000000000000018,,2.366153211847066,0.08581511543676523,0.0032288220279415025,0.08581511543676523,0.0032288220279415025
2022-06-27,169.89999389648438,20855.38,3900.11,0.65,120.1736,26.95,2.19,,-0.172,-0.01892328387559239,-0.0011176944418576085,-0.0029775299301260105,-0.0025903897532595366,0.08000000000000007,-0.010336009330662144,-0.03000000000000025,,2.332928934834369,0.08581511543676523,0.0032288220279415025,0.08581511543676523,0.0032288220279415025
2022-06-28,169.6199951171875,20255.01,3821.55,0.72,120.62,28.36,2.22,,-0.172,-0.02920977817322523,-0.0016493806069401984,-0.02034865838324862,0.0037077439882278185,0.06999999999999995,0.050996404308920606,0.03000000000000025,,2.3008352857071657,0.08581511543676523,0.0032288220279415025,0.08581511543676523,0.0032288220279415025
2022-06-29,169.49000549316406,20223.63,3818.83,0.74,120.9616,28.16,2.24,,-0.172,-0.0015504476576371218,-0.0007666517068587453,-0.0007120065009615928,0.0028280318341264987,0.020000000000000018,-0.007077170374085284,0.020000000000000018,,2.2698077354231545,0.08581511543676523,0.0032288220279415025,0.08581511543676523,0.0032288220279415025
2022-06-30,168.4600067138672,18927.33,3785.38,0.65,120.9652,28.71,2.31,,-0.172,-0.06624481338763388,-0.006095587698334626,-0.00879781483060782,2.976106822671909e-05,-0.08999999999999997,0.019342962843130973,0.06999999999999984,,2.2397868664903253,0.08581511543676523,0.0032288220279415025,0.08581511543676523,0.0032288220279415025
2022-07-01,168.32000732421875,19390.17,3825.33,0.54,121.5058,26.7,2.42,,-0.166,0.024159327307486933,-0.0008313996785860311,0.010498459915641689,0.004459097341567464,-0.10999999999999999,-0.07258192872676883,0.10999999999999988,,2.2496822352650048,0.08581511543676523,0.0032288220279415025,0.08581511543676523,0.0032288220279415025
2022-07-05,164.75,20398.21,3831.39,0.52,122.6203,27.54,2.41,,-0.166,0.05068091528029939,-0.021437799680384728,0.0015829235665787422,0.009130590647727033,-0.020000000000000018,0.030975927894305144,-0.009999999999999787,,2.2200832320054738,0.08581511543676523,0.0032288220279415025,0.08581511543676523,0.0032288220279415025
2022-07-06,162.13999938964844,20328.55,3845.08,0.64,123.0073,26.73,2.39,,-0.166,-0.0034208499734003084,-0.015969017587404544,0.0035667473495824,0.0031511142903077882,0.12,-0.029852963149681333,-0.020000000000000018,,2.191410744449771,0.08581511543676523,0.0032288220279415025,0.08581511543676523,0.0032288220279415025
2022-07-07,162.22999572753906,21812.46,3902.62,0.68,122.7257,26.08,2.33,,-0.166,0.07045506422117143,0.0005548992912700612,0.014853713471199015,-0.0022919194676171983,0.040000000000000036,-0.02461779309237544,-0.06000000000000005,,2.1636158838549604,0.08581511543676523,0.0032288220279415025,0.08581511543676523,0.0032288220279415025
2022-07-08,162.3000030517578,21811.9,3899.38,0.72,122.4662,24.64,2.31,,-0.169,-2.5673729084019214e-05,0.0004314382372543335,-0.0008305563153676587,-0.0021167101922205944,0.039999999999999925,-0.05679759839313325,-0.020000000000000018,,2.1176587945855587,0.08581511543676523,0.0032288220279415025,0.08581511543676523,0.0032288220279415025
2022-07-11,161.42999267578125,20509.47,3854.43,0.67,123.2974,26.17,2.32,,-0.169,-0.061568961723734716,-0.005374926525164803,-0.011594429978107001,0.0067642496228002,-0.04999999999999993,0.06024257787673548,0.009999999999999787,,2.0917441825607646,0.08581511543676523,0.0032288220279415025,0.08581511543676523,0.0032288220279415025
2022-07-12,160.8300018310547,19398.74,3818.8,0.64,123.4524,27.29,2.31,,-0.169,-0.05567861519082662,-0.00372364890598309,-0.009286899019016914,0.0012563335037132362,-0.030000000000000027,0.041906618178192634,-0.009999999999999787,,2.0665642737634267,0.08581511543676523,0.0032288220279415025,0.08581511543676523,0.0032288220279415025
2022-07-13,161.60000610351562,19652.15,3801.78,0.6,123.2834,26.82,2.32,,-0.169,0.012978631581750832,0.004776265963685411,-0.004466859031662551,-0.0013698865460840537,-0.040000000000000036,-0.017372456866714625,0.009999999999999787,,2.0420836800924373,0.09059757964784154,0.004782464211076309,0.08581511543676523,0.0032288220279415025
2022-07-14,159.3300018310547,20608.36,3790.38,0.62,124.0622,26.4,2.31,,-0.169,0.04751007162528076,-0.014146649261641109,-0.0030031001895842735,0.0062972826171776575,0.020000000000000018,-0.015783867701261833,-0.009999999999999787,,2.018269399397688,0.09059757964784154,0.004782464211076309,0.09059757964784154,0.004782464211076309
2022-07-15,159.00999450683594,21165.85,3863.16,0.57,123.4765,24.23,2.3,,-0.183,0.02669221509557751,-0.002010475816356383,0.01901922349251528,-0.004732198181526925,-0.050000000000000044,-0.08577247532383625,-0.010000000000000231,,1.9086530287842927,0.09059757964784154,0.004782464211076309,0.09059757964784154,0.004782464211076309
2022-07-18,159.16000366210938,21617.92,3830.85,0.59,122.7727,25.3,2.28,,-0.183,0.02113356655826948,0.0009429497894322125,-0.00839879072885985,-0.0057161762667119476,0.020000000000000018,0.043212860905040174,-0.020000000000000018,,1.8878962855468606,0.09059757964784154,0.004782464211076309,0.09059757964784154,0.004782464211076309
2022-07-19,159.5399932861328,23399.88,3936.69,0.62,122.4819,24.5,2.26,,-0.183,0.07920829377806804,0.002384623832616839,0.02725355801980278,-0.002371414328446342,0.030000000000000027,-0.03213127818279293,-0.020000000000000018,,1.867636224222686,0.09059757964784154,0.004782464211076309,0.09059757964784154,0.004782464211076309
2022-07-20,158.0399932861328,23663.24,3959.9,0.66,122.5997,23.88,2.2,,-0.183,0.011191895012533593,-0.009446509339211318,0.005878503718333761,0.0009613125511815923,0.040000000000000036,-0.02563182902628025,-0.05999999999999961,,1.8478523882684799,0.09059757964784154,0.004782464211076309,0.09059757964784154,0.004782464211076309
2022-07-21,160.27000427246094,23194.4,3998.95,0.58,122.9032,23.11,2.23,,-0.183,-0.020011918932667072,0.014011796602265036,0.009813054238449581,0.0024724771447628413,-0.08000000000000007,-0.03277586423811174,0.029999999999999805,,1.8285255127219726,0.09059757964784154,0.004782464211076309,0.09059757964784154,0.004782464211076309
2022-07-22,160.6699981689453,22582.88,3961.63,0.43,122.451,23.03,2.28,,-0.201,-0.026718773135764096,0.0024926409954950657,-0.009376269923423663,-0.0036861036983824036,-0.14999999999999997,-0.0034677104536955383,0.04999999999999982,,1.70041895585517,0.09059757964784154,0.004782464211076309,0.09059757964784154,0.004782464211076309
2022-07-25,160.22999572753906,21892.66,3966.84,0.45,122.4594,23.36,2.31,,-0.201,-0.031040676262980682,-0.0027423043036360895,0.0013142512363462089,6.859651532398203e-05,0.020000000000000018,0.014227444127432154,0.03000000000000025,,1.6839154816664026,0.09059757964784154,0.004782464211076309,0.09059757964784154,0.004782464211076309
2022-07-26,160.0399932861328,20911.55,3921.05,0.45,122.7581,24.69,2.29,,-0.201,-0.04584978292138331,-0.0011865143173865889,-0.011610332895749309,0.0024362057988067676,0.0,0.05537314539706184,-0.020000000000000018,,1.6677398470997375,0.09059757964784154,0.004782464211076309,0.09059757964784154,0.004782464211076309
2022-07-27,161.6699981689453,22773.62,4023.61,0.36,122.8169,23.24,2.3,,-0.201,0.08530121064987561,0.010133467249785255,0.025820034533563074,0.0004788761162473065,-0.09000000000000002,-0.06052337137337771,0.009999999999999787,,1.6518806266738342,0.09059757964784154,0.004782464211076309,0.09059757964784154,0.004782464211076309
2022-07-28,163.63999938964844,23792.1,4072.43,0.2,122.1161,22.33,2.42,,-0.201,0.04375074424745051,0.01211168004371821,0.012060363275690378,-0.00572239683795317,-0.15999999999999998,-0.0399438661316438,0.1200000000000001,,1.6363269658529385,0.09059757964784154,0.004782464211076309,0.09059757964784154,0.004782464211076309
2022-07-29,164.10000610351562,23895.14,4130.29,0.14,121.7678,21.33,2.36,,-0.219,0.004321498176826921,0.002807145958569457,0.01410774953829197,-0.0028562790474939703,-0.06,-0.0458165333688072,-0.06000000000000005,,1.513029057089667,0.09059757964784154,0.004782464211076309,0.09059757964784154,0.004782464211076309
2022-08-01,165.02999877929688,22955.37,4118.63,0.09,121.4109,22.84,2.38,,-0.219,-0.04012319491528338,0.005651232868696177,-0.002827038634318768,-0.0029352920815215455,-0.05000000000000002,0.06839885230455023,0.020000000000000018,,1.4996347642907744,0.09059757964784154,0.004782464211076309,0.09059757964784154,0.004782464211076309
2022-08-02,164.0500030517578,22951.21,4091.19,0.27,121.9486,23.93,2.29,,-0.219,-0.00018123763570976337,-0.005955990148902579,-0.006684702509966556,0.004418984054379571,0.18000000000000002,0.04661951713247259,-0.08999999999999986,,1.486461085806965,0.09059757964784154,0.004782464211076309,0.09059757964784154,0.004782464211076309
2022-08-03,164.4499969482422,23460.51,4155.17,0.23,122.3888,21.95,2.29,,-0.219,0.02194792369119547,0.0024352760679882124,0.015517460750034573,0.0036032181423415466,-0.04000000000000001,-0.08636576239910188,0.0,,1.4735014375328106,0.09059757964784154,0.004782464211076309,0.09059757964784154,0.004782464211076309
2022-08-04,167.1699981689453,22451.28,4151.94,0.22,121.8333,21.44,2.32,,-0.219,-0.0439709539663351,0.016404693683583993,-0.0007776471390830153,-0.004549145699697554,-0.010000000000000009,-0.023508803318578853,0.029999999999999805,,1.460749520272358,0.09059757964784154,0.004782464211076309,0.09059757964784154,0.004782464211076309
2022-08-05,165.2899932861328,22931.23,4145.19,0.37,122.321,21.15,2.29,,-0.232,0.0211521087956843,-0.011309781450743017,-0.0016270689959387852,0.003995019941473998,0.15,-0.013618430710314655,-0.029999999999999805,,1.3706304410087744,0.09059757964784154,0.004782464211076309,0.09059757964784154,0.004782464211076309
2022-08-08,166.69000244140625,23926.84,4140.06,0.29,121.8783,21.29,2.26,,-0.232,0.04250110443405042,0.008434348290836446,-0.001238345410353503,-0.0036257309908345192,-0.08000000000000002,0.006597573413101188,-0.03000000000000025,,1.3592147605751181,0.09059757964784154,0.004782464211076309,0.09059757964784154,0.004782464211076309
2022-08-09,167.1999969482422,23053.82,4122.47,0.33,121.8614,21.77,2.26,,-0.232,-0.037169358990235324,0.0030548677970774207,-0.004257782198347826,-0.00013867252669186314,0.040000000000000036,0.02229539634106814,0.0,,1.3479594132713222,0.09059757964784154,0.004782464211076309,0.09059757964784154,0.004782464211076309
2022-08-10,166.77999877929688,23638.95,4210.24,0.35,120.7543,19.74,2.29,,-0.232,0.0250642929151752,-0.002515111058863262,0.021067154907855823,-0.00912643068314356,0.019999999999999962,-0.09788584124112054,0.03000000000000025,,1.3368601564181524,0.0852481474562552,-0.005349432191586345,0.09059757964784154,0.004782464211076309
2022-08-11,166.33999633789062,24222.73,4207.27,0.4,120.7163,20.2,2.29,,-0.232,0.024395673228083226,-0.002641706914864095,-0.0007056718966165221,-0.00031473811150206643,0.050000000000000044,0.02303557040182369,0.0,,1.3259129113971477,0.0852481474562552,-0.005349432191586345,0.0852481474562552,-0.005349432191586345
2022-08-12,167.8699951171875,24177.57,4280.15,0.37,121.018,19.53,2.27,,-0.24,-0.001866104677253233,0.009155976822721179,0.017174074409835427,0.00249613031042184,-0.030000000000000027,-0.03373085951857169,-0.020000000000000018,,1.267493273568735,0.0852481474562552,-0.005349432191586345,0.0852481474562552,-0.005349432191586345
2022-08-15,165.7100067138672,23983.54,4297.14,0.35,121.4315,19.95,2.27,,-0.24,-0.008057582135295505,-0.012950528089989533,0.0039616294239337435,0.003411022921683049,-0.020000000000000018,0.021277398447284934,0.0,,1.2573193552186916,0.0852481474562552,-0.005349432191586345,0.0852481474562552,-0.005349432191586345
2022-08-16,165.4199981689453,23930.24,4305.2,0.38,121.6807,19.69,2.27,,-0.24,-0.0022248306013707975,-0.0017516299628299592,0.001873909275516894,0.00205008294342246,0.030000000000000027,-0.013118250684838184,0.0,,1.2472712577708038,0.0852481474562552,-0.005349432191586345,0.0852481474562552,-0.005349432191586345
2022-08-17,164.35000610351562,23276.89,4274.04,0.43,122.0711,19.9,2.24,,-0.24,-0.027681908248110787,-0.00648934594710493,-0.007264078640478289,0.0032032611354715357,0.04999999999999999,0.010608839079412569,-0.029999999999999805,,1.2373459280407395,0.0852481474562552,-0.005349432191586345,0.0852481474562552,-0.005349432191586345
2022-08-18,163.9199981689453,23344.88,4283.74,0.36,122.3627,19.56,2.24,,-0.24,0.0029166652488257228,-0.0026198444873024584,0.002266944033161522,0.002385923209726748,-0.07,-0.01723306712377548,0.0,,1.2275404216859778,0.0852481474562552,-0.005349432191586345,0.0852481474562552,-0.005349432191586345
2022-08-19,162.72000122070312,21329.65,4228.48,0.43,123.0501,20.6,2.25,,-0.237,-0.0902795645879344,-0.007347552958115067,-0.01298386938135998,0.00560200444060488,0.07,0.05180441118886403,0.009999999999999787,,1.235709035511998,0.0852481474562552,-0.005349432191586345,0.0852481474562552,-0.005349432191586345
2022-08-22,161.63999938964844,21055.48,4137.99,0.46,123.605,23.8,2.24,,-0.237,-0.012937264745433552,-0.006659303367833047,-0.021632427725286618,0.0044994077653131015,0.030000000000000027,0.14439450488189376,-0.009999999999999787,,1.2259349539449886,0.0852481474562552,-0.005349432191586345,0.0852481474562552,-0.005349432191586345
2022-08-23,162.77000427246094,21522.01,4128.73,0.47,123.0547,24.11,2.24,,-0.237,0.02191527362960244,0.006966551217581163,-0.00224030906405126,-0.004462025316855467,0.009999999999999953,0.012941111515650583,0.0,,1.2162773988157205,0.0852481474562552,-0.005349432191586345,0.0852481474562552,-0.005349432191586345
2022-08-24,163.25,21709.32,4140.77,0.49,123.109,22.82,2.23,,-0.237,0.008665529009290296,0.002944580504679273,0.002911907251338164,0.0004411698465753844,0.020000000000000018,-0.05498934775915032,-0.010000000000000231,,1.206733657045759,0.0852481474562552,-0.005349432191586345,0.0852481474562552,-0.005349432191586345
2022-08-25,163.75,21607.25,4199.12,0.43,123.0586,21.78,2.21,,-0.237,-0.004712754907185257,0.0030581063588206447,0.013993218645289573,-0.0004094771261877739,-0.06,-0.04664522692911488,-0.020000000000000018,,1.197301111455693,0.0852481474562552,-0.005349432191586345,0.0852481474562552,-0.005349432191586345
2022-08-26,161.75999450683594,20643.01,4057.66,0.47,123.0656,25.56,2.19,,-0.225,-0.045652143206980966,-0.012227153201929575,-0.03426852674898484,5.688185072294516e-05,0.03999999999999998,0.16003651200451952,-0.020000000000000018,,1.2594557727759859,0.0852481474562552,-0.005349432191586345,0.0852481474562552,-0.005349432191586345
2022-08-29,161.86000061035156,20098.65,4030.61,0.54,123.4686,26.21,2.19,,-0.225,-0.02672411468373781,0.0006180465249858713,-0.006688723509263639,0.0032693261945420105,0.07000000000000006,0.02511238782598113,0.0,,1.2495696474943274,0.0852481474562552,-0.005349432191586345,0.0852481474562552,-0.005349432191586345
2022-08-30,160.50999450683594,19947.2,3986.16,0.56,123.6848,26.21,2.17,,-0.225,-0.007563866021737198,-0.00837555613648,-0.01108936779165326,0.0017495211892359919,0.020000000000000018,0.0,-0.020000000000000018,,1.239806974377598,0.0852481474562552,-0.005349432191586345,0.0852481474562552,-0.005349432191586345
2022-08-31,159.27000427246094,20228.57,3955.0,0.67,123.535,25.87,2.18,,-0.225,0.014007178974260626,-0.007755309612976546,-0.007847760257099878,-0.00121187719052962,0.10999999999999999,-0.0130570211373775,0.010000000000000231,,1.230164953864454,0.0852481474562552,-0.005349432191586345,0.0852481474562552,-0.005349432191586345
2022-09-01,157.8699951171875,19871.68,3966.85,0.81,124.4006,25.56,2.22,,-0.225,-0.01780035902100252,-0.0088290234746502,0.002991727649110487,0.006982486717248548,0.14,-0.01205536668860363,0.040000000000000036,,1.220640892254091,0.0852481474562552,-0.005349432191586345,0.0852481474562552,-0.005349432191586345
2022-09-02,159.25999450683594,19909.23,3924.26,0.73,123.7743,25.47,2.24,,-0.204,0.0018878407332643121,0.008766173723187443,-0.010794530441165406,-0.0050472576362246,-0.08000000000000007,-0.003527340517968547,0.020000000000000018,,1.3364159132305087,0.0852481474562552,-0.005349432191586345,0.0852481474562552,-0.005349432191586345
2022-09-06,158.3300018310547,18823.48,3908.19,0.85,124.767,26.91,2.27,,-0.204,-0.05607841656098422,-0.005856578259355594,-0.0041034472098147035,0.007988252084110137,0.12,0.05499667574744915,0.029999999999999805,,1.3258873276094538,0.0852481474562552,-0.005349432191586345,0.0852481474562552,-0.005349432191586345
2022-09-07,159.94000244140625,18992.37,3979.87,0.82,124.8408,24.64,2.24,,-0.204,0.008932292830541755,0.010117286090114419,0.01817480422855766,0.0005913276920868071,-0.030000000000000027,-0.08812682607349576,-0.029999999999999805,,1.3155061814435527,0.0852481474562552,-0.005349432191586345,0.0852481474562552,-0.005349432191586345
2022-09-08,158.97999572753906,19352.38,4006.18,0.88,124.578,23.61,2.25,,-0.204,0.01877808976359674,-0.006020378897494183,0.006589013388980547,-0.0021072998286539857,0.06000000000000005,-0.042700787567897525,0.009999999999999787,,1.3052691068010291,0.0852481474562552,-0.005349432191586345,0.0852481474562552,-0.005349432191586345
2022-09-09,159.82000732421875,21291.62,4067.36,0.91,123.7874,22.79,2.2,,-0.179,0.09549815874428447,0.005269846503476394,0.015155971507018862,-0.006366447744805548,0.030000000000000027,-0.03534850783982835,-0.04999999999999982,,1.4440779514267834,0.0852481474562552,-0.005349432191586345,0.0852481474562552,-0.005349432191586345
2022-09-12,160.6300048828125,22428.25,4110.41,0.95,123.3332,23.87,2.2,,-0.179,0.05200775690757631,0.005055386193322242,0.01052863988146946,-0.003675942122590925,0.039999999999999925,0.0463005970931456,0.0,,1.4324957452750775,0.0852481474562552,-0.005349432191586345,0.0852481474562552,-0.005349432191586345
2022-09-13,158.5399932861328,20284.89,3932.69,0.98,124.4242,27.27,2.18,,-0.179,-0.10044505106255563,-0.013096728906648814,-0.04419911011958355,0.008807059259403616,0.030000000000000027,0.1331647565067584,-0.020000000000000018,,1.4210995098330876,0.08262692503116242,-0.002621222425092773,0.0852481474562552,-0.005349432191586345
2022-09-14,157.92999267578125,19951.83,3946.01,0.95,124.4509,26.16,2.15,,-0.179,-0.016555405465251027,-0.003855034555311221,0.003381271704881783,0.00021456545956155537,-0.030000000000000027,-0.041555670268499156,-0.03000000000000025,,1.4098847873538423,0.08262692503116242,-0.002621222425092773,0.08262692503116242,-0.002621222425092773
2022-09-15,154.97999572753906,19780.71,3901.35,1.02,124.8843,26.27,2.12,,-0.179,-0.008613648058666712,-0.018855801737618805,-0.011382294724738173,0.0034764480626465755,0.07000000000000006,0.004196077108450602,-0.029999999999999805,,1.398847328822994,0.08262692503116242,-0.002621222425092773,0.08262692503116242,-0.002621222425092773
2022-09-16,155.83999633789062,19617.34,3873.33,1.07,124.8794,26.3,2.18,,-0.151,-0.008293351390584291,0.005533767627080799,-0.0072080449142468694,-3.9237086899568396e-05,0.050000000000000044,0.0011413354862703784,0.06000000000000005,,1.5544346877660467,0.08262692503116242,-0.002621222425092773,0.08262692503116242,-0.002621222425092773
2022-09-19,155.9600067138672,19514.8,3899.89,1.15,125.0104,25.76,2.15,,-0.151,-0.005240716949765911,0.0007697907679808935,0.006833745439536187,0.0010484622581659053,0.07999999999999985,-0.02074603794756591,-0.03000000000000025,,1.541711103034546,0.08262692503116242,-0.002621222425092773,0.08262692503116242,-0.002621222425092773
2022-09-20,155.07000732421875,18993.33,3855.93,1.17,125.1248,27.16,2.13,,-0.151,-0.027085287151825455,-0.005722932055293839,-0.011336124553071869,0.000914705391135584,0.020000000000000018,0.05292240145434235,-0.020000000000000018,,1.5292197465852748,0.08262692503116242,-0.002621222425092773,0.08262692503116242,-0.002621222425092773
2022-09-21,155.7899932861328,19002.76,3789.93,1.13,125.7399,27.99,2.12,,-0.151,0.000496366873202092,0.004632228320962994,-0.01726467378977503,0.004903848430218183,-0.040000000000000036,0.03010200083686687,-0.009999999999999787,,1.516954763928818,0.08262692503116242,-0.002621222425092773,0.08262692503116242,-0.002621222425092773
2022-09-22,155.6999969482422,19309.43,3757.99,1.29,126.1667,27.35,2.08,,-0.151,0.016009345845827028,-0.0005778441890038621,-0.00846330926893124,0.0033885607474246626,0.16000000000000014,-0.023130774659371856,-0.040000000000000036,,1.5049106026272199,0.08262692503116242,-0.002621222425092773,0.08262692503116242,-0.002621222425092773
2022-09-23,153.00999450683594,18807.57,3693.23,1.32,127.2853,29.92,2.09,,-0.126,-0.026334129255729977,-0.017427816406674346,-0.01738282607756858,0.008826975230126877,0.030000000000000027,0.08981062423828634,0.009999999999999787,,1.6412294557540887,0.08262692503116242,-0.002621222425092773,0.08262692503116242,-0.002621222425092773
2022-09-26,151.22999572753906,19202.16,3655.04,1.56,128.4539,32.26,2.01,,-0.126,0.020763324341324108,-0.01170141432179772,-0.010394376865969335,0.009139061463261378,0.24,0.07530091959078611,-0.08000000000000007,,1.6276299871053623,0.08262692503116242,-0.002621222425092773,0.08262692503116242,-0.002621222425092773
2022-09-27,151.5399932861328,19077.59,3647.29,1.64,128.4386,32.6,2.08,,-0.126,-0.006508424936296109,0.0020477436877319732,-0.0021226109775351887,-0.00011911597277514119,0.07999999999999985,0.010484215675599096,0.07000000000000028,,1.6143041155697777,0.08262692503116242,-0.002621222425092773,0.08262692503116242,-0.002621222425092773
2022-09-28,154.69000244140625,19546.72,3719.04,1.39,128.0884,30.18,2.25,,-0.126,0.02429314964973628,0.020573557832177514,0.01948114438777715,-0.0027303185828486676,-0.25,-0.07713283503295898,0.16999999999999993,,1.6012447506783136,0.08262692503116242,-0.002621222425092773,0.08262692503116242,-0.002621222425092773
2022-09-29,154.66000366210938,19402.63,3640.47,1.57,127.5437,31.84,2.27,,-0.126,-0.00739887352830948,-0.00019394717180531984,-0.021352776272161478,-0.004261599575078989,0.18000000000000016,0.053543907636479204,0.020000000000000018,,1.5884451989289923,0.08262692503116242,-0.002621222425092773,0.08262692503116242,-0.002621222425092773
2022-09-30,154.6699981689453,19473.52,3585.62,1.68,127.5148,31.62,2.24,,-0.107,0.003646970112628267,6.462035224608087e-05,-0.01518139227639459,-0.0002266146795628643,0.10999999999999988,-0.006933529194856014,-0.029999999999999805,,1.6881306155237061,0.08262692503116242,-0.002621222425092773,0.08262692503116242,-0.002621222425092773
2022-10-03,158.42999267578125,19543.31,3678.43,1.43,127.0813,30.1,2.29,,-0.107,0.0035774343754333415,0.024019005945364214,0.02555462879740844,-0.0034053971677634465,-0.25,-0.0492646600264961,0.04999999999999982,,1.674188758284392,0.08262692503116242,-0.002621222425092773,0.08262692503116242,-0.002621222425092773
2022-10-04,160.6999969482422,20220.09,3790.93,1.38,126.1819,29.07,2.27,,-0.107,0.03404363624171758,0.014226444596111776,0.030125340865302164,-0.007102522442355763,-0.050000000000000044,-0.034818457184045304,-0.020000000000000018,,1.6605444099018667,0.08262692503116242,-0.002621222425092773,0.08262692503116242,-0.002621222425092773
2022-10-05,159.80999755859375,20117.31,3783.28,1.54,126.8616,28.55,2.22,,-0.107,-0.005096026140927634,-0.005553659432976588,-0.0020200133350627425,0.005372211771613067,0.16000000000000014,-0.01804977846876543,-0.04999999999999982,,1.6471899484109505,0.08262692503116242,-0.002621222425092773,0.08262692503116242,-0.002621222425092773
2022-10-06,159.6300048828125,20010.62,3744.52,1.61,127.2493,30.52,2.16,,-0.107,-0.005317505856689664,-0.0011269264553863678,-0.010297920383575132,0.0030514259784153452,0.07000000000000006,0.06672527031423714,-0.06000000000000005,,1.634118208097415,0.08262692503116242,-0.002621222425092773,0.08262692503116242,-0.002621222425092773
2022-10-07,157.8800048828125,19459.32,3639.66,1.62,127.3111,31.36,2.17,,-0.099,-0.027936999949847774,-0.011023386142689162,-0.02840316716749136,0.0004855429298054048,0.010000000000000009,0.027150989065950704,0.009999999999999787,,1.6684932134638697,0.08262692503116242,-0.002621222425092773,0.08262692503116242,-0.002621222425092773
2022-10-10,155.47999572753906,19211.59,3612.39,1.62,127.3111,32.45,2.17,,-0.099,-0.012812389927319145,-0.0153182032171566,-0.00752066754461822,0.0,0.0,0.03416724766789203,0.0,,1.6551999645682987,0.08262692503116242,-0.002621222425092773,0.08262692503116242,-0.002621222425092773
2022-10-11,155.16000366210938,18997.66,3588.84,1.62,127.6641,33.63,2.23,,-0.099,-0.011197929059063583,-0.0020602123309396703,-0.006540572639369913,0.0027688985088083484,0.0,0.03571808260207909,0.06000000000000005,,1.6421935256223568,0.08262692503116242,-0.002621222425092773,0.08262692503116242,-0.002621222425092773
2022-10-12,155.99000549316406,19137.29,3577.03,1.62,128.1481,33.57,2.27,,-0.099,0.007322974016330974,0.005335071671709102,-0.0032961833504643323,0.003784030453029885,0.0,-0.0017857147602344803,0.040000000000000036,,1.629467268994559,0.08262692503116242,-0.002621222425092773,0.08262692503116242,-0.002621222425092773
2022-10-13,154.91000366210938,19369.94,3669.91,1.63,127.7286,31.94,2.28,,-0.099,0.012083592137061672,-0.0069476110871145025,0.025634291446896995,-0.003278925950267464,0.009999999999999787,-0.049773668205077115,0.009999999999999787,,1.6170149976495682,0.0820166964383362,-0.000610228592826223,0.08262692503116242,-0.002621222425092773
2022-10-14,152.97999572753906,19168.18,3583.07,1.59,128.3325,32.02,2.28,,-0.101,-0.010470767300507333,-0.012537160793022473,-0.023947163771952162,0.004716851717539328,-0.039999999999999813,0.002501564781701937,0.0,,1.5930178673252882,0.0820166964383362,-0.000610228592826223,0.0820166964383362,-0.000610228592826223
2022-10-17,153.4199981689453,19527.66,3677.95,1.57,127.6448,31.37,2.28,,-0.101,0.018580309501881942,0.002872080630747398,0.026135556911906832,-0.0053731456229177965,-0.020000000000000018,-0.020508685365981716,0.0,,1.5810096696605864,0.0820166964383362,-0.000610228592826223,0.0820166964383362,-0.000610228592826223
2022-10-18,153.75,19217.79,3719.98,1.6,127.9153,30.5,2.28,,-0.101,-0.015995509502239713,0.002148660090393051,0.011362760181542697,0.002116919667953354,0.030000000000000027,-0.02812533858922084,0.0,,1.5692527946047639,0.0820166964383362,-0.000610228592826223,0.0820166964383362,-0.000610228592826223
2022-10-19,151.69000244140625,19231.63,3695.16,1.72,128.3968,30.76,2.25,,-0.101,0.0007199068593362057,-0.013488925988339062,-0.006694436704711038,0.003757142689785553,0.11999999999999988,0.00848846102407741,-0.029999999999999805,,1.5577424553361738,0.0820166964383362,-0.000610228592826223,0.0820166964383362,-0.000610228592826223
2022-10-20,151.4499969482422,19063.04,3665.78,1.73,128.0052,29.98,2.24,,-0.101,-0.008804937563754223,-0.0015834633753089022,-0.007982718516093001,-0.0030545807324751095,0.010000000000000009,-0.025684651962991634,-0.009999999999999787,,1.5464742183485387,0.0820166964383362,-0.000610228592826223,0.0820166964383362,-0.000610228592826223
2022-10-21,154.14999389648438,19189.22,3752.75,1.69,127.6735,29.69,2.36,,-0.111,0.006597281188394533,0.01767059741452659,0.02344776785243674,-0.0025946642101315476,-0.040000000000000036,-0.009720203898783364,0.11999999999999966,,1.476017407988229,0.0820166964383362,-0.000610228592826223,0.0820166964383362,-0.000610228592826223
2022-10-24,153.64999389648438,19343.95,3797.34,1.66,128.0304,29.85,2.34,,-0.111,0.008031046064633784,-0.003248865884512675,0.01181191705979856,0.002791511836643501,-0.030000000000000027,0.005374551062942601,-0.020000000000000018,,1.4655226502434593,0.0820166964383362,-0.000610228592826223,0.0820166964383362,-0.000610228592826223
2022-10-25,154.0,20276.26,3859.11,1.59,127.3771,28.46,2.37,,-0.111,0.04707103448162364,0.0022753535606359065,0.01613576532526828,-0.005115757562255574,-0.06999999999999984,-0.0476852471769047,0.03000000000000025,,1.4552325767114382,0.0820166964383362,-0.000610228592826223,0.0820166964383362,-0.000610228592826223
2022-10-26,154.97999572753906,20764.52,3830.6,1.6,126.4723,27.28,2.33,,-0.111,0.02379501742574419,0.0063434463543528,-0.007415138056792614,-0.007128666301083442,0.010000000000000009,-0.04234575968644494,-0.040000000000000036,,1.445144268913167,0.0820166964383362,-0.000610228592826223,0.0820166964383362,-0.000610228592826223
2022-10-27,154.74000549316406,20629.59,3807.3,1.51,126.7028,27.39,2.34,,-0.111,-0.006519308079928621,-0.0015497241473587664,-0.006101172384331832,0.0018208746728003433,-0.09000000000000008,0.00402415029972536,0.009999999999999787,,1.435255075147462,0.0820166964383362,-0.000610228592826223,0.0820166964383362,-0.000610228592826223
2022-10-28,153.16000366210938,20609.21,3901.06,1.51,127.2135,25.75,2.3,,-0.125,-0.0009883896553315452,-0.01026317410117894,0.024328034575768598,0.0040225908194653215,0.0,-0.061743356165241625,-0.040000000000000036,,1.3414883172821146,0.0820166964383362,-0.000610228592826223,0.0820166964383362,-0.000610228592826223
2022-10-31,151.91000366210938,20371.4,3871.98,1.58,127.6219,25.88,2.28,,-0.125,-0.011606106861037802,-0.008194886192774753,-0.007482306966124952,0.0032052089280902862,0.07000000000000006,0.005035842522954859,-0.020000000000000018,,1.332306242979123,0.0820166964383362,-0.000610228592826223,0.0820166964383362,-0.000610228592826223
2022-11-01,153.4600067138672,20449.29,3856.1,1.56,127.3987,25.81,2.22,,-0.125,0.003816206660337329,0.010151726172797026,-0.004109694089747151,-0.0017504472736051824,-0.020000000000000018,-0.002708455902177498,-0.05999999999999961,,1.3232837546596878,0.0820166964383362,-0.000610228592826223,0.0820166964383362,-0.000610228592826223
2022-11-02,152.38999938964844,20250.68,3759.69,1.57,127.3115,25.86,2.18,,-0.125,-0.00975978982403447,-0.00699697020289225,-0.02531980282762092,-0.0006846997364586827,0.010000000000000009,0.001935359613189025,-0.040000000000000036,,1.3144192148393545,0.0820166964383362,-0.000610228592826223,0.0820166964383362,-0.000610228592826223
2022-11-03,151.80999755859375,20262.53,3719.89,1.74,128.1743,25.3,2.19,,-0.125,0.0005849943925912982,-0.0038132974339371017,-0.010642409238982964,0.006754217103540405,0.16999999999999993,-0.021892977610237008,0.009999999999999787,,1.3057111804908956,0.0820166964383362,-0.000610228592826223,0.0820166964383362,-0.000610228592826223
2022-11-04,156.47000122070312,21108.54,3770.55,1.69,127.1468,24.55,2.22,,-0.143,0.04090433030539309,0.03023458325284345,0.01352678145799402,-0.008048731945461185,-0.050000000000000044,-0.030092541492944935,0.03000000000000025,,1.187528036265273,0.0820166964383362,-0.000610228592826223,0.0820166964383362,-0.000610228592826223
2022-11-07,155.85000610351562,20802.69,3806.8,1.69,126.3062,24.35,2.22,,-0.143,-0.0145953926652993,-0.003970260739379228,0.009568061802673,-0.0066332068048744475,0.0,-0.0081800047119307,0.0,,1.1794293076550895,0.0820166964383362,-0.000610228592826223,0.0820166964383362,-0.000610228592826223
2022-11-08,159.4499969482422,18159.77,3828.11,1.64,125.633,25.54,2.23,,-0.143,-0.1358735973736369,0.02283632894068699,0.005582267593981172,-0.005344159243320767,-0.050000000000000044,0.0477140010757946,0.009999999999999787,,1.1714461547407216,0.0820166964383362,-0.000610228592826223,0.0820166964383362,-0.000610228592826223
2022-11-09,158.64999389648438,16237.79,3748.57,1.7,125.9861,26.09,2.33,,-0.143,-0.11186746616524879,-0.00502989475916138,-0.020996774887089842,0.002806625027948151,0.06000000000000005,0.021306248544243456,0.10000000000000009,,1.1635776475012811,0.0820166964383362,-0.000610228592826223,0.0820166964383362,-0.000610228592826223
2022-11-10,163.47999572753906,18105.16,3956.37,1.43,124.7044,23.53,2.36,,-0.143,0.10885573878685051,0.029990153003992326,0.05395250428096254,-0.010225446659000603,-0.27,-0.10327589640936585,0.029999999999999805,,1.1558229846791168,0.07745427330804922,-0.0045624231302869855,0.0820166964383362,-0.000610228592826223
2022-11-11,164.55999755859375,16626.64,3992.93,1.43,124.7044,22.52,2.36,,-0.16,-0.0851907522231059,0.006584597947117743,0.009198359044827242,0.0,0.0,-0.04387239946778143,0.0,,1.0428920844785792,0.07745427330804922,-0.0045624231302869855,0.07745427330804922,-0.0045624231302869855
2022-11-14,164.9199981689453,16276.51,3957.25,1.51,123.4277,23.73,2.27,,-0.16,-0.02128326416445603,0.002185266227277438,-0.008975957665020573,-0.010290577208107443,0.08000000000000007,0.05233626717618245,-0.08999999999999986,,1.0355394269180604,0.07745427330804922,-0.0045624231302869855,0.07745427330804922,-0.0045624231302869855
2022-11-15,165.5,16839.81,3991.73,1.45,123.039,24.54,2.23,,-0.16,0.034022761961452375,0.0035106980811026034,0.008675381307597263,-0.003154181252559063,-0.06000000000000005,0.03356436883509328,-0.040000000000000036,,1.028267209557019,0.07745427330804922,-0.0045624231302869855,0.07745427330804922,-0.0045624231302869855
2022-11-16,165.1199951171875,16582.26,3958.79,1.38,123.2817,24.11,2.24,,-0.16,-0.015412276866459962,-0.0022987420952169657,-0.008286297872086124,0.0019706023776260295,-0.07000000000000006,-0.017677747089685614,0.010000000000000231,,1.0210747465147763,0.07745427330804922,-0.0045624231302869855,0.07745427330804922,-0.0045624231302869855
2022-11-17,163.9199981689453,16694.35,3946.56,1.49,123.977,23.93,2.18,,-0.16,0.00673688960142016,-0.007293959961672591,-0.003094109623736685,0.0056240838661079096,0.1100000000000001,-0.007493790272797618,-0.06000000000000005,,1.0139614310917664,0.07745427330804922,-0.0045624231302869855,0.07745427330804922,-0.0045624231302869855
2022-11-18,162.7899932861328,16639.06,3965.34,1.57,123.8524,23.12,2.13,,-0.172,-0.003317395412352653,-0.006917507382314447,0.004747288330236188,-0.001005530502018459,0.08000000000000007,-0.03443485811610536,-0.050000000000000266,,0.931240725487557,0.07745427330804922,-0.0045624231302869855,0.07745427330804922,-0.0045624231302869855
2022-11-21,161.8800048828125,15785.27,3949.94,1.52,124.7009,22.36,2.08,,-0.172,-0.05267571670276361,-0.0056056352070879,-0.003891212801477195,0.006827535953727981,-0.050000000000000044,-0.03342439551727816,-0.04999999999999982,,0.9243260571589418,0.07745427330804922,-0.0045624231302869855,0.07745427330804922,-0.0045624231302869855
2022-11-22,162.07000732421875,16134.85,4003.58,1.44,124.2365,21.29,2.07,,-0.172,0.021904302190396407,0.0011730356909014361,0.013488571921957515,-0.003731062819294806,-0.08000000000000007,-0.049036169381510675,-0.010000000000000231,,0.917468261594374,0.07745427330804922,-0.0045624231302869855,0.07745427330804922,-0.0045624231302869855
2022-11-23,163.0800018310547,16617.47,4027.26,1.39,123.7574,20.35,2.02,,-0.172,0.02947302270582064,0.006212503317279072,0.005897283130643416,-0.0038638095214533763,-0.050000000000000044,-0.04515656701678372,-0.04999999999999982,,0.9106666718044726,0.07745427330804922,-0.0045624231302869855,0.07745427330804922,-0.0045624231302869855
2022-11-25,163.22000122070312,16509.52,4026.12,1.36,123.3386,20.5,2.06,,-0.18,-0.006517367385773909,0.0008581023409730548,-0.0002831109441299162,-0.003389778879641092,-0.029999999999999805,0.00734397425575839,0.040000000000000036,,0.8527069927183151,0.07745427330804922,-0.0045624231302869855,0.07745427330804922,-0.0045624231302869855
2022-11-28,161.92999267578125,16256.33,3963.94,1.43,123.6032,22.21,2.05,,-0.18,-0.015454812833610276,-0.00793489366537159,-0.015564652905561971,0.0021430158949593547,0.06999999999999984,0.08011775176197355,-0.010000000000000231,,0.8460340762528687,0.07745427330804922,-0.0045624231302869855,0.07745427330804922,-0.0045624231302869855
2022-11-29,162.72999572753906,16495.74,3957.63,1.5,123.6615,21.89,2.06,,-0.18,0.014619794366815597,0.004928261563008185,-0.0015931188727940082,0.00047155943473065065,0.07000000000000006,-0.014512726371564533,0.010000000000000231,,0.839402985971462,0.07745427330804922,-0.0045624231302869855,0.07745427330804922,-0.0045624231302869855
2022-11-30,164.80999755859375,17098.37,4080.11,1.34,123.5175,20.58,2.15,,-0.18,0.035880971574099974,0.0127009210150133,0.030478587582589256,-0.001165147656482901,-0.15999999999999992,-0.06171018112886806,0.08999999999999986,,0.8328130019772442,0.07745427330804922,-0.0045624231302869855,0.07745427330804922,-0.0045624231302869855
2022-12-01,167.83999633789062,16917.05,4076.57,1.17,122.0045,19.84,2.09,,-0.18,-0.01066114823221831,0.018217842396307304,-0.0008680002702714518,-0.012324917135421387,-0.17000000000000015,-0.036619628549176664,-0.06000000000000005,,0.8262634316552894,0.07745427330804922,-0.0045624231302869855,0.07745427330804922,-0.0045624231302869855
2022-12-02,167.25999450683594,17029.59,4071.7,1.08,122.0102,19.06,2.03,,-0.185,0.0066304301277337885,-0.0034616677176240174,-0.0011953459028433144,4.671849688531182e-05,-0.08999999999999986,-0.040108203630671024,-0.06000000000000005,,0.7871420399092548,0.07745427330804922,-0.0045624231302869855,0.07745427330804922,-0.0045624231302869855
2022-12-05,164.38999938964844,16938.55,3998.84,1.21,122.6384,20.75,1.99,,-0.185,-0.005360329884922521,-0.017307805302720247,-0.018056283602074785,0.005135540368239155,0.1299999999999999,0.08495434845065164,-0.039999999999999813,,0.7806792937468536,0.07745427330804922,-0.0045624231302869855,0.07745427330804922,-0.0045624231302869855
2022-12-06,164.83999633789062,16988.99,3941.26,1.2,123.0191,22.17,1.97,,-0.185,0.002973397845057235,0.0027336344458790407,-0.014503849921748468,0.003099439705826157,-0.010000000000000009,0.06619377695151263,-0.020000000000000018,,0.7742476911367402,0.07745427330804922,-0.0045624231302869855,0.07745427330804922,-0.0045624231302869855
2022-12-07,166.3300018310547,16821.63,3933.92,1.16,122.7608,22.68,1.95,,-0.185,-0.009899928891627496,0.008998493556537923,-0.0018640849162636641,-0.0021018813588531415,-0.040000000000000036,0.022743455231331033,-0.020000000000000018,,0.7678465021143855,0.07745427330804922,-0.0045624231302869855,0.07745427330804922,-0.0045624231302869855
2022-12-08,166.47000122070312,17195.91,3963.51,1.2,122.4152,22.29,1.91,,-0.185,0.022006006553228374,0.0008413425277824516,0.007493612090724966,-0.002819201136321503,0.040000000000000036,-0.01734533146177375,-0.040000000000000036,,0.761475012406919,0.07745427330804922,-0.0045624231302869855,0.07745427330804922,-0.0045624231302869855
2022-12-09,167.05999755859375,17101.31,3934.38,1.31,122.4201,22.83,1.9,,-0.189,-0.005516496083549427,0.0035378943750199454,-0.007376687214824429,4.002690788951213e-05,0.1100000000000001,0.023937313143926886,-0.010000000000000009,,0.7285246825502434,0.07745427330804922,-0.0045624231302869855,0.07745427330804922,-0.0045624231302869855
2022-12-12,165.67999267578125,17123.57,3990.56,1.33,122.7714,25.0,1.88,,-0.189,0.0013008082505372442,-0.00829484183350182,0.014178262831054056,0.0028655172824718633,0.020000000000000018,0.0908003643264963,-0.020000000000000018,,0.7222510538724346,0.07745427330804922,-0.0045624231302869855,0.07745427330804922,-0.0045624231302869855
2022-12-13,168.50999450683594,17748.32,4019.65,1.27,121.8493,22.55,1.91,,-0.189,0.03583498654267814,0.016936889733695004,0.007263262233260903,-0.0075390542784958825,-0.06000000000000005,-0.10314075891951324,0.030000000000000027,,0.7160004061835337,0.07110322794191726,-0.006351045366131958,0.07745427330804922,-0.0045624231302869855
2022-12-14,168.10000610351562,17765.98,3995.32,1.3,121.8226,21.14,1.95,,-0.189,0.0009945290463608814,-0.0024359858905977916,-0.006071158028412071,-0.00021914714094517507,0.030000000000000027,-0.06456808550659554,0.040000000000000036,,0.7097720272997183,0.07110322794191726,-0.006351045366131958,0.07110322794191726,-0.006351045366131958
2022-12-15,165.35000610351562,17417.57,3895.75,1.28,122.5519,22.83,1.97,,-0.189,-0.019805925740545405,-0.016494600382901403,-0.02523746079196343,0.005968725584295953,-0.020000000000000018,0.07690848009961249,0.020000000000000018,,0.703565214275496,0.07110322794191726,-0.006351045366131958,0.07110322794191726,-0.006351045366131958
2022-12-16,166.7899932861328,16873.4,3852.36,1.35,122.6505,22.62,1.98,,-0.195,-0.031741049411952105,0.008671019495159804,-0.011200267830703936,0.0008042336071296674,0.07000000000000006,-0.009240989853729786,0.010000000000000009,,0.6565510927777366,0.07110322794191726,-0.006351045366131958,0.07110322794191726,-0.006351045366131958
2022-12-19,166.32000732421875,16599.71,3817.66,1.42,122.5275,22.42,1.98,,-0.195,-0.016353192118192084,-0.002821808248999247,-0.009048278034292423,-0.0010033527504003104,0.06999999999999984,-0.008881053043960474,0.0,,0.6504280689096112,0.07110322794191726,-0.006351045366131958,0.07110322794191726,-0.006351045366131958
2022-12-20,169.0800018310547,16858.86,3821.62,1.45,122.1357,21.48,1.99,,-0.195,0.015491109298926276,0.016458298941439686,0.0010367470114189814,-0.0032027729132586558,0.030000000000000027,-0.042831148003350084,0.010000000000000009,,0.6443177334152481,0.07110322794191726,-0.006351045366131958,0.07110322794191726,-0.006351045366131958
2022-12-21,168.8000030517578,16781.46,3878.44,1.41,122.2828,20.07,2.01,,-0.195,-0.0046016290319848,-0.0016573862871149814,0.014758594440962725,0.001203673353368906,-0.040000000000000036,-0.06789610683241731,0.019999999999999796,,0.6382193125247039,0.07110322794191726,-0.006351045366131958,0.07110322794191726,-0.006351045366131958
2022-12-22,166.75999450683594,16780.24,3822.39,1.48,122.2419,21.97,1.99,,-0.195,-7.270191918529179e-05,-0.01215898016893302,-0.014557129502374977,-0.00033452653561294454,0.07000000000000006,0.09045172358827225,-0.019999999999999796,,0.6321320313738806,0.07110322794191726,-0.006351045366131958,0.07110322794191726,-0.006351045366131958
2022-12-23,167.25999450683594,16812.26,3844.82,1.55,121.9743,20.87,2.0,,-0.206,0.0019063784890960278,0.0029938350392546553,0.005850906388984001,-0.0021915016866183024,0.07000000000000006,-0.051365165307409644,0.010000000000000009,,0.5491320574838544,0.07110322794191726,-0.006351045366131958,0.07110322794191726,-0.006351045366131958
2022-12-27,168.6699981689453,16666.46,3829.25,1.58,121.7539,21.65,2.02,,-0.206,-0.008710065484075713,0.008394677302770326,-0.004057826255055019,-0.0018085725006473652,0.030000000000000027,0.03669273335938961,0.020000000000000018,,0.5430217159913148,0.07110322794191726,-0.006351045366131958,0.07110322794191726,-0.006351045366131958
2022-12-28,167.91000366210938,16596.9,3783.22,1.6,122.0075,22.14,2.01,,-0.206,-0.004182385747999007,-0.0045159890327513,-0.012093462699048985,0.002080723949688945,0.020000000000000018,0.02238047283199185,-0.010000000000000231,,0.5369054344020934,0.07110322794191726,-0.006351045366131958,0.07110322794191726,-0.006351045366131958
2022-12-29,168.85000610351562,16599.24,3849.28,1.56,121.6577,21.44,2.01,,-0.206,0.00014098024673181442,0.005582639597805361,0.017310618960092228,-0.002871154685188948,-0.040000000000000036,-0.03212759107788932,0.0,,0.5307820249643087,0.07110322794191726,-0.006351045366131958,0.07110322794191726,-0.006351045366131958
2022-12-30,169.63999938964844,16569.36,3839.5,1.58,121.4256,21.67,1.99,,-0.223,-0.001801704508654467,0.004667758029330393,-0.0025439680351091454,-0.001909634026963758,0.020000000000000018,0.01067047934566645,-0.019999999999999796,,0.4026825014839365,0.07110322794191726,-0.006351045366131958,0.07110322794191726,-0.006351045366131958
2023-01-03,171.05999755859375,16661.37,3824.14,1.53,122.0905,22.9,2.03,,-0.223,0.005537659577681708,0.008335816871946733,-0.00400854439080689,0.005460843470477705,-0.050000000000000044,0.05520809501192625,0.039999999999999813,,0.3962083029943946,0.07110322794191726,-0.006351045366131958,0.07110322794191726,-0.006351045366131958
2023-01-04,172.6699981689453,16806.49,3852.97,1.47,121.5008,22.01,2.07,,-0.223,0.008672255083794767,0.009367889939565721,0.007510674075383861,-0.004841725890815773,-0.06000000000000005,-0.03964001502182368,0.040000000000000036,,0.38969326889089756,0.07110322794191726,-0.006351045366131958,0.07110322794191726,-0.006351045366131958
2023-01-05,170.52000427246094,16859.02,3808.1,1.49,122.1017,22.46,2.03,,-0.223,0.0031207038082339267,-0.012529630867487818,-0.011713902384517638,0.004933456912591616,0.020000000000000018,0.020239053771926585,-0.040000000000000036,,0.38313480122113225,0.07110322794191726,-0.006351045366131958,0.07110322794191726,-0.006351045366131958
2023-01-06,173.7100067138672,16897.96,3895.08,1.34,121.0852,21.13,2.07,,-0.245,0.0023070794408663886,0.018534663811199614,0.022583841176025743,-0.008359873990302802,-0.1499999999999999,-0.061042117682331476,0.040000000000000036,,0.21339437975075704,0.07110322794191726,-0.006351045366131958,0.07110322794191726,-0.006351045366131958
2023-01-09,174.10000610351562,17221.29,3892.09,1.31,120.1508,21.97,2.02,,-0.245,0.018953504501929785,0.002242601067979244,-0.0007679298504950083,-0.0077468095393067316,-0.030000000000000027,0.03898405476855338,-0.04999999999999982,,0.20601542638441742,0.07110322794191726,-0.006351045366131958,0.07110322794191726,-0.006351045366131958
2023-01-10,174.74000549316406,17477.95,3919.25,1.37,120.2483,20.58,2.02,,-0.245,0.014793677376305325,0.0036693044744913195,0.006954020552452533,0.0008111511677544314,0.06000000000000005,-0.06535815599061534,0.0,,0.1984356354622165,0.07110322794191726,-0.006351045366131958,0.07110322794191726,-0.006351045366131958
2023-01-11,174.6199951171875,17550.57,3969.61,1.31,120.1614,21.09,1.99,,-0.245,0.004146341554887911,-0.0006870298860048862,0.012767544131229158,-0.00072293259202727,-0.06000000000000005,0.02447926408477974,-0.030000000000000027,,0.19074545667248285,0.07110322794191726,-0.006351045366131958,0.07110322794191726,-0.006351045366131958
2023-01-12,176.63999938964844,19048.95,3983.17,1.22,119.4218,18.83,1.97,,-0.245,0.0819255539264816,0.011501603213231348,0.0034101315868824145,-0.006174075222404873,-0.09000000000000008,-0.1133476518216221,-0.020000000000000018,,0.18293830100182842,0.0645440133141082,-0.006559214627809062,0.07110322794191726,-0.006351045366131958
2023-01-13,178.75999450683594,19474.82,3999.09,1.31,119.1673,18.35,1.95,,-0.27,0.022110367151942256,0.01193033370259311,0.003988850553225731,-0.002133375720226205,0.09000000000000008,-0.025821768168481807,-0.020000000000000018,,-0.019670481828396893,0.0645440133141082,-0.006559214627809062,0.0645440133141082,-0.006559214627809062
2023-01-17,177.58999633789062,21391.82,3990.97,1.36,119.2121,19.36,1.91,,-0.27,0.09388625686831986,-0.006566591290623869,-0.00203252611255067,0.0003758714094210802,0.050000000000000044,0.053579507347851774,-0.040000000000000036,,-0.029039627547465228,0.0645440133141082,-0.006559214627809062,0.0645440133141082,-0.006559214627809062
2023-01-18,177.0800018310547,20731.35,3928.86,1.25,119.0755,20.34,1.96,,-0.27,-0.031361558626269215,-0.0028758838411491183,-0.015685001660276754,-0.00114651383423503,-0.1100000000000001,0.04938030877198285,0.050000000000000044,,-0.03862077490818544,0.0645440133141082,-0.006559214627809062,0.0645440133141082,-0.006559214627809062
2023-01-19,179.88999938964844,21102.44,3898.85,1.19,119.6107,20.52,1.99,,-0.27,0.017741626269272004,0.015743931377470766,-0.007667669607521077,0.004484556685400598,-0.06000000000000005,0.008810629682154847,0.030000000000000027,,-0.04842735320185428,0.0645440133141082,-0.006559214627809062,0.0645440133141082,-0.006559214627809062
2023-01-20,179.2899932861328,22288.91,3972.61,1.25,119.3486,19.85,1.98,,-0.29,0.05470057174301246,-0.0033409804213135885,0.018741671559173056,-0.002193679886969946,0.06000000000000005,-0.033196013169369376,-0.010000000000000009,,-0.22135031906444794,0.0645440133141082,-0.006559214627809062,0.0645440133141082,-0.006559214627809062
2023-01-23,179.6300048828125,23020.53,4019.81,1.24,119.1434,19.81,1.96,,-0.29,0.032297181136870634,0.0018946378029900401,0.011811328415708644,-0.0017208128627910213,-0.010000000000000009,-0.0020171464227400904,-0.020000000000000018,,-0.23295365322020595,0.0645440133141082,-0.006559214627809062,0.0645440133141082,-0.006559214627809062
2023-01-24,180.27999877929688,23009.3,4016.95,1.19,119.0958,19.2,1.94,,-0.29,-0.00048794445787869734,0.0036119840879402787,-0.0007117296325205302,-0.00039959839214898096,-0.050000000000000044,-0.031276581676723314,-0.020000000000000018,,-0.24457529180547066,0.0645440133141082,-0.006559214627809062,0.0645440133141082,-0.006559214627809062
2023-01-25,181.11000061035156,22935.92,4016.22,1.17,118.9686,19.08,1.96,,-0.29,-0.0031942414202141833,0.004593393795208733,-0.00018174643434853976,-0.0010686185091479672,-0.020000000000000018,-0.006269613013595521,0.020000000000000018,,-0.2565360072733825,0.0645440133141082,-0.006559214627809062,0.0645440133141082,-0.006559214627809062
2023-01-26,179.47000122070312,23110.98,4060.43,1.16,119.021,18.73,1.91,,-0.29,0.0076035886636134364,-0.009096515003608197,0.01094771756997659,0.00044035538398912166,-0.010000000000000009,-0.018514149564143434,-0.050000000000000044,,-0.2688590295135768,0.0645440133141082,-0.006559214627809062,0.0645440133141082,-0.006559214627809062
2023-01-27,179.22000122070312,23108.82,4070.56,1.19,118.9223,18.51,1.88,,-0.307,-9.346643652996534e-05,-0.00139396157562377,0.0024917027916835366,-0.0008296094545281463,0.030000000000000027,-0.011815389870590831,-0.030000000000000027,,-0.42875387653367475,0.0645440133141082,-0.006559214627809062,0.0645440133141082,-0.006559214627809062
2023-01-30,178.75999450683594,22697.83,4017.77,1.26,118.8953,19.94,1.87,,-0.307,-0.017945037631319494,-0.0025700149312912757,-0.013053559781990742,-0.00022706477666911695,0.07000000000000006,0.07441663794828601,-0.009999999999999787,,-0.44317922564784334,0.0645440133141082,-0.006559214627809062,0.0645440133141082,-0.006559214627809062
2023-01-31,179.41000366210938,23095.41,4076.6,1.28,118.9802,19.4,1.9,,-0.307,0.017364571281094143,0.00362961650726934,0.01453628532231832,0.0007138188136641688,0.020000000000000018,-0.027454698464409955,0.029999999999999805,,-0.4570216406331076,0.0645440133141082,-0.006559214627809062,0.0645440133141082,-0.006559214627809062
2023-02-01,181.6699981689453,23571.72,4119.21,1.14,118.6259,17.87,1.91,,-0.307,0.020413791919873248,0.01251813452838757,0.010398089735209837,-0.0029822488782036416,-0.14000000000000012,-0.08214973689794558,0.010000000000000009,,-0.4713220478985339,0.0645440133141082,-0.006559214627809062,0.0645440133141082,-0.006559214627809062
2023-02-02,177.89999389648438,23872.76,4179.76,1.18,118.3421,18.73,1.88,,-0.307,0.012690371570505121,-0.020970284008537732,0.014592431217643309,-0.0023952612646986893,0.040000000000000036,0.04700318728466035,-0.030000000000000027,,-0.48611279972593957,0.0645440133141082,-0.006559214627809062,0.0645440133141082,-0.006559214627809062
2023-02-03,173.4600067138672,23337.66,4136.48,1.31,119.5095,18.33,1.83,,-0.314,-0.02266969521278206,-0.025274496401227253,-0.0104086439893738,0.009816283549497484,0.13000000000000012,-0.021587454604383716,-0.04999999999999982,,-0.5660650252351669,0.0645440133141082,-0.006559214627809062,0.0645440133141082,-0.006559214627809062
2023-02-06,173.82000732421875,23004.61,4111.08,1.38,120.541,19.43,1.77,,-0.314,-0.014373734135533667,0.0020732591842405057,-0.006159416919169658,0.008594077902089658,0.06999999999999984,0.05827920153773514,-0.06000000000000005,,-0.5825126751335612,0.0645440133141082,-0.006559214627809062,0.0645440133141082,-0.006559214627809062
2023-02-07,173.97999572753906,23194.36,4164.0,1.36,120.3475,18.66,1.78,,-0.314,0.008214515042164194,0.0009200023760849163,0.012790383040920617,-0.0016065527546462732,-0.019999999999999796,-0.040436067970150535,0.010000000000000009,,-0.597715409328985,0.0645440133141082,-0.006559214627809062,0.0645440133141082,-0.006559214627809062
2023-02-08,174.41000366210938,22829.87,4117.86,1.29,120.1436,19.63,1.83,,-0.314,-0.015839379405999665,0.002468544755507729,-0.011142539811004326,-0.001695697253309092,-0.07000000000000006,0.050676812869171695,0.050000000000000044,,-0.6134422990176788,0.0645440133141082,-0.006559214627809062,0.0645440133141082,-0.006559214627809062
2023-02-09,173.02999877929688,21994.21,4081.5,1.34,119.9781,20.71,1.84,,-0.314,-0.03729052936183308,-0.007943887464013422,-0.008869043032445845,-0.001378467886963719,0.050000000000000044,0.05355766711912313,0.010000000000000009,,-0.6297303593132869,0.0645440133141082,-0.006559214627809062,0.0645440133141082,-0.006559214627809062
2023-02-10,173.36000061035156,21725.39,4090.46,1.41,120.1419,20.53,1.85,,-0.31,-0.012297614242811505,0.0019053779351274613,0.0021928652588769637,0.0013643180527038723,0.06999999999999984,-0.008729444376650353,0.010000000000000009,,-0.6071790677489489,0.0645440133141082,-0.006559214627809062,0.0645440133141082,-0.006559214627809062
2023-02-13,172.47999572753906,21663.57,4137.29,1.41,119.9828,20.34,1.84,,-0.31,-0.0028495747227825774,-0.005089097798950171,0.011383550959928712,-0.0013251450040900892,0.0,-0.00929784041042847,-0.010000000000000009,,-0.6243827978253607,0.0645440133141082,-0.006559214627809062,0.0645440133141082,-0.006559214627809062
2023-02-14,172.61000061035156,22250.47,4136.13,1.46,119.9229,18.91,1.81,,-0.31,0.0267310840485262,0.0007534549847427741,-0.0002804160812814871,-0.0004993628850389342,0.050000000000000044,-0.07289850795004771,-0.030000000000000027,,-0.6394061917192166,0.06410146968856267,-0.00044254362554552173,0.0645440133141082,-0.006559214627809062
2023-02-15,170.88999938964844,24146.6,4147.6,1.46,120.4557,18.23,1.82,,-0.31,0.08178045145306001,-0.010014646847400499,0.00276928565518908,0.004433014191207896,0.0,-0.03662229397979466,0.010000000000000009,,-0.6549279173490027,0.06410146968856267,-0.00044254362554552173,0.06410146968856267,-0.00044254362554552173
2023-02-16,170.75,24565.36,4090.41,1.49,120.4651,20.17,1.84,,-0.31,0.017193737072460635,-0.0008195726363133815,-0.013884644172641458,7.803394314453982e-05,0.030000000000000027,0.10112776327554895,0.020000000000000018,,-0.6709815294145266,0.06410146968856267,-0.00044254362554552173,0.06410146968856267,-0.00044254362554552173
2023-02-17,171.25999450683594,24820.92,4079.09,1.46,120.5526,20.02,1.89,,-0.295,0.010349525460872755,0.002982339072148399,-0.002771285205906082,0.0007260877839607716,-0.030000000000000027,-0.0074645780790461025,0.04999999999999982,,-0.5298751949131193,0.06410146968856267,-0.00044254362554552173,0.06410146968856267,-0.00044254362554552173
2023-02-21,170.6199951171875,24464.31,3997.34,1.53,120.6256,22.87,1.87,,-0.295,-0.014471525183790135,-0.0037440046605539123,-0.02024478441412292,0.0006053615312611171,0.07000000000000006,0.13309423414761534,-0.019999999999999796,,-0.5458460099738666,0.06410146968856267,-0.00044254362554552173,0.06410146968856267,-0.00044254362554552173
2023-02-22,169.66000366210938,23798.25,3991.05,1.52,120.8389,22.29,1.85,,-0.295,-0.027603272225013242,-0.005642376897915469,-0.0015747857327728099,0.0017667197909512211,-0.010000000000000009,-0.02568786063691242,-0.020000000000000018,,-0.5593457624355889,0.06410146968856267,-0.00044254362554552173,0.06410146968856267,-0.00044254362554552173
2023-02-23,169.57000732421875,23943.8,4012.32,1.49,121.0896,21.14,1.86,,-0.295,0.00609736913001413,-0.000530591852650808,0.00531527346027616,0.0020725139017212513,-0.030000000000000027,-0.0529711669556856,0.010000000000000009,,-0.5732532874506676,0.06410146968856267,-0.00044254362554552173,0.06410146968856267,-0.00044254362554552173
2023-02-24,168.35000610351562,23213.62,3970.04,1.57,121.5681,21.67,1.86,,-0.27,-0.030970242312047702,-0.0072206822499252254,-0.010593457421727237,0.003943832157051297,0.08000000000000007,0.024761835106176022,0.0,,-0.311516274843608,0.06410146968856267,-0.00044254362554552173,0.06410146968856267,-0.00044254362554552173
2023-02-27,169.00999450683594,23320.38,3982.24,1.56,121.3941,20.95,1.87,,-0.27,0.0045884809950464955,0.0039126704061276385,0.003068304831167268,-0.001432321815882709,-0.010000000000000009,-0.03379016918012123,0.010000000000000009,,-0.3242784044785684,0.06410146968856267,-0.00044254362554552173,0.06410146968856267,-0.00044254362554552173
2023-02-28,169.77999877929688,23270.59,3970.15,1.49,121.3341,20.7,1.9,,-0.27,-0.0021373248487428498,0.004545621851780979,-0.0030405976856187067,-0.000494380143897466,-0.07000000000000006,-0.012004946096823232,0.029999999999999805,,-0.3350712093588885,0.06410146968856267,-0.00044254362554552173,0.06410146968856267,-0.00044254362554552173
2023-03-01,170.75999450683594,23421.23,3951.39,1.57,120.6347,20.58,1.84,,-0.27,0.00645254447831789,0.0057555556009338815,-0.00473646161526986,-0.005780926696138167,0.08000000000000007,-0.005813969865419821,-0.05999999999999983,,-0.3461324195032986,0.06410146968856267,-0.00044254362554552173,0.06410146968856267,-0.00044254362554552173
2023-03-02,170.66000366210938,23467.64,3981.35,1.6,121.1302,19.59,1.82,,-0.27,0.001979574903623771,-0.0005857351538960387,0.007553542016923487,0.004099029212131455,0.030000000000000027,-0.04930049844945428,-0.020000000000000018,,-0.35747724335220904,0.06410146968856267,-0.00044254362554552173,0.06410146968856267,-0.00044254362554552173
2023-03-03,172.49000549316406,22307.08,4045.64,1.45,120.7742,18.49,1.79,,-0.239,-0.0507183340420454,0.010666001055863461,0.016018800257414867,-0.0029433136148426797,-0.15000000000000013,-0.05778918655741583,-0.030000000000000027,,-0.0077124663159979885,0.06410146968856267,-0.00044254362554552173,0.06410146968856267,-0.00044254362554552173
2023-03-06,171.6199951171875,22352.17,4048.42,1.49,120.485,18.61,1.79,,-0.239,0.0020192912026661958,-0.005056593695139888,0.00068692352399502,-0.0023974226766725337,0.040000000000000036,0.0064690252551260485,0.0,,-0.01719545601567866,0.06410146968856267,-0.00044254362554552173,0.06410146968856267,-0.00044254362554552173
2023-03-07,168.6199951171875,22055.64,3986.37,1.59,121.4623,19.59,1.79,,-0.239,-0.013355056570015122,-0.017635068390636555,-0.015445639173959691,0.008078662710992113,0.10000000000000009,0.05132016130228978,0.0,,-0.025542189565456737,0.06410146968856267,-0.00044254362554552173,0.06410146968856267,-0.00044254362554552173
2023-03-08,168.5399932861328,22099.95,3992.01,1.66,121.4511,19.11,1.79,,-0.239,0.002006994578646726,-0.00047456302828230434,0.0014138210863556822,-9.221393309655213e-05,0.06999999999999984,-0.02480747370426739,0.0,,-0.034039357503331424,0.06410146968856267,-0.00044254362554552173,0.06410146968856267,-0.00044254362554552173
2023-03-09,170.1999969482422,20119.83,3918.32,1.63,121.4458,22.61,1.85,,-0.239,-0.09386945018604109,0.009801127700098,-0.018631872945281458,-4.363991472011719e-05,-0.030000000000000027,0.16818052803769667,0.06000000000000005,,-0.04269488446928812,0.06410146968856267,-0.00044254362554552173,0.06410146968856267,-0.00044254362554552173
2023-03-10,173.8699951171875,19969.31,3861.59,1.44,121.2421,24.8,1.96,,-0.207,-0.007509300888614234,0.02133366724772401,-0.014583974750191686,-0.0016786996618796124,-0.18999999999999995,0.09245136688105804,0.10999999999999988,,0.3395090182468894,0.06410146968856267,-0.00044254362554552173,0.06410146968856267,-0.00044254362554552173
2023-03-13,177.86000061035156,24277.25,3855.76,1.31,120.8897,26.52,2.14,,-0.207,0.1953431028296393,0.022688861946559058,-0.001510881613258519,-0.0029108134397777263,-0.1299999999999999,0.06705551214672534,0.18000000000000016,,0.3326194329000113,0.06410146968856267,-0.00044254362554552173,0.06410146968856267,-0.00044254362554552173
2023-03-14,176.8300018310547,25048.39,3919.29,1.33,121.0141,23.73,2.11,,-0.207,0.03126985617559619,-0.005807897981361165,0.016342380801372514,0.001028508117409288,0.020000000000000018,-0.11115909486998987,-0.03000000000000025,,0.325987092239783,0.06035613077866597,-0.0037453389098967005,0.06410146968856267,-0.00044254362554552173
2023-03-15,178.2100067138672,24369.97,3891.93,1.22,122.1079,26.14,2.22,,-0.207,-0.02745791739367931,0.007773838437142189,-0.00700533639823675,0.008998012354943796,-0.1100000000000001,0.09672663774840373,0.11000000000000032,,0.31930021829766175,0.06035613077866597,-0.0037453389098967005,0.06035613077866597,-0.0037453389098967005
2023-03-16,178.57000732421875,24953.21,3960.28,1.34,121.7221,22.99,2.16,,-0.207,0.02365083462190576,0.0020180543660703876,0.017409551286965197,-0.0031645024972526414,0.1200000000000001,-0.12840736942098552,-0.06000000000000005,,0.3125557284209566,0.06035613077866597,-0.0037453389098967005,0.06035613077866597,-0.0037453389098967005
2023-03-17,183.77000427246094,26834.87,3916.64,1.29,121.5643,25.51,2.21,,-0.176,0.07269968996094178,0.028704276731303935,-0.011080586449226715,-0.0012972366900001475,-0.050000000000000044,0.10401119337862985,0.04999999999999982,,0.6995340473587677,0.06035613077866597,-0.0037453389098967005,0.06035613077866597,-0.0037453389098967005
2023-03-20,183.83999633789062,27784.57,3951.57,1.33,121.0141,24.15,2.19,,-0.176,0.034778669438427556,0.00038079522406508914,0.008878824909595906,-0.004536273167691007,0.040000000000000036,-0.05478615205513826,-0.020000000000000018,,0.6938055995247112,0.06035613077866597,-0.0037453389098967005,0.06035613077866597,-0.0037453389098967005
2023-03-21,180.3699951171875,28126.85,4002.87,1.36,120.8958,21.38,2.11,,-0.176,0.012243805503214134,-0.019055524569337123,0.012898635541985115,-0.0009780501701692756,0.030000000000000027,-0.12182847450168266,-0.08000000000000007,,0.6878713420511123,0.06035613077866597,-0.0037453389098967005,0.06035613077866597,-0.0037453389098967005
2023-03-22,183.44000244140625,26668.8,3936.97,1.2,120.6217,22.26,2.16,,-0.176,-0.0532302933331561,0.016877382247648676,-0.016600211922495944,-0.002269815791250629,-0.16000000000000014,0.04033544025049984,0.050000000000000266,,0.6819640883168424,0.06035613077866597,-0.0037453389098967005,0.06035613077866597,-0.0037453389098967005
2023-03-23,185.74000549316406,28369.82,3948.72,1.19,119.7587,22.61,2.26,,-0.176,0.06183156126433964,0.012460224063675973,0.0029800838470404045,-0.007180316762936734,-0.010000000000000009,0.015600940442479505,0.09999999999999964,,0.6760837496698882,0.06035613077866597,-0.0037453389098967005,0.06035613077866597,-0.0037453389098967005
2023-03-24,183.64999389648438,27821.59,3970.99,1.16,120.4598,21.74,2.24,,-0.157,-0.019513566080917144,-0.011316136891164952,0.0056239581242092385,0.005837202302985567,-0.030000000000000027,-0.03923840459681527,-0.019999999999999574,,0.9194665397764107,0.06035613077866597,-0.0037453389098967005,0.06035613077866597,-0.0037453389098967005
2023-03-27,181.9499969482422,26968.93,3977.53,1.29,120.2541,20.6,2.19,,-0.157,-0.031126875336280335,-0.009299831745516407,0.0016455897389313634,-0.0017090832732984396,0.13000000000000012,-0.0538628058975279,-0.050000000000000266,,0.913739381319565,0.06035613077866597,-0.0037453389098967005,0.06035613077866597,-0.0037453389098967005
2023-03-28,183.44000244140625,27425.98,3971.27,1.24,119.7138,19.97,2.19,,-0.157,0.016805276689279225,0.008155744573005386,-0.0015750808409311645,-0.004503109899420821,-0.050000000000000044,-0.031059928367811462,0.0,,0.9078778508157788,0.06035613077866597,-0.0037453389098967005,0.06035613077866597,-0.0037453389098967005
2023-03-29,182.52999877929688,28419.49,4027.81,1.24,119.7258,19.12,2.15,,-0.157,0.0355844380564978,-0.0049731154716585735,0.014136861145887636,0.00010023404658277002,0.0,-0.043496239804468484,-0.040000000000000036,,0.9020997921351299,0.06035613077866597,-0.0037453389098967005,0.06035613077866597,-0.0037453389098967005
2023-03-30,184.17999267578125,27986.1,4050.83,1.21,119.4078,19.02,2.11,,-0.157,-0.015367219056544812,0.008998964139578014,0.005698994460608731,-0.002659602727909771,-0.030000000000000027,-0.005243850506011061,-0.040000000000000036,,0.8964068126677049,0.06035613077866597,-0.0037453389098967005,0.06035613077866597,-0.0037453389098967005
2023-03-31,183.22000122070312,28469.31,4109.31,1.16,119.3602,18.7,2.11,,-0.153,0.01711870661599768,-0.005225877277023727,0.014333332809426835,-0.0003987134007115145,-0.050000000000000044,-0.016967533256703415,0.0,,0.944928106297809,0.06035613077866597,-0.0037453389098967005,0.06035613077866597,-0.0037453389098967005
2023-04-03,184.5399932861328,28081.08,4124.51,1.14,119.3204,18.55,2.11,,-0.153,-0.013730625001869612,0.00717858251921033,0.0036920936495175027,-0.0003335000864659321,-0.020000000000000018,-0.008053734807096813,0.0,,0.9393909528736035,0.06035613077866597,-0.0037453389098967005,0.06035613077866597,-0.0037453389098967005
2023-04-04,187.97999572753906,28189.25,4100.6,1.1,119.142,19.0,2.1,,-0.153,0.0038446596365098173,0.018469345695108608,-0.0058139203852078936,-0.0014962529378479417,-0.039999999999999813,0.02396919011299614,-0.009999999999999787,,0.9338003063233383,0.06035613077866597,-0.0037453389098967005,0.06035613077866597,-0.0037453389098967005
2023-04-05,187.8300018310547,28240.64,4090.38,1.07,119.2953,19.08,2.14,,-0.153,0.001821375664805558,-0.0007982432900845993,-0.0024954291924714767,0.0012858728153952725,-0.030000000000000027,0.004201686853700259,0.040000000000000036,,0.9283115750341735,0.06035613077866597,-0.0037453389098967005,0.06035613077866597,-0.0037453389098967005
2023-04-06,186.49000549316406,28017.77,4105.02,1.06,119.3072,18.4,2.11,,-0.153,-0.007923123526026643,-0.007159660374900234,0.003572739725370866,9.97474880595206e-05,-0.010000000000000009,-0.036290001405200556,-0.03000000000000025,,0.9229275158689342,0.06035613077866597,-0.0037453389098967005,0.06035613077866597,-0.0037453389098967005
2023-04-10,185.11000061035156,29173.05,4109.11,1.14,119.7948,18.97,2.09,,-0.153,0.04040638616085168,-0.007427401530065936,0.0009958450470115565,0.004078599726763166,0.07999999999999985,0.03050811933198272,-0.020000000000000018,,0.9176512187383971,0.06035613077866597,-0.0037453389098967005,0.06035613077866597,-0.0037453389098967005
2023-04-11,186.27999877929688,30130.02,4108.94,1.14,119.5248,19.1,2.05,,-0.153,0.03227667903964715,0.006300665292291008,-4.137234502721299e-05,-0.0022563978425074183,0.0,0.006829551105661746,-0.040000000000000036,,0.9124861395747651,0.06035613077866597,-0.0037453389098967005,0.06035613077866597,-0.0037453389098967005
2023-04-12,187.19000244140625,29798.59,4091.95,1.14,119.003,19.09,2.08,,-0.153,-0.011060939976525574,0.004873245294512607,-0.004143458650798237,-0.0043751783428662705,0.0,-0.0005236973149282953,0.03000000000000025,,0.907265040067525,0.04984974122099173,-0.010506389557674245,0.06035613077866597,-0.0037453389098967005
2023-04-13,189.72000122070312,30335.13,4146.22,1.16,118.3915,17.8,2.07,,-0.153,0.017845369908190634,0.013425150587981882,0.013175446748329378,-0.0051517735454940095,0.020000000000000018,-0.06996618043961655,-0.010000000000000231,,0.9021548793020581,0.04984974122099173,-0.010506389557674245,0.04984974122099173,-0.010506389557674245
2023-04-14,186.36000061035156,30324.09,4137.64,1.22,118.8567,17.07,2.05,,-0.167,-0.00036400072806408446,-0.01786901721989853,-0.002071498810490624,0.003921636465115341,0.06000000000000005,-0.04187592049169053,-0.020000000000000018,,0.6943976168348348,0.04984974122099173,-0.010506389557674245,0.04984974122099173,-0.010506389557674245
2023-04-17,185.52999877929688,29467.25,4151.32,1.28,119.2787,16.95,2.02,,-0.167,-0.028662968976201242,-0.004463702764477162,0.0033007789687626854,0.003544205873987849,0.06000000000000005,-0.007054702979889971,-0.029999999999999805,,0.6890466343942383,0.04984974122099173,-0.010506389557674245,0.04984974122099173,-0.010506389557674245
2023-04-18,186.25,30221.53,4154.87,1.3,119.1049,16.83,2.01,,-0.167,0.025275107126070395,0.0038732698004286803,0.0008547842551518414,-0.001458154258888733,0.020000000000000018,-0.007104825623744482,-0.010000000000000231,,0.6837515956936963,0.04984974122099173,-0.010506389557674245,0.04984974122099173,-0.010506389557674245
2023-04-19,185.36000061035156,29227.06,4154.52,1.32,119.303,16.46,2.01,,-0.167,-0.033459591815468315,-0.004789973842758144,-8.424204429147153e-05,0.0016618580642022707,0.020000000000000018,-0.022229812953790784,0.0,,0.6785149547203186,0.04984974122099173,-0.010506389557674245,0.04984974122099173,-0.010506389557674245
2023-04-20,186.08999633789062,28104.38,4129.79,1.28,119.1199,17.17,2.05,,-0.167,-0.039169556391174254,0.003930524556986725,-0.005970339945818637,-0.001535926590905845,-0.040000000000000036,0.04223047966046023,0.040000000000000036,,0.673339496356469,0.04984974122099173,-0.010506389557674245,0.04984974122099173,-0.010506389557674245
2023-04-21,184.25,27279.9,4133.52,1.29,119.3117,16.77,2.04,,-0.18,-0.029775268799667742,-0.009936876904451886,0.0009027859909256364,0.0016088474964819355,0.010000000000000009,-0.023572099074266717,-0.009999999999999787,,0.47012966878280454,0.04984974122099173,-0.010506389557674245,0.04984974122099173,-0.010506389557674245
2023-04-24,184.80999755859375,27383.28,4137.04,1.24,119.2039,16.89,2.04,,-0.18,0.0037824408771527374,0.0030347260178613666,0.0008512120612227392,-0.0009039241654642538,-0.050000000000000044,0.007130154984591464,0.0,,0.4639239790203123,0.04984974122099173,-0.010506389557674245,0.04984974122099173,-0.010506389557674245
2023-04-25,185.75,27611.39,4071.63,1.15,119.613,18.76,2.09,,-0.18,0.008295760596530144,0.0050734265105614185,-0.015937145594968172,0.003426059044931762,-0.09000000000000008,0.10500521275836983,0.04999999999999982,,0.4576143842979404,0.04984974122099173,-0.010506389557674245,0.04984974122099173,-0.010506389557674245
2023-04-26,184.74000549316406,27884.25,4055.99,1.18,119.3228,18.84,2.11,,-0.18,0.009833644545990339,-0.005452222698837161,-0.0038486098771102206,-0.0024291055814575913,0.030000000000000027,0.004255325570138524,0.020000000000000018,,0.45127826668405385,0.04984974122099173,-0.010506389557674245,0.04984974122099173,-0.010506389557674245
2023-04-27,184.75,29673.98,4135.35,1.26,119.4298,17.03,2.07,,-0.18,0.0622085542386106,5.4098929280321784e-05,0.019377167380001836,0.000896325377513385,0.08000000000000007,-0.10100577447362014,-0.040000000000000036,,0.44491360887675635,0.04984974122099173,-0.010506389557674245,0.04984974122099173,-0.010506389557674245
2023-04-28,184.8000030517578,29328.53,4169.48,1.26,119.2248,15.78,2.08,,-0.191,-0.011709805136074891,0.00027061589311294654,0.008219359612569477,-0.0017179643754596796,0.0,-0.07623317925686868,0.010000000000000231,,0.2619861142933687,0.04984974122099173,-0.010506389557674245,0.04984974122099173,-0.010506389557674245
2023-05-01,183.97000122070312,27843.35,4167.87,1.36,119.4435,16.08,2.06,,-0.191,-0.051966603714742376,-0.004501468248395035,-0.0003862138497261469,0.0018326695351822408,0.10000000000000009,0.018832948333091792,-0.020000000000000018,,0.254439849850505,0.04984974122099173,-0.010506389557674245,0.04984974122099173,-0.010506389557674245
2023-05-02,187.52000427246094,28686.13,4119.58,1.24,119.6105,17.78,2.16,,-0.191,0.029819572002265815,0.0191128216996459,-0.01165389752800472,0.0013971740875842187,-0.1200000000000001,0.10049796633493857,0.10000000000000009,,0.24721013844424444,0.04984974122099173,-0.010506389557674245,0.04984974122099173,-0.010506389557674245
2023-05-03,189.11000061035156,28322.97,4090.75,1.18,119.1233,18.34,2.2,,-0.191,-0.01274059448102527,0.008443330394000803,-0.007022889090581685,-0.0040815391566138,-0.06000000000000005,0.031010236742559982,0.040000000000000036,,0.2398908226417432,0.04984974122099173,-0.010506389557674245,0.04984974122099173,-0.010506389557674245
2023-05-04,190.44000244140625,28895.31,4061.22,1.18,119.0465,20.09,2.24,,-0.191,0.020006162003832983,0.007008337579460289,-0.007244906241250959,-0.0006449180598204762,0.0,0.09113771199852438,0.040000000000000036,,0.23247664213260094,0.04984974122099173,-0.010506389557674245,0.04984974122099173,-0.010506389557674245
2023-05-05,187.4600067138672,29561.66,4136.25,1.23,118.5548,17.19,2.2,,-0.2,0.022798953260201316,-0.01577167201286489,0.018306159168067992,-0.004138872151897566,0.050000000000000044,-0.15589435943208496,-0.040000000000000036,,0.07327035666061242,0.04984974122099173,-0.010506389557674245,0.04984974122099173,-0.010506389557674245
2023-05-08,187.69000244140625,27340.72,4138.12,1.29,118.5759,16.98,2.2,,-0.2,-0.07810108548285655,0.0012261535425386327,0.0004519981658628325,0.00017796093087607545,0.06000000000000005,-0.01229163851155679,0.0,,0.06472498330906548,0.04984974122099173,-0.010506389557674245,0.04984974122099173,-0.010506389557674245
2023-05-09,189.02000427246094,27716.32,4119.17,1.3,118.8239,17.71,2.21,,-0.2,0.013644243386794486,0.007061173494321338,-0.004589891663840717,0.0020893032783844134,0.010000000000000009,0.042093270911541136,0.009999999999999787,,0.05709577115492815,0.04984974122099173,-0.010506389557674245,0.04984974122099173,-0.010506389557674245
2023-05-10,188.75,27692.27,4137.64,1.26,118.5864,16.94,2.26,,-0.2,-0.0008680964994898233,-0.00142946404099753,0.004473890233027689,-0.002000756321242747,-0.040000000000000036,-0.04445176257083405,0.04999999999999982,,0.04935232381089143,0.049303203981889254,-0.0005465372391024736,0.04984974122099173,-0.010506389557674245
2023-05-11,187.1300048828125,26843.06,4130.62,1.23,119.0303,16.93,2.25,,-0.2,-0.03114599832974818,-0.008619799546280227,-0.001698060217456998,0.0037362737248178846,-0.030000000000000027,-0.0005904930788642737,-0.009999999999999787,,0.041488949315652404,0.049303203981889254,-0.0005465372391024736,0.049303203981889254,-0.0005465372391024736
2023-05-12,186.80999755859375,26459.63,4124.08,1.28,119.3671,17.03,2.21,,-0.207,-0.014387139328919218,-0.0017115440993107356,-0.001584552162620767,0.0028255360509348293,0.050000000000000044,0.005889298529552889,-0.040000000000000036,,-0.08963465449796781,0.049303203981889254,-0.0005465372391024736,0.049303203981889254,-0.0005465372391024736
2023-05-15,187.2100067138672,27418.24,4136.28,1.31,119.1608,17.12,2.27,,-0.207,0.03558831013118002,0.002138972799392569,0.0029538685652354957,-0.0017297771157140929,0.030000000000000027,0.005270876038999006,0.06000000000000005,,-0.09832624871723836,0.049303203981889254,-0.0005465372391024736,0.049303203981889254,-0.0005465372391024736
2023-05-16,184.8699951171875,26933.06,4109.9,1.35,119.1743,17.99,2.28,,-0.207,-0.017853957056502168,-0.012578168330723116,-0.006398135861992671,0.00011328587366676857,0.040000000000000036,0.04956867724884573,0.009999999999999787,,-0.10555001088039416,0.049303203981889254,-0.0005465372391024736,0.049303203981889254,-0.0005465372391024736
2023-05-17,184.22999572753906,27385.09,4158.77,1.35,119.607,16.87,2.26,,-0.207,0.01664417640838778,-0.003467895133702825,0.011820660164447716,0.003624240873389084,0.0,-0.06427915140456486,-0.020000000000000018,,-0.11287323586228512,0.049303203981889254,-0.0005465372391024736,0.049303203981889254,-0.0005465372391024736
2023-05-18,181.83999633789062,26734.01,4198.05,1.42,120.0886,16.05,2.2,,-0.207,-0.0240621670962593,-0.013057794413406931,0.009400774284705093,0.004018435449509639,0.06999999999999984,-0.04982804698185195,-0.05999999999999961,,-0.12029985605610745,0.049303203981889254,-0.0005465372391024736,0.049303203981889254,-0.0005465372391024736
2023-05-19,183.63999938964844,26834.47,4191.98,1.46,119.7751,16.81,2.18,,-0.211,0.0037507175029638518,0.009850156652287723,-0.001446955746059686,-0.00261398601380769,0.040000000000000036,0.04626509784449917,-0.020000000000000018,,-0.2006238244837658,0.049303203981889254,-0.0005465372391024736,0.049303203981889254,-0.0005465372391024736
2023-05-22,183.2100067138672,26862.43,4192.63,1.48,120.0875,17.21,2.19,,-0.211,0.0010414009943566782,-0.0023442435084914948,0.00015504597144122556,0.002604826068250965,0.020000000000000018,0.02351666280292397,0.009999999999999787,,-0.20845479346003024,0.049303203981889254,-0.0005465372391024736,0.049303203981889254,-0.0005465372391024736
2023-05-23,183.42999267578125,27181.23,4145.58,1.44,120.3204,18.53,2.19,,-0.211,0.011798005460166294,0.0012000108481293736,-0.011285515564489756,0.00193754092823184,-0.040000000000000036,0.07390043007382019,0.0,,-0.2145065678695155,0.049303203981889254,-0.0005465372391024736,0.049303203981889254,-0.0005465372391024736
2023-05-24,181.9499969482422,26252.34,4115.24,1.48,120.4752,20.03,2.18,,-0.211,-0.03477153364041996,-0.008101176111367181,-0.007345550785867516,0.0012857379563859794,0.040000000000000036,0.0778401093804586,-0.009999999999999787,,-0.22062222059803846,0.049303203981889254,-0.0005465372391024736,0.049303203981889254,-0.0005465372391024736
2023-05-25,180.1999969482422,26468.67,4151.28,1.58,120.8413,19.14,2.1,,-0.211,0.008206641493858413,-0.009664579046816613,0.00871956478556335,0.0030341918672727175,0.10000000000000009,-0.04545076365291845,-0.08000000000000007,,-0.22680361041913724,0.049303203981889254,-0.0005465372391024736,0.049303203981889254,-0.0005465372391024736
2023-05-26,180.9199981689453,26767.22,4205.45,1.57,120.6304,17.95,2.1,,-0.214,0.011216235133494123,0.003987606249999942,0.012964582735314423,-0.0017467889912241574,-0.010000000000000009,-0.06419027109052067,0.0,,-0.288995177362934,0.049303203981889254,-0.0005465372391024736,0.049303203981889254,-0.0005465372391024736
2023-05-30,182.0399932861328,27850.21,4205.52,1.47,120.5546,17.46,2.14,,-0.214,0.03966250219069778,0.006171471778321447,1.664492918251881e-05,-0.0006285631568765382,-0.10000000000000009,-0.027677564522831766,0.040000000000000036,,-0.2953335650826619,0.049303203981889254,-0.0005465372391024736,0.049303203981889254,-0.0005465372391024736
2023-05-31,182.32000732421875,27010.57,4179.83,1.46,120.9662,17.94,2.16,,-0.214,-0.030612235862909287,0.0015370188425896103,-0.006127372232972661,0.003408405391757796,-0.010000000000000009,0.027120306219194035,0.020000000000000018,,-0.29942134375994084,0.049303203981889254,-0.0005465372391024736,0.049303203981889254,-0.0005465372391024736
2023-06-01,183.75999450683594,26862.68,4221.02,1.45,120.0491,15.65,2.15,,-0.214,-0.00549030813968443,0.007867103377943607,0.009806229149665668,-0.0076103419685455975,-0.010000000000000009,-0.13656193964448793,-0.010000000000000231,,-0.30353439275133776,0.049303203981889254,-0.0005465372391024736,0.049303203981889254,-0.0005465372391024736
2023-06-02,181.0500030517578,27239.03,4282.37,1.51,120.0049,14.6,2.11,,-0.215,0.01391290851209348,-0.014857275420165017,0.014429789652144365,-0.000368250481137089,0.06000000000000005,-0.06944938827187119,-0.040000000000000036,,-0.3265423735158483,0.049303203981889254,-0.0005465372391024736,0.049303203981889254,-0.0005465372391024736
2023-06-05,182.13999938964844,25630.0,4273.79,1.5,120.0048,14.73,2.1,,-0.215,-0.06088733087335818,0.006002365721135661,-0.0020055732655688274,-8.332996541682292e-07,-0.010000000000000009,0.008864701760248117,-0.009999999999999787,,-0.3306710120598103,0.049303203981889254,-0.0005465372391024736,0.049303203981889254,-0.0005465372391024736
2023-06-06,182.33999633789062,27080.12,4283.85,1.5,119.9718,13.96,2.08,,-0.215,0.055036338972898946,0.001097437284125924,0.0023511165774898757,-0.0002750268168476566,0.0,-0.05369013314031257,-0.020000000000000018,,-0.33253502092878473,0.049303203981889254,-0.0005465372391024736,0.049303203981889254,-0.0005465372391024736
2023-06-07,180.14999389648438,26482.43,4267.52,1.58,119.859,13.94,2.06,,-0.215,-0.022318385118838435,-0.012083252758881002,-0.0038192757067676553,-0.000940663236895567,0.08000000000000007,-0.0014336920018487298,-0.020000000000000018,,-0.33440326641549284,0.049303203981889254,-0.0005465372391024736,0.049303203981889254,-0.0005465372391024736
2023-06-08,182.52999877929688,26539.86,4293.93,1.53,119.5712,13.65,2.07,,-0.215,0.0021662596035891823,0.013124733073093253,0.006169535247098068,-0.0024040420849971156,-0.050000000000000044,-0.021022883701408812,0.009999999999999787,,-0.33627578027749727,0.049303203981889254,-0.0005465372391024736,0.049303203981889254,-0.0005465372391024736
2023-06-09,182.0399932861328,26407.15,4298.86,1.55,119.4322,13.83,2.05,,-0.217,-0.005012947016751923,-0.002688130119842036,0.001147473763687401,-0.00116316350036616,0.020000000000000018,0.013100624045697895,-0.020000000000000018,,-0.3761081648675184,0.049303203981889254,-0.0005465372391024736,0.049303203981889254,-0.0005465372391024736
2023-06-12,181.8800048828125,25824.23,4338.93,1.56,119.6376,15.01,2.1,,-0.217,-0.02232160832538277,-0.0008792504640151577,0.00927790266568529,0.001718327037036893,0.010000000000000009,0.08187649996870361,0.050000000000000266,,-0.3778497436600042,0.049303203981889254,-0.0005465372391024736,0.049303203981889254,-0.0005465372391024736
2023-06-13,180.5399932861328,25902.83,4369.01,1.64,119.1899,14.61,2.0,,-0.217,0.00303903065412392,-0.0073948331208413265,0.00690866488336539,-0.0037491538822926884,0.07999999999999985,-0.027010419882762537,-0.10000000000000009,,-0.3773403762878665,0.040476092727919744,-0.00882711125396951,0.049303203981889254,-0.0005465372391024736
2023-06-14,180.63999938964844,25874.58,4372.59,1.62,118.776,13.88,1.94,,-0.217,-0.0010912095758826013,0.000553774340214197,0.0008190720692198283,-0.003478653180010838,-0.019999999999999796,-0.051257270683949585,-0.06000000000000005,,-0.37683124376645766,0.040476092727919744,-0.00882711125396951,0.040476092727919744,-0.00882711125396951
2023-06-15,181.91000366210938,25455.49,4425.84,1.51,118.5521,14.5,2.02,,-0.217,-0.01632958274445251,0.007005982383035736,0.012104580063653003,-0.0018868399184643891,-0.1100000000000001,0.043699694347870466,0.08000000000000007,,-0.37632234560670474,0.040476092727919744,-0.00882711125396951,0.040476092727919744,-0.00882711125396951
2023-06-16,181.6300048828125,26382.43,4409.59,1.55,118.4184,13.54,1.96,,-0.218,0.03576682146035459,-0.0015404017609146337,-0.0036783763376515566,-0.001128410618088438,0.040000000000000036,-0.06850038194239971,-0.06000000000000005,,-0.394793314749766,0.040476092727919744,-0.00882711125396951,0.040476092727919744,-0.00882711125396951
2023-06-20,179.75,27982.77,4388.71,1.52,118.938,13.88,1.95,,-0.218,0.05889070533679508,-0.010404681043488573,-0.0047463803686902395,0.004378233154987754,-0.030000000000000027,0.024800687594529247,-0.010000000000000009,,-0.3941949937071022,0.040476092727919744,-0.00882711125396951,0.040476092727919744,-0.00882711125396951
2023-06-21,179.49000549316406,30112.02,4365.69,1.51,118.727,13.2,1.96,,-0.218,0.07333546396735002,-0.001447469926816325,-0.005259081846185509,-0.0017756089911138417,-0.010000000000000009,-0.05023212548633316,0.010000000000000009,,-0.39182997526838886,0.040476092727919744,-0.00882711125396951,0.040476092727919744,-0.00882711125396951
2023-06-22,177.7100067138672,30213.11,4381.89,1.56,118.7552,12.91,1.94,,-0.218,0.0033515085545730017,-0.009966480697038982,0.0037038857650539825,0.00023749148468876768,0.050000000000000044,-0.022214624733774002,-0.020000000000000018,,-0.3894681455588641,0.040476092727919744,-0.00882711125396951,0.040476092727919744,-0.00882711125396951
2023-06-23,178.1999969482422,30880.88,4348.33,1.53,119.152,13.44,1.96,,-0.222,0.0218612860155023,0.002753451933942941,-0.007688274822307051,0.0033357575385855043,-0.030000000000000027,0.040233130236452475,0.020000000000000018,,-0.46294465407837976,0.040476092727919744,-0.00882711125396951,0.040476092727919744,-0.00882711125396951
2023-06-26,178.50999450683594,30243.97,4328.82,1.54,119.0761,14.25,1.98,,-0.222,-0.020840396396611283,0.0017380933759119088,-0.004496875789266497,-0.0006372044487461537,0.010000000000000009,0.05852157161965588,0.020000000000000018,,-0.4602111736079019,0.040476092727919744,-0.00882711125396951,0.040476092727919744,-0.00882711125396951
2023-06-27,177.69000244140625,30648.03,4378.41,1.57,118.8949,13.74,1.94,,-0.222,0.013271560491316947,-0.004604118590478379,0.011390657230512247,-0.0015228749302984568,0.030000000000000027,-0.03644561992045636,-0.040000000000000036,,-0.45646398760754403,0.040476092727919744,-0.00882711125396951,0.040476092727919744,-0.00882711125396951
2023-06-28,177.27999877929688,30099.99,4376.86,1.53,119.3382,13.43,1.96,,-0.222,-0.018043546725703408,-0.0023100760234937567,-0.0003540724651998062,0.0037215694346821593,-0.040000000000000036,-0.022820276259056804,0.020000000000000018,,-0.4527227896762042,0.040476092727919744,-0.00882711125396951,0.040476092727919744,-0.00882711125396951
2023-06-29,177.08999633789062,30584.99,4396.44,1.65,119.527,13.54,1.92,,-0.222,0.015984526207954985,-0.0010723394318450374,0.004463550205313638,0.0015808082493133924,0.11999999999999988,0.008157256948982727,-0.040000000000000036,,-0.44898742191790186,0.040476092727919744,-0.00882711125396951,0.040476092727919744,-0.00882711125396951
2023-06-30,178.27000427246094,30372.37,4450.38,1.59,119.3606,13.59,1.88,,-0.228,-0.006976052186885795,0.006641221688667542,0.012194363266363695,-0.0013931240207725182,-0.05999999999999983,0.003685960678923461,-0.040000000000000036,,-0.5589574983470001,0.040476092727919744,-0.00882711125396951,0.040476092727919744,-0.00882711125396951
2023-07-03,178.47000122070312,31042.21,4455.59,1.61,119.2119,13.57,1.85,,-0.228,0.021814577684207137,0.001121247777740031,0.0011700018289602099,-0.001246581389357182,0.020000000000000018,-0.0014727543162749157,-0.029999999999999805,,-0.5546701003967541,0.040476092727919744,-0.00882711125396951,0.040476092727919744,-0.00882711125396951
2023-07-05,177.83999633789062,30431.95,4446.82,1.69,119.3483,14.18,1.83,,-0.228,-0.01985484787986813,-0.003536277643963359,-0.0019702536362675716,0.001143526999588751,0.07999999999999985,0.04397104725720391,-0.020000000000000018,,-0.5500836549569735,0.040476092727919744,-0.00882711125396951,0.040476092727919744,-0.00882711125396951
2023-07-06,177.30999755859375,30309.88,4411.59,1.78,119.8193,15.44,1.8,,-0.228,-0.004019311381803448,-0.002984649764026237,-0.007954065287478329,0.003938665679536157,0.09000000000000008,0.0851290234926485,-0.030000000000000027,,-0.5455076175336381,0.040476092727919744,-0.00882711125396951,0.040476092727919744,-0.00882711125396951
2023-07-07,178.63999938964844,30246.21,4398.95,1.79,119.0761,14.83,1.81,,-0.237,-0.0021028446011683855,0.0074730048154894035,-0.002869292613603136,-0.006221990022692303,0.010000000000000009,-0.04030938844678911,0.010000000000000009,,-0.7114252442756807,0.040476092727919744,-0.00882711125396951,0.040476092727919744,-0.00882711125396951
2023-07-10,178.77999877929688,30837.4,4409.53,1.76,118.9548,15.07,1.86,,-0.237,0.019357351673892964,0.0007833887164983011,0.0024022317330238963,-0.0010191954952070148,-0.030000000000000027,0.016053856488563056,0.050000000000000044,,-0.7059354224196439,0.040476092727919744,-0.00882711125396951,0.040476092727919744,-0.00882711125396951
2023-07-11,179.4499969482422,30582.0,4439.26,1.75,118.7344,14.84,1.84,,-0.237,-0.00831663845923103,0.0037406077556987327,0.006719588071620208,-0.0018545231602251633,-0.010000000000000009,-0.01537977489916953,-0.020000000000000018,,-0.7005951908427898,0.040476092727919744,-0.00882711125396951,0.040476092727919744,-0.00882711125396951
2023-07-12,181.8800048828125,30287.48,4472.16,1.6,117.6385,13.54,1.88,,-0.237,-0.009677174781955955,0.013450555215707816,0.0073838175010525475,-0.00927270302465466,-0.1499999999999999,-0.09167797025510538,0.039999999999999813,,-0.6952765057507313,0.029691776545588855,-0.010784316182330889,0.040476092727919744,-0.00882711125396951
2023-07-13,182.00999450683594,31606.0,4510.04,1.52,117.1831,13.61,1.91,,-0.237,0.042612550182909104,0.000714444638602707,0.008434509266770363,-0.0038786940462873787,-0.08000000000000007,0.005156549179245573,0.030000000000000027,,-0.6899789121619024,0.029691776545588855,-0.010784316182330889,0.029691776545588855,-0.010784316182330889
2023-07-14,181.42999267578125,30115.18,4505.42,1.59,117.0463,13.34,1.87,,-0.25,-0.0483176124212612,-0.003191736429074332,-0.0010249061954503702,-0.0011680857787652599,0.07000000000000006,-0.02003777617589675,-0.039999999999999813,,-0.9302613483619266,0.029691776545588855,-0.010784316182330889,0.029691776545588855,-0.010784316182330889
2023-07-17,181.55999755859375,29884.4,4522.79,1.56,117.1267,13.48,1.9,,-0.25,-0.007692758452664705,0.0007163001287571191,0.0038479435973783893,0.0006866718465330379,-0.030000000000000027,0.010440064996683152,0.029999999999999805,,-0.9232609650874782,0.029691776545588855,-0.010784316182330889,0.029691776545588855,-0.010784316182330889
2023-07-18,183.63999938964844,29715.98,4554.98,1.57,117.0264,13.3,1.89,,-0.25,-0.005651656861747512,0.01139115191595419,0.007092079866133361,-0.0008567044906468979,0.010000000000000009,-0.01344307025645275,-0.010000000000000009,,-0.916890701641657,0.029691776545588855,-0.010784316182330889,0.029691776545588855,-0.010784316182330889
2023-07-19,183.6699981689453,30044.31,4565.72,1.53,117.3462,13.76,1.87,,-0.25,0.01098834371926749,0.00016334311378951583,0.0023550834835130985,0.0027289896384878887,-0.040000000000000036,0.03400179727748931,-0.019999999999999796,,-0.9105638005407903,0.029691776545588855,-0.010784316182330889,0.029691776545588855,-0.010784316182330889
2023-07-20,182.74000549316406,29756.0,4534.87,1.5,117.5947,13.99,1.85,,-0.25,-0.009642499641412172,-0.005076251540708121,-0.006779806181850034,0.0021154264129439326,-0.030000000000000027,0.016576956172192236,-0.020000000000000018,,-0.9042794522593949,0.029691776545588855,-0.010784316182330889,0.029691776545588855,-0.010784316182330889
2023-07-21,182.17999267578125,29875.99,4536.34,1.49,117.9418,13.6,1.85,,-0.264,0.004024355448841277,-0.0030692385170079106,0.0003241023001034904,0.0029473160317987634,-0.010000000000000009,-0.02827299593538335,0.0,,-1.1600837298637976,0.029691776545588855,-0.010784316182330889,0.029691776545588855,-0.010784316182330889
2023-07-24,181.39999389648438,29117.99,4554.64,1.48,117.8124,13.91,1.84,,-0.264,-0.025698951557041383,-0.0042906650791518786,0.004025974035343438,-0.0010977536179170855,-0.010000000000000009,0.022538213193345147,-0.010000000000000009,,-1.1512692256627652,0.029691776545588855,-0.010784316182330889,0.029691776545588855,-0.010784316182330889
2023-07-25,182.41000366210938,29198.82,4567.46,1.52,117.8565,13.86,1.81,,-0.264,0.0027721012778929577,0.005552416740764343,0.0028107581456495723,0.00037425388343326205,0.040000000000000036,-0.00360101217359432,-0.030000000000000027,,-1.1435649574198992,0.029691776545588855,-0.010784316182330889,0.029691776545588855,-0.010784316182330889
2023-07-26,183.3000030517578,29401.93,4566.75,1.5,117.76,13.19,1.83,,-0.264,0.006932020949731665,0.004867250719561511,-0.00015545953102247267,-0.000819127738470371,-0.020000000000000018,-0.04954802703253414,0.020000000000000018,,-1.1359336132317572,0.029691776545588855,-0.010784316182330889,0.029691776545588855,-0.010784316182330889
2023-07-27,180.4199981689453,29163.83,4537.41,1.64,117.8938,14.41,1.78,,-0.264,-0.008131075625700035,-0.015836715414990543,-0.006445427491140521,0.0011355642419337286,0.1399999999999999,0.08846344328220779,-0.050000000000000044,,-1.1283737219204033,0.029691776545588855,-0.010784316182330889,0.029691776545588855,-0.010784316182330889
2023-07-28,181.86000061035156,29316.0,4582.23,1.58,117.788,13.33,1.8,,-0.28,0.005204199240784746,0.007949707574280929,0.009829414508766732,-0.000897820766023294,-0.05999999999999983,-0.07790527582081364,0.020000000000000018,,-1.4155655137895302,0.029691776545588855,-0.010784316182330889,0.029691776545588855,-0.010784316182330889
2023-07-31,182.35000610351562,29157.49,4588.96,1.6,117.8241,13.63,1.77,,-0.28,-0.005421615445525774,0.002690787072192613,0.0014676396864565788,0.00030643587729528576,0.020000000000000018,0.022256111517823918,-0.030000000000000027,,-1.404173570188204,0.029691776545588855,-0.010784316182330889,0.029691776545588855,-0.010784316182330889
2023-08-01,180.4600067138672,29274.42,4576.73,1.68,118.5738,13.93,1.77,,-0.28,0.004002270543052688,-0.010418766955582193,-0.0026686495524472775,0.006342717201560433,0.07999999999999985,0.021771542083273143,0.0,,-1.3944456397854617,0.029691776545588855,-0.010784316182330889,0.029691776545588855,-0.010784316182330889
2023-08-02,179.60000610351562,29151.57,4513.39,1.72,119.1268,16.09,1.82,,-0.28,-0.004205326466792059,-0.004776993918500061,-0.013936235197657965,0.004652920503260383,0.040000000000000036,0.14415317321257737,0.050000000000000044,,-1.3848371629513232,0.029691776545588855,-0.010784316182330889,0.029691776545588855,-0.010784316182330889
2023-08-03,179.5399932861328,29281.32,4501.89,1.83,119.3963,15.92,1.84,,-0.28,0.004440999349824892,-0.000334202918323534,-0.002551225527671619,0.0022597401650550353,0.1100000000000001,-0.01062178058805463,0.020000000000000018,,-1.3753453353103395,0.029691776545588855,-0.010784316182330889,0.029691776545588855,-0.010784316182330889
2023-08-04,180.19000244140625,29032.05,4478.03,1.67,118.821,17.1,1.9,,-0.298,-0.008549377897345778,0.0036138763540742858,-0.005314091027456058,-0.0048300532199005985,-0.16000000000000014,0.07150228309237727,0.05999999999999983,,-1.6898286943674152,0.029691776545588855,-0.010784316182330889,0.029691776545588855,-0.010784316182330889
2023-08-07,179.77999877929688,29154.91,4518.44,1.68,119.0809,15.77,1.9,,-0.298,0.004222945573472359,-0.0022779889325192926,0.008983583955258112,0.002184935079506012,0.010000000000000009,-0.0809690625336672,0.0,,-1.6748538836640448,0.029691776545588855,-0.010784316182330889,0.029691776545588855,-0.010784316182330889
2023-08-08,178.63999938964844,29884.23,4499.38,1.66,119.6407,15.99,1.93,,-0.298,0.024707578789829654,-0.006361270240024197,-0.004227192022497661,0.004689990567368518,-0.020000000000000018,0.013854125870915723,0.030000000000000027,,-1.6616247785343552,0.029691776545588855,-0.010784316182330889,0.029691776545588855,-0.010784316182330889
2023-08-09,177.7899932861328,29416.21,4467.71,1.66,119.476,15.96,1.92,,-0.298,-0.015785033564641893,-0.004769563349673156,-0.007063636404007312,-0.0013775702495548714,0.0,-0.001877934824200178,-0.010000000000000009,,-1.648608038495521,0.029691776545588855,-0.010784316182330889,0.029691776545588855,-0.010784316182330889
2023-08-10,177.60000610351562,29444.52,4468.83,1.76,119.1581,15.85,1.89,,-0.298,0.0009619317389688575,-0.0010691758408611918,0.0002506562955826297,-0.002664331611076598,0.10000000000000009,-0.006916091698373261,-0.030000000000000027,,-1.635797475409953,0.03177780177942169,0.0020860252338328333,0.029691776545588855,-0.010784316182330889
2023-08-11,177.60000610351562,29396.76,4464.05,1.8,119.6268,14.84,1.87,,-0.313,-0.0016233504943592436,0.0,-0.0010702036647138868,0.0039257139118662465,0.040000000000000036,-0.06584326258405504,-0.019999999999999796,,-1.8849944108970824,0.03177780177942169,0.0020860252338328333,0.03177780177942169,0.0020860252338328333
2023-08-14,177.05999755859375,29360.54,4489.72,1.83,120.0725,14.82,1.84,,-0.313,-0.0012328682423383697,-0.00304522053039058,0.005733913274736935,0.003718830331652434,0.030000000000000027,-0.0013486178712933672,-0.030000000000000027,,-1.866905007169643,0.03177780177942169,0.0020860252338328333,0.03177780177942169,0.0020860252338328333
2023-08-15,176.58999633789062,29181.73,4437.86,1.89,120.2127,16.46,1.86,,-0.313,-0.006108767427521755,-0.0026580037072090335,-0.01161806073636562,0.0011669467442017023,0.05999999999999983,0.10495557538098277,0.020000000000000018,,-1.8502644289135073,0.03177780177942169,0.0020860252338328333,0.03177780177942169,0.0020860252338328333
2023-08-16,175.57000732421875,29111.69,4404.33,1.96,120.3551,16.78,1.84,,-0.313,-0.002403016796879598,-0.005792775189195076,-0.00758413033820915,0.0011838659756762127,0.07000000000000006,0.019254505790136545,-0.020000000000000018,,-1.8339451882895743,0.03177780177942169,0.0020860252338328333,0.03177780177942169,0.0020860252338328333
2023-08-17,175.3000030517578,27894.0,4370.36,1.97,120.5242,17.89,1.87,,-0.313,-0.04272819978684517,-0.0015390561619561538,-0.0077427623561252545,0.0014040229092211476,0.010000000000000009,0.06405419648156752,0.030000000000000027,,-1.817936272040896,0.03177780177942169,0.0020860252338328333,0.03177780177942169,0.0020860252338328333
2023-08-18,175.3300018310547,26065.01,4369.71,1.94,120.4321,17.3,1.89,,-0.326,-0.06781781006026222,0.00017111358955279599,-0.00014874022775579476,-0.0007644540066822358,-0.030000000000000027,-0.03353539601689448,0.019999999999999796,,-2.0213207137759044,0.03177780177942169,0.0020860252338328333,0.03177780177942169,0.0020860252338328333
2023-08-21,175.80999755859375,26097.73,4399.77,2.0,120.4627,17.13,1.88,,-0.326,0.001254535489945141,0.0027339296425665793,0.006855621481268059,0.0002540528078194271,0.06000000000000005,-0.00987518916770469,-0.010000000000000009,,-2.0004618728998524,0.03177780177942169,0.0020860252338328333,0.03177780177942169,0.0020860252338328333
2023-08-22,176.10000610351562,25780.0,4387.55,1.99,120.3554,16.97,1.82,,-0.326,-0.01224933985514376,0.0016481975934530269,-0.002781282092231052,-0.0008911290895543544,-0.010000000000000009,-0.00938423308989389,-0.05999999999999983,,-1.9796840126505932,0.03177780177942169,0.0020860252338328333,0.03177780177942169,0.0020860252338328333
2023-08-23,177.88999938964844,26632.01,4436.01,1.84,120.0307,15.98,1.83,,-0.326,0.03251487824974575,0.010113328144583988,0.010984339030271073,-0.0027014889585785795,-0.1499999999999999,-0.06010913890800618,0.010000000000000009,,-1.9593863816144668,0.03177780177942169,0.0020860252338328333,0.03177780177942169,0.0020860252338328333
2023-08-24,177.85000610351562,26039.44,4376.31,1.91,120.2354,17.2,1.8,,-0.326,-0.022501564028006626,-0.0002248455933200333,-0.013549420207498386,0.001703944497601917,0.06999999999999984,0.07357144348127864,-0.030000000000000027,,-1.9395494823453385,0.03177780177942169,0.0020860252338328333,0.03177780177942169,0.0020860252338328333
2023-08-25,177.6199951171875,25972.37,4405.71,1.92,120.5137,15.68,1.76,,-0.334,-0.002579031076818339,-0.0012941233726575518,0.006695523315476848,0.0023119515210003883,0.010000000000000009,-0.09252336889714563,-0.040000000000000036,,-2.049840592950395,0.03177780177942169,0.0020860252338328333,0.03177780177942169,0.0020860252338328333
2023-08-28,178.1300048828125,25996.27,4433.31,1.9,120.3155,15.08,1.82,3.86,-0.334,0.0009197855354674545,0.002867238875764677,0.0062450565111582534,-0.001645980178049733,-0.020000000000000018,-0.039016652342451774,0.06000000000000005,,-2.0274196318606714,0.03177780177942169,0.0020860252338328333,0.03177780177942169,0.0020860252338328333
2023-08-29,179.8699951171875,27831.33,4497.63,1.83,120.2669,14.45,1.84,3.87,-0.334,0.06820929835896727,0.009720692377633178,0.014404107984150372,-0.00040401958465086096,-0.06999999999999984,-0.04267494802136884,0.020000000000000018,0.010000000000000231,-2.0042611789032154,0.03177780177942169,0.0020860252338328333,0.03177780177942169,0.0020860252338328333
2023-08-30,180.32000732421875,27178.27,4514.87,1.86,119.7937,13.88,1.82,3.8,-0.334,-0.023744607595586942,0.0024987503158229174,0.003825802169906467,-0.003942342999020632,0.030000000000000027,-0.04024545947978275,-0.020000000000000018,-0.07000000000000028,-1.9816884470250438,0.03177780177942169,0.0020860252338328333,0.03177780177942169,0.0020860252338328333
2023-08-31,180.02000427246094,26162.79,4507.66,1.85,120.225,13.57,1.83,3.85,-0.334,-0.03807958467651851,-0.0016651113471644052,-0.0015982216816592398,0.0035938905112331554,-0.010000000000000009,-0.0225874812318807,0.010000000000000009,0.050000000000000266,-1.9596753914355396,0.03177780177942169,0.0020860252338328333,0.03177780177942169,0.0020860252338328333
2023-09-01,180.11000061035156,25645.65,4515.77,1.92,120.759,13.09,1.82,3.81,-0.34,-0.019964205686907377,0.0004997991755413267,0.0017975431036134637,0.004431836752913476,0.06999999999999984,-0.03601289392496909,-0.010000000000000009,-0.040000000000000036,-2.031675873470274,0.03177780177942169,0.0020860252338328333,0.03177780177942169,0.0020860252338328333
2023-09-05,178.63999938964844,25683.93,4496.83,1.98,121.4345,14.01,1.84,3.83,-0.34,0.0014915379045277177,-0.008195174622491308,-0.0042030108696096136,0.005578198849990557,0.06000000000000005,0.0679227804271072,0.020000000000000018,0.020000000000000018,-2.0081999750659594,0.03177780177942169,0.0020860252338328333,0.03177780177942169,0.0020860252338328333
2023-09-06,177.8300018310547,25689.54,4465.48,2.0,121.8671,14.45,1.79,3.86,-0.34,0.00021840066564848826,-0.004544556063018845,-0.006995992744252888,0.0035560839376200803,0.020000000000000018,0.030923054209525347,-0.050000000000000044,0.029999999999999805,-1.983963244392983,0.03177780177942169,0.0020860252338328333,0.03177780177942169,0.0020860252338328333
2023-09-07,178.02000427246094,25880.01,4451.14,1.95,121.9528,14.4,1.81,3.9,-0.34,0.007386950869827658,0.0010678794784508838,-0.0032164682050073168,0.0007029779236988887,-0.050000000000000044,-0.003466207976486224,0.020000000000000018,0.040000000000000036,-1.960362297868307,0.03177780177942169,0.0020860252338328333,0.03177780177942169,0.0020860252338328333
2023-09-08,178.0800018310547,25895.63,4457.49,1.93,121.9475,13.84,1.79,3.85,-0.339,0.0006033725695679948,0.00033697027875945196,0.0014255841976638095,-4.346038115432549e-05,-0.020000000000000018,-0.039665256392431125,-0.020000000000000018,-0.04999999999999982,-1.9222575667539414,0.03177780177942169,0.0020860252338328333,0.03177780177942169,0.0020860252338328333
2023-09-11,178.41000366210938,25020.66,4487.46,1.94,121.3386,13.8,1.8,3.82,-0.339,-0.0343723450132245,0.001851395103543041,0.006701012782986737,-0.005005639626796565,0.010000000000000009,-0.0028943580263645075,0.010000000000000009,-0.03000000000000025,-1.9002282253164064,0.03177780177942169,0.0020860252338328333,0.03177780177942169,0.0020860252338328333
2023-09-12,177.49000549316406,26066.34,4461.9,1.93,121.2913,14.23,1.79,3.84,-0.339,0.040942943247589625,-0.005169992663579315,-0.005712155841120392,-0.0003898942430362595,-0.010000000000000009,0.030683819938601697,-0.010000000000000009,0.020000000000000018,-1.8782550838800978,0.03177780177942169,0.0020860252338328333,0.03177780177942169,0.0020860252338328333
2023-09-13,177.0800018310547,26140.0,4467.44,1.9,121.0549,13.48,1.81,3.85,-0.339,0.0028218813607541193,-0.0023126820451926378,0.0012408533465713134,-0.001950928671302421,-0.030000000000000027,-0.054145306617599864,0.020000000000000018,0.010000000000000231,-1.8568135736752738,0.03665112384399549,0.004873322064573804,0.03177780177942169,0.0020860252338328333
2023-09-14,177.1699981689453,26678.13,4505.1,1.95,121.2395,12.82,1.8,3.78,-0.339,0.02037742043991031,0.0005080950731217726,0.008394550741110507,0.0015237664239702298,0.050000000000000044,-0.05020065399163709,-0.010000000000000009,-0.07000000000000028,-1.8358805416826798,0.03665112384399549,0.004873322064573804,0.03665112384399549,0.004873322064573804
2023-09-15,178.33999633789062,26397.38,4450.32,1.98,121.199,13.79,1.78,3.79,-0.334,-0.010579365832812826,0.006582106894978068,-0.012234084667106515,-0.00033410535353706194,0.030000000000000027,0.07293724031268667,-0.020000000000000018,0.010000000000000231,-1.7420899181033531,0.03665112384399549,0.004873322064573804,0.03665112384399549,0.004873322064573804
2023-09-18,179.38999938964844,26814.78,4453.53,1.96,121.1938,14.0,1.77,3.82,-0.334,0.01568846523483103,0.005870383136318935,0.0007210364368379629,-4.2905564858308765e-05,-0.020000000000000018,0.01511363781004782,-0.010000000000000009,0.029999999999999805,-1.7237071919382427,0.03665112384399549,0.004873322064573804,0.03665112384399549,0.004873322064573804
2023-09-19,179.22000122070312,27185.43,4443.95,2.0,121.1645,14.11,1.75,3.82,-0.334,0.01372793998122468,-0.0009480950413545131,-0.002153419552961111,-0.00024179077129016235,0.040000000000000036,0.00782643624946422,-0.020000000000000018,0.0,-1.7062892796692,0.03665112384399549,0.004873322064573804,0.03665112384399549,0.004873322064573804
2023-09-20,179.35000610351562,26930.62,4402.2,2.0,120.9648,15.14,1.73,3.77,-0.334,-0.00941723880941936,0.0007251297423289671,-0.009439204623111763,-0.001649532256370989,0.0,0.07045648214458033,-0.020000000000000018,-0.04999999999999982,-1.689225055842147,0.03665112384399549,0.004873322064573804,0.03665112384399549,0.004873322064573804
2023-09-21,178.0500030517578,26599.95,4330.0,2.11,121.5528,17.54,1.66,3.89,-0.334,-0.012354593123170332,-0.007274811145922655,-0.016536873951467967,0.004849142100980863,0.10999999999999988,0.1471437389347341,-0.07000000000000006,0.1200000000000001,-1.6725015427875378,0.03665112384399549,0.004873322064573804,0.03665112384399549,0.004873322064573804
2023-09-22,178.6199951171875,26540.1,4320.06,2.07,121.5306,17.2,1.73,3.93,-0.325,-0.0022525392921632914,0.0031961900557462286,-0.0022982509659392747,-0.00018265336145351085,-0.040000000000000036,-0.019574603124629775,0.07000000000000006,0.040000000000000036,-1.5262819431833796,0.03665112384399549,0.004873322064573804,0.03665112384399549,0.004873322064573804
2023-09-25,177.6999969482422,26331.84,4337.44,2.18,122.1143,16.9,1.75,3.97,-0.325,-0.007877943464331238,-0.005163898932471156,0.004015021275819208,0.004791408453001189,0.11000000000000032,-0.017595761890379702,0.020000000000000018,0.040000000000000036,-1.512377271476052,0.03665112384399549,0.004873322064573804,0.03665112384399549,0.004873322064573804
2023-09-26,176.27999877929688,26247.7,4273.53,2.23,122.4742,18.94,1.77,4.04,-0.325,-0.0032004871789030886,-0.008023084937964775,-0.01484412871796259,0.0029429041819080126,0.04999999999999982,0.11396246582890468,0.020000000000000018,0.06999999999999984,-1.4999121942423794,0.03665112384399549,0.004873322064573804,0.03665112384399549,0.004873322064573804
2023-09-27,174.10000610351562,26267.81,4274.51,2.27,122.9895,18.22,1.77,4.03,-0.325,0.0007658690159519921,-0.012443751217318777,0.00022929233000645866,0.00419859031687686,0.040000000000000036,-0.03875619592612001,0.0,-0.009999999999999787,-1.487661283903558,0.03665112384399549,0.004873322064573804,0.03665112384399549,0.004873322064573804
2023-09-28,173.22999572753906,27100.0,4299.7,2.2,122.5342,17.34,1.8,4.09,-0.325,0.03118949271846283,-0.005009715204337795,0.005875776887473094,-0.0037088111811458546,-0.06999999999999984,-0.04950392047941632,0.030000000000000027,0.05999999999999961,-1.475619030609976,0.03665112384399549,0.004873322064573804,0.03665112384399549,0.004873322064573804
2023-09-29,171.4499969482422,26926.53,4288.05,2.24,122.3077,17.52,1.78,4.03,-0.313,-0.006421681945120383,-0.01032850551809883,-0.00271316867551441,-0.0018501740479210937,0.040000000000000036,0.010327114155849415,-0.020000000000000018,-0.05999999999999961,-1.290809095032442,0.03665112384399549,0.004873322064573804,0.03665112384399549,0.004873322064573804
2023-10-02,169.64999389648438,27965.0,4288.39,2.34,123.0545,17.61,1.78,4.11,-0.313,0.037841682333015214,-0.01055420585609923,7.928697692172193e-05,0.006087346022357387,0.09999999999999964,0.00512383699986918,0.0,0.08000000000000007,-1.281079306386763,0.03665112384399549,0.004873322064573804,0.03665112384399549,0.004873322064573804
2023-10-03,169.16000366210938,27275.0,4229.45,2.45,123.7848,19.78,1.82,4.26,-0.313,-0.024983196554416054,-0.002892421000057155,-0.013839410161484267,0.0059172273691165955,0.11000000000000032,0.11620440368645157,0.040000000000000036,0.14999999999999947,-1.2726383650938093,0.03665112384399549,0.004873322064573804,0.03665112384399549,0.004873322064573804
2023-10-04,169.13999938964844,27618.1,4263.75,2.4,123.5946,18.58,1.83,4.37,-0.313,0.012500823164465658,-0.00011826350755939075,0.008077093787001388,-0.0015377192884979962,-0.050000000000000266,-0.06258559280887388,0.010000000000000009,0.11000000000000032,-1.264343320292743,0.03665112384399549,0.004873322064573804,0.03665112384399549,0.004873322064573804
2023-10-05,168.8300018310547,27471.28,4258.19,2.41,123.8993,18.49,1.85,4.38,-0.313,-0.00533025957513189,-0.0018344684108635434,-0.0013048673867483984,0.00246228415282701,0.010000000000000231,-0.004855687986658808,0.020000000000000018,0.009999999999999787,-1.256193333114331,0.03665112384399549,0.004873322064573804,0.03665112384399549,0.004873322064573804
2023-10-06,169.6999969482422,27952.35,4308.5,2.47,123.3563,17.45,1.84,4.33,-0.302,0.017360179470209403,0.0051398519222738415,0.011745628333713398,-0.004392223051334021,0.06000000000000005,-0.05789039675059726,-0.010000000000000009,-0.04999999999999982,-1.0871002143466704,0.03665112384399549,0.004873322064573804,0.03665112384399549,0.004873322064573804
2023-10-09,172.82000732421875,27616.66,4335.66,2.47,123.3563,17.7,1.84,4.34,-0.302,-0.012082060974364595,0.018218478536943472,0.00628403208104622,0.0,0.0,0.014224990931347214,0.0,0.009999999999999787,-1.0801400615607113,0.03665112384399549,0.004873322064573804,0.03665112384399549,0.004873322064573804
2023-10-10,172.52999877929688,27397.31,4358.24,2.34,122.9282,17.03,1.83,4.26,-0.302,-0.00797438041226961,-0.0016795054754084049,0.0051944583608865,-0.0034764707577013,-0.13000000000000034,-0.03858814490518636,-0.010000000000000009,-0.08000000000000007,-1.0737782089278614,0.03665112384399549,0.004873322064573804,0.03665112384399549,0.004873322064573804
2023-10-11,173.7899932861328,26763.19,4376.95,2.26,122.7697,16.09,1.82,4.25,-0.302,-0.023417397463902034,0.007276507826109224,0.0042838286545681115,-0.0012902024965368852,-0.08000000000000007,-0.056778533670305276,-0.010000000000000009,-0.009999999999999787,-1.0675356018975954,0.03665112384399549,0.004873322064573804,0.03665112384399549,0.004873322064573804
2023-10-12,173.25999450683594,26712.91,4349.61,2.36,123.2101,16.69,1.83,4.25,-0.302,-0.0018804667811043174,-0.003054310387323511,-0.006265948885271655,0.0035807856626295376,0.10000000000000009,0.036611776669452034,0.010000000000000009,0.0,-1.0614139741916573,0.0369969812134443,0.00034585736944880985,0.03665112384399549,0.004873322064573804
2023-10-13,178.8300018310547,26778.57,4327.78,2.29,123.5954,19.32,1.82,4.3,-0.293,0.002454971632010583,0.03164231938177586,-0.005031477449687571,0.0031222992438673103,-0.06999999999999984,0.14633109111062836,-0.010000000000000009,0.04999999999999982,-0.9198030664144183,0.0369969812134443,0.00034585736944880985,0.0369969812134443,0.00034585736944880985
2023-10-16,177.9600067138672,28468.86,4373.63,2.33,123.3185,17.21,1.83,4.27,-0.293,0.061208917559559595,-0.004876800474352017,0.010538619453747344,-0.002242888035707047,0.040000000000000036,-0.11565021856092406,0.010000000000000009,-0.03000000000000025,-0.9141344641621909,0.0369969812134443,0.00034585736944880985,0.0369969812134443,0.00034585736944880985
2023-10-17,178.2899932861328,28516.47,4373.2,2.42,123.1202,17.88,1.8,4.25,-0.293,0.0016709567559800576,0.0018525567250016195,-9.832133478049343e-05,-0.001609325506087167,0.08999999999999986,0.03819215952192012,-0.030000000000000027,-0.019999999999999574,-0.9084510964749517,0.0369969812134443,0.00034585736944880985,0.0369969812134443,0.00034585736944880985
2023-10-18,180.8699951171875,28245.63,4314.6,2.47,123.8148,19.22,1.78,4.32,-0.293,-0.00954305973339764,0.014367113783494645,-0.013490386223825368,0.00562578680200243,0.050000000000000266,0.07226863379677839,-0.020000000000000018,0.07000000000000028,-0.9028584365673001,0.0369969812134443,0.00034585736944880985,0.0369969812134443,0.00034585736944880985
2023-10-19,183.08999633789062,28750.75,4278.0,2.49,123.798,21.4,1.82,4.37,-0.293,0.017725098498432956,0.012199301049654387,-0.008519009694152757,-0.00013569573160854276,0.020000000000000018,0.10743951848565914,0.040000000000000036,0.04999999999999982,-0.8973586884964809,0.0369969812134443,0.00034585736944880985,0.0369969812134443,0.00034585736944880985
2023-10-20,183.58999633789062,29561.4,4224.16,2.46,123.612,21.71,1.88,4.52,-0.287,0.027805602397920737,0.002727175302074336,-0.012665186185758515,-0.0015035773415910114,-0.03000000000000025,0.014382061862394657,0.05999999999999983,0.14999999999999947,-0.7982457052199784,0.0369969812134443,0.00034585736944880985,0.0369969812134443,0.00034585736944880985
2023-10-23,182.97000122070312,31354.42,4217.04,2.45,123.2846,20.37,1.85,4.51,-0.287,0.058885789719120396,-0.0033827788768210354,-0.0016869643388464084,-0.0026521239409893482,-0.009999999999999787,-0.0637097536514859,-0.029999999999999805,-0.009999999999999787,-0.792854913035975,0.0369969812134443,0.00034585736944880985,0.0369969812134443,0.00034585736944880985
2023-10-24,182.9499969482422,33796.5,4247.68,2.43,123.6416,18.97,1.84,4.41,-0.287,0.07500200085474873,-0.00010933686369085649,0.007239491399758435,0.0028915542274754458,-0.020000000000000018,-0.07120444629179179,-0.010000000000000009,-0.09999999999999964,-0.7871182235637149,0.0369969812134443,0.00034585736944880985,0.0369969812134443,0.00034585736944880985
2023-10-25,183.72000122070312,34738.54,4186.77,2.52,123.7871,20.19,1.83,4.37,-0.287,0.027492486615967593,0.004199991317573648,-0.01444339793934546,0.0011760965221201403,0.08999999999999986,0.06232864837782337,-0.010000000000000009,-0.040000000000000036,-0.781438430954276,0.0369969812134443,0.00034585736944880985,0.0369969812134443,0.00034585736944880985
2023-10-26,184.00999450683594,34044.02,4137.23,2.44,124.0064,20.68,1.82,4.5,-0.287,-0.020195340357805236,0.001577208003793018,-0.011903071819741484,0.0017700226781993678,-0.08000000000000007,0.023979617315482482,-0.010000000000000009,0.1299999999999999,-0.7758166551522492,0.0369969812134443,0.00034585736944880985,0.0369969812134443,0.00034585736944880985
2023-10-27,186.14999389648438,33698.54,4117.37,2.42,123.62,21.27,1.88,4.53,-0.286,-0.01019988011188211,0.011562693424814086,-0.004811871761209119,-0.003120832945234575,-0.020000000000000018,0.028130579571917114,0.05999999999999983,0.03000000000000025,-0.7540449938120194,0.0369969812134443,0.00034585736944880985,0.0369969812134443,0.00034585736944880985
2023-10-30,185.10000610351562,34432.12,4166.82,2.44,123.4076,19.75,1.86,4.5,-0.286,0.02153533668566432,-0.0056565149769634004,0.011938544947970087,-0.0017196463256912153,0.020000000000000018,-0.07414413786501495,-0.019999999999999796,-0.03000000000000025,-0.7485192616644812,0.0369969812134443,0.00034585736944880985,0.0369969812134443,0.00034585736944880985
2023-10-31,184.08999633789062,34540.3,4193.8,2.46,123.8364,18.14,1.85,4.42,-0.286,0.003136908599390864,-0.0054715039881712,0.0064540892074660405,0.003468641746004586,0.020000000000000018,-0.08503404666014003,-0.010000000000000009,-0.08000000000000007,-0.7425726926356312,0.0369969812134443,0.00034585736944880985,0.0369969812134443,0.00034585736944880985
2023-11-01,183.50999450683594,34557.67,4237.86,2.36,123.7922,16.87,1.91,4.47,-0.286,0.0005027644188633218,-0.0031556165767172573,0.010451180679737604,-0.0003569862323606898,-0.10000000000000009,-0.0725825481291138,0.05999999999999983,0.04999999999999982,-0.7366643059583455,0.0369969812134443,0.00034585736944880985,0.0369969812134443,0.00034585736944880985
2023-11-02,184.1199951171875,35000.0,4317.78,2.27,122.8818,15.66,1.84,4.15,-0.286,0.012718538807801494,0.0033185604405963076,0.018682956430735587,-0.0073814356895054445,-0.08999999999999986,-0.07442720599522001,-0.06999999999999984,-0.3199999999999994,-0.7307942722303075,0.0369969812134443,0.00034585736944880985,0.0369969812134443,0.00034585736944880985
2023-11-03,184.7899932861328,34530.71,4358.34,2.18,121.7564,14.91,1.86,4.04,-0.291,-0.013498988468610307,0.003632316427605531,0.009349869637437891,-0.009200590413344756,-0.08999999999999986,-0.04907756178600975,0.020000000000000018,-0.11000000000000032,-0.808764434693156,0.0369969812134443,0.00034585736944880985,0.0369969812134443,0.00034585736944880985
2023-11-06,183.35000610351562,35022.45,4365.98,2.25,121.6484,14.89,1.84,4.0,-0.291,0.014140211412659198,-0.00782308105070495,0.0017514263468019209,-0.0008874106598355525,0.06999999999999984,-0.0013422820807296176,-0.020000000000000018,-0.040000000000000036,-0.8030160791111209,0.0369969812134443,0.00034585736944880985,0.0369969812134443,0.00034585736944880985
2023-11-07,182.58999633789062,35618.53,4378.38,2.19,122.0777,14.81,1.83,4.08,-0.291,0.01687672362643866,-0.004153745714032375,0.00283611569324016,0.003522810597425874,-0.06000000000000005,-0.00538721841621026,-0.010000000000000009,0.08000000000000007,-0.7967089244512493,0.0369969812134443,0.00034585736944880985,0.0369969812134443,0.00034585736944880985
2023-11-08,180.77000427246094,35616.92,4382.78,2.15,122.0926,14.45,1.84,4.08,-0.291,-4.520221323112139e-05,-0.01001765347062733,0.0010044332873562212,0.00012204596561105063,-0.040000000000000036,-0.024608213721266203,0.010000000000000009,0.0,-0.7904406284530419,0.0369969812134443,0.00034585736944880985,0.0369969812134443,0.00034585736944880985
2023-11-09,181.49000549316406,36552.22,4347.35,2.29,122.1281,15.29,1.83,4.04,-0.291,0.025921117218688394,0.0039750574137906725,-0.008116762182437398,0.00029072064939672515,0.14000000000000012,0.05650460538252977,-0.010000000000000009,-0.040000000000000036,-0.784210815707751,0.0369969812134443,0.00034585736944880985,0.0369969812134443,0.00034585736944880985
2023-11-10,179.50999450683594,37231.86,4415.24,2.29,122.1281,14.17,1.8,4.03,-0.299,0.01842292328123385,-0.010969699953244927,0.015495728650984475,0.0,0.0,-0.07607196623838153,-0.030000000000000027,-0.009999999999999787,-0.9155152238810684,0.0369969812134443,0.00034585736944880985,0.0369969812134443,0.00034585736944880985
2023-11-13,180.50999450683594,36785.18,4411.55,2.32,122.4264,14.76,1.79,4.03,-0.299,-0.01206979967543731,0.005555261386915866,-0.0008360910851976655,0.002439539226966936,0.029999999999999805,0.04079376546973723,-0.010000000000000009,0.0,-0.9091098490735455,0.0369969812134443,0.00034585736944880985,0.0369969812134443,0.00034585736944880985
2023-11-14,182.1199951171875,35285.99,4495.7,2.16,121.35,14.16,1.83,3.92,-0.299,-0.041609045363834696,0.008879636186604145,0.018895282757299015,-0.008831100923185176,-0.1599999999999997,-0.04149973090675285,0.040000000000000036,-0.11000000000000032,-0.9021639719266412,0.03241144651893202,-0.004585534694512283,0.0369969812134443,0.00034585736944880985
2023-11-15,181.63999938964844,37531.09,4502.88,2.22,121.0749,14.18,1.8,3.89,-0.299,0.061683654849778335,-0.0026390807860945387,0.0015958076771482865,-0.0022695698179964197,0.06000000000000005,0.0014114328384078334,-0.030000000000000027,-0.029999999999999805,-0.8952685550827219,0.03241144651893202,-0.004585534694512283,0.03241144651893202,-0.004585534694512283
2023-11-16,183.69000244140625,35955.02,4508.24,2.18,121.1754,14.32,1.81,4.02,-0.299,-0.042900943351925847,0.011222864579353953,0.0011896413835668085,0.0008297203823124377,-0.040000000000000036,0.009824640428518272,0.010000000000000009,0.12999999999999945,-0.8884227777877919,0.03241144651893202,-0.004585534694512283,0.03241144651893202,-0.004585534694512283
2023-11-17,183.6699981689453,36483.26,4514.02,2.16,120.8477,13.8,1.78,3.99,-0.31,0.014584812443318995,-0.00010890827769749478,0.0012812755985169844,-0.002708007626217146,-0.020000000000000018,-0.036988569369340585,-0.030000000000000027,-0.02999999999999936,-1.0736522108374822,0.03241144651893202,-0.004585534694512283,0.03241144651893202,-0.004585534694512283
2023-11-20,183.3699951171875,37548.68,4547.38,2.12,120.2533,13.41,1.76,3.92,-0.31,0.028784699214606135,-0.0016347162383043568,0.0073631338909265764,-0.004930723673942872,-0.040000000000000036,-0.02866789486957222,-0.020000000000000018,-0.07000000000000028,-1.0659952638424914,0.03241144651893202,-0.004585534694512283,0.03241144651893202,-0.004585534694512283
2023-11-21,185.35000610351562,36935.89,4538.19,2.16,120.2241,13.35,1.77,3.95,-0.31,-0.0164545173871673,0.010740019593542094,-0.002022988790832514,-0.00024285026487724792,0.040000000000000036,-0.004484312447328609,0.010000000000000009,0.03000000000000025,-1.057935418520504,0.03241144651893202,-0.004585534694512283,0.03241144651893202,-0.004585534694512283
2023-11-22,184.55999755859375,37615.98,4556.62,2.16,120.6802,12.85,1.71,3.9,-0.31,0.018245253032999287,-0.004271361889172098,0.004052866464977711,0.003786570393037536,0.0,-0.03817257350502956,-0.06000000000000005,-0.050000000000000266,-1.049952474578024,0.03241144651893202,-0.004585534694512283,0.03241144651893202,-0.004585534694512283
2023-11-24,185.52000427246094,37850.0,4559.34,2.21,120.2105,12.46,1.72,3.85,-0.321,0.006202019774528722,0.00518811533968222,0.0005967555980319617,-0.003899698869675561,0.04999999999999982,-0.03082029798192165,0.010000000000000009,-0.04999999999999982,-1.2350883268289568,0.03241144651893202,-0.004585534694512283,0.03241144651893202,-0.004585534694512283
2023-11-27,186.77000427246094,36800.01,4550.43,2.18,120.173,12.69,1.71,3.89,-0.321,-0.028132862969478367,0.006715220224108087,-0.001956142216799961,-0.00031200145021781367,-0.029999999999999805,0.018290768366989063,-0.010000000000000009,0.040000000000000036,-1.2257684579643406,0.03241144651893202,-0.004585534694512283,0.03241144651893202,-0.004585534694512283
2023-11-28,189.25999450683594,38198.4,4554.89,2.12,119.5904,12.69,1.75,3.9,-0.321,0.037295513004602654,0.013243765854618061,0.0009796471418237473,-0.004859800508643097,-0.06000000000000005,0.0,0.040000000000000036,0.009999999999999787,-1.2161981323750588,0.03241144651893202,-0.004585534694512283,0.03241144651893202,-0.004585534694512283
2023-11-29,189.5399932861328,37672.89,4550.58,2.06,119.8159,12.98,1.72,3.8,-0.321,-0.013852892282939067,0.0014783465644931937,-0.0009466837674256823,0.0018838273402828065,-0.06000000000000005,0.022595429549647772,-0.030000000000000027,-0.10000000000000009,-1.2067417187034193,0.03241144651893202,-0.004585534694512283,0.03241144651893202,-0.004585534694512283
2023-11-30,188.75,37730.93,4567.8,2.14,120.2434,12.92,1.67,3.84,-0.321,0.0015394448573662345,-0.004176660491013173,0.003776991191685397,0.0035616237480393664,0.08000000000000007,-0.004633212921488106,-0.050000000000000044,0.040000000000000036,-1.1973966765081303,0.03241144651893202,-0.004585534694512283,0.03241144651893202,-0.004585534694512283
2023-12-01,192.00999450683594,38749.62,4594.63,2.0,119.9424,12.63,1.71,3.87,-0.331,0.026640766806650618,0.01712403726695122,0.00585654170061467,-0.002506394279543578,-0.14000000000000012,-0.022701561992056085,0.040000000000000036,0.03000000000000025,-1.363731190957935,0.03241144651893202,-0.004585534694512283,0.03241144651893202,-0.004585534694512283
2023-12-04,187.86000061035156,41764.36,4569.78,2.07,120.4727,13.08,1.67,3.8,-0.331,0.07492239495505082,-0.021850417580745685,-0.0054231665551185415,0.004411543701252185,0.06999999999999984,0.03500940966665267,-0.040000000000000036,-0.07000000000000028,-1.3528237070570859,0.03241144651893202,-0.004585534694512283,0.03241144651893202,-0.004585534694512283
2023-12-05,187.14999389648438,43779.77,4567.18,2.01,120.7913,12.85,1.65,3.8,-0.331,0.04712849428577748,-0.003786606077863297,-0.0005691170958783687,0.0026410917931896094,-0.06000000000000005,-0.01774053468782366,-0.020000000000000018,0.0,-1.3418131842565362,0.03241144651893202,-0.004585534694512283,0.03241144651893202,-0.004585534694512283
2023-12-06,187.83999633789062,43755.78,4549.34,1.98,120.5334,12.97,1.63,3.79,-0.331,-0.0005481201774735212,0.003680115406357487,-0.00391377911138413,-0.002137370092506252,-0.029999999999999805,0.009295186987123838,-0.020000000000000018,-0.009999999999999787,-1.330955868908462,0.03241144651893202,-0.004585534694512283,0.03241144651893202,-0.004585534694512283
2023-12-07,188.14999389648438,43235.74,4585.59,1.97,120.6013,13.06,1.63,3.77,-0.331,-0.01195625033440173,0.0016489674559858614,0.00793661041331184,0.0005631707240363326,-0.010000000000000009,0.006915125519932452,0.0,-0.020000000000000018,-1.3202479186990164,0.03241144651893202,-0.004585534694512283,0.03241144651893202,-0.004585534694512283
2023-12-08,185.63999938964844,44363.99,4604.37,2.02,120.7607,12.35,1.61,3.75,-0.34,0.025760636305868445,-0.01343017351466802,0.004087074621006437,0.0013208377720950182,0.050000000000000044,-0.05589806077429893,-0.019999999999999796,-0.020000000000000018,-1.4670891967726545,0.03241144651893202,-0.004585534694512283,0.03241144651893202,-0.004585534694512283
2023-12-11,183.58999633789062,40858.01,4622.44,2.04,120.9279,12.63,1.61,3.79,-0.34,-0.08232521901893897,-0.011104320560253456,0.003916851675080935,0.0013835987851580356,0.020000000000000018,0.022418873288413632,0.0,0.040000000000000036,-1.45476687919283,0.03241144651893202,-0.004585534694512283,0.03241144651893202,-0.004585534694512283
2023-12-12,183.49000549316406,41229.61,4643.7,2.04,120.6817,12.07,1.6,3.76,-0.34,0.009053802226828722,-0.0005447904909061663,0.004588758060085851,-0.002037999195518836,0.0,-0.045351901252959514,-0.010000000000000009,-0.03000000000000025,-1.4424107769398673,0.03137270708841777,-0.0010387394305142461,0.03241144651893202,-0.004585534694512283
2023-12-13,187.6300048828125,42874.88,4707.09,1.88,121.1571,12.19,1.61,3.79,-0.34,0.03912941910599699,0.022311764488914143,0.013558420429298224,0.003931549547532498,-0.16000000000000014,0.009892908383740018,0.010000000000000009,0.03000000000000025,-1.4302472321376687,0.03137270708841777,-0.0010387394305142461,0.03137270708841777,-0.0010387394305142461
2023-12-14,188.72999572753906,42920.77,4719.55,1.7,119.5683,12.48,1.57,3.47,-0.34,0.0010697513073498754,0.005845435089188555,0.00264357337426091,-0.013200294363103104,-0.17999999999999994,0.0235114194481012,-0.040000000000000036,-0.31999999999999984,-1.418270931573011,0.03137270708841777,-0.0010387394305142461,0.03137270708841777,-0.0010387394305142461
2023-12-15,187.0,42220.0,4719.19,1.69,119.7382,12.28,1.57,3.51,-0.349,-0.016461815535542712,-0.009208782757507805,-7.628136810033936e-05,0.0014199365963420973,-0.010000000000000009,-0.01615544022228521,0.0,0.03999999999999959,-1.5627467144220553,0.03137270708841777,-0.0010387394305142461,0.03137270708841777,-0.0010387394305142461
2023-12-18,187.85000610351562,41971.09,4740.56,1.74,119.9102,12.56,1.58,3.51,-0.349,-0.005912994480297584,0.0045351876568231475,0.004518097487249406,0.0014354364939102027,0.050000000000000044,0.02254523832105626,0.010000000000000009,0.0,-1.5489695674757593,0.03137270708841777,-0.0010387394305142461,0.03137270708841777,-0.0010387394305142461
2023-12-19,189.1300048828125,42228.16,4768.37,1.74,119.4632,12.53,1.57,3.46,-0.349,0.00610624913558766,0.006790830606181686,0.005849255234901207,-0.0037347551530597656,0.0,-0.0023913921320755094,-0.010000000000000009,-0.04999999999999982,-1.5350698443115574,0.03137270708841777,-0.0010387394305142461,0.03137270708841777,-0.0010387394305142461
2023-12-20,188.10000610351562,43441.83,4698.35,1.67,119.5435,13.67,1.63,3.43,-0.349,0.028335504734718242,-0.005460866362358985,-0.014793144174520378,0.0006719477154524256,-0.07000000000000006,0.08707788182788123,0.05999999999999983,-0.029999999999999805,-1.521408093313359,0.03137270708841777,-0.0010387394305142461,0.03137270708841777,-0.0010387394305142461
2023-12-21,189.42999267578125,43796.8,4746.75,1.7,119.3168,13.65,1.64,3.41,-0.349,0.008137953542521004,0.0070457557204406385,0.010248790092495241,-0.0018981812219811545,0.030000000000000027,-0.0014641291048893557,0.010000000000000009,-0.020000000000000018,-1.5079770317825043,0.03137270708841777,-0.0010387394305142461,0.03137270708841777,-0.0010387394305142461
2023-12-22,190.27000427246094,43645.22,4754.63,1.71,119.0625,13.03,1.65,3.39,-0.358,-0.003466986509060632,0.00442461403136285,0.0016587067997893001,-0.002133575326947579,0.010000000000000009,-0.0464851304942151,0.010000000000000009,-0.020000000000000018,-1.6492904213782735,0.03137270708841777,-0.0010387394305142461,0.03137270708841777,-0.0010387394305142461
2023-12-26,191.72000122070312,42135.47,4774.75,1.71,118.8875,12.99,1.64,3.37,-0.358,-0.03520386505949169,0.00759184215150821,0.004222736399949412,-0.0014708975125161672,0.0,-0.0030745604542454785,-0.010000000000000009,-0.020000000000000018,-1.633877149029129,0.03137270708841777,-0.0010387394305142461,0.03137270708841777,-0.0010387394305142461
2023-12-27,192.58999633789062,43445.32,4781.58,1.64,118.4729,12.43,1.64,3.34,-0.358,0.030613232114601985,0.004527577262521731,0.0014294192776826975,-0.003493425370439951,-0.07000000000000006,-0.04406692515988864,0.0,-0.03000000000000025,-1.6181520062862254,0.03137270708841777,-0.0010387394305142461,0.03137270708841777,-0.0010387394305142461
2023-12-28,191.47000122070312,42506.42,4783.35,1.68,118.4104,12.47,1.62,3.32,-0.358,-0.021848012553089546,-0.005832413160525185,0.0003701020331980942,-0.0005276860078380352,0.040000000000000036,0.0032128541693254853,-0.019999999999999796,-0.020000000000000018,-1.6027191561026997,0.03137270708841777,-0.0010387394305142461,0.03137270708841777,-0.0010387394305142461
2023-12-29,191.1699981689453,42026.97,4769.83,1.72,118.4208,12.45,1.61,3.34,-0.366,-0.011343568290659078,-0.0015680697977629166,-0.002830472999853839,8.782626619030509e-05,0.040000000000000036,-0.0016051367812286443,-0.010000000000000009,0.020000000000000018,-1.7230224899926143,0.03137270708841777,-0.0010387394305142461,0.03137270708841777,-0.0010387394305142461
2024-01-02,190.72000122070312,44788.27,4742.83,1.74,119.2686,13.2,1.62,3.54,-0.366,0.06363471972523804,-0.0023566846852940415,-0.0056766608929663676,0.007133709751991013,0.020000000000000018,0.0584962066816086,0.010000000000000009,0.20000000000000018,-1.7057160674375988,0.03137270708841777,-0.0010387394305142461,0.03137270708841777,-0.0010387394305142461
2024-01-03,189.1300048828125,42721.02,4704.81,1.71,119.6958,14.04,1.66,3.71,-0.366,-0.047255204008846974,-0.008371755159892302,-0.008048614308973967,0.0035754317806331315,-0.030000000000000027,0.06169356900533973,0.039999999999999813,0.16999999999999993,-1.6881681196088116,0.03137270708841777,-0.0010387394305142461,0.03137270708841777,-0.0010387394305142461
2024-01-04,189.32000732421875,44113.68,4688.68,1.77,119.6208,14.13,1.65,3.69,-0.366,0.03207886765969725,0.001004108607433274,-0.003434296699870387,-0.0006267847901506585,0.06000000000000005,0.006389798098771493,-0.010000000000000009,-0.020000000000000018,-1.6709722733315728,0.03137270708841777,-0.0010387394305142461,0.03137270708841777,-0.0010387394305142461
2024-01-05,189.35000610351562,43955.07,4697.24,1.83,119.388,13.35,1.65,3.68,-0.375,-0.003601962591396557,0.00015844285681954062,0.0018240092336760938,-0.001948046043667162,0.06000000000000005,-0.056783811850178,0.0,-0.009999999999999787,-1.8036005614600106,0.03137270708841777,-0.0010387394305142461,0.03137270708841777,-0.0010387394305142461
2024-01-08,187.8699951171875,46774.01,4763.54,1.79,119.2506,13.08,1.65,3.63,-0.375,0.06215973094414551,-0.007846978293016171,0.01401598713236396,-0.0011515321928889932,-0.040000000000000036,-0.0204320388172059,0.0,-0.050000000000000266,-1.784037661776582,0.03137270708841777,-0.0010387394305142461,0.03137270708841777,-0.0010387394305142461
2024-01-09,187.92999267578125,46642.53,4756.5,1.8,119.6666,12.76,1.63,3.59,-0.375,-0.0028149209298096167,0.0003193058065589227,-0.0014789856520085465,0.0034823815146163284,0.010000000000000009,-0.024769068112408643,-0.020000000000000018,-0.040000000000000036,-1.764844711363197,0.03137270708841777,-0.0010387394305142461,0.03137270708841777,-0.0010387394305142461
2024-01-10,187.5,46127.0,4783.45,1.82,119.7614,12.69,1.59,3.5,-0.375,-0.011114323999773745,-0.0022906686849220037,0.005649939819610594,0.0007918873728547382,0.020000000000000018,-0.005500996190347607,-0.039999999999999813,-0.08999999999999986,-1.746067294382628,0.03137270708841777,-0.0010387394305142461,0.03137270708841777,-0.0010387394305142461
2024-01-11,187.8699951171875,46241.91,4780.24,1.76,119.8916,12.44,1.63,3.55,-0.375,0.002488067885156653,0.001971362878363081,-0.0006712890360400792,0.0010865711074758977,-0.06000000000000005,-0.01989719441526283,0.039999999999999813,0.04999999999999982,-1.7276889509130133,0.033521228314302265,0.002148521225884492,0.03137270708841777,-0.0010387394305142461
2024-01-12,189.7100067138672,43653.39,4783.83,1.69,119.534,12.7,1.64,3.56,-0.383,-0.05760558723919651,0.009746417465784418,0.0007507264519421852,-0.0029871514650690045,-0.07000000000000006,0.020684906153512372,0.010000000000000009,0.010000000000000231,-1.8386629577878644,0.033521228314302265,0.002148521225884492,0.033521228314302265,0.002148521225884492
2024-01-16,187.91000366210938,43200.01,4765.98,1.77,120.5759,13.84,1.65,3.58,-0.383,-0.010440215768699801,-0.00953348146491706,-0.003738298623245484,0.008678580428846061,0.08000000000000007,0.08596095672497794,0.010000000000000009,0.020000000000000018,-1.818201990257268,0.033521228314302265,0.002148521225884492,0.033521228314302265,0.002148521225884492
2024-01-17,185.83999633789062,42722.9,4739.21,1.8,121.0402,14.79,1.63,3.62,-0.383,-0.011105650488456575,-0.011077075533253655,-0.0056327271267555545,0.0038432916640092074,0.030000000000000027,0.06638832653318483,-0.020000000000000018,0.040000000000000036,-1.7991414897710865,0.033521228314302265,0.002148521225884492,0.033521228314302265,0.002148521225884492
2024-01-18,187.3699951171875,40835.6,4780.94,1.8,120.8895,14.13,1.62,3.58,-0.383,-0.04518082626294451,0.008199176794244423,0.008766724739531995,-0.001245816611116446,0.0,-0.04565108002627216,-0.009999999999999787,-0.040000000000000036,-1.780493908036554,0.033521228314302265,0.002148521225884492,0.033521228314302265,0.002148521225884492
2024-01-19,187.92999267578125,41619.99,4839.81,1.81,120.6442,13.3,1.59,3.54,-0.39,0.019026330716238604,0.0029842685447007966,0.012238283870230404,-0.0020311872367013706,0.010000000000000009,-0.06053616146872809,-0.030000000000000027,-0.040000000000000036,-1.8720919737263884,0.033521228314302265,0.002148521225884492,0.033521228314302265,0.002148521225884492
2024-01-22,187.22000122070312,40181.2,4850.43,1.8,120.6178,13.19,1.59,3.49,-0.39,-0.03518135615075835,-0.0037851116316351963,0.0021918970535104165,-0.00021884921873649432,-0.010000000000000009,-0.008305068498485113,0.0,-0.04999999999999982,-1.851669579025067,0.033521228314302265,0.002148521225884492,0.033521228314302265,0.002148521225884492
2024-01-23,187.9499969482422,39175.07,4864.6,1.85,121.1001,12.55,1.62,3.51,-0.39,-0.02535864945125077,0.003891551309362029,0.002917131506229964,0.003990607564024806,0.050000000000000044,-0.049738301151430075,0.030000000000000027,0.019999999999999574,-1.8331957447490603,0.033521228314302265,0.002148521225884492,0.033521228314302265,0.002148521225884492
2024-01-24,186.39999389648438,39544.4,4868.55,1.88,120.4916,13.14,1.61,3.44,-0.39,0.00938351617373634,-0.008281084265806093,0.0008116591682760799,-0.005037435365219167,0.029999999999999805,0.045940347478671484,-0.010000000000000009,-0.06999999999999984,-1.8151125695294603,0.033521228314302265,0.002148521225884492,0.033521228314302265,0.002148521225884492
2024-01-25,187.13999938964844,39838.3,4894.16,1.85,120.8311,13.45,1.6,3.45,-0.39,0.007404669855162638,0.0039621270789886864,0.0052465060919910655,0.0028136617398724084,-0.029999999999999805,0.023318092991383654,-0.010000000000000009,0.010000000000000231,-1.7974052863986194,0.033521228314302265,0.002148521225884492,0.033521228314302265,0.002148521225884492
2024-01-26,187.00999450683594,41977.18,4890.97,1.85,120.6173,13.26,1.58,3.39,-0.396,0.05229737616774344,-0.0006949345993065847,-0.0006520097562336957,-0.0017709792724209805,0.0,-0.014227121290131706,-0.020000000000000018,-0.06000000000000005,-1.871111612078003,0.033521228314302265,0.002148521225884492,0.033521228314302265,0.002148521225884492
2024-01-29,188.3300018310547,43147.61,4927.93,1.78,120.8538,13.6,1.6,3.41,-0.396,0.027500890523699084,0.0070336909422517024,0.0075283737614562085,0.001958827169139532,-0.07000000000000006,0.025317807984289953,0.020000000000000018,0.020000000000000018,-1.8519881004394825,0.033521228314302265,0.002148521225884492,0.033521228314302265,0.002148521225884492
2024-01-30,188.58999633789062,43561.1,4924.97,1.8,120.6025,13.31,1.58,3.42,-0.396,0.009537522456483316,0.00137957417666712,-0.0006008383499374048,-0.0020815368307722792,0.020000000000000018,-0.02155416033498625,-0.020000000000000018,0.009999999999999787,-1.834968319512825,0.033521228314302265,0.002148521225884492,0.033521228314302265,0.002148521225884492
2024-01-31,188.4499969482422,42541.19,4845.65,1.73,120.4331,14.35,1.61,3.59,-0.396,-0.02369176721849975,-0.0007426235867571407,-0.016236787963986643,-0.0014056017276331545,-0.07000000000000006,0.0752343097986099,0.030000000000000027,0.16999999999999993,-1.8182842487115447,0.033521228314302265,0.002148521225884492,0.033521228314302265,0.002148521225884492
2024-02-01,190.41000366210938,43011.83,4906.19,1.68,120.3335,13.88,1.63,3.56,-0.396,0.01100241108241562,0.010346957700094528,0.012416277903485096,-0.0008273573301407211,-0.050000000000000044,-0.033300987126971826,0.019999999999999796,-0.029999999999999805,-1.8019241007137865,0.033521228314302265,0.002148521225884492,0.033521228314302265,0.002148521225884492
2024-02-02,188.61000061035156,42952.65,4958.61,1.82,120.902,13.85,1.59,3.47,-0.403,-0.0013768479574132186,-0.009498266920116016,0.010627786351802726,0.004713245375744357,0.14000000000000012,-0.0021637224453106008,-0.039999999999999813,-0.08999999999999986,-1.8887297027302037,0.033521228314302265,0.002148521225884492,0.033521228314302265,0.002148521225884492
2024-02-05,187.57000732421875,42426.0,4942.81,1.9,121.349,13.67,1.56,3.5,-0.403,-0.012336964327516853,-0.005529246178959113,-0.0031914641356145523,0.003690391431261375,0.07999999999999985,-0.013081581897489425,-0.030000000000000027,0.029999999999999805,-1.8705815388119047,0.033521228314302265,0.002148521225884492,0.033521228314302265,0.002148521225884492
2024-02-06,188.5500030517578,43095.67,4954.23,1.85,120.9588,13.06,1.58,3.52,-0.403,0.015661146175570906,0.0052110917695982195,0.002307761728426172,-0.0032206997652766134,-0.04999999999999982,-0.04564952688757318,0.020000000000000018,0.020000000000000018,-1.8535928722540604,0.033521228314302265,0.002148521225884492,0.033521228314302265,0.002148521225884492
2024-02-07,188.5,44131.37,4995.06,1.86,120.9049,12.83,1.6,3.43,-0.403,0.02374833941468424,-0.00026523300170389064,0.008207666921331125,-0.00044570558452772246,0.010000000000000009,-0.01776794522073999,0.020000000000000018,-0.08999999999999986,-1.8369381659530553,0.033521228314302265,0.002148521225884492,0.033521228314302265,0.002148521225884492
2024-02-08,188.3300018310547,45496.2,4997.91,1.91,121.0798,12.79,1.6,3.38,-0.403,0.030457938545279006,-0.0009022539588237066,0.0005704010073621646,0.0014455461891271781,0.04999999999999982,-0.003122563036793924,0.0,-0.050000000000000266,-1.8206057662500603,0.033521228314302265,0.002148521225884492,0.033521228314302265,0.002148521225884492
2024-02-09,187.60000610351562,47511.3,5026.61,1.92,121.039,12.93,1.59,3.33,-0.41,0.043338771499279005,-0.0038836838223863523,0.00572597559086141,-0.0003370246373783914,0.010000000000000009,0.01088657719301489,-0.010000000000000009,-0.04999999999999982,-1.9041695453993202,0.033521228314302265,0.002148521225884492,0.033521228314302265,0.002148521225884492
2024-02-12,187.11000061035156,50162.97,5021.84,1.93,120.9378,13.93,1.58,3.35,-0.41,0.054309527613135344,-0.0026153866387215174,-0.0009494002275562963,-0.0008364438731343071,0.010000000000000009,0.0744945950079483,-0.010000000000000009,0.020000000000000018,-1.8860963218562132,0.033521228314302265,0.002148521225884492,0.033521228314302265,0.002148521225884492
2024-02-13,184.52999877929688,49399.4,4953.17,2.02,121.5202,15.85,1.54,3.36,-0.41,-0.015338826726978283,-0.013884637194948368,-0.013768624761212322,0.00480414026460263,0.09000000000000008,0.1291247125315751,-0.040000000000000036,0.009999999999999787,-1.8679709809024057,0.030908847812280538,-0.0026123805020217272,0.033521228314302265,0.002148521225884492
2024-02-14,184.4199981689453,51686.15,5000.62,1.97,121.4002,14.38,1.56,3.38,-0.41,0.045251575571082725,-0.0005962900909111113,0.009534129096895327,-0.0009879780352823886,-0.050000000000000044,-0.09733114803038889,0.020000000000000018,0.020000000000000018,-1.8502220464100188,0.030908847812280538,-0.0026123805020217272,0.030908847812280538,-0.0026123805020217272
2024-02-15,185.66000366210938,51686.0,5029.73,1.94,121.2121,14.01,1.57,3.35,-0.41,-2.9021356340308557e-06,0.006701308514328375,0.005804399991795606,-0.0015506224349666198,-0.030000000000000027,-0.026066991943984874,0.010000000000000009,-0.029999999999999805,-1.832835640229553,0.030908847812280538,-0.0026123805020217272,0.030908847812280538,-0.0026123805020217272
2024-02-16,186.33999633789062,51838.0,5005.57,1.97,121.1505,14.24,1.53,3.34,-0.418,0.002936519246290459,0.0036558786728404513,-0.0048150123419912205,-0.0005083292663679018,0.030000000000000027,0.016283545634914187,-0.040000000000000036,-0.010000000000000231,-1.9258621861556038,0.030908847812280538,-0.0026123805020217272,0.030908847812280538,-0.0026123805020217272
2024-02-20,187.47000122070312,51990.62,4975.51,1.95,121.0199,15.42,1.56,3.37,-0.418,0.0029398466419134905,0.006045896751115443,-0.006023414477223099,-0.0010785794850312058,-0.020000000000000018,0.07961046215135337,0.030000000000000027,0.03000000000000025,-1.90650569075966,0.030908847812280538,-0.0026123805020217272,0.030908847812280538,-0.0026123805020217272
2024-02-21,187.47999572753906,50957.94,4981.8,1.98,121.0379,15.34,1.54,3.34,-0.418,-0.02006273110979251,5.331114505757739e-05,0.0012633935945860486,0.0001487248089766524,0.030000000000000027,-0.005201572196073201,-0.020000000000000018,-0.03000000000000025,-1.8862964577837125,0.030908847812280538,-0.0026123805020217272,0.030908847812280538,-0.0026123805020217272
2024-02-22,187.55999755859375,51995.59,5087.03,2.02,121.102,14.54,1.49,3.22,-0.418,0.02015832070775403,0.0004266309391010026,0.02090289169482773,0.0005294460061922024,0.040000000000000036,-0.05356032383373677,-0.050000000000000044,-0.11999999999999966,-1.8665465896897397,0.030908847812280538,-0.0026123805020217272,0.030908847812280538,-0.0026123805020217272
2024-02-23,188.6199951171875,51079.2,5088.8,1.96,121.0369,13.75,1.49,3.23,-0.426,-0.01778153795817694,0.005635602023986053,0.00034788317372758115,-0.0005377079153214837,-0.06000000000000005,-0.05586464799279289,0.0,0.009999999999999787,-1.9541432471058635,0.030908847812280538,-0.0026123805020217272,0.030908847812280538,-0.0026123805020217272
2024-02-26,188.1999969482422,54448.1,5069.53,1.97,121.0592,13.74,1.53,3.23,-0.426,0.06387058503704779,-0.002229172292928183,-0.00379393524610272,0.00018422436431730915,0.010000000000000009,-0.0007275373183772693,0.040000000000000036,0.0,-1.9325845770879797,0.030908847812280538,-0.0026123805020217272,0.030908847812280538,-0.0026123805020217272
2024-02-27,188.0,56967.89,5078.18,1.99,120.9647,13.43,1.53,3.26,-0.426,0.0452398213977645,-0.0010632481058259202,0.0017048185442885,-0.0007809146518376053,0.020000000000000018,-0.022820276259056804,0.0,0.029999999999999805,-1.910245200744544,0.030908847812280538,-0.0026123805020217272,0.030908847812280538,-0.0026123805020217272
2024-02-28,188.33999633789062,60403.2,5069.76,1.94,121.128,13.84,1.55,3.31,-0.426,0.0585543079004438,0.0018068578078276332,-0.0016594504761027196,0.0013490702096108365,-0.050000000000000044,0.030071939654377378,0.020000000000000018,0.050000000000000266,-1.888455032255323,0.030908847812280538,-0.0026123805020217272,0.030908847812280538,-0.0026123805020217272
2024-02-29,189.30999755859375,61934.73,5096.27,1.92,121.1824,13.4,1.55,3.29,-0.426,0.025039004917781327,0.005137049487700551,0.005215420393339443,0.00044901086304083293,-0.020000000000000018,-0.03230824323265802,0.0,-0.020000000000000018,-1.8671899526587337,0.030908847812280538,-0.0026123805020217272,0.030908847812280538,-0.0026123805020217272
2024-03-01,192.88999938964844,62861.1,5137.08,1.87,121.0111,13.11,1.57,3.32,-0.432,0.014846441833290314,0.018734204946424526,0.00797592505779221,-0.0014145716426279265,-0.04999999999999982,-0.02187940918125708,0.020000000000000018,0.029999999999999805,-1.923764966589808,0.030908847812280538,-0.0026123805020217272,0.030908847812280538,-0.0026123805020217272
2024-03-04,196.00999450683594,67427.17,5130.95,1.88,120.872,13.49,1.57,3.26,-0.432,0.07012052199505447,0.016045575240363874,-0.001193997432469729,-0.0011501424889441836,0.009999999999999787,0.028573372444055778,0.0,-0.06000000000000005,-1.9015819798334206,0.030908847812280538,-0.0026123805020217272,0.030908847812280538,-0.0026123805020217272
2024-03-05,197.19000244140625,61886.32,5078.65,1.81,120.8846,14.46,1.59,3.31,-0.432,-0.08574889876536318,0.006002093012313026,-0.010245348981573699,0.00010423707159468165,-0.06999999999999984,0.06943754651095446,0.020000000000000018,0.050000000000000266,-1.8796035849727213,0.030908847812280538,-0.0026123805020217272,0.030908847812280538,-0.0026123805020217272
2024-03-06,198.80999755859375,66888.23,5104.76,1.81,120.4649,14.5,1.57,3.27,-0.432,0.0777238637751605,0.008181839163568405,0.005127959537251314,-0.0034779473175756692,0.0,0.002762432695909922,-0.020000000000000018,-0.040000000000000036,-1.8581572414038399,0.030908847812280538,-0.0026123805020217272,0.030908847812280538,-0.0026123805020217272
2024-03-07,199.94000244140625,67537.67,5157.36,1.81,120.1909,14.44,1.59,3.27,-0.432,0.009662498861388258,0.005667751261581699,0.01025138288139793,-0.0022771121111251347,0.0,-0.004146515961848785,0.020000000000000018,0.0,-1.8372197787542692,0.030908847812280538,-0.0026123805020217272,0.030908847812280538,-0.0026123805020217272
2024-03-08,201.6300048828125,69071.99,5123.69,1.81,119.975,14.74,1.59,3.26,-0.436,0.022463777749511138,0.008417025116951748,-0.006549938065646188,-0.001797924336124801,0.0,0.020562753296510472,0.0,-0.010000000000000231,-1.8667319784896488,0.030908847812280538,-0.0026123805020217272,0.030908847812280538,-0.0026123805020217272
2024-03-11,202.0,71970.0,5117.94,1.83,120.0394,15.22,1.59,3.26,-0.436,0.04110007148306849,0.0018333385345243869,-0.001122868255180265,0.0005366344814765611,0.020000000000000018,0.03204546567234923,0.0,0.0,-1.8456024780018723,0.030908847812280538,-0.0026123805020217272,0.030908847812280538,-0.0026123805020217272
2024-03-12,199.7899932861328,71349.99,5175.27,1.86,120.1668,13.84,1.55,3.2,-0.436,-0.008652161751047771,-0.011000916093968804,0.011139497364013096,0.0010607554005348518,0.030000000000000027,-0.09504740224401598,-0.040000000000000036,-0.05999999999999961,-1.8258634071425939,0.031531711208615976,0.000622863396335438,0.030908847812280538,-0.0026123805020217272
2024-03-13,201.19000244140625,73349.24,5165.31,1.89,119.9642,13.75,1.55,3.15,-0.436,0.027634939485119858,0.006982966028737714,-0.001926391571869246,-0.0016874126878496654,0.029999999999999805,-0.006524126076943304,0.0,-0.050000000000000266,-1.806572414188471,0.031531711208615976,0.000622863396335438,0.031531711208615976,0.000622863396335438
2024-03-14,200.35000610351562,69415.09,5150.48,1.99,120.241,14.4,1.53,3.15,-0.436,-0.055127864218123435,-0.004183879789555256,-0.002875205915668033,0.0023046971715983133,0.10000000000000009,0.04618938246937443,-0.020000000000000018,0.0,-1.7877115894640854,0.031531711208615976,0.000622863396335438,0.031531711208615976,0.000622863396335438
2024-03-15,199.7100067138672,68964.0,5117.09,1.99,120.4003,14.41,1.49,3.16,-0.438,-0.006519649722058318,-0.003199519647615112,-0.006503996116926203,0.0013239624558991636,0.0,0.0006942034294761257,-0.040000000000000036,0.010000000000000231,-1.7936899768601393,0.031531711208615976,0.000622863396335438,0.031531711208615976,0.000622863396335438
2024-03-18,200.02999877929688,66936.0,5149.42,2.03,120.5752,14.33,1.49,3.13,-0.438,-0.029847690320305986,0.0016010012977574206,0.006298168875158439,0.0014516001063311634,0.039999999999999813,-0.0055671681713502785,0.0,-0.03000000000000025,-1.7751454172839283,0.031531711208615976,0.000622863396335438,0.031531711208615976,0.000622863396335438
2024-03-19,199.8000030517578,64392.0,5178.51,2.0,120.9332,13.82,1.5,3.1,-0.438,-0.03874753720186597,-0.0011504677080447223,0.0056332831318908205,0.0029647023641325987,-0.029999999999999805,-0.03623842350055684,0.010000000000000009,-0.029999999999999805,-1.7589180777675932,0.031531711208615976,0.000622863396335438,0.031531711208615976,0.000622863396335438
2024-03-20,202.17999267578125,65784.47,5224.62,1.96,120.9289,13.04,1.56,3.14,-0.438,0.021394390446069167,0.011841472011166587,0.008864697827339896,-3.555745195704674e-05,-0.040000000000000036,-0.0580952618410171,0.06000000000000005,0.040000000000000036,-1.743046186535291,0.031531711208615976,0.000622863396335438,0.031531711208615976,0.000622863396335438
2024-03-21,201.97000122070312,65223.73,5241.53,1.93,120.8086,12.92,1.53,3.05,-0.438,-0.00856043246598226,-0.0010391759354035912,0.0032313725131380977,-0.0009952945648139533,-0.030000000000000027,-0.009245058144050855,-0.030000000000000027,-0.0900000000000003,-1.727518370411263,0.031531711208615976,0.000622863396335438,0.031531711208615976,0.000622863396335438
2024-03-22,200.35000610351562,63866.94,5234.18,1.87,121.1842,13.06,1.53,3.08,-0.436,-0.021021503162549138,-0.008053310017860582,-0.001403246406415093,0.0031042270812502437,-0.05999999999999983,0.010777625493829213,0.0,0.03000000000000025,-1.6881291807835184,0.031531711208615976,0.000622863396335438,0.031531711208615976,0.000622863396335438
2024-03-25,200.99000549316406,70960.89,5218.19,1.92,121.0295,13.19,1.53,3.11,-0.436,0.10532702359103929,0.003189315361775691,-0.003059595569942175,-0.0012773845660714045,0.04999999999999982,0.00990484288093807,0.0,0.029999999999999805,-1.6736561551856688,0.031531711208615976,0.000622863396335438,0.031531711208615976,0.000622863396335438
2024-03-26,201.63999938964844,69477.66,5203.58,1.92,121.0742,13.24,1.53,3.15,-0.436,-0.02112361815072461,0.0032287432792985626,-0.0028037482252578627,0.0003692632579177513,0.0,0.003783583779639166,0.0,0.040000000000000036,-1.661098626404113,0.031531711208615976,0.000622863396335438,0.031531711208615976,0.000622863396335438
2024-03-27,203.10000610351562,68652.01,5248.49,1.88,121.0089,12.78,1.54,3.15,-0.436,-0.01195485131272278,0.007214572450621404,0.008593565940708814,-0.0005394841819503782,-0.040000000000000036,-0.035361101559473695,0.010000000000000009,0.0,-1.6488326525335788,0.031531711208615976,0.000622863396335438,0.031531711208615976,0.000622863396335438
2024-03-28,205.72000122070312,70798.26,5254.35,1.88,121.0635,13.01,1.5,3.12,-0.436,0.030784013389924425,0.012817528202409889,0.001115888770669926,0.0004511047184720951,0.0,0.017836843575025352,-0.040000000000000036,-0.029999999999999805,-1.6368528200870804,0.031531711208615976,0.000622863396335438,0.031531711208615976,0.000622863396335438
2024-04-01,207.82000732421875,69648.01,5243.77,1.98,121.5151,13.65,1.49,3.12,-0.436,-0.01638029573741484,0.01015632882706452,-0.0020155996658246522,0.0037233335646158494,0.10000000000000009,0.04802122910655493,-0.010000000000000009,0.0,-1.625154168919067,0.031531711208615976,0.000622863396335438,0.031531711208615976,0.000622863396335438
2024-04-02,210.88999938964844,65914.91,5205.81,2.0,121.3035,14.61,1.51,3.23,-0.436,-0.055089460574896165,0.014664311961913867,-0.007265395734467717,-0.001742865279370065,0.020000000000000018,0.06796670413163897,0.020000000000000018,0.10999999999999988,-1.6137321829286,0.031531711208615976,0.000622863396335438,0.031531711208615976,0.000622863396335438
2024-04-03,212.74000549316406,65784.01,5211.49,2.0,121.0198,14.33,1.49,3.23,-0.436,-0.0019878681329448256,0.008734121015036678,0.0010904938060498637,-0.002341501041117411,0.0,-0.01935098392252721,-0.020000000000000018,0.0,-1.6029768959347686,0.031531711208615976,0.000622863396335438,0.031531711208615976,0.000622863396335438
2024-04-04,211.52000427246094,68500.0,5147.21,1.97,120.7613,16.35,1.51,3.24,-0.436,0.0404569455869499,-0.005751211782366816,-0.01241098305745858,-0.0021382986386893066,-0.030000000000000027,0.13187265550318195,0.020000000000000018,0.010000000000000231,-1.5924951694727765,0.031531711208615976,0.000622863396335438,0.031531711208615976,0.000622863396335438
2024-04-05,215.13999938964844,67412.41,5204.34,2.02,120.9646,16.03,1.49,3.18,-0.426,-0.016004619669697462,0.016969399304689325,0.011038072569657942,0.0016820708739455625,0.050000000000000044,-0.019765930721800995,-0.020000000000000018,-0.06000000000000005,-1.4597129694438948,0.031531711208615976,0.000622863396335438,0.031531711208615976,0.000622863396335438
2024-04-08,216.47999572753906,71766.0,5202.39,2.04,120.7359,15.19,1.46,3.15,-0.426,0.06258170069689939,0.006209168519561992,-0.00037475749305038164,-0.0018924252804861652,0.020000000000000018,-0.05382465001378023,-0.030000000000000027,-0.03000000000000025,-1.4510272469454124,0.031531711208615976,0.000622863396335438,0.031531711208615976,0.000622863396335438
2024-04-09,217.6699981689453,69000.78,5209.91,2.0,120.7048,14.98,1.44,3.14,-0.426,-0.03929301741418989,0.005482001328254604,0.0014444457627025287,-0.00025762019553443594,-0.040000000000000036,-0.013921338518608106,-0.020000000000000018,-0.009999999999999787,-1.4425657595312351,0.031531711208615976,0.000622863396335438,0.031531711208615976,0.000622863396335438
2024-04-10,215.61000061035156,70084.0,5160.64,2.15,121.5727,15.8,1.4,3.1,-0.426,0.01557671374364844,-0.009508923035404848,-0.009501978333886996,0.007164542415101671,0.1499999999999999,0.05329396194384772,-0.040000000000000036,-0.040000000000000036,-1.4343288703296304,0.034773850700380304,0.0032421394917643287,0.031531711208615976,0.000622863396335438
2024-04-11,219.8000030517578,70459.67,5199.06,2.16,121.6081,14.91,1.41,3.16,-0.426,0.005345966768910415,0.019246832874495468,0.007417237205871174,0.00029114140795627463,0.010000000000000231,-0.05797781125627388,0.010000000000000009,0.06000000000000005,-1.4263173589037124,0.034773850700380304,0.0032421394917643287,0.034773850700380304,0.0032421394917643287
2024-04-12,216.88999938964844,66843.98,5123.41,2.11,122.2885,17.31,1.45,3.25,-0.42,-0.05267924225677767,-0.013327746093359849,-0.014657607029448627,0.00557942804509004,-0.050000000000000266,0.1492522404114709,0.040000000000000036,0.08999999999999986,-1.3434428041744844,0.034773850700380304,0.0032421394917643287,0.034773850700380304,0.0032421394917643287
2024-04-15,220.9499969482422,63301.11,5061.82,2.2,122.425,19.23,1.46,3.28,-0.42,-0.05445838259556446,0.0185461080043563,-0.012094130563305328,0.0011155903875899043,0.0900000000000003,0.10518719041257052,0.010000000000000009,0.029999999999999805,-1.3364118174180393,0.034773850700380304,0.0032421394917643287,0.034773850700380304,0.0032421394917643287
2024-04-16,221.22000122070312,62721.43,5051.41,2.24,123.1234,18.4,1.46,3.36,-0.42,-0.009199689014268486,0.0012212692273934067,-0.002058690186348855,0.005688506895578982,0.040000000000000036,-0.04412089498574856,0.0,0.08000000000000007,-1.3284101935361199,0.034773850700380304,0.0032421394917643287,0.034773850700380304,0.0032421394917643287
2024-04-17,219.58999633789062,61022.36,5022.21,2.2,123.0207,18.21,1.48,3.42,-0.42,-0.027462821142522742,-0.007395532411290873,-0.005797336366097028,-0.0008344705882405989,-0.040000000000000036,-0.01037977087542341,0.020000000000000018,0.06000000000000005,-1.320587502642112,0.034773850700380304,0.0032421394917643287,0.034773850700380304,0.0032421394917643287
2024-04-18,220.33999633789062,63477.04,5011.12,2.24,123.0017,18.0,1.47,3.39,-0.42,0.03943791132694763,0.00340963671078498,-0.0022106328639264206,-0.00015445748060205489,0.040000000000000036,-0.011599135843352038,-0.010000000000000009,-0.029999999999999805,-1.3129442720068227,0.034773850700380304,0.0032421394917643287,0.034773850700380304,0.0032421394917643287
2024-04-19,221.02999877929688,64325.26,4967.23,2.21,123.1075,18.71,1.46,3.37,-0.415,0.013274134422422534,0.003126642096903609,-0.008797102336545848,0.0008597809957331393,-0.03000000000000025,0.038686382389833796,-0.010000000000000009,-0.020000000000000018,-1.2415221399113787,0.034773850700380304,0.0032421394917643287,0.034773850700380304,0.0032421394917643287
2024-04-22,215.57000732421875,66524.77,5010.6,2.21,123.0609,16.94,1.46,3.29,-0.415,0.03362195937692647,-0.025012716627156983,0.00869332773488729,-0.00037860261964262065,0.0,-0.09938045106208993,0.0,-0.08000000000000007,-1.2346162576893887,0.034773850700380304,0.0032421394917643287,0.034773850700380304,0.0032421394917643287
2024-04-23,215.0399932861328,66484.43,5070.55,2.2,122.7227,15.69,1.46,3.2,-0.415,-0.0006065746014094486,-0.002461690648096315,0.011893624576652329,-0.002752016110505906,-0.009999999999999787,-0.07665412247896741,0.0,-0.08999999999999986,-1.226953936792525,0.034773850700380304,0.0032421394917643287,0.034773850700380304,0.0032421394917643287
2024-04-24,214.63999938964844,63976.05,5071.63,2.24,122.89,15.97,1.48,3.19,-0.415,-0.038458990337142396,-0.0018618228395403946,0.00021297196541247843,0.0013623076158033598,0.040000000000000036,0.0176883954819802,0.020000000000000018,-0.010000000000000231,-1.2194342042631376,0.034773850700380304,0.0032421394917643287,0.034773850700380304,0.0032421394917643287
2024-04-25,215.9199981689453,64747.12,5048.42,2.28,122.8384,15.37,1.47,3.24,-0.415,0.011980426253595411,0.0059457569557404,-0.004586941901457919,-0.0004199758819769528,0.03999999999999959,-0.03829440467641687,-0.010000000000000009,0.050000000000000266,-1.2120572900190805,0.034773850700380304,0.0032421394917643287,0.034773850700380304,0.0032421394917643287
2024-04-26,216.6199951171875,63742.07,5099.96,2.24,122.9471,15.03,1.45,3.16,-0.412,-0.01564443668163129,0.0032366836371746643,0.010157373516559431,0.0008845111455872967,-0.03999999999999959,-0.022369353785621104,-0.020000000000000018,-0.08000000000000007,-1.165615493216659,0.034773850700380304,0.0032421394917643287,0.034773850700380304,0.0032421394917643287
2024-04-29,216.17999267578125,62987.37,5116.17,2.22,122.5449,14.67,1.45,3.12,-0.412,-0.011910554041307364,-0.002033283758808402,0.003173415687477643,-0.0032766881190244845,-0.020000000000000018,-0.024243611609992666,0.0,-0.040000000000000036,-1.1587257995572269,0.034773850700380304,0.0032421394917643287,0.034773850700380304,0.0032421394917643287
2024-04-30,211.8699951171875,59292.95,5035.69,2.28,122.9853,15.65,1.44,3.18,-0.412,-0.06044381818213829,-0.02013850411793694,-0.015855554753445134,0.003587342594052245,0.05999999999999961,0.06466632483127155,-0.010000000000000009,0.06000000000000005,-1.151299927732864,0.034773850700380304,0.0032421394917643287,0.034773850700380304,0.0032421394917643287
2024-05-01,213.7899932861328,56954.46,5018.39,2.25,123.0168,15.39,1.43,3.21,-0.412,-0.04023841078329582,0.009021337418355202,-0.003441392364873508,0.000256095376196086,-0.029999999999999805,-0.016752969135374052,-0.010000000000000009,0.029999999999999805,-1.143992476374366,0.034773850700380304,0.0032421394917643287,0.034773850700380304,0.0032421394917643287
2024-05-02,213.1300048828125,59351.1,5064.2,2.21,122.4384,14.68,1.47,3.16,-0.412,0.04121865386596646,-0.003091862325121042,0.009087013401336108,-0.004712885044469317,-0.040000000000000036,-0.04723192466441839,0.040000000000000036,-0.04999999999999982,-1.1368034713138238,0.034773850700380304,0.0032421394917643287,0.034773850700380304,0.0032421394917643287
2024-05-03,212.9600067138672,62067.32,5127.79,2.15,122.1375,13.49,1.49,3.08,-0.412,0.04474894743169422,-0.0007979449099417835,0.01247858860899953,-0.0024605870964089505,-0.06000000000000005,-0.08453735296670528,0.020000000000000018,-0.08000000000000007,-1.1297331093441951,0.034773850700380304,0.0032421394917643287,0.034773850700380304,0.0032421394917643287
2024-05-06,215.1999969482422,63220.0,5180.74,2.14,121.8913,13.49,1.47,3.03,-0.412,0.018401104352225417,0.010463427933373737,0.010273136069377742,-0.0020177953055835474,-0.009999999999999787,0.0,-0.020000000000000018,-0.050000000000000266,-1.1227817661220665,0.034773850700380304,0.0032421394917643287,0.034773850700380304,0.0032421394917643287
2024-05-07,214.2100067138672,63060.0,5187.7,2.15,122.093,13.23,1.45,3.06,-0.412,-0.002534052670556619,-0.004610940499420124,0.0013425358193490666,0.0016533854510205614,0.009999999999999787,-0.01946169209280013,-0.020000000000000018,0.03000000000000025,-1.1154439660206423,0.034773850700380304,0.0032421394917643287,0.034773850700380304,0.0032421394917643287
2024-05-08,213.5800018310547,62179.45,5187.67,2.17,122.1926,13.0,1.47,3.1,-0.412,-0.014062094813301229,-0.0029453952906237646,-5.7829262942732385e-06,0.000815439023168274,0.020000000000000018,-0.01753762066532749,0.020000000000000018,0.040000000000000036,-1.108213526168418,0.034773850700380304,0.0032421394917643287,0.034773850700380304,0.0032421394917643287
2024-05-09,216.9499969482422,62454.92,5214.08,2.13,122.1634,12.69,1.48,3.14,-0.412,0.004420457191175231,0.015655419861163367,0.0050780025958907515,-0.0002389955649872988,-0.040000000000000036,-0.02413507573524054,0.010000000000000009,0.040000000000000036,-1.1010903452730196,0.034773850700380304,0.0032421394917643287,0.034773850700380304,0.0032421394917643287
2024-05-10,218.7100067138672,60716.96,5222.68,2.16,122.014,12.55,1.48,3.12,-0.412,-0.028221950536904572,0.008079783894319625,0.001648021406346345,-0.0012237006262099115,0.03000000000000025,-0.011093616148503127,0.0,-0.020000000000000018,-1.0940744682157642,0.034773850700380304,0.0032421394917643287,0.034773850700380304,0.0032421394917643287
2024-05-13,216.25999450683594,63172.7,5221.42,2.15,122.0261,13.6,1.48,3.14,-0.412,0.03964917984714056,-0.011265319955387376,-0.0002412845541712727,9.916403091025927e-05,-0.010000000000000231,0.08034912716421339,0.0,0.020000000000000018,-1.0871660925347983,0.034773850700380304,0.0032421394917643287,0.034773850700380304,0.0032421394917643287
2024-05-14,218.08999633789062,61596.51,5246.68,2.12,121.9256,13.42,1.48,3.14,-0.412,-0.025267032714708648,0.008426442720749883,0.0048261000617184635,-0.0008239336367443784,-0.029999999999999805,-0.013323661198470838,0.0,0.0,-1.079996038400834,0.034773850700380304,0.0032421394917643287,0.034773850700380304,0.0032421394917643287
2024-05-15,220.88999938964844,66006.23,5308.15,2.05,121.3543,12.45,1.49,3.13,-0.412,0.06914391842067502,0.012757032448187822,0.011647879688046814,-0.0046966564041825976,-0.07000000000000028,-0.0750255086328191,0.010000000000000009,-0.010000000000000231,-1.0729248223219665,0.03357363950119163,-0.0012002111991886721,0.034773850700380304,0.0032421394917643287
2024-05-16,220.02999877929688,65186.84,5297.1,2.07,121.2236,12.42,1.47,3.08,-0.412,-0.012491523441715557,-0.0039009421414322176,-0.002083874307301059,-0.0010775920860677246,0.020000000000000018,-0.0024125464053836865,-0.020000000000000018,-0.04999999999999982,-1.0659523778301843,0.03357363950119163,-0.0012002111991886721,0.03357363950119163,-0.0012002111991886721
2024-05-17,223.66000366210938,67047.99,5303.27,2.1,121.2354,11.99,1.48,3.09,-0.412,0.028151023580438306,0.016363162829441613,0.0011641104408202096,9.733604452222266e-05,0.03000000000000025,-0.035235107465910076,0.010000000000000009,0.009999999999999787,-1.0590787722180228,0.03357363950119163,-0.0012002111991886721,0.03357363950119163,-0.0012002111991886721
2024-05-20,224.55999755859375,70000.0,5308.13,2.11,121.2289,12.15,1.47,3.07,-0.412,0.04308661039964434,0.004015863208073789,0.0009159960683451374,-5.361614061616393e-05,0.009999999999999787,0.013256200747134628,-0.010000000000000009,-0.020000000000000018,-1.0523042127510742,0.03357363950119163,-0.0012002111991886721,0.03357363950119163,-0.0012002111991886721
2024-05-21,224.22999572753906,69285.99,5321.41,2.09,121.3793,11.86,1.48,3.07,-0.412,-0.010252520793661901,-0.0014706294501545258,0.0024986983273898034,0.0012398593227009869,-0.020000000000000018,-0.02415777621697801,0.010000000000000009,0.0,-1.0454235510684746,0.03357363950119163,-0.0012002111991886721,0.03357363950119163,-0.0012002111991886721
2024-05-22,220.11000061035156,69637.48,5307.01,2.1,121.5462,12.29,1.46,3.11,-0.412,0.005060206889616836,-0.018544867564565415,-0.0027097176835475523,0.0013740840402549637,0.010000000000000231,0.03561453000836412,-0.020000000000000018,0.040000000000000036,-1.0386371562554106,0.03357363950119163,-0.0012002111991886721,0.03357363950119163,-0.0012002111991886721
2024-05-23,215.72000122070312,67199.98,5267.84,2.17,121.7477,12.77,1.45,3.1,-0.412,-0.035629978235300896,-0.020146148039186684,-0.007408176785643761,0.0016564331951807176,0.06999999999999984,0.03831274646650451,-0.010000000000000009,-0.009999999999999787,-1.0319452533572904,0.03357363950119163,-0.0012002111991886721,0.03357363950119163,-0.0012002111991886721
2024-05-24,215.9199981689453,69115.98,5304.72,2.14,121.6172,11.93,1.46,3.11,-0.411,0.02811301317222359,0.000926684101738573,0.006976578915070419,-0.0010724637160759443,-0.029999999999999805,-0.0680424339346235,0.010000000000000009,0.009999999999999787,-1.0111344485413936,0.03357363950119163,-0.0012002111991886721,0.03357363950119163,-0.0012002111991886721
2024-05-28,218.19000244140625,68424.28,5306.04,2.2,121.43,12.92,1.45,3.09,-0.411,-0.010058230680712654,0.01045829379441443,0.00024880404548,-0.0015404418320246194,0.06000000000000005,0.07972026224463136,-0.010000000000000009,-0.020000000000000018,-1.0046783977593936,0.03357363950119163,-0.0012002111991886721,0.03357363950119163,-0.0012002111991886721
2024-05-29,216.16000366210938,67266.78,5266.95,2.25,122.1641,14.28,1.47,3.15,-0.411,-0.01706122831507173,-0.009347362870368414,-0.007394346936504093,0.0060272578223701245,0.04999999999999982,0.10008345855698231,0.020000000000000018,0.06000000000000005,-0.9981637867658828,0.03357363950119163,-0.0012002111991886721,0.03357363950119163,-0.0012002111991886721
2024-05-30,216.57000732421875,68653.02,5235.48,2.19,121.9601,14.47,1.46,3.19,-0.411,0.020398618419955383,0.0018949634848048902,-0.0059929167225423186,-0.0016712808274155222,-0.06000000000000005,0.013217583731954363,-0.010000000000000009,0.040000000000000036,-0.9917381284785868,0.03357363950119163,-0.0012002111991886721,0.03357363950119163,-0.0012002111991886721
2024-05-31,215.3000030517578,67681.0,5277.51,2.16,122.098,12.92,1.46,3.2,-0.408,-0.014259631903883019,-0.005881436093592818,0.007995864911521267,0.0011300589054430432,-0.029999999999999805,-0.11330104228893667,0.0,0.010000000000000231,-0.9418874022157969,0.03357363950119163,-0.0012002111991886721,0.03357363950119163,-0.0012002111991886721
2024-06-03,217.22000122070312,69204.0,5283.4,2.08,122.3509,13.11,1.47,3.17,-0.408,0.02225317381875236,0.008878251926791592,0.0011154342969863507,0.002069144841557069,-0.08000000000000007,0.01459879942115272,0.010000000000000009,-0.03000000000000025,-0.9357404601914429,0.03357363950119163,-0.0012002111991886721,0.03357363950119163,-0.0012002111991886721
2024-06-04,215.27000427246094,70423.61,5291.34,2.02,122.7256,13.16,1.49,3.22,-0.408,0.01746991183718194,-0.009017596418210871,0.0015016920495654063,0.0030578231039086745,-0.06000000000000005,0.0038066281215627384,0.020000000000000018,0.050000000000000266,-0.9296278008547013,0.03357363950119163,-0.0012002111991886721,0.03357363950119163,-0.0012002111991886721
2024-06-05,217.82000732421875,71279.95,5354.03,1.99,122.5339,12.63,1.53,3.2,-0.408,0.012086505444814932,0.011775993219295344,0.011778026448059364,-0.0015632425169140873,-0.030000000000000027,-0.04110698953477154,0.040000000000000036,-0.020000000000000018,-0.9235958153248978,0.03357363950119163,-0.0012002111991886721,0.03357363950119163,-0.0012002111991886721
2024-06-06,219.42999267578125,70479.49,5352.96,2.0,122.3713,12.58,1.5,3.2,-0.408,-0.011293336196875003,0.007364174396756518,-0.0001998694317570937,-0.001327860934692282,0.010000000000000009,-0.003966685090105226,-0.030000000000000027,0.0,-0.917645556384746,0.03357363950119163,-0.0012002111991886721,0.03357363950119163,-0.0012002111991886721
2024-06-07,211.60000610351562,69255.01,5346.99,2.13,123.549,12.22,1.46,3.15,-0.402,-0.017526256485439262,-0.03633551284065817,-0.001115893180715588,0.009577973052765643,0.1299999999999999,-0.029034297528845343,-0.040000000000000036,-0.050000000000000266,-0.8221165820997022,0.03357363950119163,-0.0012002111991886721,0.03357363950119163,-0.0012002111991886721
2024-06-10,213.5399932861328,69490.81,5360.79,2.16,123.9125,12.74,1.46,3.15,-0.402,0.0033990245907737915,0.009126408480625514,0.0025775665246072776,0.00293783284626592,0.03000000000000025,0.04167269640056803,0.0,0.0,-0.816373426385882,0.03357363950119163,-0.0012002111991886721,0.03357363950119163,-0.0012002111991886721
2024-06-11,214.14999389648438,67407.02,5375.32,2.12,124.0349,12.85,1.48,3.19,-0.402,-0.030445346814483187,0.0028525382508943764,0.002706754843456949,0.0009873062588487969,-0.040000000000000036,0.008597161197211545,0.020000000000000018,0.040000000000000036,-0.8106153506253726,0.03357363950119163,-0.0012002111991886721,0.03357363950119163,-0.0012002111991886721
2024-06-12,214.72000122070312,67532.92,5421.03,2.09,123.8295,12.04,1.48,3.09,-0.402,0.0018660158961409934,0.002658183908153866,0.008467727171883155,-0.0016573581927588066,-0.03000000000000025,-0.06510937146055396,0.0,-0.10000000000000009,-0.8049189402039931,0.032690290569400204,-0.0008833489317914278,0.03357363950119163,-0.0012002111991886721
2024-06-13,212.97000122070312,66604.01,5433.74,2.03,124.0235,11.94,1.51,3.2,-0.402,-0.013850396749399252,-0.008183543017197259,0.0023418286723053683,0.0015654443530506157,-0.06000000000000005,-0.008340331916218968,0.030000000000000027,0.11000000000000032,-0.799285394995389,0.032690290569400204,-0.0008833489317914278,0.032690290569400204,-0.0008833489317914278
2024-06-14,215.72999572753906,65520.02,5431.6,2.03,124.1694,12.66,1.53,3.29,-0.394,-0.01640904114891839,0.012876289526632334,-0.00039391312700232106,0.0011756985538751152,0.0,0.058553308751574384,0.020000000000000018,0.08999999999999986,-0.6698138351099969,0.032690290569400204,-0.0008833489317914278,0.032690290569400204,-0.0008833489317914278
2024-06-17,214.61000061035156,66691.99,5473.23,2.06,124.239,12.75,1.52,3.26,-0.394,0.017729110960106098,-0.005205175700450759,0.007635185920104703,0.0005603675384673323,0.03000000000000025,0.007083854888404684,-0.010000000000000009,-0.03000000000000025,-0.6641061453768521,0.032690290569400204,-0.0008833489317914278,0.032690290569400204,-0.0008833489317914278
2024-06-18,215.47000122070312,64412.18,5487.03,2.01,123.9776,12.3,1.52,3.24,-0.394,-0.034782110092994145,0.003999264104051825,0.002518189767846124,-0.002106225745055035,-0.050000000000000266,-0.03593200922606288,0.0,-0.019999999999999574,-0.6584051212295136,0.032690290569400204,-0.0008833489317914278,0.032690290569400204,-0.0008833489317914278
2024-06-20,218.16000366210938,65049.99,5473.17,2.0,124.192,13.28,1.54,3.23,-0.394,0.00985330556841646,0.012407060942233983,-0.002529152276068203,0.0017278510610516662,-0.009999999999999787,0.07665988166991555,0.020000000000000018,-0.010000000000000231,-0.6527360277085948,0.032690290569400204,-0.0008833489317914278,0.032690290569400204,-0.0008833489317914278
2024-06-21,214.77999877929688,64232.01,5464.62,2.02,124.1086,13.2,1.55,3.21,-0.387,-0.012654366662591343,-0.015614512577114326,-0.0015633874377698476,-0.0006717664245377009,0.020000000000000018,-0.006042314455962483,0.010000000000000009,-0.020000000000000018,-0.5349498049864873,0.032690290569400204,-0.0008833489317914278,0.032690290569400204,-0.0008833489317914278
2024-06-24,215.6300048828125,59306.72,5447.87,2.03,123.7125,13.33,1.53,3.19,-0.387,-0.07977906289373138,0.003949755820411127,-0.0030698792217993542,-0.003196663539148048,0.009999999999999787,0.009800304598292175,-0.020000000000000018,-0.020000000000000018,-0.5289396441455038,0.032690290569400204,-0.0008833489317914278,0.032690290569400204,-0.0008833489317914278
2024-06-25,214.55999755859375,61975.46,5469.3,2.01,123.9417,12.84,1.55,3.19,-0.387,0.04401587856715139,-0.004974590412272661,0.003925930900576802,0.0018509685314294089,-0.020000000000000018,-0.03745183592880208,0.020000000000000018,0.0,-0.5228839956353902,0.032690290569400204,-0.0008833489317914278,0.032690290569400204,-0.0008833489317914278
2024-06-26,212.5800018310547,61000.01,5477.9,2.06,124.26,12.55,1.55,3.18,-0.387,-0.01586447213370512,-0.009271011435783016,0.0015711783413401292,0.0025648508813089776,0.050000000000000266,-0.022844632684022148,0.0,-0.009999999999999787,-0.5168223212640063,0.032690290569400204,-0.0008833489317914278,0.032690290569400204,-0.0008833489317914278
2024-06-27,214.99000549316406,61450.0,5482.87,2.03,124.3379,12.24,1.55,3.21,-0.387,0.00734980790431905,0.011273144249924094,0.0009068706560970696,0.0006267148881766715,-0.03000000000000025,-0.02501138849361295,0.0,0.029999999999999805,-0.5107536441269639,0.032690290569400204,-0.0008833489317914278,0.032690290569400204,-0.0008833489317914278
2024-06-28,215.00999450683594,60123.73,5460.48,2.08,124.2103,12.44,1.55,3.18,-0.38,-0.021819230470327966,9.297215668002679e-05,-0.004091988512145761,-0.0010267627060676077,0.050000000000000266,0.016207810226853248,0.0,-0.029999999999999805,-0.3871408113656458,0.032690290569400204,-0.0008833489317914278,0.032690290569400204,-0.0008833489317914278
2024-07-01,215.57000732421875,63226.78,5475.09,2.16,124.4667,12.22,1.55,3.21,-0.38,0.050323340038337605,0.0026012036358746826,0.002672015942936312,0.0020621134311396006,0.08000000000000007,-0.017843133567584157,0.0,0.029999999999999805,-0.3804243826785601,0.032690290569400204,-0.0008833489317914278,0.032690290569400204,-0.0008833489317914278
2024-07-02,215.55999755859375,61939.1,5509.01,2.13,124.2917,12.03,1.56,3.23,-0.38,-0.02057630133106869,-4.643502198131699e-05,0.006176219776783398,-0.0014069878956401993,-0.03000000000000025,-0.015670423756861673,0.010000000000000009,0.020000000000000018,-0.37370957501434754,0.032690290569400204,-0.0008833489317914278,0.032690290569400204,-0.0008833489317914278
2024-07-03,217.99000549316406,60495.99,5537.02,2.09,123.7768,12.09,1.53,3.25,-0.38,-0.02357456240060607,0.01120993363706102,0.005071516198198012,-0.004151278694748406,-0.040000000000000036,0.0049751346401136765,-0.030000000000000027,0.020000000000000018,-0.3669393173222988,0.032690290569400204,-0.0008833489317914278,0.032690290569400204,-0.0008833489317914278
2024-07-05,220.92999267578125,56465.41,5567.19,2.0,123.4762,12.48,1.56,3.27,-0.374,-0.06894884356388964,0.013396660734694699,0.005433988413196644,-0.0024315187124335225,-0.08999999999999986,0.03174869831458027,0.030000000000000027,0.020000000000000018,-0.2552037664523573,0.032690290569400204,-0.0008833489317914278,0.032690290569400204,-0.0008833489317914278
2024-07-08,218.19000244140625,56477.3,5572.85,2.01,123.3576,12.37,1.54,3.2,-0.374,0.00021054922524754716,-0.012479622087256281,0.0010161544279974066,-0.0009609705731294937,0.009999999999999787,-0.008853176536884888,-0.020000000000000018,-0.06999999999999984,-0.24765350281472315,0.032690290569400204,-0.0008833489317914278,0.032690290569400204,-0.0008833489317914278
2024-07-09,218.55999755859375,57862.01,5576.98,2.04,123.4071,12.51,1.56,3.21,-0.374,0.024222250460100625,0.0016943111880909356,0.0007408185037576231,0.0004011919100577188,0.03000000000000025,0.011254138074423103,0.020000000000000018,0.009999999999999787,-0.24027964639776705,0.032690290569400204,-0.0008833489317914278,0.032690290569400204,-0.0008833489317914278
2024-07-10,219.36000061035156,57392.03,5633.91,2.01,123.1895,12.85,1.56,3.17,-0.374,-0.00815559445910985,0.0036536533844149233,0.010156283642139385,-0.0017648260882614508,-0.03000000000000025,0.026815486862409088,0.0,-0.040000000000000036,-0.23280772313881953,0.032690290569400204,-0.0008833489317914278,0.032690290569400204,-0.0008833489317914278
2024-07-11,223.25,57378.0,5584.54,1.95,122.769,12.92,1.58,3.18,-0.374,-0.0002444889152659613,0.017578001160185153,-0.008801629230175578,-0.003419279347438575,-0.05999999999999983,0.005432687013227078,0.020000000000000018,0.010000000000000231,-0.2252317880549251,0.029713971072633072,-0.0029763194967671325,0.032690290569400204,-0.0008833489317914278
2024-07-12,223.11000061035156,57576.01,5615.35,1.94,122.4404,12.46,1.58,3.19,-0.368,0.0034450332935058725,-0.0006272936376374716,0.005501853628775422,-0.0026801598690875394,-0.010000000000000009,-0.03625298499514873,0.0,0.009999999999999787,-0.10716786531693737,0.029713971072633072,-0.0029763194967671325,0.029713971072633072,-0.0029763194967671325
2024-07-15,223.8300018310547,63342.0,5631.22,1.96,122.6347,13.12,1.58,3.13,-0.368,0.09544262834664607,0.0032219172131213725,0.0028221956620431143,0.0015856367351050338,0.020000000000000018,0.051614270156636,0.0,-0.06000000000000005,-0.09862404580925321,0.029713971072633072,-0.0029763194967671325,0.029713971072633072,-0.0029763194967671325
2024-07-16,228.2899932861328,65165.42,5667.2,1.91,122.7264,13.19,1.56,3.08,-0.368,0.028380343903926075,0.019729877820048536,0.006369053660041146,0.0007474697844891409,-0.050000000000000044,0.005321183213280012,-0.020000000000000018,-0.04999999999999982,-0.09068608677733467,0.029713971072633072,-0.0029763194967671325,0.029713971072633072,-0.0029763194967671325
2024-07-17,227.22999572753906,64585.78,5588.27,1.9,122.518,14.48,1.56,3.09,-0.368,-0.00893469742080022,-0.004654019570797807,-0.014025410555021267,-0.0016995295318622539,-0.010000000000000009,0.09330942022834732,0.0,0.009999999999999787,-0.08261788118448388,0.029713971072633072,-0.0029763194967671325,0.029713971072633072,-0.0029763194967671325
2024-07-18,225.77999877929688,63555.0,5544.59,1.89,122.7909,15.93,1.57,3.09,-0.368,-0.016088589972106604,-0.006401633154546893,-0.00784708046968241,0.0022249507668128388,-0.010000000000000009,0.09543573696438656,0.010000000000000009,0.0,-0.07441219245174559,0.029713971072633072,-0.0029763194967671325,0.029713971072633072,-0.0029763194967671325
2024-07-19,221.72999572753906,67157.25,5505.0,1.93,123.147,16.52,1.57,3.09,-0.363,0.055131211632099664,-0.01810066223064588,-0.007165907407030048,0.0028958550012321282,0.040000000000000036,0.036367644170875124,0.0,0.0,0.030454517054775854,0.029713971072633072,-0.0029763194967671325,0.029713971072633072,-0.0029763194967671325
2024-07-22,221.8000030517578,68232.08,5564.41,1.96,123.2172,14.91,1.58,3.05,-0.363,0.015877951107784227,0.00031568247916791137,0.010734189165974684,0.0005698880105144966,0.030000000000000027,-0.10253963931618504,0.010000000000000009,-0.040000000000000036,0.039536481315433636,0.029713971072633072,-0.0029763194967671325,0.029713971072633072,-0.0029763194967671325
2024-07-23,222.5800018310547,65536.0,5555.74,1.96,123.3843,14.72,1.59,3.02,-0.363,-0.04031522550952893,0.0035105070964620566,-0.0015593317997986134,0.0013552231075237842,0.0,-0.012825015475916857,0.010000000000000009,-0.029999999999999805,0.04759976360693775,0.029713971072633072,-0.0029763194967671325,0.029713971072633072,-0.0029763194967671325
2024-07-24,221.8000030517578,65652.01,5427.13,2.0,123.5575,18.04,1.65,3.1,-0.363,0.0017686072109750484,-0.0035105070964620566,-0.0234211784438898,0.0014027599086183784,0.040000000000000036,0.20338440133374736,0.05999999999999983,0.08000000000000007,0.05579855986493057,0.029713971072633072,-0.0029763194967671325,0.029713971072633072,-0.0029763194967671325
2024-07-25,218.3300018310547,64692.01,5399.22,1.99,123.5286,18.46,1.62,3.08,-0.363,-0.014730516351823653,-0.015768400613655587,-0.005155950404247989,-0.00023392655541432106,-0.010000000000000009,0.023014714440228623,-0.029999999999999805,-0.020000000000000018,0.06413948302168192,0.029713971072633072,-0.0029763194967671325,0.029713971072633072,-0.0029763194967671325
2024-07-26,220.6300048828125,67990.0,5459.1,1.93,123.672,16.39,1.65,3.1,-0.36,0.04972293470222944,0.010479424389843395,0.011029442312487703,0.0011601914888981213,-0.06000000000000005,-0.11893483631896773,0.029999999999999805,0.020000000000000018,0.1330573122210686,0.029713971072633072,-0.0029763194967671325,0.029713971072633072,-0.0029763194967671325
2024-07-29,220.32000732421875,67303.05,5463.54,1.92,124.1392,16.6,1.66,3.13,-0.36,-0.010155080449500531,-0.0014060442276129237,0.0008129903108695657,0.003770616933670645,-0.010000000000000009,0.012731302606759254,0.010000000000000009,0.029999999999999805,0.14198315598302025,0.029713971072633072,-0.0029763194967671325,0.029713971072633072,-0.0029763194967671325
2024-07-30,222.52000427246094,65931.03,5436.44,1.9,124.2855,17.69,1.65,3.2,-0.36,-0.0205963594556291,0.009935936183544491,-0.004972496433737206,0.0011778218261957463,-0.020000000000000018,0.06359681280919638,-0.010000000000000009,0.07000000000000028,0.14939555925739542,0.029713971072633072,-0.0029763194967671325,0.029713971072633072,-0.0029763194967671325
2024-07-31,226.5500030517578,65256.83,5522.3,1.85,123.6373,16.36,1.68,3.25,-0.36,-0.010278480578909566,0.017948680176280263,0.015670005291918088,-0.00522905902143922,-0.04999999999999982,-0.07816017699709299,0.030000000000000027,0.04999999999999982,0.1569151781815634,0.029713971072633072,-0.0029763194967671325,0.029713971072633072,-0.0029763194967671325
2024-08-01,225.77000427246094,63422.01,5446.68,1.79,123.8693,18.59,1.71,3.35,-0.36,-0.028519752974265344,-0.00344888370988361,-0.013788191433052432,0.0018746980318651296,-0.06000000000000005,0.12778447055875164,0.030000000000000027,0.10000000000000009,0.1645462598145451,0.029713971072633072,-0.0029763194967671325,0.029713971072633072,-0.0029763194967671325
2024-08-02,225.33999633789062,62633.58,5346.56,1.76,123.4681,23.39,1.8,3.72,-0.358,-0.012509406071474771,-0.001906444389298656,-0.018552885294603527,-0.003244154356520923,-0.030000000000000027,0.22968477886273497,0.09000000000000008,0.3700000000000001,0.2139890040722311,0.029713971072633072,-0.0029763194967671325,0.029713971072633072,-0.0029763194967671325
2024-08-05,222.47999572753906,53470.08,5186.33,1.71,123.5787,38.57,1.85,3.93,-0.358,-0.15817931088299453,-0.012773165762624217,-0.030427045496882243,0.0008953769681614432,-0.050000000000000044,0.5001661916240487,0.050000000000000044,0.20999999999999996,0.22196607111328556,0.029713971072633072,-0.0029763194967671325,0.029713971072633072,-0.0029763194967671325
2024-08-06,220.6999969482422,56769.98,5240.03,1.78,123.6532,27.71,1.78,3.67,-0.358,0.059885419758229474,-0.008032891286850585,0.010300905557720341,0.0006026730551758064,0.07000000000000006,-0.33068141334524936,-0.07000000000000006,-0.26000000000000023,0.22797028126333183,0.029713971072633072,-0.0029763194967671325,0.029713971072633072,-0.0029763194967671325
2024-08-07,220.5500030517578,54760.97,5199.5,1.85,123.5698,27.85,1.8,3.57,-0.358,-0.03602995096085593,-0.0006798590470786792,-0.007764756389251559,-0.0006746945321731701,0.07000000000000006,0.005039607498405818,0.020000000000000018,-0.10000000000000009,0.2340373667146503,0.029713971072633072,-0.0029763194967671325,0.029713971072633072,-0.0029763194967671325
2024-08-08,224.00999450683594,59414.52,5319.31,1.87,123.4466,23.79,1.78,3.48,-0.358,0.08156092701839945,0.015566228805778515,0.022781128575607212,-0.0009975047018375705,0.020000000000000018,-0.15756764205842666,-0.020000000000000018,-0.08999999999999986,0.2401691246739957,0.029713971072633072,-0.0029763194967671325,0.029713971072633072,-0.0029763194967671325
2024-08-09,224.55999755859375,60681.79,5344.16,1.84,122.9276,20.37,1.77,3.49,-0.36,0.021105012115082644,0.0024522519879104365,0.004660780212150328,-0.004213109714410024,-0.030000000000000027,-0.15520209407615182,-0.010000000000000009,0.010000000000000231,0.20363978513665026,0.029713971072633072,-0.0029763194967671325,0.029713971072633072,-0.0029763194967671325
2024-08-12,228.41000366210938,59043.99,5344.39,1.79,123.2204,20.71,1.78,3.52,-0.36,-0.027360893746934067,0.016999354511923137,4.3036707511490135e-05,0.002379057624697367,-0.050000000000000044,0.016553445168778325,0.010000000000000009,0.029999999999999805,0.20988949185549796,0.029713971072633072,-0.0029763194967671325,0.029713971072633072,-0.0029763194967671325
2024-08-13,228.05999755859375,60820.16,5434.43,1.76,123.0146,18.12,1.8,3.54,-0.36,0.02963855364982315,-0.0015335341694875382,0.016707226654933294,-0.0016715742921995513,-0.030000000000000027,-0.13360037479265952,0.020000000000000018,0.020000000000000018,0.2145323028022514,0.029713971072633072,-0.0029763194967671325,0.029713971072633072,-0.0029763194967671325
2024-08-14,226.1999969482422,58891.13,5455.21,1.77,122.4297,16.19,1.74,3.46,-0.36,-0.03223082786975162,-0.008189191333500823,0.0038164760676338005,-0.004766059812205903,0.010000000000000009,-0.11262253292528923,-0.06000000000000005,-0.08000000000000007,0.2192077012009915,0.028947531984913066,-0.0007664390877200056,0.029713971072633072,-0.0029763194967671325
2024-08-15,226.91000366210938,57046.34,5543.22,1.8,122.5844,15.23,1.68,3.31,-0.36,-0.03182656509013171,0.003133929041611694,0.016004444012784447,0.001262784636128167,0.030000000000000027,-0.06112660078247378,-0.06000000000000005,-0.1499999999999999,0.22391637645481566,0.028947531984913066,-0.0007664390877200056,0.028947531984913066,-0.0007664390877200056
2024-08-16,231.99000549316406,59683.39,5554.25,1.81,122.3972,14.8,1.69,3.29,-0.368,0.04518983723188441,0.022140811735287258,0.001987841126329215,-0.0015282783395642596,0.010000000000000009,-0.028639986137001028,0.010000000000000009,-0.020000000000000018,0.05487665310728821,0.028947531984913066,-0.0007664390877200056,0.028947531984913066,-0.0007664390877200056
2024-08-19,231.61000061035156,58967.54,5608.25,1.79,121.8788,14.65,1.68,3.21,-0.368,-0.012066634215914362,-0.0016393656726290118,0.009675327436177383,-0.004244385680455487,-0.020000000000000018,-0.010186845306992875,-0.010000000000000009,-0.08000000000000007,0.059825430277956795,0.028947531984913066,-0.0007664390877200056,0.028947531984913066,-0.0007664390877200056
2024-08-20,232.4600067138672,59512.0,5597.12,1.75,121.7728,15.88,1.69,3.25,-0.368,0.009190849873613516,0.003663270802502616,-0.0019865481747167735,-0.0008700948952311549,-0.040000000000000036,0.08062012035591337,0.010000000000000009,0.040000000000000036,0.06359372381886474,0.028947531984913066,-0.0007664390877200056,0.028947531984913066,-0.0007664390877200056
2024-08-21,232.14999389648438,61570.0,5620.85,1.72,121.8535,16.27,1.69,3.27,-0.368,0.03399676603407897,-0.001334507922706507,0.004230718284185642,0.0006624900755918262,-0.030000000000000027,0.024262465411956757,0.0,0.020000000000000018,0.06737762125056365,0.028947531984913066,-0.0007664390877200056,0.028947531984913066,-0.0007664390877200056
2024-08-22,229.3699951171875,60307.99,5570.64,1.76,122.3626,17.55,1.7,3.21,-0.368,-0.020710139821940032,-0.012047289256478244,-0.00897294942546445,0.004169264331578049,0.040000000000000036,0.07573102868092851,0.010000000000000009,-0.06000000000000005,0.07117741525783725,0.028947531984913066,-0.0007664390877200056,0.028947531984913066,-0.0007664390877200056
2024-08-23,232.02000427246094,63628.84,5634.61,1.68,121.4597,15.86,1.7,3.19,-0.379,0.05360222758287847,0.011487194343258622,0.011417986208501318,-0.007406247313634928,-0.08000000000000007,-0.10125373370517332,0.0,-0.020000000000000018,-0.16660574150204693,0.028947531984913066,-0.0007664390877200056,0.028947531984913066,-0.0007664390877200056
2024-08-26,232.75999450683594,63342.99,5616.84,1.67,121.6943,16.15,1.7,3.15,-0.379,-0.00450258113040114,0.0031842629268954425,-0.0031587066155740473,0.0019296418960390582,-0.010000000000000009,0.018119833461963886,0.0,-0.040000000000000036,-0.162285799119159,0.028947531984913066,-0.0007664390877200056,0.028947531984913066,-0.0007664390877200056
2024-08-27,233.38999938964844,62102.0,5625.8,1.68,121.8672,15.43,1.71,3.17,-0.379,-0.01978605101366604,0.0027030152296241283,0.0015939320118754097,0.001419764856460226,0.010000000000000009,-0.04560638329359623,0.010000000000000009,0.020000000000000018,-0.15855210497721509,0.028947531984913066,-0.0007664390877200056,0.028947531984913066,-0.0007664390877200056
2024-08-28,231.75,58898.85,5592.18,1.69,121.8943,17.11,1.71,3.19,-0.379,-0.052956628691053,-0.007051666972007986,-0.0059939669454234235,0.00022234848498747795,0.010000000000000009,0.1033494215290327,0.0,0.020000000000000018,-0.1548111249990184,0.028947531984913066,-0.0007664390877200056,0.028947531984913066,-0.0007664390877200056
2024-08-29,232.9499969482422,59257.99,5591.96,1.71,122.2333,15.65,1.69,3.15,-0.379,0.00607905739522252,0.005164620716357149,-3.934142455719325e-05,0.002777237951740119,0.020000000000000018,-0.08919217091793996,-0.020000000000000018,-0.040000000000000036,-0.15106264357464796,0.028947531984913066,-0.0007664390877200056,0.028947531984913066,-0.0007664390877200056
2024-08-30,231.2899932861328,58700.02,5648.4,1.76,122.3262,15.0,1.69,3.13,-0.39,-0.009460555694664308,-0.0071515197828322385,0.010042467382856302,0.0007597333529751893,0.050000000000000044,-0.04242071588395202,0.0,-0.020000000000000018,-0.39059918570152513,0.028947531984913066,-0.0007664390877200056,0.028947531984913066,-0.0007664390877200056
2024-09-03,230.2899932861328,58045.99,5528.93,1.73,122.7811,20.72,1.73,3.31,-0.39,-0.011204440172322805,-0.004332950273532532,-0.021378012454581707,0.003711848013453256,-0.030000000000000027,0.3230492162890721,0.040000000000000036,0.18000000000000016,-0.3861112372151908,0.028947531984913066,-0.0007664390877200056,0.028947531984913066,-0.0007664390877200056
2024-09-04,230.42999267578125,58058.0,5520.07,1.7,122.5144,21.32,1.73,3.35,-0.39,0.0002068835023312232,0.0006077417877383695,-0.0016037653903602234,-0.0021745209764700846,-0.030000000000000027,0.02854618190636149,0.0,0.040000000000000036,-0.3819906155201676,0.028947531984913066,-0.0007664390877200056,0.028947531984913066,-0.0007664390877200056
2024-09-05,232.35000610351562,56060.0,5503.41,1.7,122.4533,19.9,1.73,3.29,-0.39,-0.035019965142861764,0.008297784905919592,-0.0030226412501868083,-0.0004988412861530733,0.0,-0.06892586756719687,0.0,-0.06000000000000005,-0.3778713310866474,0.028947531984913066,-0.0007664390877200056,0.028947531984913066,-0.0007664390877200056
2024-09-06,230.6300048828125,53534.27,5408.42,1.69,122.4991,22.38,1.73,3.39,-0.402,-0.04610053615848386,-0.007430165851405768,-0.017410901670867673,0.00037395020856045846,-0.010000000000000009,0.11744797115333228,0.0,0.10000000000000009,-0.639793009233386,0.028947531984913066,-0.0007664390877200056,0.028947531984913066,-0.0007664390877200056
2024-09-09,231.60000610351562,57089.53,5471.05,1.66,122.7156,19.45,1.73,3.36,-0.402,0.06429872774895351,0.004197056104325192,0.011513555690020993,0.001765799980627314,-0.030000000000000027,-0.1403206328193236,0.0,-0.03000000000000025,-0.6344993334755045,0.028947531984913066,-0.0007664390877200056,0.028947531984913066,-0.0007664390877200056
2024-09-10,232.6199951171875,57952.01,5495.52,1.63,123.0071,19.08,1.74,3.46,-0.402,0.014994516930475044,0.004394427867848272,0.004462660724490419,0.0023725942840666647,-0.030000000000000027,-0.01920640404431495,0.010000000000000009,0.10000000000000009,-0.6291758234429073,0.028947531984913066,-0.0007664390877200056,0.028947531984913066,-0.0007664390877200056
2024-09-11,232.25,57585.5,5554.13,1.61,122.7754,17.69,1.75,3.44,-0.402,-0.006344454357705587,-0.0015918222264339477,0.010608580303038906,-0.0018854073714482666,-0.019999999999999796,-0.07564115784844638,0.010000000000000009,-0.020000000000000018,-0.6238676942768037,0.025307302964569622,-0.003640229020343444,0.028947531984913066,-0.0007664390877200056
2024-09-12,236.3300018310547,58388.0,5595.76,1.63,122.4423,17.07,1.74,3.39,-0.402,0.013839589368451755,0.017414763446119252,0.007467372942029371,-0.0027167713006033267,0.019999999999999796,-0.03567697136534509,-0.010000000000000009,-0.04999999999999982,-0.6185744906749537,0.025307302964569622,-0.003640229020343444,0.025307302964569622,-0.003640229020343444
2024-09-13,238.67999267578125,59743.99,5626.02,1.58,121.6551,16.56,1.72,3.37,-0.412,0.022958210710140037,0.009894570827460036,0.00539309687837175,-0.006449906709724118,-0.04999999999999982,-0.03033238784923542,-0.020000000000000018,-0.020000000000000018,-0.8350820757968115,0.025307302964569622,-0.003640229020343444,0.025307302964569622,-0.003640229020343444
2024-09-16,238.66000366210938,57943.99,5633.09,1.54,121.4976,17.14,1.7,3.32,-0.412,-0.03059174566588574,-8.375168155527746e-05,0.0012558720767881226,-0.00129548240284727,-0.040000000000000036,0.03442476421251994,-0.020000000000000018,-0.050000000000000266,-0.8285253204014008,0.025307302964569622,-0.003640229020343444,0.025307302964569622,-0.003640229020343444
2024-09-17,237.33999633789062,59967.98,5634.58,1.53,121.6031,17.61,1.68,3.25,-0.412,0.03433389879210935,-0.005546263478781732,0.00026447349073777104,0.0008679531290791687,-0.010000000000000009,0.027052009338480953,-0.020000000000000018,-0.06999999999999984,-0.8218768406459772,0.025307302964569622,-0.003640229020343444,0.025307302964569622,-0.003640229020343444
2024-09-18,235.50999450683594,60057.99,5618.26,1.58,121.5618,18.23,1.67,3.21,-0.412,0.0014998423570045105,-0.00774034473177565,-0.002900603126386514,-0.0003396871867371587,0.050000000000000044,0.03460166618245708,-0.010000000000000009,-0.040000000000000036,-0.8152633687077101,0.025307302964569622,-0.003640229020343444,0.025307302964569622,-0.003640229020343444
2024-09-19,239.1699981689453,63251.99,5713.64,1.56,121.3059,16.33,1.67,3.1,-0.412,0.05181599410158988,0.01542123641948745,0.016834291247587174,-0.0021073209381086144,-0.020000000000000018,-0.11006468170819783,0.0,-0.10999999999999988,-0.808684031164731,0.025307302964569622,-0.003640229020343444,0.025307302964569622,-0.003640229020343444
2024-09-20,242.2100067138672,62809.13,5702.55,1.58,121.4052,16.15,1.67,3.15,-0.42,-0.007026144490495767,0.012630557682531851,-0.001942855451501302,0.0008182568126509082,0.020000000000000018,-0.0110838573137082,0.0,0.04999999999999982,-0.9795134942914957,0.025307302964569622,-0.003640229020343444,0.025307302964569622,-0.003640229020343444
2024-09-23,242.67999267578125,63300.01,5718.57,1.58,121.4303,15.89,1.65,3.15,-0.42,0.007785042055205693,0.0019385267161009523,0.0028053309143558636,0.00020672430587342916,0.0,-0.01623006912004099,-0.020000000000000018,0.0,-0.971777756315747,0.025307302964569622,-0.003640229020343444,0.025307302964569622,-0.003640229020343444
2024-09-24,246.07000732421875,64292.35,5732.93,1.55,121.1291,15.39,1.66,3.21,-0.42,0.015555163476227207,0.013872405171650115,0.002507969702996604,-0.0024835166545864595,-0.030000000000000027,-0.03197203269783655,0.010000000000000009,0.06000000000000005,-0.9641182668081943,0.025307302964569622,-0.003640229020343444,0.025307302964569622,-0.003640229020343444
2024-09-25,245.72999572753906,63181.51,5722.26,1.61,121.4447,15.41,1.65,3.19,-0.42,-0.01742895554754398,-0.001382723256375229,-0.0018629115860662182,0.002602096170936541,0.06000000000000005,0.0012987014812364528,-0.010000000000000009,-0.020000000000000018,-0.9565155618648576,0.025307302964569622,-0.003640229020343444,0.025307302964569622,-0.003640229020343444
2024-09-26,246.97999572753906,64711.07,5745.37,1.63,121.0785,15.37,1.65,3.14,-0.42,0.0239205891871741,0.005073989582053073,0.0040304808028714945,-0.0030199195648847876,0.019999999999999796,-0.0025990917815201797,0.0,-0.04999999999999982,-0.9489683210325589,0.025307302964569622,-0.003640229020343444,0.025307302964569622,-0.003640229020343444
2024-09-27,245.02000427246094,65657.99,5738.17,1.6,121.1111,16.96,1.66,3.14,-0.426,0.014527015116126307,-0.007967487087646496,-0.0012539688882462485,0.00026921057053552744,-0.029999999999999805,0.09844007281325284,0.010000000000000009,0.0,-1.0747692490588854,0.025307302964569622,-0.003640229020343444,0.025307302964569622,-0.003640229020343444
2024-09-30,243.05999755859375,63488.0,5762.48,1.63,121.2864,16.73,1.63,3.03,-0.426,-0.03360838769757635,-0.008031540905022005,0.004227593432856835,0.0014463848064520946,0.029999999999999805,-0.013654115365024477,-0.030000000000000027,-0.11000000000000032,-1.0663759611282149,0.025307302964569622,-0.003640229020343444,0.025307302964569622,-0.003640229020343444
2024-10-01,245.61000061035156,61755.99,5708.75,1.55,121.6881,19.26,1.65,3.07,-0.426,-0.02765993681032697,0.010436598143315656,-0.009367852083837391,0.00330652283252153,-0.07999999999999985,0.1408268913712467,0.020000000000000018,0.040000000000000036,-1.0585143517855584,0.025307302964569622,-0.003640229020343444,0.025307302964569622,-0.003640229020343444
2024-10-02,245.66000366210938,60190.01,5709.54,1.58,121.5724,18.9,1.64,3.06,-0.426,-0.025684583151859286,0.00020356647666464056,0.00013837448536691,-0.0009512436973890814,0.030000000000000027,-0.018868484304382704,-0.010000000000000009,-0.009999999999999787,-1.0507320172272594,0.025307302964569622,-0.003640229020343444,0.025307302964569622,-0.003640229020343444
2024-10-03,245.49000549316406,61036.0,5699.94,1.64,122.1197,20.49,1.62,3.04,-0.426,0.013957462329267756,-0.0006922454344495677,-0.001682811533125772,0.004491741178162201,0.05999999999999983,0.08077504018521164,-0.019999999999999796,-0.020000000000000018,-1.0430277143626678,0.025307302964569622,-0.003640229020343444,0.025307302964569622,-0.003640229020343444
2024-10-04,245.0,62368.0,5751.07,1.75,122.2197,19.21,1.57,2.89,-0.431,0.021588469295661383,-0.0019980250389979304,0.008930275984438296,0.0008185336100794416,0.1100000000000001,-0.06450598547034314,-0.050000000000000044,-0.1499999999999999,-1.1473994289302194,0.025307302964569622,-0.003640229020343444,0.025307302964569622,-0.003640229020343444
2024-10-07,244.1699981689453,63381.99,5695.94,1.76,122.4241,22.64,1.54,2.95,-0.431,0.016127428362043617,-0.003393514036765133,-0.009632284107421896,0.0016710012480292136,0.010000000000000009,0.16428727655451691,-0.030000000000000027,0.06000000000000005,-1.1391313335800792,0.025307302964569622,-0.003640229020343444,0.025307302964569622,-0.003640229020343444
2024-10-08,242.3699951171875,62245.99,5751.13,1.77,122.6625,21.42,1.55,2.99,-0.431,-0.018085636087967316,-0.007399232494345043,0.00964271689419327,0.001945435410909191,0.010000000000000009,-0.055393188315379316,0.010000000000000009,0.040000000000000036,-1.131854297833461,0.025307302964569622,-0.003640229020343444,0.025307302964569622,-0.003640229020343444
2024-10-09,241.0500030517578,61031.99,5792.04,1.77,122.8821,20.86,1.54,2.94,-0.431,-0.019695962659785238,-0.005461070501716847,0.007088203896394418,0.0017886775644706532,0.0,-0.026491615446976535,-0.010000000000000009,-0.050000000000000266,-1.12469194837744,0.025307302964569622,-0.003640229020343444,0.025307302964569622,-0.003640229020343444
2024-10-10,242.82000732421875,59727.27,5780.05,1.76,123.0951,20.93,1.54,2.99,-0.431,-0.02160945291530325,0.007316064767088903,-0.002072227971014584,0.0017318682645282024,-0.010000000000000009,0.0033500868852822663,0.0,0.050000000000000266,-1.1176444375251418,0.02440633031069983,-0.0009009726538697915,0.025307302964569622,-0.003640229020343444
2024-10-11,245.47000122070312,63086.0,5815.03,1.75,122.9805,20.46,1.54,2.98,-0.434,0.05471017485868579,0.010854286868861251,0.006033611862784838,-0.0009314211428117503,-0.010000000000000009,-0.02271177593442797,0.0,-0.010000000000000231,-1.1790926924935723,0.02440633031069983,-0.0009009726538697915,0.02440633031069983,-0.0009009726538697915
2024-10-14,245.07000732421875,65939.41,5859.85,1.75,122.9805,19.7,1.54,2.97,-0.434,0.044237415192675655,-0.0016308312397317337,0.007678060962994948,0.0,0.0,-0.03785312477953795,0.0,-0.009999999999999787,-1.1719457056984628,0.02440633031069983,-0.0009009726538697915,0.02440633031069983,-0.0009009726538697915
2024-10-15,245.9199981689453,66970.18,5815.26,1.75,123.5124,20.64,1.53,2.93,-0.434,0.015511155613490146,0.0034623584364341653,-0.007638509068755184,0.004315749667302526,0.0,0.046612304869419585,-0.010000000000000009,-0.040000000000000036,-1.1660469500219008,0.02440633031069983,-0.0009009726538697915,0.02440633031069983,-0.0009009726538697915
2024-10-16,247.14999389648438,67728.01,5842.47,1.75,123.9235,19.58,1.51,2.9,-0.434,0.011252385738988124,0.004989142712823025,0.004668155706577082,0.003322883852062475,0.0,-0.052722303510997826,-0.020000000000000018,-0.03000000000000025,-1.160318776648414,0.02440633031069983,-0.0009009726538697915,0.02440633031069983,-0.0009009726538697915
2024-10-17,248.6300048828125,66840.0,5841.47,1.79,124.1122,19.11,1.53,2.89,-0.434,-0.013198127700785989,0.005970452161761841,-0.00017117513483455582,0.0015215554567786782,0.040000000000000036,-0.0242968788501825,0.020000000000000018,-0.009999999999999787,-1.1547654480369332,0.02440633031069983,-0.0009009726538697915,0.02440633031069983,-0.0009009726538697915
2024-10-18,251.27000427246094,68608.01,5864.67,1.77,123.9185,18.03,1.53,2.88,-0.439,0.026107588036676788,0.010562207979592841,0.0039637370431258034,-0.0015619037431928717,-0.020000000000000018,-0.05817472103695609,0.0,-0.010000000000000231,-1.2666931278936786,0.02440633031069983,-0.0009009726538697915,0.02440633031069983,-0.0009009726538697915
2024-10-21,251.22000122070312,67763.99,5853.98,1.88,124.4757,18.37,1.54,2.88,-0.439,-0.012378358856160787,-0.00019902108052338718,-0.00182444274130944,0.004486424679885026,0.10999999999999988,0.018681862011808548,0.010000000000000009,0.0,-1.261149461901759,0.02440633031069983,-0.0009009726538697915,0.02440633031069983,-0.0009009726538697915
2024-10-22,253.92999267578125,67482.99,5851.2,1.87,124.4107,18.2,1.55,2.92,-0.439,-0.004155366786559256,0.010729555523637302,-0.0004750033835065892,-0.0005223266637131019,-0.009999999999999787,-0.009297305144284618,0.010000000000000009,0.040000000000000036,-1.2569342312157958,0.02440633031069983,-0.0009009726538697915,0.02440633031069983,-0.0009009726538697915
2024-10-23,250.8699951171875,66472.0,5797.42,1.93,124.6931,19.24,1.54,2.95,-0.439,-0.015094759758468967,-0.012123752431614676,-0.009233777411951749,0.00226732888843717,0.05999999999999983,0.055569851154810834,-0.010000000000000009,0.03000000000000025,-1.2530031530765628,0.02440633031069983,-0.0009009726538697915,0.02440633031069983,-0.0009009726538697915
2024-10-24,252.8000030517578,68309.79,5809.86,1.91,124.5127,19.08,1.52,2.93,-0.439,0.02727228815588667,0.007663817134298867,0.002143483186927142,-0.001447799621932866,-0.020000000000000018,-0.008350779217420001,-0.020000000000000018,-0.020000000000000018,-1.2493693378205806,0.02440633031069983,-0.0009009726538697915,0.02440633031069983,-0.0009009726538697915
2024-10-25,253.32000732421875,66849.99,5808.12,1.96,124.6105,20.33,1.51,2.89,-0.444,-0.02160194055925757,0.0020548662166115506,-0.00029953572187402244,0.0007851537313596779,0.050000000000000044,0.0634569616201146,-0.010000000000000009,-0.040000000000000036,-1.3680787237088408,0.02440633031069983,-0.0009009726538697915,0.02440633031069983,-0.0009009726538697915
2024-10-28,253.3300018310547,69629.99,5823.52,1.99,124.8076,19.8,1.51,2.82,-0.444,0.04074421137887896,3.945329776655626e-05,0.0026479514493722434,0.001580479051265904,0.030000000000000027,-0.026415689939765397,0.0,-0.07000000000000028,-1.3648901011101944,0.02440633031069983,-0.0009009726538697915,0.02440633031069983,-0.0009009726538697915
2024-10-29,256.0899963378906,72536.38,5832.92,1.98,124.8612,19.34,1.49,2.85,-0.444,0.04089286376983026,0.010835937036952181,0.001612842692562566,0.0004293688344194635,-0.010000000000000009,-0.02350644767534149,-0.020000000000000018,0.03000000000000025,-1.3623448607792998,0.02440633031069983,-0.0009009726538697915,0.02440633031069983,-0.0009009726538697915
2024-10-30,257.5,71822.01,5813.67,1.95,124.8153,20.35,1.44,2.8,-0.444,-0.009897254068450323,0.00549078920793189,-0.0033056916281388737,-0.0003676757765918026,-0.030000000000000027,0.050905421863455924,-0.050000000000000044,-0.050000000000000266,-1.360225461916724,0.02440633031069983,-0.0009009726538697915,0.02440633031069983,-0.0009009726538697915
2024-10-31,253.50999450683594,70092.07,5705.45,1.95,124.7988,23.16,1.46,2.88,-0.444,-0.024381311506454395,-0.015616471787271102,-0.0187901825995187,-0.00013220407039504778,0.0,0.12934574081619044,0.020000000000000018,0.08000000000000007,-1.3585574708649337,0.02440633031069983,-0.0009009726538697915,0.02440633031069983,-0.0009009726538697915
2024-11-01,252.47000122070312,69268.0,5728.8,2.04,124.8076,21.88,1.46,2.83,-0.45,-0.011826624443209255,-0.004110813705941574,0.004084226330235197,7.05110125673869e-05,0.09000000000000008,-0.05685367515101403,0.0,-0.04999999999999982,-1.5110187753287359,0.02440633031069983,-0.0009009726538697915,0.02440633031069983,-0.0009009726538697915
2024-11-04,252.8300018310547,67347.99,5712.69,2.03,124.5903,21.98,1.46,2.87,-0.45,-0.028109980776870103,0.0014248987496037202,-0.0028160686495120046,-0.0017425973112734638,-0.010000000000000231,0.00455997142169462,0.0,0.040000000000000036,-1.5101481841991657,0.02440633031069983,-0.0009009726538697915,0.02440633031069983,-0.0009009726538697915
2024-11-05,253.39999389648438,69446.0,5782.76,1.99,124.5532,20.49,1.45,2.86,-0.45,0.03067641383627162,0.0022519104403704304,0.012191061302749162,-0.0002978203346604147,-0.039999999999999813,-0.07019598672466687,-0.010000000000000009,-0.010000000000000231,-1.508211030561328,0.02440633031069983,-0.0009009726538697915,0.02440633031069983,-0.0009009726538697915
2024-11-06,245.6999969482422,76101.98,5929.04,2.04,125.7035,16.27,1.4,2.74,-0.45,0.09152481077670771,-0.030857976694085743,0.024981233838897055,0.009193025410635158,0.050000000000000044,-0.23061404101986183,-0.050000000000000044,-0.11999999999999966,-1.5068118748975718,0.02440633031069983,-0.0009009726538697915,0.02440633031069983,-0.0009009726538697915
2024-11-07,249.64999389648438,76431.49,5973.1,1.98,124.775,15.2,1.44,2.73,-0.45,0.004320501101465979,0.015948645391861582,0.007403744412988189,-0.0074138439260797995,-0.06000000000000005,-0.06802749337871594,0.040000000000000036,-0.010000000000000231,-1.5059839099244563,0.02440633031069983,-0.0009009726538697915,0.02440633031069983,-0.0009009726538697915
2024-11-08,247.9600067138672,76591.33,5995.54,1.95,125.5811,14.94,1.38,2.63,-0.458,0.0020891009345280764,-0.006792442588198,0.0037498038698000613,0.006439649648513068,-0.030000000000000027,-0.01725324814755913,-0.06000000000000005,-0.10000000000000009,-1.72094950310582,0.02440633031069983,-0.0009009726538697915,0.02440633031069983,-0.0009009726538697915
2024-11-11,242.13999938964844,86922.66,6001.35,1.95,125.5811,14.97,1.38,2.63,-0.458,0.1265348728111615,-0.02375140115119212,0.0009685844338367389,0.0,0.0,0.002006018726865566,0.0,0.0,-1.720612355898387,0.02440633031069983,-0.0009009726538697915,0.02440633031069983,-0.0009009726538697915
2024-11-12,240.0500030517578,89472.01,5983.99,2.08,126.7762,14.71,1.36,2.61,-0.458,0.02890708116492391,-0.008668821068980037,-0.0028968743715669376,0.009471562220739749,0.13000000000000012,-0.01752066381819084,-0.019999999999999796,-0.020000000000000018,-1.7176375974960945,0.02440633031069983,-0.0009009726538697915,0.02440633031069983,-0.0009009726538697915
2024-11-13,237.6300048828125,89692.0,5985.38,2.09,126.9572,14.02,1.41,2.64,-0.458,0.002455739973191484,-0.010132384997697308,0.00023225951010807933,0.0014266945597345426,0.009999999999999787,-0.048042653006902025,0.04999999999999982,0.03000000000000025,-1.7152755249284697,0.02597904904914672,0.0015727187384468877,0.02440633031069983,-0.0009009726538697915
2024-11-14,237.00999450683594,87612.67,5949.17,2.1,127.0015,14.31,1.39,2.6,-0.458,-0.023455956724331983,-0.00261255153137796,-0.006068115029117749,0.0003488756278038352,0.010000000000000231,0.02047371196191561,-0.020000000000000018,-0.040000000000000036,-1.7135580109044275,0.02597904904914672,0.0015727187384468877,0.02597904904914672,0.0015727187384468877
2024-11-15,236.58999633789062,91447.99,5870.62,2.1,126.8848,16.14,1.41,2.72,-0.466,0.04284477318475588,-0.0017736414154017055,-0.01329146396056835,-0.0009193092200634467,0.0,0.12034206927344293,0.020000000000000018,0.1200000000000001,-1.9370324846166511,0.02597904904914672,0.0015727187384468877,0.02597904904914672,0.0015727187384468877
2024-11-18,241.08999633789062,91473.43,5893.62,2.08,126.6045,15.58,1.42,2.72,-0.466,0.00027815222694016484,0.018841622825925164,0.00391015982410714,-0.0022115340903372527,-0.020000000000000018,-0.03531262239920041,0.010000000000000009,0.0,-1.9349052576651165,0.02597904904914672,0.0015727187384468877,0.02597904904914672,0.0015727187384468877
2024-11-19,243.25,92457.99,5916.98,2.05,126.3994,16.35,1.42,2.69,-0.466,0.010705831594698623,0.008919428494707837,0.0039557737052682285,-0.0016213192360154949,-0.03000000000000025,0.04823985690066035,0.0,-0.03000000000000025,-1.9281220657658211,0.02597904904914672,0.0015727187384468877,0.02597904904914672,0.0015727187384468877
2024-11-20,244.6199951171875,94271.99,5917.11,2.06,126.88,17.16,1.43,2.67,-0.466,0.01942973557077643,0.0056162450322965185,2.1970426116624253e-05,0.0037950230204897295,0.010000000000000231,0.0483531967165538,0.010000000000000009,-0.020000000000000018,-1.921951715158337,0.02597904904914672,0.0015727187384468877,0.02597904904914672,0.0015727187384468877
2024-11-21,246.66000366210938,98118.16,5948.71,2.09,127.1047,16.87,1.43,2.61,-0.466,0.03998835190243355,0.00830491888622209,0.00532623530517462,0.0017693983820574744,0.029999999999999805,-0.01704419750193953,0.0,-0.06000000000000005,-1.9164117768986948,0.02597904904914672,0.0015727187384468877,0.02597904904914672,0.0015727187384468877
2024-11-22,249.83999633789062,99164.0,5969.34,2.07,127.4712,15.24,1.43,2.61,-0.471,0.010602578533152496,0.012809813332371967,0.003461979200411136,0.0028793004616840534,-0.020000000000000018,-0.10161334629937668,0.0,0.0,-2.0561459668873843,0.02597904904914672,0.0015727187384468877,0.02597904904914672,0.0015727187384468877
2024-11-25,242.47999572753906,94955.89,5987.37,1.98,126.9948,14.6,1.42,2.64,-0.471,-0.0433625772165982,-0.0299014831873059,0.0030158820722512303,-0.0037443159918417734,-0.08999999999999986,-0.0429020215442093,-0.010000000000000009,0.03000000000000025,-2.0445173431737698,0.02597904904914672,0.0015727187384468877,0.02597904904914672,0.0015727187384468877
2024-11-26,242.9499969482422,91036.0,6021.63,2.02,127.4301,14.1,1.43,2.68,-0.471,-0.042157435301444224,0.001936433160953932,0.005705736188806654,0.0034218382300084116,0.040000000000000036,-0.03484673133016836,0.010000000000000009,0.040000000000000036,-2.033474618336872,0.02597904904914672,0.0015727187384468877,0.02597904904914672,0.0015727187384468877
2024-11-27,243.49000549316406,96482.96,5998.74,1.99,126.8205,14.1,1.43,2.69,-0.471,0.05811137976025371,0.002220248187002838,-0.00380853961537575,-0.004795278108526979,-0.030000000000000027,0.0,0.0,0.009999999999999787,-2.0230191723101862,0.02597904904914672,0.0015727187384468877,0.02597904904914672,0.0015727187384468877
2024-11-29,245.58999633789062,96968.28,6032.38,1.92,126.5798,13.51,1.44,2.72,-0.474,0.005017502272652408,0.008587567442534194,0.005592178893918387,-0.0018997615424476422,-0.07000000000000006,-0.04274464541201528,0.010000000000000009,0.03000000000000025,-2.1009281448048873,0.02597904904914672,0.0015727187384468877,0.02597904904914672,0.0015727187384468877
2024-12-02,243.44000244140625,95666.66,6047.15,1.93,127.1272,13.34,1.41,2.68,-0.474,-0.013514057309475191,-0.008792948302693837,0.0024454606033064152,0.004315220702886258,0.010000000000000009,-0.012663111484629397,-0.030000000000000027,-0.040000000000000036,-2.090156399819694,0.02597904904914672,0.0015727187384468877,0.02597904904914672,0.0015727187384468877
2024-12-03,243.92999267578125,95615.06,6049.88,1.95,126.9565,13.3,1.4,2.66,-0.474,-0.0005395183737544329,0.002010753244455543,0.0004513504631038501,-0.0013436519200711317,0.020000000000000018,-0.0030030052597695978,-0.010000000000000009,-0.020000000000000018,-2.075329567940472,0.02597904904914672,0.0015727187384468877,0.02597904904914672,0.0015727187384468877
2024-12-04,244.6699981689453,98747.96,6086.49,1.9,126.7574,13.45,1.39,2.66,-0.474,0.03224040630865588,0.003029087486077664,0.006033123750501801,-0.0015694846901954662,-0.050000000000000044,0.01121507082013995,-0.010000000000000009,0.0,-2.0610750845621992,0.02597904904914672,0.0015727187384468877,0.02597904904914672,0.0015727187384468877
2024-12-05,242.86000061035156,99072.84,6075.11,1.92,126.4286,13.54,1.4,2.66,-0.474,0.003284591833434547,-0.007425208209173917,-0.0018714648272304402,-0.002597301468798996,0.020000000000000018,0.006669161436280824,0.010000000000000009,0.0,-2.047385150918057,0.02597904904914672,0.0015727187384468877,0.02597904904914672,0.0015727187384468877
2024-12-06,242.9499969482422,101360.0,6090.27,1.91,126.688,12.77,1.42,2.67,-0.476,0.022823198839448722,0.00037050015179751483,0.002492319655841513,0.0020496489824282094,-0.010000000000000009,-0.05854959743968102,0.020000000000000018,0.009999999999999787,-2.093285691074245,0.02597904904914672,0.0015727187384468877,0.02597904904914672,0.0015727187384468877
2024-12-09,245.36000061035156,96252.0,6052.85,1.93,126.5981,14.19,1.42,2.67,-0.476,-0.051708783840094696,0.009870874002919194,-0.006163180212196195,-0.000709869225158144,0.020000000000000018,0.10543882112750325,0.0,0.0,-2.079586411296943,0.02597904904914672,0.0015727187384468877,0.02597904904914672,0.0015727187384468877
2024-12-10,248.58999633789062,96434.75,6034.91,1.93,126.957,14.18,1.41,2.67,-0.476,0.001896861665846572,0.013078415980993796,-0.0029682940713744443,0.0028309447508076957,0.0,-0.0007049700679697679,-0.010000000000000009,0.0,-2.0626734225380847,0.02597904904914672,0.0015727187384468877,0.02597904904914672,0.0015727187384468877
2024-12-11,250.9600067138672,101271.57,6084.19,1.96,126.8483,13.58,1.42,2.64,-0.476,0.04893910649588307,0.00948865236059504,0.008132661932885199,-0.0008565621493801245,0.030000000000000027,-0.04323439897343162,0.010000000000000009,-0.029999999999999805,-2.0463156567756364,0.027493803960905616,0.0015147549117588976,0.02597904904914672,0.0015727187384468877
2024-12-12,247.27999877929688,100028.02,6051.25,2.0,126.9556,13.92,1.44,2.66,-0.476,-0.012355373595115182,-0.014772297747821739,-0.005428741091956013,0.000845534732859754,0.040000000000000036,0.024728532775723622,0.020000000000000018,0.020000000000000018,-2.030499926046402,0.027493803960905616,0.0015147549117588976,0.027493803960905616,0.0015147549117588976
2024-12-13,244.2899932861328,101680.01,6051.09,2.07,127.3096,13.81,1.42,2.68,-0.478,0.016380378489548875,-0.012165276223374377,-2.644116757721804e-05,0.002784496098764855,0.06999999999999984,-0.007933687485072838,-0.020000000000000018,0.020000000000000018,-2.074363435553005,0.027493803960905616,0.0015147549117588976,0.027493803960905616,0.0015147549117588976
2024-12-16,244.8800048828125,105808.36,6074.08,2.07,127.2687,14.69,1.42,2.69,-0.478,0.039798808086800364,0.0024122979128051725,0.0037921163249592382,-0.00032131568442306246,0.0,0.0617740227645851,0.0,0.009999999999999787,-2.0584121413212397,0.027493803960905616,0.0015147549117588976,0.027493803960905616,0.0015147549117588976
2024-12-17,243.94000244140625,106732.98,6050.61,2.09,127.5043,15.87,1.39,2.75,-0.478,0.008700668142292756,-0.00384601115345351,-0.0038714440227618496,0.0018494900727947794,0.020000000000000018,0.0772635443525318,-0.030000000000000027,0.06000000000000005,-2.039699160403011,0.027493803960905616,0.0015147549117588976,0.027493803960905616,0.0015147549117588976
2024-12-18,239.25999450683594,100846.68,5872.16,2.18,127.6418,27.62,1.37,2.73,-0.478,-0.0567288577781877,-0.019371499639531997,-0.029936554508987356,0.001077813952954365,0.0900000000000003,0.5541096134428285,-0.019999999999999796,-0.020000000000000018,-2.0215328087363424,0.027493803960905616,0.0015147549117588976,0.027493803960905616,0.0015147549117588976
2024-12-19,239.60000610351562,96409.55,5867.08,2.28,128.6366,24.09,1.4,2.91,-0.478,-0.04499608058006643,0.0014200879312813441,-0.0008654734577540069,0.007763471260169297,0.09999999999999964,-0.13674333135436623,0.029999999999999805,0.18000000000000016,-2.0038958033337666,0.027493803960905616,0.0015147549117588976,0.027493803960905616,0.0015147549117588976
2024-12-20,242.10000610351562,96451.88,5930.85,2.23,127.893,18.36,1.43,2.86,-0.479,0.0004389680267298246,0.01037999743966811,0.01081047625241105,-0.005797397904081514,-0.04999999999999982,-0.27162243143443554,0.030000000000000027,-0.050000000000000266,-2.0162199598380055,0.027493803960905616,0.0015147549117588976,0.027493803960905616,0.0015147549117588976
2024-12-23,240.9600067138672,93186.34,5974.07,2.27,128.3021,16.78,1.42,2.85,-0.479,-0.034443086700502334,-0.004719916680210545,0.007260895475461382,0.0031936625463737656,0.040000000000000036,-0.08998668415328392,-0.010000000000000009,-0.009999999999999787,-1.9989905858055672,0.027493803960905616,0.0015147549117588976,0.027493803960905616,0.0015147549117588976
2024-12-24,241.44000244140625,98797.47,6040.04,2.24,128.3377,14.27,1.39,2.86,-0.479,0.058470852712483534,0.0019900326568702553,0.010982197273833094,0.00027743163942872684,-0.029999999999999805,-0.16202826955031524,-0.030000000000000027,0.009999999999999787,-1.979549589375952,0.027493803960905616,0.0015147549117588976,0.027493803960905616,0.0015147549117588976
2024-12-26,243.07000732421875,95589.6,6037.59,2.23,128.3329,14.73,1.4,2.86,-0.479,-0.033007969609716525,0.006728492701914668,-0.0004057087414679472,-3.7402024233301745e-05,-0.010000000000000231,0.03172679898579389,0.010000000000000009,0.0,-1.9606242055215835,0.027493803960905616,0.0015147549117588976,0.027493803960905616,0.0015147549117588976
2024-12-27,241.39999389648438,94588.12,5970.84,2.28,128.45,15.95,1.4,2.84,-0.483,-0.010532140752305352,-0.00689421445370364,-0.011117304675595463,0.0009120545652958612,0.04999999999999982,0.0795725987563145,0.0,-0.020000000000000018,-2.0590017929344686,0.027493803960905616,0.0015147549117588976,0.027493803960905616,0.0015147549117588976
2024-12-30,240.6300048828125,94338.8,5906.94,2.24,128.8205,17.4,1.43,2.94,-0.483,-0.002639328950383657,-0.00319477904087595,-0.010759690191102678,0.0028802389401976214,-0.03999999999999959,0.08701137698962969,0.030000000000000027,0.10000000000000009,-2.0384837044721333,0.027493803960905616,0.0015147549117588976,0.027493803960905616,0.0015147549117588976
2024-12-31,242.1300048828125,93564.01,5881.63,2.24,129.2775,17.35,1.42,2.92,-0.483,-0.008246756831924884,0.006214287831739718,-0.004293996454133975,0.0035412942184285257,0.0,-0.002877699827614766,-0.010000000000000009,-0.020000000000000018,-2.0164969174435043,0.027493803960905616,0.0015147549117588976,0.027493803960905616,0.0015147549117588976
2025-01-02,245.4199981689453,97306.46,5868.55,2.23,129.4598,17.93,1.45,2.88,-0.483,0.03921957859410341,0.013496228917031061,-0.00222634979255254,0.0014091515229246454,-0.010000000000000231,0.03288278122417321,0.030000000000000027,-0.040000000000000036,-1.9950946462134511,0.027493803960905616,0.0015147549117588976,0.027493803960905616,0.0015147549117588976
2025-01-03,243.49000549316406,98311.51,5942.47,2.26,129.4535,16.13,1.44,2.81,-0.488,0.01027573124945036,-0.007895124609843762,0.012517287272657995,-4.866493919930548e-05,0.029999999999999805,-0.10579439547992431,-0.010000000000000009,-0.06999999999999984,-2.117920391034136,0.027493803960905616,0.0015147549117588976,0.027493803960905616,0.0015147549117588976
2025-01-06,243.19000244140625,102126.9,5975.38,2.28,128.538,16.04,1.44,2.76,-0.488,0.0380750468205413,-0.0012328556129919122,0.0055228222624901235,-0.007097162835106197,0.020000000000000018,-0.005595289698749006,0.0,-0.050000000000000266,-2.0941308788342656,0.027493803960905616,0.0015147549117588976,0.027493803960905616,0.0015147549117588976
2025-01-07,244.55999755859375,96533.34,5909.03,2.29,128.613,17.82,1.47,2.79,-0.488,-0.05632771675404413,0.00561762673506383,-0.011166004769812332,0.0005833148782352637,0.010000000000000231,0.10523581960429507,0.030000000000000027,0.03000000000000025,-2.0691551675991477,0.027493803960905616,0.0015147549117588976,0.027493803960905616,0.0015147549117588976
2025-01-08,245.86000061035156,93982.01,5918.25,2.27,129.0785,17.7,1.48,2.84,-0.488,-0.02678505992900071,0.005301603121984577,0.001559107735282339,0.0036128510745259135,-0.020000000000000018,-0.006756782462880029,0.010000000000000009,0.04999999999999982,-2.044872924229831,0.027493803960905616,0.0015147549117588976,0.027493803960905616,0.0015147549117588976
2025-01-10,248.2100067138672,94669.06,5827.04,2.34,129.8664,19.54,1.42,2.81,-0.494,0.007283849888439775,0.009512918374949386,-0.01553164435389398,0.006085483294172356,0.06999999999999984,0.09889900703485344,-0.06000000000000005,-0.029999999999999805,-2.189667776144392,0.027493803960905616,0.0015147549117588976,0.027493803960905616,0.0015147549117588976
2025-01-13,245.74000549316406,93575.53,5836.22,2.34,130.0413,19.19,1.44,2.85,-0.494,-0.01161831318325035,-0.010001100303675514,0.0015741742695762895,0.0013458625996873863,0.0,-0.018074336595028218,0.020000000000000018,0.040000000000000036,-2.1621540778494373,0.027493803960905616,0.0015147549117588976,0.027493803960905616,0.0015147549117588976
2025-01-14,247.02999877929688,96505.98,5842.91,2.34,129.3812,18.71,1.44,2.8,-0.494,0.03083605765645281,0.005235693007988651,0.0011456334044925853,-0.005089006733067336,0.0,-0.02533116973361027,0.0,-0.050000000000000266,-2.135461515027725,0.027493803960905616,0.0015147549117588976,0.027493803960905616,0.0015147549117588976
2025-01-15,248.8800048828125,99566.34,5949.91,2.24,129.2092,16.12,1.44,2.72,-0.494,0.03121918032787896,0.007461090407550941,0.01814713298542614,-0.001330289332978296,-0.09999999999999964,-0.14899740320751587,0.0,-0.07999999999999963,-2.1083134340904097,0.02888057219980067,0.001386768238895053,0.027493803960905616,0.0015147549117588976
2025-01-16,250.60000610351562,100344.0,5937.34,2.19,129.436,16.6,1.46,2.73,-0.494,0.007780127057630537,0.006887194609051406,-0.0021148717634655867,0.001753754240402472,-0.050000000000000266,0.029341958284015313,0.020000000000000018,0.009999999999999787,-2.081952536986621,0.02888057219980067,0.001386768238895053,0.02888057219980067,0.001386768238895053
2025-01-17,249.27000427246094,104692.7,5996.66,2.2,129.4859,15.97,1.46,2.64,-0.499,0.042425109705208186,-0.0053214033326849375,0.009941425935723558,0.00038544441870502766,0.010000000000000231,-0.03869073313557658,0.0,-0.08999999999999986,-2.191948930097999,0.02888057219980067,0.001386768238895053,0.02888057219980067,0.001386768238895053
2025-01-21,253.1300048828125,106137.51,6049.24,2.19,128.4151,15.06,1.46,2.61,-0.499,0.013706125115302115,0.015366546556983884,0.008729996752231628,-0.00830400931533859,-0.010000000000000231,-0.05866973985517365,0.0,-0.03000000000000025,-2.1632317417961566,0.02888057219980067,0.001386768238895053,0.02888057219980067,0.001386768238895053
2025-01-22,254.42999267578125,104321.11,6086.37,2.2,128.3402,15.1,1.43,2.59,-0.499,-0.01726177908372506,0.00512251021306831,0.0061192005774426406,-0.0005834349057227683,0.010000000000000231,0.0026525214491313065,-0.030000000000000027,-0.020000000000000018,-2.134618845524181,0.02888057219980067,0.001386768238895053,0.02888057219980067,0.001386768238895053
2025-01-23,254.07000732421875,103284.01,6118.71,2.23,128.2162,15.02,1.43,2.61,-0.499,-0.009991166183407785,-0.0014158718257650804,0.005299445097723066,-0.0009666491239785913,0.029999999999999805,-0.005312097484890366,0.0,0.020000000000000018,-2.1068627024102904,0.02888057219980067,0.001386768238895053,0.02888057219980067,0.001386768238895053
2025-01-24,255.64999389648438,104859.4,6101.24,2.2,127.4611,14.85,1.43,2.6,-0.504,0.015137832937332618,0.006199449222330067,-0.0028592607828965555,-0.005906681550391646,-0.029999999999999805,-0.01138278108727997,0.0,-0.009999999999999787,-2.2113205063349235,0.02888057219980067,0.001386768238895053,0.02888057219980067,0.001386768238895053
2025-01-27,252.99000549316406,101386.11,6012.28,2.13,128.0912,17.9,1.45,2.66,-0.504,-0.03368430568744607,-0.010459313683880644,-0.014687984883634542,0.004931290204607031,-0.07000000000000028,0.18680084759800053,0.020000000000000018,0.06000000000000005,-2.181303096162049,0.02888057219980067,0.001386768238895053,0.02888057219980067,0.001386768238895053
2025-01-28,255.17999267578125,101264.02,6067.7,2.13,128.2817,16.41,1.45,2.66,-0.504,-0.0012049339891522237,0.008619165823802177,0.009175576254676798,0.0014861167858271074,0.0,-0.08690980774470969,0.0,0.0,-2.1522181575045765,0.02888057219980067,0.001386768238895053,0.02888057219980067,0.001386768238895053
2025-01-29,254.1999969482422,104193.92,6039.31,2.15,128.3418,16.56,1.45,2.68,-0.504,0.02852261275217849,-0.0038478030414186293,-0.004689853570095437,0.00046839047163516057,0.020000000000000018,0.009099243855114292,0.0,0.020000000000000018,-2.1235910974204004,0.02888057219980067,0.001386768238895053,0.02888057219980067,0.001386768238895053
2025-01-30,258.04998779296875,104907.1,6071.17,2.14,128.1004,15.84,1.45,2.67,-0.504,0.00682141833126515,0.015031970539816086,0.0052615707224354935,-0.0018826860111458288,-0.009999999999999787,-0.04445176257083405,0.0,-0.010000000000000231,-2.0958190901125944,0.02888057219980067,0.001386768238895053,0.02888057219980067,0.001386768238895053
2025-01-31,258.55999755859375,101680.02,6040.53,2.16,128.4828,16.43,1.45,2.68,-0.507,-0.031244373043234575,0.001974448600582157,-0.005059581291424919,0.002980711777886391,0.020000000000000018,0.0365705456628973,0.0,0.010000000000000231,-2.1446187910558043,0.02888057219980067,0.001386768238895053,0.02888057219980067,0.001386768238895053
2025-02-03,259.94000244140625,101081.4,5994.57,2.09,129.109,18.62,1.46,2.73,-0.507,-0.00590469073710409,0.005323078655223412,-0.007637696973120001,0.004861965586996142,-0.07000000000000028,0.12512733979974433,0.010000000000000009,0.04999999999999982,-2.116252063006194,0.02888057219980067,0.001386768238895053,0.02888057219980067,0.001386768238895053
2025-02-04,262.5,98652.18,6037.88,2.08,128.1083,17.21,1.46,2.71,-0.507,-0.02432580228770931,0.009800237486044416,0.007198897488333245,-0.007781008889123697,-0.009999999999999787,-0.07874566162547314,0.0,-0.020000000000000018,-2.0887269067121403,0.02888057219980067,0.001386768238895053,0.02888057219980067,0.001386768238895053
2025-02-05,264.1300048828125,97323.4,6061.48,2.01,127.9751,15.77,1.45,2.69,-0.507,-0.013560876954173295,0.0061903426424301244,0.0039010377290882303,-0.0010402861881120273,-0.07000000000000028,-0.0873812092485009,-0.010000000000000009,-0.020000000000000018,-2.0617611117737056,0.02888057219980067,0.001386768238895053,0.02888057219980067,0.001386768238895053
2025-02-06,263.42999267578125,96926.63,6083.57,2.03,128.2017,15.5,1.44,2.66,-0.507,-0.004085153055475743,-0.0026537744373777983,0.003637700027498525,0.0017690911831111933,0.020000000000000018,-0.017269377049746293,-0.010000000000000009,-0.029999999999999805,-2.035563325648923,0.02888057219980067,0.001386768238895053,0.02888057219980067,0.001386768238895053
2025-02-07,263.8999938964844,95764.3,6025.99,2.07,128.4292,16.54,1.45,2.67,-0.506,-0.01206433637418236,0.0017825701444094122,-0.00950991348210728,0.0017729748022894398,0.040000000000000036,0.06494166567034432,0.010000000000000009,0.009999999999999787,-1.9857673999205399,0.02888057219980067,0.001386768238895053,0.02888057219980067,0.001386768238895053
2025-02-10,268.3699951171875,97331.96,6066.44,2.07,128.6382,15.81,1.45,2.66,-0.506,0.016237439743541415,0.016796386802506724,0.006690160848149773,0.001626033064086485,0.0,-0.04513903837416455,0.0,-0.009999999999999787,-1.9616378693269103,0.02888057219980067,0.001386768238895053,0.02888057219980067,0.001386768238895053
2025-02-11,267.3900146484375,95305.01,6068.5,2.08,128.4322,16.02,1.46,2.66,-0.506,-0.021045023804269647,-0.00365828558987058,0.0003395154850025506,-0.0016026741631378627,0.010000000000000231,0.013195290418832606,0.010000000000000009,0.0,-1.9381379951511373,0.02888057219980067,0.001386768238895053,0.02888057219980067,0.001386768238895053
2025-02-12,267.6700134277344,97026.53,6051.97,2.16,128.3288,15.89,1.45,2.65,-0.506,0.017902066154984908,0.0010466070727144228,-0.002727618689451816,-0.0008054183118897384,0.08000000000000007,-0.008147961091588662,-0.010000000000000009,-0.010000000000000231,-1.9152598685930227,0.030004831121501097,0.0011242589217004273,0.02888057219980067,0.001386768238895053
2025-02-13,270.30999755859375,96264.52,6115.07,2.08,127.8931,15.1,1.44,2.65,-0.506,-0.007884627329350025,0.009814510830151058,0.010372377459622939,-0.003400961588074125,-0.08000000000000007,-0.05099523672774575,-0.010000000000000009,0.0,-1.8929538710563325,0.030004831121501097,0.0011242589217004273,0.030004831121501097,0.0011242589217004273
2025-02-14,266.2900085449219,97196.1,6114.63,2.04,127.1491,14.77,1.46,2.62,-0.502,0.009630768271680523,-0.01498346692654895,-7.195597605580417e-05,-0.005834345143298059,-0.040000000000000036,-0.02209664727759053,0.020000000000000018,-0.029999999999999805,-1.7768987834545182,0.030004831121501097,0.0011242589217004273,0.030004831121501097,0.0011242589217004273
2025-02-18,270.70001220703125,94196.77,6129.58,2.1,127.2906,15.35,1.44,2.62,-0.502,-0.031344694957537556,0.016425269144477284,0.0024419717448793676,0.0011122479281926445,0.06000000000000005,0.03851737748991768,-0.020000000000000018,0.0,-1.75782998755709,0.030004831121501097,0.0011242589217004273,0.030004831121501097,0.0011242589217004273
2025-02-19,270.8500061035156,96180.72,6144.15,2.08,127.7317,15.27,1.46,2.68,-0.502,0.020843029538216484,0.0005539429240091209,0.0023741775065797555,0.003459308773233971,-0.020000000000000018,-0.005225354802664839,0.020000000000000018,0.06000000000000005,-1.7391716047904515,0.030004831121501097,0.0011242589217004273,0.030004831121501097,0.0011242589217004273
2025-02-20,270.989990234375,98453.61,6117.52,2.05,127.1126,15.66,1.47,2.66,-0.502,0.02335655098712408,0.0005166991544358623,-0.004343623971148958,-0.004858662468836705,-0.03000000000000025,0.02521957133211572,0.010000000000000009,-0.020000000000000018,-1.721197637398537,0.030004831121501097,0.0011242589217004273,0.030004831121501097,0.0011242589217004273
2025-02-21,270.739990234375,95066.24,6013.13,2.0,127.1408,18.21,1.49,2.78,-0.492,-0.03501156098902136,-0.0009229691054981615,-0.01721137399126249,0.00022182594306041636,-0.04999999999999982,0.1508612031768597,0.020000000000000018,0.11999999999999966,-1.4722295796261056,0.030004831121501097,0.0011242589217004273,0.030004831121501097,0.0011242589217004273
2025-02-24,272.2099914550781,94019.99,5983.25,1.98,127.1921,18.98,1.48,2.78,-0.492,-0.011066492547787021,0.005414881156990958,-0.004981513054854503,0.00040340829437113257,-0.020000000000000018,0.041414899442265174,-0.010000000000000009,0.0,-1.4592854622487805,0.030004831121501097,0.0011242589217004273,0.030004831121501097,0.0011242589217004273
2025-02-25,268.6199951171875,88161.03,5955.25,1.92,127.3752,19.43,1.5,2.84,-0.492,-0.06434239059618996,-0.01327607254097618,-0.004690715138396584,0.0014385196494179908,-0.06000000000000005,0.02343247020756678,0.020000000000000018,0.06000000000000005,-1.4465401373968916,0.030004831121501097,0.0011242589217004273,0.030004831121501097,0.0011242589217004273
2025-02-26,269.0299987792969,84384.34,5956.06,1.89,127.2822,19.1,1.51,2.81,-0.492,-0.04378318927683367,0.0015251697060953973,0.0001360051919139238,-0.000730393101746607,-0.030000000000000027,-0.017129928336764078,0.010000000000000009,-0.029999999999999805,-1.434523094096881,0.030004831121501097,0.0011242589217004273,0.030004831121501097,0.0011242589217004273
2025-02-27,264.92999267578125,83522.02,5861.57,1.92,127.9704,21.13,1.52,2.81,-0.492,-0.01027152969699685,-0.015357280506671067,-0.015991702852089063,0.00539231857047362,0.030000000000000027,0.10100549657538105,0.010000000000000009,0.0,-1.4226804689909656,0.030004831121501097,0.0011242589217004273,0.030004831121501097,0.0011242589217004273
2025-02-28,263.2699890136719,84190.51,5954.5,1.86,128.2805,19.63,1.57,2.87,-0.479,0.007971897392184957,-0.006285532695668117,0.01572975043189828,0.002420285363873731,-0.05999999999999983,-0.07363482333959581,0.050000000000000044,0.06000000000000005,-1.114741985113004,0.030004831121501097,0.0011242589217004273,0.030004831121501097,0.0011242589217004273
2025-03-03,266.739990234375,86073.99,5849.72,1.8,127.75,22.78,1.61,2.94,-0.479,0.022125068145001592,0.013094284775934106,-0.01775343937549323,-0.004144043457273483,-0.06000000000000005,0.14882394973066626,0.040000000000000036,0.06999999999999984,-1.10719595304936,0.030004831121501097,0.0011242589217004273,0.030004831121501097,0.0011242589217004273
2025-03-04,269.05999755859375,86825.27,5778.15,1.87,127.9966,23.51,1.61,2.99,-0.479,0.008690433125932984,0.008660029400338942,-0.01231023460336722,0.0019284719830139352,0.07000000000000006,0.031542904532942284,0.0,0.050000000000000266,-1.099718695174022,0.030004831121501097,0.0011242589217004273,0.030004831121501097,0.0011242589217004273
2025-03-05,269.6199951171875,90499.64,5842.63,1.94,126.504,21.93,1.57,2.88,-0.479,0.0414481644686866,0.0020791481693782643,0.011097475685101443,-0.011729772845812114,0.06999999999999984,-0.06957030012218146,-0.040000000000000036,-0.11000000000000032,-1.0928228689741204,0.030004831121501097,0.0011242589217004273,0.030004831121501097,0.0011242589217004273
2025-03-06,268.25,89047.25,5738.52,1.95,126.1099,24.87,1.59,2.99,-0.479,-0.016178745065822397,-0.005094160642131307,-0.017979700568309553,-0.0031201792120754135,0.010000000000000009,0.1258066953855166,0.020000000000000018,0.11000000000000032,-1.0859858653594021,0.030004831121501097,0.0011242589217004273,0.030004831121501097,0.0011242589217004273
2025-03-07,268.3900146484375,86986.73,5770.2,1.99,125.9814,23.37,1.61,2.97,-0.462,-0.02341154944633317,0.0005218196474086056,0.005505404600508967,-0.0010194720018450454,0.040000000000000036,-0.062209109264546925,0.020000000000000018,-0.020000000000000018,-0.6945774336149455,0.030004831121501097,0.0011242589217004273,0.030004831121501097,0.0011242589217004273
2025-03-10,266.0400085449219,79060.84,5614.56,1.91,126.268,27.86,1.64,3.16,-0.462,-0.09553789563127246,-0.008794495623059895,-0.027343518375984033,0.0022723552430568006,-0.08000000000000007,0.17573881980089334,0.029999999999999805,0.18999999999999995,-0.6912015850645814,0.030004831121501097,0.0011242589217004273,0.030004831121501097,0.0011242589217004273
2025-03-11,269.1600036621094,83104.01,5572.07,1.97,126.0457,26.92,1.68,3.22,-0.462,0.04987527315749318,0.011659306390657598,-0.007596604935653062,-0.0017620926451442642,0.06000000000000005,-0.03432246357513247,0.040000000000000036,0.06000000000000005,-0.6878378798656116,0.030004831121501097,0.0011242589217004273,0.030004831121501097,0.0011242589217004273
2025-03-12,270.3299865722656,82915.94,5599.3,1.99,125.8664,24.23,1.65,3.2,-0.462,-0.0022656322983873878,0.004337373317600424,0.004874971275235396,-0.0014235126480839355,0.020000000000000018,-0.10527796994809302,-0.030000000000000027,-0.020000000000000018,-0.6848590173581883,0.0282154895174751,-0.0017893416040259957,0.030004831121501097,0.0011242589217004273
2025-03-13,275.1300048828125,80210.4,5521.52,1.98,126.0031,24.66,1.7,3.4,-0.462,-0.03317414123733364,0.017600345742840418,-0.013988405225353162,0.0010854828665047833,-0.010000000000000009,0.017590962907763963,0.050000000000000044,0.19999999999999973,-0.6818899683364007,0.0282154895174751,-0.0017893416040259957,0.0282154895174751,-0.0017893416040259957
2025-03-14,275.239990234375,84554.0,5638.94,2.01,125.6942,21.77,1.65,3.25,-0.444,0.052737201234226205,0.00039967786762495905,0.02104291988140794,-0.0024545368987842764,0.029999999999999805,-0.1246496224897422,-0.050000000000000044,-0.1499999999999999,-0.27221533147917043,0.0282154895174751,-0.0017893416040259957,0.0282154895174751,-0.0017893416040259957
2025-03-17,276.7300109863281,84482.55,5675.12,2.02,125.3688,20.51,1.63,3.18,-0.444,-0.000845379348492159,0.005398932434642845,0.006395603934347349,-0.0025921795103824863,0.010000000000000231,-0.05962030316216671,-0.020000000000000018,-0.06999999999999984,-0.27145866264087265,0.0282154895174751,-0.0017893416040259957,0.0282154895174751,-0.0017893416040259957
2025-03-18,279.9599914550781,82317.2,5614.66,1.99,125.488,21.7,1.63,3.23,-0.444,-0.025964926819618483,0.01160436401087761,-0.010710674253909147,0.0009503430560489079,-0.030000000000000027,0.05639968846212451,0.0,0.04999999999999982,-0.27070233793303694,0.0282154895174751,-0.0017893416040259957,0.0282154895174751,-0.0017893416040259957
2025-03-19,281.1099853515625,85433.38,5675.29,1.94,125.8006,19.9,1.64,3.19,-0.444,0.03715681359477152,0.004099294399691367,0.010740629118979328,0.0024879772600137073,-0.050000000000000044,-0.08659252881596702,0.010000000000000009,-0.040000000000000036,-0.2701319900983535,0.0282154895174751,-0.0017893416040259957,0.0282154895174751,-0.0017893416040259957
2025-03-20,280.75,84176.87,5662.89,1.93,125.985,19.8,1.64,3.17,-0.444,-0.014816710514057974,-0.0012814060805395044,-0.002187300773803358,0.0014647385153763182,-0.010000000000000009,-0.005037794029957077,0.0,-0.020000000000000018,-0.2695618498315162,0.0282154895174751,-0.0017893416040259957,0.0282154895174751,-0.0017893416040259957
2025-03-21,278.489990234375,83956.35,5667.56,1.92,126.2679,19.28,1.68,3.21,-0.426,-0.002623159497559868,-0.008082476604942102,0.0008243274123156397,0.0022429880378433964,-0.010000000000000009,-0.026613648518090116,0.040000000000000036,0.040000000000000036,0.13802396522014243,0.0282154895174751,-0.0017893416040259957,0.0282154895174751,-0.0017893416040259957
2025-03-24,277.25,88222.01,5767.57,1.98,126.1956,17.48,1.64,3.05,-0.426,0.049559457441430865,-0.004462490783133433,0.017492157944607456,-0.0005727560774246854,0.06000000000000005,-0.09801091895501024,-0.040000000000000036,-0.16000000000000014,0.1369426500704618,0.0282154895174751,-0.0017893416040259957,0.0282154895174751,-0.0017893416040259957
2025-03-25,278.4700012207031,88116.23,5776.65,1.96,126.0535,17.15,1.66,3.09,-0.426,-0.0011997399167427147,0.004390711790074775,0.0015730819184724965,-0.0011266641984573056,-0.020000000000000018,-0.019059196615440754,0.020000000000000018,0.040000000000000036,0.1358614973136668,0.0282154895174751,-0.0017893416040259957,0.0282154895174751,-0.0017893416040259957
2025-03-26,278.239990234375,86567.18,5712.2,1.98,126.2364,18.33,1.66,3.19,-0.426,-0.01773597854757014,-0.0008263225124265361,-0.01121969145510704,0.0014499195730151015,0.020000000000000018,0.06654088823966475,0.0,0.10000000000000009,0.13495788650590598,0.0282154895174751,-0.0017893416040259957,0.0282154895174751,-0.0017893416040259957
2025-03-27,281.9700012207031,87060.4,5693.31,1.99,126.3626,18.69,1.68,3.27,-0.426,0.005681370743955583,0.013316671121390122,-0.003312437106650634,0.0009992122732089825,0.010000000000000009,0.01944955961585837,0.020000000000000018,0.08000000000000007,0.13405442077221819,0.0282154895174751,-0.0017893416040259957,0.0282154895174751,-0.0017893416040259957
2025-03-28,284.05999755859375,83790.74,5580.94,1.9,126.4187,21.65,1.73,3.47,-0.409,-0.03827963045709026,0.007384788228781858,-0.019934580336265384,0.00044386195435386355,-0.09000000000000008,0.14701683298102708,0.050000000000000044,0.20000000000000018,0.5173008536134469,0.0282154895174751,-0.0017893416040259957,0.0282154895174751,-0.0017893416040259957
2025-03-31,288.1400146484375,82462.26,5611.85,1.85,126.7075,22.28,1.76,3.55,-0.409,-0.015981766058084546,0.014261049112946012,0.005523212456949977,0.002281866715599712,-0.04999999999999982,0.028683960610584425,0.030000000000000027,0.07999999999999963,0.5146062699417123,0.0282154895174751,-0.0017893416040259957,0.0282154895174751,-0.0017893416040259957
2025-04-01,287.57000732421875,84972.0,5633.07,1.84,126.4338,21.77,1.73,3.5,-0.409,0.029981056326708,-0.0019801896396476337,0.0037741531622366153,-0.0021624294941533506,-0.010000000000000009,-0.02315653981262722,-0.030000000000000027,-0.04999999999999982,0.5119176073884365,0.0282154895174751,-0.0017893416040259957,0.0282154895174751,-0.0017893416040259957
2025-04-02,288.1600036621094,86900.01,5670.97,1.88,126.3811,21.51,1.73,3.42,-0.409,0.022436356888501763,0.002049559804647494,0.006705592339420363,-0.0004169058134095849,0.039999999999999813,-0.012014931966817244,0.0,-0.08000000000000007,0.5092348023659297,0.0282154895174751,-0.0017893416040259957,0.0282154895174751,-0.0017893416040259957
2025-04-03,286.4200134277344,82009.76,5396.52,1.78,124.7316,30.02,1.89,4.01,-0.409,-0.0579198827744829,-0.00605658220441363,-0.04960587756339585,-0.013137716453083925,-0.09999999999999987,0.333345882925677,0.15999999999999992,0.5899999999999999,0.5065577917987021,0.0282154895174751,-0.0017893416040259957,0.0282154895174751,-0.0017893416040259957
2025-04-04,279.7200012207031,84010.0,5074.08,1.83,125.8129,45.31,1.94,4.45,-0.394,0.024097574805100663,-0.023670204732145095,-0.06160907367588031,0.008631653966090447,0.050000000000000044,0.411663932473731,0.050000000000000044,0.4400000000000004,0.8412908598833375,0.0282154895174751,-0.0017893416040259957,0.0282154895174751,-0.0017893416040259957
2025-04-07,273.7099914550781,78130.43,5062.25,1.96,126.8282,46.98,2.02,4.61,-0.394,-0.07255622973548093,-0.02171998668570385,-0.002334179209082521,0.00803753202352997,0.1299999999999999,0.03619422055172006,0.08000000000000007,0.16000000000000014,0.8363690487064203,0.0282154895174751,-0.0017893416040259957,0.0282154895174751,-0.0017893416040259957
2025-04-08,275.20001220703125,76854.05,4982.77,2.04,126.8668,52.33,2.0,4.57,-0.394,-0.01647144098020803,0.005429029902152216,-0.01582508719681286,0.0003043024127231675,0.08000000000000007,0.10784784115334967,-0.020000000000000018,-0.040000000000000036,0.8323671830497984,0.0282154895174751,-0.0017893416040259957,0.0282154895174751,-0.0017893416040259957
2025-04-09,285.3800048828125,82332.08,5456.9,2.07,126.628,33.62,2.02,4.37,-0.394,0.06885265651087025,0.036323492196158824,0.09089490164871528,-0.001884062873391379,0.029999999999999805,-0.44244869240364704,0.020000000000000018,-0.20000000000000018,0.8283845259075383,0.0282154895174751,-0.0017893416040259957,0.0282154895174751,-0.0017893416040259957
2025-04-10,292.3500061035156,79647.37,5268.05,2.21,125.089,40.72,1.97,4.42,-0.394,-0.03315180882117197,0.024130092886814225,-0.035220587845119056,-0.012228170341593625,0.14000000000000012,0.19159824426179783,-0.050000000000000044,0.04999999999999982,0.8244208461724436,0.023907252538964974,-0.004308236978510127,0.0282154895174751,-0.0017893416040259957
2025-04-11,297.92999267578125,83858.28,5363.36,2.28,124.0163,37.56,1.9,4.26,-0.383,0.05151921480707777,0.018906799500581606,0.01793036925211311,-0.008612475371617023,0.06999999999999984,-0.08077971790220495,-0.07000000000000006,-0.16000000000000014,1.0655848846078417,0.023907252538964974,-0.004308236978510127,0.023907252538964974,-0.004308236978510127
2025-04-14,296.2300109863281,84923.07,5405.97,2.15,123.6598,30.89,1.9,4.14,-0.383,0.012617556695918353,-0.005722318290653838,0.007913254093152133,-0.0028787617876817606,-0.1299999999999999,-0.1955071474095722,0.0,-0.1200000000000001,1.0593912633360987,0.023907252538964974,-0.004308236978510127,0.023907252538964974,-0.004308236978510127
2025-04-15,297.7799987792969,83998.51,5396.63,2.16,123.776,30.12,1.9,4.09,-0.383,-0.010946727263007716,0.005218738019025615,-0.0017292137684190578,0.0009392335995217493,0.010000000000000231,-0.025243103998797256,0.0,-0.04999999999999982,1.0538676473866027,0.023907252538964974,-0.004308236978510127,0.023907252538964974,-0.004308236978510127
2025-04-16,307.4700012207031,84334.0,5275.7,2.12,123.2724,32.64,1.92,4.16,-0.383,0.003986044575750469,0.03202257075367587,-0.02266331270099542,-0.004076939559584325,-0.040000000000000036,0.08034912716421339,0.020000000000000018,0.07000000000000028,1.0483833322406826,0.023907252538964974,-0.004308236978510127,0.023907252538964974,-0.004308236978510127
2025-04-17,306.1199951171875,84849.05,5282.7,2.11,123.1298,29.65,1.92,4.02,-0.383,0.006088690222414428,-0.004400359490662531,0.0013259586728278094,-0.0011574573272499222,-0.010000000000000231,-0.09607640465217182,0.0,-0.14000000000000057,1.0429377216426234,0.023907252538964974,-0.004308236978510127,0.023907252538964974,-0.004308236978510127
2025-04-21,315.5899963378906,87415.09,5158.2,2.2,122.3145,33.82,1.96,4.16,-0.383,0.029794126831747647,0.030466725196562017,-0.023849649226388436,-0.006643486922822461,0.0900000000000003,0.1315902180266999,0.040000000000000036,0.14000000000000057,1.0375302314098078,0.023907252538964974,-0.004308236978510127,0.023907252538964974,-0.004308236978510127
2025-04-22,311.1099853515625,91414.78,5287.76,2.14,122.4175,30.57,1.93,3.99,-0.383,0.04473924994967504,-0.014297390879939975,0.024807034313980125,0.0008417371335296409,-0.06000000000000005,-0.10103320756769119,-0.030000000000000027,-0.16999999999999993,1.0321602891140624,0.023907252538964974,-0.004308236978510127,0.023907252538964974,-0.004308236978510127
2025-04-23,303.6499938964844,93497.88,5375.86,2.11,123.0252,28.45,1.86,3.75,-0.383,0.02253159007045369,-0.02427079806460597,0.01652384547479535,0.004951878721909608,-0.03000000000000025,-0.07187097533040321,-0.06999999999999984,-0.2400000000000002,1.027385647397014,0.023907252538964974,-0.004308236978510127,0.023907252538964974,-0.004308236978510127
2025-04-24,308.07000732421875,93556.12,5484.77,2.02,122.9251,26.47,1.86,3.73,-0.383,0.0006227079012681713,0.014451351409752178,0.02005659908960844,-0.0008139856347151309,-0.08999999999999986,-0.07213614433333015,0.0,-0.020000000000000018,1.022640925633993,0.023907252538964974,-0.004308236978510127,0.023907252538964974,-0.004308236978510127
2025-04-25,304.7300109863281,95291.0,5525.21,2.02,122.8858,24.84,1.84,3.67,-0.39,0.01837389744358653,-0.010900878955956372,0.007346095426564503,-0.00031975799555539197,0.0,-0.06355675917373205,-0.020000000000000018,-0.06000000000000005,0.864801566783001,0.023907252538964974,-0.004308236978510127,0.023907252538964974,-0.004308236978510127
2025-04-28,309.07000732421875,94786.73,5528.75,1.98,122.7176,25.15,1.87,3.73,-0.39,-0.005305947025588509,0.014141637459613499,0.0006404944691347225,-0.001369688093046939,-0.040000000000000036,0.012402639480470157,0.030000000000000027,0.06000000000000005,0.8615025415569159,0.023907252538964974,-0.004308236978510127,0.023907252538964974,-0.004308236978510127
2025-04-29,306.05999755859375,95300.79,5560.83,1.96,122.5944,24.17,1.88,3.74,-0.39,0.005408679677488593,-0.009786658970495132,0.005785627496395662,-0.0010044352527227574,-0.020000000000000018,-0.03974570183035642,0.009999999999999787,0.010000000000000231,0.858217532721356,0.023907252538964974,-0.004308236978510127,0.023907252538964974,-0.004308236978510127
2025-04-30,303.7699890136719,94152.01,5569.06,1.94,122.5921,24.7,1.96,3.94,-0.39,-0.012127496450961672,-0.007510353244041923,0.001478900779794401,-1.876122869770569e-05,-0.020000000000000018,0.021691048918540012,0.08000000000000007,0.19999999999999973,0.8552839582211397,0.023907252538964974,-0.004308236978510127,0.023907252538964974,-0.004308236978510127
2025-05-01,297.4599914550781,96523.26,5604.14,2.0,123.1405,24.6,1.95,3.78,-0.39,0.0248734117832079,-0.020991066503797562,0.006279331841724911,0.004463395662036795,0.06000000000000005,-0.0040568006956145375,-0.010000000000000009,-0.16000000000000014,0.8523616529059935,0.023907252538964974,-0.004308236978510127,0.023907252538964974,-0.004308236978510127
2025-05-02,297.9800109863281,96924.23,5686.67,2.06,122.4962,22.68,1.9,3.6,-0.404,0.0041455236688214825,0.001746673590377057,0.014619229243407972,-0.005245970798379851,0.06000000000000005,-0.08126296407876588,-0.050000000000000044,-0.17999999999999972,0.5443589849372792,0.023907252538964974,-0.004308236978510127,0.023907252538964974,-0.004308236978510127
2025-05-05,306.8800048828125,94347.16,5650.38,2.08,122.2613,23.64,1.91,3.6,-0.404,-0.026948368566017677,0.029430400577679094,-0.0064020400278312906,-0.0019194514743778868,0.020000000000000018,0.04145671367834636,0.010000000000000009,0.0,0.5434894479927658,0.023907252538964974,-0.004308236978510127,0.023907252538964974,-0.004308236978510127
2025-05-06,315.4800109863281,94963.5,5606.91,2.04,122.0417,24.76,1.95,3.66,-0.404,0.00651143657385056,0.027638515747737458,-0.007723033885545405,-0.0017977680105856209,-0.040000000000000036,0.04628925527849814,0.040000000000000036,0.06000000000000005,0.5426207841151677,0.023907252538964974,-0.004308236978510127,0.023907252538964974,-0.004308236978510127
2025-05-07,310.75,96180.0,5631.28,2.01,122.117,23.55,1.95,3.67,-0.404,0.012728828603066233,-0.015106592963135768,0.004337004125959609,0.0006168119537601768,-0.03000000000000025,-0.05010362735396878,0.0,0.009999999999999787,0.5417529906371933,0.023907252538964974,-0.004308236978510127,0.023907252538964974,-0.004308236978510127
2025-05-08,304.6300048828125,101300.0,5663.94,2.08,122.7568,22.48,1.89,3.51,-0.404,0.05186497540512036,-0.01989078892817897,0.0057829933406665646,0.005225560724667844,0.07000000000000028,-0.04649979543693661,-0.06000000000000005,-0.16000000000000014,0.5408860649008899,0.023907252538964974,-0.004308236978510127,0.023907252538964974,-0.004308236978510127
2025-05-09,306.8399963378906,103189.17,5659.91,2.08,122.5191,21.9,1.89,3.53,-0.421,0.018477494425578556,0.007228485693538289,-0.000711772086374296,-0.0019382260908171745,0.0,-0.026139388203035185,0.0,0.020000000000000018,0.16935038911223174,0.023907252538964974,-0.004308236978510127,0.023907252538964974,-0.004308236978510127
2025-05-12,298.19000244140625,101859.99,5844.19,2.16,123.4863,18.39,1.82,3.15,-0.421,-0.01296468239772608,-0.02859555174099615,0.032040014309449916,0.007863282542501793,0.08000000000000007,-0.17467959820622525,-0.06999999999999984,-0.3799999999999999,0.17016868076796013,0.023907252538964974,-0.004308236978510127,0.023907252538964974,-0.004308236978510127
2025-05-13,299.4599914550781,104792.21,5886.55,2.17,122.9583,18.22,1.82,3.09,-0.421,0.02838021378061839,0.004249948759953881,0.0072220821737154495,-0.004284945240212501,0.009999999999999787,-0.009287146784417555,0.0,-0.06000000000000005,0.17098743035076933,0.023112888616734883,-0.0007943639222300902,0.023907252538964974,-0.004308236978510127
2025-05-14,293.1600036621094,103321.73,5892.58,2.16,122.6746,18.62,1.8,3.1,-0.421,-0.01413172487963621,-0.021262276625643395,0.0010238448046244741,-0.0023099521778151555,-0.009999999999999787,0.02171638001710896,-0.020000000000000018,0.010000000000000231,0.17180663984382294,0.023112888616734883,-0.0007943639222300902,0.023112888616734883,-0.0007943639222300902
2025-05-15,297.8399963378906,103157.26,5916.93,2.11,122.8174,17.83,1.83,3.2,-0.421,-0.0015930922055034102,0.015837869719407927,0.004123800988772075,0.0011633781639002194,-0.050000000000000266,-0.04335383997387243,0.030000000000000027,0.10000000000000009,0.17262631123544142,0.023112888616734883,-0.0007943639222300902,0.023112888616734883,-0.0007943639222300902
2025-05-16,294.239990234375,104032.6,5958.38,2.09,123.0737,17.24,1.82,3.16,-0.439,0.008449691583061636,-0.012160689602209729,0.0069808987439632375,0.0020846634369400263,-0.020000000000000018,-0.03365016663950193,-0.010000000000000009,-0.040000000000000036,-0.2197372470406598,0.023112888616734883,-0.0007943639222300902,0.023112888616734883,-0.0007943639222300902
2025-05-19,298.0299987792969,105517.64,5963.6,2.1,122.4186,18.14,1.84,3.21,-0.439,0.014173831169564721,0.012798420816745093,0.0008756935229854435,-0.005337043605768699,0.010000000000000231,0.05088717945144383,0.020000000000000018,0.04999999999999982,-0.21742733379123763,0.023112888616734883,-0.0007943639222300902,0.023112888616734883,-0.0007943639222300902
2025-05-20,303.5799865722656,107026.47,5940.46,2.13,122.3199,18.09,1.82,3.2,-0.439,0.014198044314708724,0.01845097448398647,-0.003887754118519382,-0.0008065752249919456,0.029999999999999805,-0.002760145279786741,-0.020000000000000018,-0.009999999999999787,-0.2151177760407358,0.023112888616734883,-0.0007943639222300902,0.023112888616734883,-0.0007943639222300902
2025-05-21,305.82000732421875,108603.79,5844.61,2.23,121.7496,20.87,1.85,3.25,-0.439,0.014630118556452132,0.007351594562024388,-0.016266702451147808,-0.0046732675563196935,0.10000000000000009,0.14295342168190528,0.030000000000000027,0.04999999999999982,-0.21280853598914842,0.023112888616734883,-0.0007943639222300902,0.023112888616734883,-0.0007943639222300902
2025-05-22,303.1099853515625,111188.0,5842.01,2.2,122.0429,20.28,1.87,3.32,-0.439,0.023516156722562798,-0.008900989925318292,-0.0004449532958030744,0.0024061457305366574,-0.029999999999999805,-0.02867754236612674,0.020000000000000018,0.06999999999999984,-0.21049957580923243,0.023112888616734883,-0.0007943639222300902,0.023112888616734883,-0.0007943639222300902
2025-05-23,309.75,108714.01,5802.82,2.18,121.3837,22.29,1.88,3.4,-0.453,-0.02250178965782368,0.021669792905121277,-0.006730909417987263,-0.0054160195424275415,-0.020000000000000018,0.09450296867479491,0.009999999999999787,0.08000000000000007,-0.5140650743431496,0.023112888616734883,-0.0007943639222300902,0.023112888616734883,-0.0007943639222300902
2025-05-27,304.5,109877.87,5921.54,2.11,121.6099,18.96,1.84,3.24,-0.453,0.010648803589290878,-0.01709443335929972,0.020252543913121812,0.001861777967306466,-0.07000000000000028,-0.1618066505709015,-0.039999999999999813,-0.1599999999999997,-0.5103809107133361,0.023112888616734883,-0.0007943639222300902,0.023112888616734883,-0.0007943639222300902
2025-05-28,303.80999755859375,106946.0,5888.55,2.15,121.9888,19.31,1.83,3.23,-0.453,-0.027045442081304216,-0.002268589173612945,-0.0055867628115837675,0.0031108565486164252,0.040000000000000036,0.018291599613547316,-0.010000000000000009,-0.010000000000000231,-0.5067048988834532,0.023112888616734883,-0.0007943639222300902,0.023112888616734883,-0.0007943639222300902
2025-05-29,305.6099853515625,105731.74,5912.17,2.11,121.5617,19.18,1.81,3.22,-0.453,-0.011418902552314592,0.005907233361944542,0.004003150916718212,-0.003507284426142121,-0.040000000000000036,-0.006755026985131085,-0.020000000000000018,-0.009999999999999787,-0.5029677572815671,0.023112888616734883,-0.0007943639222300902,0.023112888616734883,-0.0007943639222300902
2025-05-30,303.6000061035156,104640.49,5911.69,2.07,121.7674,18.57,1.84,3.31,-0.465,-0.01037456120253033,-0.006598665713002383,-8.119175975807025e-05,0.001690714748048272,-0.040000000000000036,-0.032320694090677726,0.030000000000000027,0.08999999999999986,-0.7607971491224261,0.023112888616734883,-0.0007943639222300902,0.023112888616734883,-0.0007943639222300902
2025-06-02,311.6700134277344,104425.64,5935.94,2.13,121.1881,18.36,1.84,3.27,-0.465,-0.0020553312546045532,0.026233913208447035,0.004093651450133962,-0.004768783566007961,0.06000000000000005,-0.011372990172270114,0.0,-0.040000000000000036,-0.7555079450918298,0.023112888616734883,-0.0007943639222300902,0.023112888616734883,-0.0007943639222300902
2025-06-03,308.9100036621094,106238.81,5970.37,2.14,121.4592,17.69,1.81,3.19,-0.465,0.017214245446142584,-0.00889499464201915,0.005783504036175557,0.002234519920905065,0.010000000000000231,-0.03717487702065014,-0.030000000000000027,-0.08000000000000007,-0.750244060395786,0.023112888616734883,-0.0007943639222300902,0.023112888616734883,-0.0007943639222300902
2025-06-04,310.8999938964844,104913.52,5970.81,2.06,121.0539,17.61,1.8,3.23,-0.465,-0.012553092861786297,0.006421313241234294,7.369455953210036e-05,-0.003342502960419047,-0.08000000000000007,-0.0045325856635796136,-0.010000000000000009,0.040000000000000036,-0.7448359560344038,0.023112888616734883,-0.0007943639222300902,0.023112888616734883,-0.0007943639222300902
2025-06-05,309.3299865722656,101914.76,5939.3,2.11,120.9596,18.48,1.77,3.18,-0.465,-0.02899961412006391,-0.00506267264407434,-0.005291315280564035,-0.000779295409325087,0.04999999999999982,0.04822214370542355,-0.030000000000000027,-0.04999999999999982,-0.739452934525396,0.023112888616734883,-0.0007943639222300902,0.023112888616734883,-0.0007943639222300902
2025-06-06,305.17999267578125,104219.8,6000.36,2.2,121.161,16.77,1.73,3.09,-0.475,0.022365352832439456,-0.013506882324947789,0.01022818611570031,0.0016636341265536814,0.0900000000000003,-0.09709749037842075,-0.040000000000000036,-0.0900000000000003,-0.9509133510404686,0.023112888616734883,-0.0007943639222300902,0.023112888616734883,-0.0007943639222300902
2025-06-09,306.6199951171875,108565.86,6005.88,2.18,120.9103,17.16,1.72,3.12,-0.475,0.04085486297426577,0.0047074374937485786,0.0009195219134294774,-0.0020712913065725758,-0.020000000000000018,0.02298951822469908,-0.010000000000000009,0.03000000000000025,-0.9439191872036474,0.023112888616734883,-0.0007943639222300902,0.023112888616734883,-0.0007943639222300902
2025-06-10,306.7099914550781,109526.3,6038.81,2.18,121.0485,16.95,1.71,3.12,-0.475,0.008807709629692795,0.00029346792267404,0.0054679833266551015,0.0011423433661317262,0.0,-0.012313260233357326,-0.010000000000000009,0.0,-0.9369756419079254,0.023112888616734883,-0.0007943639222300902,0.023112888616734883,-0.0007943639222300902
2025-06-11,308.3699951171875,108742.37,6022.24,2.14,120.587,17.26,1.74,3.12,-0.475,-0.007183196477861031,0.00539769697833048,-0.002747689533666886,-0.0038198076122313296,-0.040000000000000036,0.0181238518288227,0.030000000000000027,0.0,-0.9298502105247184,0.02354896535474671,0.0004360767380118258,0.023112888616734883,-0.0007943639222300902
2025-06-12,312.20001220703125,106789.8,6045.26,2.11,120.1723,18.02,1.73,3.17,-0.475,-0.018119090240695357,0.012343702322692884,0.0038152107599636054,-0.0034449378289798105,-0.03000000000000025,0.043090566524909946,-0.010000000000000009,0.04999999999999982,-0.9227747428401344,0.02354896535474671,0.0004360767380118258,0.02354896535474671,0.0004360767380118258
2025-06-13,316.2900085449219,105110.01,5976.97,2.13,120.3245,20.82,1.75,3.18,-0.482,-0.015854900373481584,0.013015494091699331,-0.01136074330540815,0.0012657134757647626,0.020000000000000018,0.14443181100663116,0.020000000000000018,0.010000000000000231,-1.066497740883307,0.02354896535474671,0.0004360767380118258,0.02354896535474671,0.0004360767380118258
2025-06-16,311.7799987792969,108652.01,6033.11,2.16,120.1565,19.11,1.74,3.1,-0.482,0.033142690327538915,-0.014361734303801832,0.009348881754855043,-0.0013972000060746836,0.03000000000000025,-0.08570230493464104,-0.010000000000000009,-0.08000000000000007,-1.0581822475421634,0.02354896535474671,0.0004360767380118258,0.02354896535474671,0.0004360767380118258
2025-06-17,311.94000244140625,104686.12,5982.72,2.08,120.5048,21.6,1.74,3.17,-0.482,-0.03718366645827409,0.0005130624809401851,-0.008387318295762114,0.0028945264002118165,-0.08000000000000007,0.12248155643793757,0.0,0.06999999999999984,-1.0499407709409594,0.02354896535474671,0.0004360767380118258,0.02354896535474671,0.0004360767380118258
2025-06-18,310.260009765625,103808.41,5980.87,2.07,120.7305,20.14,1.77,3.16,-0.482,-0.008419551198596054,-0.005400182338402892,-0.0003092717177288762,0.0018712026461757958,-0.010000000000000231,-0.06998542739970315,0.030000000000000027,-0.009999999999999787,-1.041641220538625,0.02354896535474671,0.0004360767380118258,0.02354896535474671,0.0004360767380118258
2025-06-20,310.1300048828125,103307.21,5967.84,2.05,121.0408,20.62,1.76,3.13,-0.488,-0.004839818245821803,-0.0004191069541601422,-0.0021809894398643337,0.002566890035158309,-0.020000000000000018,0.023553591298397514,-0.010000000000000009,-0.03000000000000025,-1.1619200553164821,0.02354896535474671,0.0004360767380118258,0.02354896535474671,0.0004360767380118258
2025-06-23,311.0799865722656,103161.3,6025.17,2.04,121.1694,19.83,1.77,3.12,-0.488,-0.0014133876811524004,0.0030584905042090327,0.009560641855696161,0.0010618876668626598,-0.009999999999999787,-0.039065536057109274,0.010000000000000009,-0.009999999999999787,-1.1525333549220833,0.02354896535474671,0.0004360767380118258,0.02354896535474671,0.0004360767380118258
2025-06-24,306.19000244140625,105643.2,6092.18,2.01,120.3645,17.48,1.78,3.06,-0.488,0.023773595809000625,-0.015844238391270693,0.011060286796933383,-0.006664927611021554,-0.03000000000000025,-0.12613857230431513,0.010000000000000009,-0.06000000000000005,-1.143243948228506,0.02354896535474671,0.0004360767380118258,0.02354896535474671,0.0004360767380118258
2025-06-25,307.1199951171875,107761.67,6092.16,2.01,120.3336,16.76,1.79,3.04,-0.488,0.019854650857279665,0.0030327025232494975,-3.2829024796399153e-06,-0.0002567531706292314,0.0,-0.04206227517345251,0.010000000000000009,-0.020000000000000018,-1.134109051433293,0.02354896535474671,0.0004360767380118258,0.02354896535474671,0.0004360767380118258
2025-06-26,306.7799987792969,107532.97,6141.02,1.98,119.6451,16.59,1.8,3.04,-0.488,-0.002124531163641308,-0.0011076604529494105,0.00798815349977744,-0.00573802499194187,-0.029999999999999805,-0.010194990851583707,0.010000000000000009,0.0,-1.1250665056495048,0.02354896535474671,0.0004360767380118258,0.02354896535474671,0.0004360767380118258
2025-06-27,301.2200012207031,106801.02,6173.07,2.0,119.659,16.32,1.79,3.02,-0.495,-0.006830021177732348,-0.01828997550464706,0.005205430912106124,0.0001161701785772351,0.020000000000000018,-0.016408754666392245,-0.010000000000000009,-0.020000000000000018,-1.2653175658573548,0.02354896535474671,0.0004360767380118258,0.02354896535474671,0.0004360767380118258
2025-06-30,304.8299865722656,107745.97,6204.95,1.95,119.4088,16.73,1.75,2.96,-0.495,0.008808849850010958,0.011913301279754762,0.005151077553744443,-0.002093130830233214,-0.050000000000000044,0.024812165462771762,-0.040000000000000036,-0.06000000000000005,-1.2549482896759416,0.02354896535474671,0.0004360767380118258,0.02354896535474671,0.0004360767380118258
2025-07-01,307.54998779296875,105398.52,6198.01,1.97,119.3436,16.83,1.72,2.91,-0.495,-0.022027732629350538,0.008883435847179655,-0.0011190878184379471,-0.0005461725337276846,0.020000000000000018,0.005959493203981925,-0.030000000000000027,-0.04999999999999982,-1.24470486116512,0.02354896535474671,0.0004360767380118258,0.02354896535474671,0.0004360767380118258
2025-07-02,309.25,109676.14,6227.42,2.0,119.3037,16.64,1.7,2.88,-0.495,0.039783247082244344,0.005512375309430162,0.004733849037258153,-0.00033438467874358224,0.030000000000000027,-0.01135357280965188,-0.020000000000000018,-0.03000000000000025,-1.2348444934134744,0.02354896535474671,0.0004360767380118258,0.02354896535474671,0.0004360767380118258
2025-07-03,307.1400146484375,109288.47,6279.35,2.02,119.2382,16.38,1.67,2.8,-0.495,-0.003540941205603332,-0.006846293882021293,0.008304350113371939,-0.0005491697822996855,0.020000000000000018,-0.015748356968139365,-0.030000000000000027,-0.08000000000000007,-1.2251032098081875,0.02354896535474671,0.0004360767380118258,0.02354896535474671,0.0004360767380118258
2025-07-07,307.3699951171875,108056.67,6229.98,2.05,119.6201,17.79,1.71,2.86,-0.495,-0.011335088411710714,0.0007485003525822265,-0.007893349417233964,0.0031977145062374035,0.029999999999999805,0.08257542325282019,0.040000000000000036,0.06000000000000005,-1.2154782258835264,0.02354896535474671,0.0004360767380118258,0.02354896535474671,0.0004360767380118258
2025-07-08,304.1600036621094,108771.87,6225.52,2.07,119.8371,16.81,1.71,2.92,-0.495,0.006596941470604634,-0.010498326962964377,-0.0007161495228000803,0.0018124329475348588,0.020000000000000018,-0.056662554257219444,0.0,0.06000000000000005,-1.205966856576155,0.02354896535474671,0.0004360767380118258,0.02354896535474671,0.0004360767380118258
2025-07-09,305.5199890136719,111749.99,6263.26,2.01,119.7311,15.94,1.73,2.94,-0.495,0.027011390809734692,0.004461316177626351,0.0060438433346767795,-0.000884925519475388,-0.06000000000000005,-0.053142274058455286,0.020000000000000018,0.020000000000000018,-1.196878903900006,0.02354896535474671,0.0004360767380118258,0.02354896535474671,0.0004360767380118258
2025-07-10,306.20001220703125,113301.8,6280.46,2.01,119.8343,15.78,1.7,2.92,-0.495,0.013790910925143507,0.002223316131964914,0.002742409872004359,0.0008615601951174057,0.0,-0.010088357944340487,-0.030000000000000027,-0.020000000000000018,-1.1879009705802621,0.02354896535474671,0.0004360767380118258,0.02354896535474671,0.0004360767380118258
2025-07-11,309.1400146484375,118108.81,6259.75,2.06,119.9214,16.4,1.72,2.97,-0.508,0.04155126328615566,0.009555773018863789,-0.0033029779929130143,0.0007265729559859935,0.050000000000000266,0.03853801941242452,0.020000000000000018,0.050000000000000266,-1.4560339140656213,0.02354896535474671,0.0004360767380118258,0.02354896535474671,0.0004360767380118258
2025-07-14,308.010009765625,119939.42,6268.56,2.04,120.2209,17.2,1.73,2.95,-0.508,0.015380463757947993,-0.003662014424121729,0.0014064149836947593,0.002494355682326699,-0.020000000000000018,0.047628048989254435,0.010000000000000009,-0.020000000000000018,-1.4444539525541658,0.02354896535474671,0.0004360767380118258,0.02354896535474671,0.0004360767380118258
2025-07-15,306.7300109863281,116416.07,6243.76,2.09,120.5105,17.38,1.7,2.95,-0.508,-0.029816197790067278,-0.0041643640755140154,-0.003964098180953002,0.0024060022058121078,0.04999999999999982,0.010410736017838484,-0.030000000000000027,0.0,-1.433064600055412,0.02669213018222316,0.0031431648274764523,0.02354896535474671,0.0004360767380118258
2025-07-16,308.260009765625,119230.16,6263.7,2.05,120.4175,17.16,1.73,3.0,-0.508,0.0238851585738864,0.0049756967893914705,0.003188499806256573,-0.0007720149141565713,-0.040000000000000036,-0.012739025777429358,0.030000000000000027,0.04999999999999982,-1.4224677493483657,0.02669213018222316,0.0031431648274764523,0.02669213018222316,0.0031431648274764523
2025-07-17,307.5899963378906,118959.66,6297.36,2.04,120.6384,16.52,1.71,2.91,-0.508,-0.0022712987170301346,-0.002175898954109634,0.005359433132147373,0.0018327704224159191,-0.009999999999999787,-0.03800932596698425,-0.020000000000000018,-0.08999999999999986,-1.412055402568237,0.02669213018222316,0.0031431648274764523,0.02669213018222316,0.0031431648274764523
2025-07-18,308.3900146484375,117374.75,6296.79,2.03,120.356,16.41,1.73,2.93,-0.513,-0.013412636443545622,0.002597547797348554,-9.051821685268635e-05,-0.002343623995068711,-0.010000000000000231,-0.006680862990832814,0.020000000000000018,0.020000000000000018,-1.5084357436379983,0.02669213018222316,0.0031431648274764523,0.02669213018222316,0.0031431648274764523
2025-07-21,313.1300048828125,116767.67,6305.6,1.98,119.9961,16.65,1.73,2.89,-0.513,-0.005185573467406002,0.015253192127432591,0.0013981477220053051,-0.0029947753232493213,-0.04999999999999982,0.014519311324453277,0.0,-0.040000000000000036,-1.4971851704254708,0.02669213018222316,0.0031431648274764523,0.02669213018222316,0.0031431648274764523
2025-07-22,316.1000061035156,119282.11,6309.62,1.96,119.681,16.5,1.73,2.9,-0.513,0.021305125636880362,0.009440183161308013,0.0006373254110627613,-0.0026293724476769142,-0.020000000000000018,-0.009049835519917782,0.0,0.009999999999999787,-1.486148779510925,0.02669213018222316,0.0031431648274764523,0.02669213018222316,0.0031431648274764523
2025-07-23,312.17999267578125,118393.64,6358.91,2.03,119.5697,15.37,1.71,2.83,-0.513,-0.007476354979258915,-0.012478717461641864,0.00778152614671157,-0.0009304048684413146,0.06999999999999984,-0.07094282335603053,-0.020000000000000018,-0.06999999999999984,-1.4759865370421263,0.02669213018222316,0.0031431648274764523,0.02669213018222316,0.0031431648274764523
2025-07-24,310.2699890136719,118943.42,6363.35,1.98,119.5664,15.39,1.68,2.82,-0.513,0.00463291306774849,-0.0061370703288572415,0.00069798922208264,-2.7599346148043935e-05,-0.04999999999999982,0.001300390300283727,-0.030000000000000027,-0.010000000000000231,-1.4660374397067228,0.02669213018222316,0.0031431648274764523,0.02669213018222316,0.0031431648274764523
2025-07-25,307.3999938964844,116688.6,6388.64,1.96,119.9857,14.93,1.69,2.84,-0.517,-0.019139069713105528,-0.009293039490678723,0.003966444948062531,0.0035007034228247136,-0.020000000000000018,-0.030345336299689052,0.010000000000000009,0.020000000000000018,-1.5421575469664075,0.02669213018222316,0.0031431648274764523,0.02669213018222316,0.0031431648274764523
2025-07-28,305.4100036621094,118068.73,6389.77,1.98,120.6149,15.03,1.69,2.82,-0.517,0.011758064384613576,-0.006494663067577733,0.00017686081491241623,0.005230256569134006,0.020000000000000018,0.0066755922137842205,0.0,-0.020000000000000018,-1.5317035040328095,0.02669213018222316,0.0031431648274764523,0.02669213018222316,0.0031431648274764523
2025-07-29,306.25,117525.28,6370.86,1.91,120.9674,15.98,1.7,2.86,-0.517,-0.004613453151007363,0.0027466136773082184,-0.002963805680808562,0.0029182622250463197,-0.07000000000000006,0.061289736573245435,0.010000000000000009,0.040000000000000036,-1.5214875560084538,0.02669213018222316,0.0031431648274764523,0.02669213018222316,0.0031431648274764523
2025-07-30,300.9599914550781,116916.73,6362.9,1.96,121.4042,15.48,1.69,2.89,-0.517,-0.005191487368492176,-0.01742442469843475,-0.0012502200507658046,0.0036043865939268116,0.050000000000000044,-0.031789072176547695,-0.010000000000000009,0.03000000000000025,-1.5119940999479748,0.02669213018222316,0.0031431648274764523,0.02669213018222316,0.0031431648274764523
2025-07-31,302.9599914550781,116785.78,6339.39,1.98,121.721,16.72,1.67,2.86,-0.517,-0.001120655603610743,0.006623418228250522,-0.0037016989606790673,0.0026060661691813536,0.020000000000000018,0.07705673949497438,-0.020000000000000018,-0.03000000000000025,-1.5027420381036136,0.02669213018222316,0.0031431648274764523,0.02669213018222316,0.0031431648274764523
2025-08-01,309.1099853515625,113328.67,6238.01,1.9,121.2122,20.38,1.75,3.13,-0.52,-0.030049135370356694,0.02009639782657313,-0.016121328046944328,-0.0041888119364204,-0.08000000000000007,0.19794842013802327,0.08000000000000007,0.27,-1.5588926103005454,0.02669213018222316,0.0031431648274764523,0.02669213018222316,0.0031431648274764523
2025-08-04,310.9100036621094,114777.62,6329.94,1.85,120.9859,17.52,1.74,3.02,-0.52,0.012704336108782854,0.00580633979396783,0.014629536175940316,-0.0018687187542374417,-0.04999999999999982,-0.15121094228633325,-0.010000000000000009,-0.10999999999999988,-1.549463142713545,0.02669213018222316,0.0031431648274764523,0.02669213018222316,0.0031431648274764523
2025-08-05,311.1600036621094,113616.51,6299.19,1.86,120.9082,17.85,1.72,2.98,-0.52,-0.010167686911437102,0.000803768098495361,-0.004869703735275621,-0.0006424299118696908,0.010000000000000009,0.01866042271740298,-0.020000000000000018,-0.040000000000000036,-1.540296998454994,0.02669213018222316,0.0031431648274764523,0.02669213018222316,0.0031431648274764523
2025-08-06,310.5,115260.0,6345.06,1.88,120.5082,16.77,1.75,2.98,-0.52,0.014361615774463488,-0.002123359734255814,0.00725550368351513,-0.0033137795612701026,0.019999999999999796,-0.062411932390531,0.030000000000000027,0.0,-1.531772479101653,0.02669213018222316,0.0031431648274764523,0.02669213018222316,0.0031431648274764523
2025-08-07,313.1199951171875,117461.99,6340.0,1.88,120.5043,16.57,1.74,2.95,-0.52,0.018924345880021676,0.008402586680171353,-0.0007977889372803304,-3.23634666283823e-05,0.0,-0.011997744396645693,-0.010000000000000009,-0.029999999999999805,-1.5235200496250008,0.02669213018222316,0.0031431648274764523,0.02669213018222316,0.0031431648274764523
2025-08-08,313.04998779296875,116453.41,6389.45,1.88,120.3329,15.15,1.74,2.94,-0.522,-0.008623513032871344,-0.00022360485625672055,0.007769424248420975,-0.001423368391076707,0.0,-0.08959329948309325,0.0,-0.010000000000000231,-1.559750805980098,0.02669213018222316,0.0031431648274764523,0.02669213018222316,0.0031431648274764523
2025-08-11,308.54998779296875,119089.3,6373.45,1.87,120.6892,16.25,1.72,2.94,-0.522,0.022382352999493094,-0.01447901799294371,-0.002507268470623103,0.002956577505093705,-0.009999999999999787,0.07009237682036806,-0.020000000000000018,0.0,-1.5516460603511673,0.02669213018222316,0.0031431648274764523,0.02669213018222316,0.0031431648274764523
2025-08-12,308.2699890136719,119665.27,6445.76,1.91,120.2736,14.73,1.73,2.93,-0.522,0.004824796587703517,-0.0009078785028293623,0.01128162608098826,-0.0034494985292612412,0.039999999999999813,-0.09820667830120744,0.010000000000000009,-0.009999999999999787,-1.5438354891869346,0.027049023971513986,0.00035689378929082416,0.02669213018222316,0.0031431648274764523
2025-08-13,309.2099914550781,122744.22,6466.58,1.87,120.13,14.49,1.71,2.9,-0.522,0.02540424954673348,0.0030446433804476314,0.0032248249415864905,-0.0011946577928023672,-0.039999999999999813,-0.016427474141948117,-0.020000000000000018,-0.03000000000000025,-1.5359014412788399,0.027049023971513986,0.00035689378929082416,0.027049023971513986,0.00035689378929082416
2025-08-14,307.25,117945.92,6468.54,1.9,120.6446,14.83,1.71,2.89,-0.522,-0.039876463662556816,-0.006358881635978086,0.0003030509210582011,0.004274543772908146,0.029999999999999805,0.023193399817249993,0.0,-0.009999999999999787,-1.5282567476814422,0.027049023971513986,0.00035689378929082416,0.027049023971513986,0.00035689378929082416
2025-08-15,307.42999267578125,116936.28,6449.8,1.95,120.3377,15.09,1.69,2.88,-0.524,-0.008597043270729188,0.0005856467855478442,-0.002901303595573168,-0.00254707641117502,0.050000000000000044,0.017380116629916564,-0.020000000000000018,-0.010000000000000231,-1.5660944989293175,0.027049023971513986,0.00035689378929082416,0.027049023971513986,0.00035689378929082416
2025-08-18,306.95001220703125,116314.0,6449.15,1.96,120.5622,14.99,1.7,2.88,-0.524,-0.005335740444685655,-0.0015624875893935908,-0.00010078339718333496,0.0018638452319095222,0.010000000000000009,-0.0066489606652511135,0.010000000000000009,0.0,-1.5586521156339606,0.027049023971513986,0.00035689378929082416,0.027049023971513986,0.00035689378929082416
2025-08-19,305.2699890136719,113132.49,6411.37,1.95,120.7224,15.57,1.71,2.9,-0.524,-0.02773382083857001,-0.005488312721199762,-0.005875362532782091,0.001327892650754059,-0.010000000000000009,0.03796267373140072,0.010000000000000009,0.020000000000000018,-1.5515267731351565,0.027049023971513986,0.00035689378929082416,0.027049023971513986,0.00035689378929082416
2025-08-20,308.3599853515625,114276.66,6395.78,1.94,120.7757,15.69,1.73,2.94,-0.524,0.010062740701089368,0.010071289165623831,-0.0024345787627044757,0.0004414113474631165,-0.010000000000000009,0.00767758089903392,0.020000000000000018,0.040000000000000036,-1.5429769305384784,0.027049023971513986,0.00035689378929082416,0.027049023971513986,0.00035689378929082416
2025-08-21,307.2900085449219,112193.71,6370.17,1.94,121.0843,16.6,1.72,2.95,-0.524,-0.018395419563066895,-0.003475929162815916,-0.004012241056242871,0.0025518909077213436,0.0,0.056379128617556784,-0.010000000000000009,0.010000000000000231,-1.5347050906719768,0.027049023971513986,0.00035689378929082416,0.027049023971513986,0.00035689378929082416
2025-08-22,310.5799865722656,116655.79,6466.91,1.85,120.2774,14.22,1.73,2.88,-0.525,0.03900070198678662,0.01064951898275357,0.015072248733122962,-0.006686255574970268,-0.08999999999999986,-0.1547532709874031,0.010000000000000009,-0.07000000000000028,-1.5498029878730757,0.027049023971513986,0.00035689378929082416,0.027049023971513986,0.00035689378929082416
2025-08-25,309.8299865722656,110716.13,6439.32,1.87,120.4214,14.79,1.7,2.8,-0.525,-0.052258094674062505,-0.002417757282480615,-0.00427546108007526,0.0011965162865772427,0.020000000000000018,0.03930185234761385,-0.030000000000000027,-0.08000000000000007,-1.541884921046633,0.027049023971513986,0.00035689378929082416,0.027049023971513986,0.00035689378929082416
2025-08-26,312.0799865722656,111116.03,6465.94,1.84,120.5274,14.62,1.75,2.78,-0.525,0.0036054324422245543,0.007235805547642471,0.004125455473914741,0.0008798550301003516,-0.030000000000000027,-0.01156082240107592,0.050000000000000044,-0.020000000000000018,-1.5342601838963372,0.027049023971513986,0.00035689378929082416,0.027049023971513986,0.00035689378929082416
2025-08-27,312.7099914550781,112080.68,6481.4,1.81,120.7274,14.85,1.77,2.78,-0.525,0.00864399843924879,0.0020166939883496937,0.0023881364585491838,0.001657998479748457,-0.030000000000000027,0.015609410927075906,0.020000000000000018,0.0,-1.5246946415972493,0.027049023971513986,0.00035689378929082416,0.027049023971513986,0.00035689378929082416
2025-08-28,315.0299987792969,111901.36,6501.86,1.81,120.2595,14.43,1.75,2.75,-0.525,-0.0016012001525869124,0.007391652350960953,0.0031517534019496196,-0.0038832035099476414,0.0,-0.028690492462929207,-0.020000000000000018,-0.029999999999999805,-1.5153761797768264,0.027049023971513986,0.00035689378929082416,0.027049023971513986,0.00035689378929082416
2025-08-29,318.07000732421875,108212.01,6460.26,1.82,120.2082,15.36,1.8,2.82,-0.526,-0.03352541054857916,0.009603638858147079,-0.006418725150927784,-0.00042666853617578937,0.010000000000000009,0.0624573549337466,0.050000000000000044,0.06999999999999984,-1.5298072243266687,0.027049023971513986,0.00035689378929082416,0.027049023971513986,0.00035689378929082416
2025-09-02,325.5899963378906,110806.01,6415.54,1.87,120.6837,17.17,1.81,2.92,-0.526,0.023688656315290046,0.02336740250914282,-0.006946392429263426,0.003947834008291906,0.050000000000000044,0.11139694718985815,0.010000000000000009,0.10000000000000009,-1.5207486707202342,0.027049023971513986,0.00035689378929082416,0.027049023971513986,0.00035689378929082416
2025-09-03,328.1400146484375,112193.74,6448.26,1.82,120.5052,16.35,1.78,2.88,-0.526,0.012446183586311221,0.007801481349129169,0.005087154738689037,-0.0014801678898948012,-0.050000000000000044,-0.04893577756612144,-0.030000000000000027,-0.040000000000000036,-1.5119443726995523,0.027049023971513986,0.00035689378929082416,0.027049023971513986,0.00035689378929082416
2025-09-04,326.69000244140625,109800.0,6502.08,1.79,120.7629,15.3,1.8,2.84,-0.526,-0.02156666923028361,-0.004428674737355642,0.008311798740471943,0.002136213598061154,-0.030000000000000027,-0.06637506894487277,0.020000000000000018,-0.040000000000000036,-1.5014393511589907,0.027049023971513986,0.00035689378929082416,0.027049023971513986,0.00035689378929082416
2025-09-05,331.04998779296875,111614.54,6481.5,1.73,120.1282,15.18,1.78,2.83,-0.526,0.016390799123550792,0.013257668006979806,-0.0031701606545500027,-0.005269613271214446,-0.06000000000000005,-0.007874056430905885,-0.020000000000000018,-0.009999999999999787,-1.4911563486920263,0.027049023971513986,0.00035689378929082416,0.027049023971513986,0.00035689378929082416
2025-09-08,334.82000732421875,112097.31,6495.15,1.7,120.0971,15.11,1.76,2.84,-0.526,0.004316005159456182,0.011323711365555766,0.00210377948614493,-0.00025892360358170663,-0.030000000000000027,-0.004621995682835944,-0.020000000000000018,0.009999999999999787,-1.481092631400972,0.027049023971513986,0.00035689378929082416,0.027049023971513986,0.00035689378929082416
2025-09-09,334.05999755859375,111301.53,6512.61,1.72,120.1569,15.04,1.75,2.87,-0.526,-0.007124328540694336,-0.002272485609217334,0.002684552987744837,0.0004978064984131336,0.020000000000000018,-0.004643457762954384,-0.010000000000000009,0.03000000000000025,-1.4712457781722506,0.027049023971513986,0.00035689378929082416,0.027049023971513986,0.00035689378929082416
2025-09-10,335.260009765625,113574.53,6532.04,1.69,120.1223,15.35,1.75,2.84,-0.526,0.020216268584514197,0.0035857690781284646,0.0029790012563317703,-0.0002879982973071904,-0.030000000000000027,0.020402155511512365,0.0,-0.03000000000000025,-1.459921914477064,0.027049023971513986,0.00035689378929082416,0.027049023971513986,0.00035689378929082416
2025-09-11,334.760009765625,114420.0,6587.47,1.67,119.9534,14.71,1.74,2.78,-0.526,0.007416615438124552,-0.0014924929949513555,0.00845006098923129,-0.0014070564231678517,-0.020000000000000018,-0.04258793941985983,-0.010000000000000009,-0.06000000000000005,-1.4487953464330292,0.029161742842984006,0.0021127188714700207,0.027049023971513986,0.00035689378929082416
2025-09-12,335.4200134277344,116632.51,6584.29,1.7,120.0611,14.76,1.7,2.79,-0.526,0.01915216268047537,0.001969631599387789,-0.0004828512001093799,0.0008974458395520912,0.030000000000000027,0.0033932845589803584,-0.040000000000000036,0.010000000000000231,-1.437861959606999,0.029161742842984006,0.0021127188714700207,0.029161742842984006,0.0021127188714700207
2025-09-15,338.9100036621094,115307.78,6615.28,1.68,119.5644,15.69,1.68,2.75,-0.526,-0.011423150373081725,0.010351078276419123,0.004695616136135783,-0.004145641522886656,-0.020000000000000018,0.06110274757261447,-0.020000000000000018,-0.040000000000000036,-1.4271178729977685,0.029161742842984006,0.0021127188714700207,0.029161742842984006,0.0021127188714700207
2025-09-16,339.5899963378906,116800.13,6606.76,1.67,119.1348,16.36,1.69,2.79,-0.526,0.012859282259430671,0.002004400599687095,-0.001288757435196075,-0.0035995132270443264,-0.010000000000000009,0.041815764429660174,0.010000000000000009,0.040000000000000036,-1.4165594323249828,0.029161742842984006,0.0021127188714700207,0.029161742842984006,0.0021127188714700207
2025-09-17,336.9700012207031,115652.02,6600.35,1.68,119.1582,15.72,1.7,2.79,-0.526,-0.009878328388564839,-0.007745087571334075,-0.0009706893488914403,0.00019639687338912637,0.010000000000000009,-0.03990554417354053,0.010000000000000009,0.0,-1.405136725969217,0.029161742842984006,0.0021127188714700207,0.029161742842984006,0.0021127188714700207
2025-09-18,335.6199951171875,117450.21,6631.96,1.73,119.6616,15.7,1.68,2.71,-0.526,0.015428644079573672,-0.004014356216470283,0.004777708522363255,0.004215737100136785,0.050000000000000044,-0.0012730746467983778,-0.020000000000000018,-0.08000000000000007,-1.3938896261700888,0.029161742842984006,0.0021127188714700207,0.029161742842984006,0.0021127188714700207
2025-09-19,339.17999267578125,115125.13,6664.36,1.75,119.7858,15.45,1.68,2.72,-0.525,-0.019994875315997973,0.010551365296973536,0.00487353856235373,0.0010373886802561572,0.020000000000000018,-0.016051709010507675,0.0,0.010000000000000231,-1.3588702790270393,0.029161742842984006,0.0021127188714700207,0.029161742842984006,0.0021127188714700207
2025-09-22,345.04998779296875,112122.9,6693.75,1.78,119.8152,16.1,1.67,2.69,-0.525,-0.026424032675638642,0.017158380367683357,0.004400330199851865,0.0002454079920157781,0.030000000000000027,0.04121026864666266,-0.010000000000000009,-0.03000000000000025,-1.348231145669789,0.029161742842984006,0.0021127188714700207,0.029161742842984006,0.0021127188714700207
2025-09-23,346.4599914550781,111655.29,6656.92,1.75,119.6202,16.64,1.69,2.71,-0.525,-0.004179233736817167,0.004078048498239895,-0.0055173400928314464,-0.0016288321869923905,-0.030000000000000027,0.03299016340264549,0.020000000000000018,0.020000000000000018,-1.3377471011122248,0.029161742842984006,0.0021127188714700207,0.029161742842984006,0.0021127188714700207
2025-09-24,343.32000732421875,113420.0,6637.97,1.78,120.1707,16.18,1.68,2.7,-0.525,0.015681385216121058,-0.009104369003754442,-0.0028507212670838555,0.004591508411153633,0.030000000000000027,-0.02803352376271695,-0.010000000000000009,-0.009999999999999787,-1.3268370946421844,0.029161742842984006,0.0021127188714700207,0.029161742842984006,0.0021127188714700207
2025-09-25,344.75,109360.0,6604.72,1.8,120.5419,16.74,1.67,2.76,-0.525,-0.03645255017018911,0.004156538489887396,-0.0050216489054655256,0.003084178345816646,0.020000000000000018,0.034025153430983224,-0.010000000000000009,0.05999999999999961,-1.3160753224882127,0.029161742842984006,0.0021127188714700207,0.029161742842984006,0.0021127188714700207
2025-09-26,346.739990234375,109172.21,6643.7,1.82,120.4349,15.29,1.65,2.75,-0.524,-0.001718648671733547,0.005755674720215431,0.005884492261081675,-0.0008880523521934691,0.020000000000000018,-0.09060204512035819,-0.020000000000000018,-0.009999999999999787,-1.281517373422099,0.029161742842984006,0.0021127188714700207,0.029161742842984006,0.0021127188714700207
2025-09-29,352.4599914550781,114265.56,6661.21,1.8,120.115,16.12,1.64,2.74,-0.524,0.045598669317165275,0.01636192499893241,0.0026321125222388275,-0.002659740773842678,-0.020000000000000018,0.052861717137511643,-0.010000000000000009,-0.009999999999999787,-1.2712989412826126,0.029161742842984006,0.0021127188714700207,0.029161742842984006,0.0021127188714700207
2025-09-30,355.4700012207031,114359.99,6688.46,1.8,120.1368,16.28,1.67,2.8,-0.524,0.0008260669498199036,0.008503744538253422,0.004082503589616593,0.0001814762683141069,0.0,0.009876623495912007,0.030000000000000027,0.05999999999999961,-1.261210479775384,0.029161742842984006,0.0021127188714700207,0.029161742842984006,0.0021127188714700207
2025-10-01,356.0299987792969,117439.53,6711.2,1.77,120.1502,16.29,1.69,2.81,-0.524,0.026572282803655867,0.0015741326049987237,0.0033941192284689947,0.00011153329155444425,-0.030000000000000027,0.0006140620395593821,0.020000000000000018,0.010000000000000231,-1.2509628422815746,0.029161742842984006,0.0021127188714700207,0.029161742842984006,0.0021127188714700207
2025-10-02,354.7900085449219,120836.49,6715.35,1.76,120.4296,16.63,1.68,2.81,-0.524,0.028514746608720998,-0.0034889043060362113,0.0006181781816128051,0.0023227230683087186,-0.010000000000000009,0.02065687059088228,-0.010000000000000009,0.0,-1.2408394770968159,0.029161742842984006,0.0021127188714700207,0.029161742842984006,0.0021127188714700207
2025-10-03,357.6400146484375,122661.0,6715.79,1.8,120.0881,16.65,1.66,2.8,-0.523,0.014986143358273196,0.008000845595952377,6.551938259136136e-05,-0.002839709755137143,0.040000000000000036,0.0012019232216164966,-0.020000000000000018,-0.010000000000000231,-1.2069236804482533,0.029161742842984006,0.0021127188714700207,0.029161742842984006,0.0021127188714700207
2025-10-06,364.3800048828125,125410.8,6740.28,1.84,120.2722,16.37,1.65,2.76,-0.523,0.022170296110646248,0.018670357712141872,0.003639996973882731,0.001531867250964325,0.040000000000000036,-0.016959825043409094,-0.010000000000000009,-0.040000000000000036,-1.1972820437746792,0.029161742842984006,0.0021127188714700207,0.029161742842984006,0.0021127188714700207
2025-10-07,366.260009765625,121637.18,6714.59,1.79,120.4884,17.24,1.67,2.82,-0.523,-0.030552069515243474,0.005146197838027611,-0.0038186963112334382,0.0017959754055549837,-0.050000000000000044,0.051781873852503324,0.020000000000000018,0.06000000000000005,-1.1877490116874727,0.029161742842984006,0.0021127188714700207,0.029161742842984006,0.0021127188714700207
2025-10-08,372.29998779296875,123450.01,6753.72,1.78,120.7766,16.3,1.68,2.84,-0.523,0.014793617418643379,0.01635645771461558,0.005810693412792389,0.0023890753907895856,-0.010000000000000009,-0.05606715742282997,0.010000000000000009,0.020000000000000018,-1.1781764281577938,0.029161742842984006,0.0021127188714700207,0.029161742842984006,0.0021127188714700207
2025-10-09,365.42999267578125,120951.72,6735.11,1.8,121.0902,16.43,1.69,2.95,-0.523,-0.020444839088341382,-0.018625225753275743,-0.0027593218696981836,0.0025931643014551753,0.020000000000000018,0.007943824236460006,0.010000000000000009,0.11000000000000032,-1.1687075619265392,0.029161742842984006,0.0021127188714700207,0.029161742842984006,0.0021127188714700207
2025-10-10,369.1199951171875,116661.5,6552.51,1.75,121.1163,21.66,1.72,3.18,-0.521,-0.03611487858687745,0.010047058859954383,-0.027485959970572793,0.00021551857692525545,-0.050000000000000044,0.2763583095236677,0.030000000000000027,0.22999999999999998,-1.111571306043569,0.029161742842984006,0.0021127188714700207,0.029161742842984006,0.0021127188714700207
2025-10-13,378.0899963378906,115792.84,6654.72,1.75,121.1163,19.03,1.72,3.18,-0.521,-0.00747384663578643,0.024010471634505315,0.01547819498378189,0.0,0.0,-0.1294505602647864,0.0,0.0,-1.1027476334636461,0.029161742842984006,0.0021127188714700207,0.029161742842984006,0.0021127188714700207
2025-10-14,380.7900085449219,112613.69,6644.31,1.73,121.1822,20.81,1.71,3.11,-0.521,-0.02783944335234345,0.007115811676484007,-0.0015655280311612785,0.0005439571571832502,-0.020000000000000018,0.08941695909748493,-0.010000000000000009,-0.07000000000000028,-1.0940087826098739,0.029161742842984006,0.0021127188714700207,0.029161742842984006,0.0021127188714700207
2025-10-15,387.3900146484375,111271.73,6671.06,1.76,120.8642,20.64,1.68,2.95,-0.521,-0.01198806131685437,0.01718391083164228,0.004017918538789189,-0.0026275968819442497,0.030000000000000027,-0.008202699792180912,-0.030000000000000027,-0.1599999999999997,-1.0853123393295963,0.029161742842984006,0.0021127188714700207,0.029161742842984006,0.0021127188714700207
2025-10-16,396.45001220703125,108197.67,6629.07,1.71,120.6698,25.31,1.71,3.04,-0.521,-0.028015395830854217,0.02311798516943142,-0.00631424497513855,-0.0016097116097695263,-0.050000000000000044,0.2039686339436706,0.030000000000000027,0.08999999999999986,-1.0766967810778183,0.029161742842984006,0.0021127188714700207,0.029161742842984006,0.0021127188714700207
2025-10-17,388.989990234375,106457.24,6664.01,1.75,120.7028,20.78,1.7,3.04,-0.518,-0.016216429806171107,-0.018996349267190737,0.005256882598063228,0.0002734361746581371,0.040000000000000036,-0.19720858888595139,-0.010000000000000009,0.0,-0.9965066415708714,0.029161742842984006,0.0021127188714700207,0.029161742842984006,0.0021127188714700207
2025-10-20,403.1499938964844,110803.22,6735.13,1.74,120.6209,18.23,1.68,2.99,-0.518,0.040012433084338994,0.03575507474940309,0.01061570636531961,-0.0006787564018315706,-0.010000000000000009,-0.13092239698050978,-0.020000000000000018,-0.04999999999999982,-0.9886303507593913,0.029161742842984006,0.0021127188714700207,0.029161742842984006,0.0021127188714700207
2025-10-21,377.239990234375,111780.4,6735.35,1.7,120.8895,17.87,1.67,2.97,-0.518,0.008780397030081488,-0.06642712220281766,3.2664017913575094e-05,0.002224335769766661,-0.040000000000000036,-0.01994525951923487,-0.010000000000000009,-0.020000000000000018,-0.9808151705193086,0.029161742842984006,0.0021127188714700207,0.029161742842984006,0.0021127188714700207
2025-10-22,377.2799987792969,107870.35,6699.4,1.68,120.8958,18.6,1.69,3.01,-0.518,-0.035606189264425936,0.00010605032482136068,-0.0053518056988171026,5.2112349273159e-05,-0.020000000000000018,0.04003825154781904,0.020000000000000018,0.03999999999999959,-0.9730750031964011,0.029161742842984006,0.0021127188714700207,0.029161742842984006,0.0021127188714700207
2025-10-23,378.7900085449219,110200.01,6738.44,1.71,120.9531,17.3,1.66,2.96,-0.518,0.021366944434504376,0.003994370253229462,0.005810473980595532,0.0004738495901550621,0.030000000000000027,-0.07245507921542238,-0.030000000000000027,-0.04999999999999982,-0.9653930992541424,0.029161742842984006,0.0021127188714700207,0.029161742842984006,0.0021127188714700207
2025-10-24,377.5199890136719,110615.07,6791.69,1.73,120.9345,16.37,1.65,2.88,-0.515,0.003759349124404565,-0.0033584660498817698,0.007871361907069385,-0.00015379043850671792,0.020000000000000018,-0.05525611012068987,-0.010000000000000009,-0.08000000000000007,-0.8860344345599345,0.030126767755256134,0.0009650249122721277,0.029161742842984006,0.0021127188714700207
2025-10-27,367.010009765625,114942.64,6875.16,1.73,120.7988,15.79,1.63,2.8,-0.515,0.03837688473381462,-0.02823439606845568,0.012215109973364946,-0.0011227250383321064,0.0,-0.036073563115492924,-0.020000000000000018,-0.08000000000000007,-0.8789808407295722,0.030126767755256134,0.0009650249122721277,0.030126767755256134,0.0009650249122721277
2025-10-28,364.3800048828125,113689.0,6890.89,1.71,120.6361,16.42,1.65,2.82,-0.515,-0.010966571067159592,-0.007191829710492925,0.0022853333884658156,-0.0013477755256481316,-0.020000000000000018,0.03912327575673169,0.020000000000000018,0.020000000000000018,-0.8719701527677746,0.030126767755256134,0.0009650249122721277,0.030126767755256134,0.0009650249122721277
2025-10-29,363.0,110640.0,6890.59,1.78,120.5312,16.92,1.61,2.76,-0.515,-0.027184962897468523,-0.0037944582730187193,-4.3536688373535526e-05,-0.000869935572655578,0.07000000000000006,0.029996250153795145,-0.039999999999999813,-0.06000000000000005,-0.8651029258799918,0.030126767755256134,0.0009650249122721277,0.030126767755256134,0.0009650249122721277
2025-10-30,370.1300048828125,106536.39,6822.34,1.82,121.2832,16.91,1.64,2.85,-0.515,-0.037795070428959576,0.019451474207494712,-0.009954191197687479,0.006219666192015971,0.040000000000000036,-0.0005911912675884423,0.029999999999999805,0.0900000000000003,-0.8582766405405964,0.030126767755256134,0.0009650249122721277,0.030126767755256134,0.0009650249122721277
2025-10-31,368.1199951171875,109828.78,6840.2,1.81,121.3859,17.44,1.69,2.94,-0.512,0.03043599073489922,-0.00544534976587574,0.0026144494615607528,0.0008464201345077527,-0.010000000000000009,0.030861255570344692,0.050000000000000044,0.08999999999999986,-0.779655963340851,0.030126767755256134,0.0009650249122721277,0.030126767755256134,0.0009650249122721277
2025-11-03,368.7799987792969,106657.55,6851.97,1.82,121.4512,17.17,1.71,3.04,-0.512,-0.02929937293944107,0.001791298260436669,0.0017192311955085415,0.0005378091039132116,0.010000000000000009,-0.01560274357144964,0.020000000000000018,0.10000000000000009,-0.773369288838838,0.030126767755256134,0.0009650249122721277,0.030126767755256134,0.0009650249122721277
2025-11-04,362.32000732421875,100755.42,6771.55,1.81,121.8271,19.0,1.72,3.13,-0.512,-0.056927238817134906,-0.017672437504169025,-0.011806190194192823,0.0030902904134926246,-0.010000000000000009,0.10127530425705622,0.010000000000000009,0.08999999999999986,-0.7671117506520287,0.030126767755256134,0.0009650249122721277,0.030126767755256134,0.0009650249122721277
2025-11-05,366.510009765625,103831.22,6796.29,1.87,121.8482,18.01,1.7,3.05,-0.512,0.030070700316388255,0.011498013266248108,0.0036468630849650907,0.00017318127896182034,0.06000000000000005,-0.05351181997857557,-0.020000000000000018,-0.08000000000000007,-0.7611027944827488,0.030126767755256134,0.0009650249122721277,0.030126767755256134,0.0009650249122721277
2025-11-06,366.07000732421875,100914.11,6720.32,1.83,121.6948,19.5,1.72,3.13,-0.512,-0.02849693721243618,-0.0012012407765737976,-0.011241102610423326,-0.0012597366402342658,-0.040000000000000036,0.07948730638183621,0.020000000000000018,0.08000000000000007,-0.7551217094793639,0.030126767755256134,0.0009650249122721277,0.030126767755256134,0.0009650249122721277
2025-11-07,368.30999755859375,103783.08,6728.8,1.83,121.388,19.08,1.75,3.15,-0.509,0.02803319265473725,0.006100376279774444,0.0012610492171649668,-0.0025242441086401612,0.0,-0.02177379954956038,0.030000000000000027,0.020000000000000018,-0.6772422648837165,0.030126767755256134,0.0009650249122721277,0.030126767755256134,0.0009650249122721277
2025-11-10,378.3800048828125,106010.74,6832.43,1.84,121.2984,17.6,1.73,3.02,-0.509,0.021237458069627735,0.02697402633060797,0.015283571949666452,-0.0007384015261759913,0.010000000000000009,-0.08074176397603416,-0.020000000000000018,-0.1299999999999999,-0.6717362516612955,0.030126767755256134,0.0009650249122721277,0.030126767755256134,0.0009650249122721277
2025-11-11,379.8699951171875,102809.27,6846.61,1.84,121.2984,17.28,1.73,3.02,-0.509,-0.0306648856813716,0.003930081509220251,0.002073245648702482,0.0,0.0,-0.018349138668196652,0.0,0.0,-0.6662492986677163,0.030126767755256134,0.0009650249122721277,0.030126767755256134,0.0009650249122721277
2025-11-12,385.989990234375,101539.01,6850.92,1.81,121.0458,17.51,1.75,3.02,-0.509,-0.01243246443336865,0.015982361021277924,0.0006293105606971494,-0.0020846390503876933,-0.030000000000000027,0.013222382921850961,0.020000000000000018,0.0,-0.6612082540048503,0.030126767755256134,0.0009650249122721277,0.030126767755256134,0.0009650249122721277
2025-11-13,382.8699951171875,98162.11,6737.49,1.83,120.7725,20.0,1.77,3.09,-0.509,-0.03382276393029038,-0.008115943871202624,-0.016695497821197947,-0.0022603757975661054,0.020000000000000018,0.1329601272562302,0.020000000000000018,0.06999999999999984,-0.6561853387593609,0.030126767755256134,0.0009650249122721277,0.030126767755256134,0.0009650249122721277
2025-11-14,375.9599914550781,94377.46,6734.11,1.86,120.9666,19.83,1.77,3.07,-0.507,-0.03931802223451619,-0.01821276119826276,-0.0005017963821565274,0.0016058638566303074,0.030000000000000027,-0.008536331022286348,0.0,-0.020000000000000018,-0.6032087178780327,0.030126767755256134,0.0009650249122721277,0.030126767755256134,0.0009650249122721277
2025-11-17,371.6499938964844,91914.01,6672.41,1.85,121.1146,22.38,1.77,3.13,-0.507,-0.02644880739867439,-0.011530197275275711,-0.009204541614053596,0.0012227303767424758,-0.010000000000000009,0.12097176035207458,0.0,0.06000000000000005,-0.5984906651513796,0.030126767755256134,0.0009650249122721277,0.030126767755256134,0.0009650249122721277
2025-11-18,374.3500061035156,92783.36,6617.32,1.85,121.2127,24.69,1.79,3.2,-0.507,0.009413847313343382,0.007238670232445621,-0.00829065986303057,0.0008096488126509982,0.0,0.0982306004733089,0.020000000000000018,0.07000000000000028,-0.5937861653150434,0.030126767755256134,0.0009650249122721277,0.030126767755256134,0.0009650249122721277
2025-11-19,374.9599914550781,89516.91,6642.16,1.86,121.4978,23.66,1.79,3.17,-0.507,-0.0358397673876496,0.0016281258445651758,0.003746757649478738,0.0023493019966380757,0.010000000000000009,-0.04261244480684745,0.0,-0.03000000000000025,-0.5896358623559089,0.030126767755256134,0.0009650249122721277,0.030126767755256134,0.0009650249122721277
2025-11-20,374.8500061035156,86462.97,6538.76,1.86,121.6889,26.42,1.8,3.17,-0.507,-0.03471131618711887,-0.0002933685939359165,-0.01568966674838812,0.001571632324754546,0.0,0.11033544054393873,0.010000000000000009,0.0,-0.5854978651184386,0.030126767755256134,0.0009650249122721277,0.030126767755256134,0.0009650249122721277
2025-11-21,374.2699890136719,84571.19,6602.99,1.82,121.8653,23.43,1.82,3.19,-0.506,-0.022122564915768805,-0.0015485295000221555,0.009775031702355719,0.0014485484614503719,-0.040000000000000036,-0.12010404657447493,0.020000000000000018,0.020000000000000018,-0.5574056501701072,0.030126767755256134,0.0009650249122721277,0.030126767755256134,0.0009650249122721277
2025-11-24,380.20001220703125,89089.06,6705.12,1.81,121.9171,20.52,1.8,3.15,-0.506,0.05204287867004709,0.01572002942959294,0.015348836917048914,0.0004249691592139726,-0.010000000000000009,-0.1326172322171355,-0.020000000000000018,-0.040000000000000036,-0.5534248388941247,0.030126767755256134,0.0009650249122721277,0.030126767755256134,0.0009650249122721277
2025-11-25,380.0799865722656,87387.48,6765.88,1.79,121.6335,18.56,1.79,3.1,-0.506,-0.019284520576421826,-0.0003157406112368477,0.009020920798512577,-0.002328880554428814,-0.020000000000000018,-0.10039129294451454,-0.010000000000000009,-0.04999999999999982,-0.5494543796836289,0.030126767755256134,0.0009650249122721277,0.030126767755256134,0.0009650249122721277
2025-11-26,383.1199951171875,89866.83,6812.61,1.77,121.2437,17.19,1.78,3.0,-0.506,0.02797688490341521,0.007966521739529497,0.006882972184270031,-0.0032098553069728197,-0.020000000000000018,-0.07668090796329619,-0.010000000000000009,-0.10000000000000009,-0.5458782836798215,0.030126767755256134,0.0009650249122721277,0.030126767755256134,0.0009650249122721277
2025-11-28,387.8800048828125,90661.57,6849.09,1.79,121.0527,16.35,1.78,2.95,-0.507,0.00880465493676219,0.012347782735317558,0.0053404900859028714,-0.0015765817367698887,0.020000000000000018,-0.050099922051495493,0.0,-0.04999999999999982,-0.5662461281710078,0.030126767755256134,0.0009650249122721277,0.030126767755256134,0.0009650249122721277
2025-12-01,389.75,85518.01,6812.63,1.85,120.9862,17.24,1.78,2.94,-0.507,-0.05840656577718306,0.004809481913079061,-0.00533755435779959,-0.0005494984622167465,0.06000000000000005,0.05300436789228424,0.0,-0.010000000000000231,-0.5625539828904877,0.030126767755256134,0.0009650249122721277,0.030126767755256134,0.0009650249122721277
2025-12-02,387.239990234375,91026.66,6829.37,1.85,121.1467,16.59,1.76,2.92,-0.507,0.06242543360796837,-0.006460877304548696,0.0024541868350880236,0.001325718425764677,0.0,-0.03843216103319369,-0.020000000000000018,-0.020000000000000018,-0.5588719147084332,0.030126767755256134,0.0009650249122721277,0.030126767755256134,0.0009650249122721277
2025-12-03,386.8800048828125,92981.45,6849.72,1.82,120.7336,16.08,1.77,2.89,-0.507,0.021247580249044162,-0.0009300505859091146,0.0029753463150949955,-0.00341574242835474,-0.030000000000000027,-0.031223840451533036,0.010000000000000009,-0.029999999999999805,-0.5554421668452272,0.030126767755256134,0.0009650249122721277,0.030126767755256134,0.0009650249122721277
2025-12-04,387.1300048828125,92476.25,6857.12,1.85,120.6766,15.78,1.76,2.88,-0.507,-0.0054481560984367405,0.0006459865002765852,0.0010797529874064793,-0.0004722252917170877,0.030000000000000027,-0.018832948333091792,-0.010000000000000009,-0.010000000000000231,-0.5520215201328869,0.030126767755256134,0.0009650249122721277,0.030126767755256134,0.0009650249122721277
2025-12-05,386.44000244140625,89301.75,6870.4,1.88,120.6863,15.41,1.74,2.85,-0.51,-0.03493077023902558,-0.0017839435807109894,0.001934800188635677,8.037689309503548e-05,0.029999999999999805,-0.02372666608570384,-0.020000000000000018,-0.029999999999999805,-0.6202251730971209,0.030126767755256134,0.0009650249122721277,0.030126767755256134,0.0009650249122721277
2025-12-08,385.4200134277344,90799.92,6846.51,1.91,120.776,16.66,1.73,2.89,-0.51,0.016637319994652344,-0.0026429393579938676,-0.003483295312932455,0.0007429731608317169,0.030000000000000027,0.07799398740667218,-0.010000000000000009,0.040000000000000036,-0.6164012741211381,0.030126767755256134,0.0009650249122721277,0.030126767755256134,0.0009650249122721277
2025-12-09,387.3999938964844,93116.76,6840.51,1.92,120.6832,16.93,1.73,2.89,-0.51,0.02519578501378561,0.005124051608821567,-0.0008767431309877338,-0.0007686599191014665,0.010000000000000009,0.016076559406347446,0.0,0.0,-0.6125897395103572,0.030126767755256134,0.0009650249122721277,0.030126767755256134,0.0009650249122721277
2025-12-10,389.04998779296875,92453.89,6886.68,1.88,120.6752,15.77,1.76,2.91,-0.51,-0.007144155817176312,0.004250103468606881,0.006726820871525874,-6.629145704462047e-05,-0.040000000000000036,-0.07097779517009695,0.030000000000000027,0.020000000000000018,-0.6089538247531286,0.030126767755256134,0.0009650249122721277,0.030126767755256134,0.0009650249122721277
2025-12-11,393.239990234375,91792.98,6901.0,1.89,119.98,14.85,1.73,2.88,-0.51,-0.00717420963201576,0.010712248978542505,0.0020772175085355116,-0.005777576664342199,0.010000000000000009,-0.06010953572623867,-0.030000000000000027,-0.03000000000000025,-0.6053293087147988,0.030126767755256134,0.0009650249122721277,0.030126767755256134,0.0009650249122721277
2025-12-12,395.44000244140625,90214.08,6827.41,1.93,120.1442,15.74,1.76,2.91,-0.515,-0.017350311666586293,0.0055789875076310835,-0.010720936344245757,0.0013676258002588426,0.040000000000000036,0.05820537774054868,0.030000000000000027,0.03000000000000025,-0.72061719969233,0.030126767755256134,0.0009650249122721277,0.030126767755256134,0.0009650249122721277
2025-12-15,395.79998779296875,85787.04,6816.51,1.93,119.9561,16.5,1.77,2.91,-0.515,-0.05031756631377249,0.0009099271544501519,-0.0015977816227152886,-0.0015668455098314382,0.0,0.047155137917277656,0.010000000000000009,0.0,-0.716244820315538,0.030126767755256134,0.0009650249122721277,0.030126767755256134,0.0009650249122721277
2025-12-16,395.8900146484375,87573.22,6800.26,1.92,119.8902,16.48,1.78,2.98,-0.515,0.020607297307819294,0.000227429563539161,-0.0023867639262764584,-0.000549518601357768,-0.010000000000000009,-0.0012128564252091856,0.010000000000000009,0.06999999999999984,-0.7118910006410011,0.030126767755256134,0.0009650249122721277,0.030126767755256134,0.0009650249122721277
2025-12-17,399.2900085449219,85890.36,6721.43,1.92,120.155,17.62,1.78,2.99,-0.515,-0.01940364426468122,0.008551559438576106,-0.011659917229323469,0.002206252050951818,0.0,0.06688709602670784,0.0,0.010000000000000231,-0.7077180345108627,0.030126767755256134,0.0009650249122721277,0.030126767755256134,0.0009650249122721277
2025-12-18,398.57000732421875,84582.64,6774.76,1.88,120.0528,16.87,1.78,2.95,-0.515,-0.015342554567006061,-0.0018048314286414069,0.007903012268158705,-0.0008509299545371718,-0.040000000000000036,-0.04349772395015661,0.0,-0.040000000000000036,-0.7035622043306105,0.027350844551226272,-0.002775923204029862,0.030126767755256134,0.0009650249122721277
2025-12-19,399.0199890136719,88099.59,6834.5,1.92,120.1652,14.91,1.76,2.9,-0.524,0.04073883451884974,0.0011283535131116906,0.00877937282650798,0.000935816701519876,0.040000000000000036,-0.12350476778122976,-0.020000000000000018,-0.050000000000000266,-0.9121648980354019,0.027350844551226272,-0.002775923204029862,0.027350844551226272,-0.002775923204029862
2025-12-22,408.2300109863281,88351.03,6878.49,1.94,119.9912,14.08,1.76,2.88,-0.524,0.0028499777466439724,0.022819254559299118,0.0064158365019491015,-0.0014490559522588597,0.020000000000000018,-0.05727677804675091,0.0,-0.020000000000000018,-0.9063902522374543,0.027350844551226272,-0.002775923204029862,0.027350844551226272,-0.002775923204029862
2025-12-23,413.6400146484375,87691.51,6909.79,1.94,119.7057,14.0,1.74,2.83,-0.524,-0.007492769481048711,0.013165297757330663,0.004540095467190142,-0.0023821762818965198,0.0,-0.005698021114637797,-0.020000000000000018,-0.04999999999999982,-0.900652981534514,0.027350844551226272,-0.002775923204029862,0.027350844551226272,-0.002775923204029862
2025-12-24,411.92999267578125,87322.77,6932.05,1.91,119.4372,13.47,1.73,2.84,-0.524,-0.004213833815438051,-0.004142651508748152,0.0032163381731979968,-0.002245520254398947,-0.030000000000000027,-0.03859233919298566,-0.010000000000000009,0.009999999999999787,-0.8950310231954622,0.027350844551226272,-0.002775923204029862,0.027350844551226272,-0.002775923204029862
2025-12-26,416.739990234375,87585.76,6929.94,1.91,119.4723,13.6,1.75,2.86,-0.535,0.0030071740719215256,0.011609088487158914,-0.0003044295972358668,0.00029383511541070106,0.0,0.009604802319733707,0.020000000000000018,0.020000000000000018,-1.1472255175152404,0.027350844551226272,-0.002775923204029862,0.027350844551226272,-0.002775923204029862
2025-12-29,398.6000061035156,87212.01,6905.74,1.9,119.5899,14.2,1.76,2.87,-0.535,-0.004276376861971798,-0.04450407961760128,-0.003498205318253511,0.0009838444512419997,-0.010000000000000009,0.0431721718652085,0.010000000000000009,0.010000000000000231,-1.139080684031248,0.027350844551226272,-0.002775923204029862,0.027350844551226272,-0.002775923204029862
2025-12-30,398.8900146484375,87947.15,6896.24,1.9,119.4939,14.33,1.75,2.84,-0.535,0.008394015094166818,0.0007273032894685727,-0.00137661429740632,-0.0008030657464814794,0.0,0.009113277232865702,-0.010000000000000009,-0.03000000000000025,-1.1310152715156763,0.027350844551226272,-0.002775923204029862,0.027350844551226272,-0.002775923204029862
2025-12-31,396.30999755859375,87662.01,6845.5,1.93,119.7456,14.95,1.72,2.81,-0.535,-0.0032474416549526097,-0.006488999253824623,-0.007384833448339734,0.0021041683573770342,0.030000000000000027,0.042356057996614904,-0.030000000000000027,-0.029999999999999805,-1.1233398655964348,0.027350844551226272,-0.002775923204029862,0.027350844551226272,-0.002775923204029862
2026-01-02,398.2799987792969,89740.01,6858.47,1.94,119.6059,14.51,1.74,2.83,-0.547,0.023428087752732196,0.004958545328225483,0.0018928827007993476,-0.001167320997473631,0.010000000000000009,-0.02987323294059907,0.020000000000000018,0.020000000000000018,-1.3932034631909065,0.027350844551226272,-0.002775923204029862,0.027350844551226272,-0.002775923204029862
2026-01-05,408.760009765625,94178.0,6902.05,1.91,119.6192,14.9,1.75,2.81,-0.547,0.04826989667786741,0.02597293817991453,0.006334084134120843,0.00011119234573353509,-0.030000000000000027,0.026523146055316804,0.010000000000000009,-0.020000000000000018,-1.3819934712305622,0.027350844551226272,-0.002775923204029862,0.027350844551226272,-0.002775923204029862
2026-01-06,413.17999267578125,92505.31,6944.82,1.91,119.7807,14.75,1.74,2.79,-0.547,-0.017920560382570727,0.010755105002162146,0.006177589017273277,0.001349207117455009,0.0,-0.010118130165584382,-0.010000000000000009,-0.020000000000000018,-1.3709358744628577,0.027350844551226272,-0.002775923204029862,0.027350844551226272,-0.002775923204029862
2026-01-07,409.2300109863281,91047.49,6920.93,1.88,119.8719,15.38,1.73,2.79,-0.547,-0.01588480975325446,-0.009605943617543744,-0.003445904280642509,0.0007611017314435031,-0.030000000000000027,0.04182488129166906,-0.010000000000000009,0.0,-1.3604474502746913,0.027350844551226272,-0.002775923204029862,0.027350844551226272,-0.002775923204029862
2026-01-08,411.489990234375,90927.63,6921.46,1.92,120.0904,15.45,1.73,2.76,-0.547,-0.0013173231300314114,0.005507322733438791,7.657637160285446e-05,0.0018211199041484605,0.040000000000000036,0.004541039266256597,0.0,-0.03000000000000025,-1.3500942592319,0.027350844551226272,-0.002775923204029862,0.027350844551226272,-0.002775923204029862
2026-01-09,414.4700012207031,90303.37,6966.28,1.9,120.2215,14.49,1.7,2.74,-0.558,-0.006889135622010656,0.007215903791294664,0.006454636335169184,0.0010910821561953554,-0.020000000000000018,-0.06415024701116367,-0.030000000000000027,-0.019999999999999574,-1.5886150071866394,0.027350844551226272,-0.002775923204029862,0.027350844551226272,-0.002775923204029862
2026-01-12,422.2300109863281,91484.87,6977.27,1.9,119.9958,15.12,1.7,2.74,-0.558,0.012998823646681146,0.01854961673678268,0.0015763564193846946,-0.0018791324889155803,0.0,0.04255961441879608,0.0,0.0,-1.5743959015852587,0.027350844551226272,-0.002775923204029862,0.027350844551226272,-0.002775923204029862
2026-01-13,421.6300048828125,94408.7,6963.74,1.88,120.1401,15.98,1.69,2.75,-0.558,0.03145962650429723,-0.0014220515093619213,-0.001941036445421318,0.001201819614381705,-0.020000000000000018,0.05531956958674167,-0.010000000000000009,0.009999999999999787,-1.560993126782814,0.026770805278750087,-0.0005800392724761849,0.027350844551226272,-0.002775923204029862
2026-01-14,425.94000244140625,97655.27,6926.6,1.86,119.9537,16.75,1.68,2.76,-0.558,0.03381039419858389,0.010170333239524432,-0.005347614026380398,-0.0015527267880326434,-0.019999999999999796,0.04706031793294674,-0.010000000000000009,0.009999999999999787,-1.547807081217743,0.026770805278750087,-0.0005800392724761849,0.026770805278750087,-0.0005800392724761849
2026-01-15,423.3299865722656,95260.68,6944.47,1.88,119.9951,15.84,1.65,2.71,-0.558,-0.02482649041500906,-0.006146511992686676,0.002576587081787096,0.00034507361912883283,0.019999999999999796,-0.0558598718847958,-0.030000000000000027,-0.04999999999999982,-1.5348312287573296,0.026770805278750087,-0.0005800392724761849,0.026770805278750087,-0.0005800392724761849
2026-01-16,421.2900085449219,95553.61,6940.01,1.91,120.0838,15.86,1.63,2.65,-0.565,0.0030703175335276,-0.00483053208751727,-0.0006424439595011933,0.0007389237791066705,0.030000000000000027,0.0012618298204221112,-0.020000000000000018,-0.06000000000000005,-1.6761501818120652,0.026770805278750087,-0.0005800392724761849,0.026770805278750087,-0.0005800392724761849
2026-01-20,437.2300109863281,89734.0,6796.86,1.97,119.4455,20.09,1.65,2.73,-0.565,-0.06283771274357086,0.03713794462564746,-0.020842474609839456,-0.005329631998318263,0.06000000000000005,0.23642196262014137,0.020000000000000018,0.08000000000000007,-1.6606544391165525,0.026770805278750087,-0.0005800392724761849,0.026770805278750087,-0.0005800392724761849
2026-01-21,443.6000061035156,90214.02,6875.62,1.92,119.3431,16.9,1.62,2.69,-0.565,0.005335108867353,0.014463871678662699,0.011521080474656387,-0.0008576624367915286,-0.050000000000000044,-0.17290855689781548,-0.029999999999999805,-0.040000000000000036,-1.64597667928953,0.026770805278750087,-0.0005800392724761849,0.026770805278750087,-0.0005800392724761849
2026-01-22,451.7900085449219,89409.73,6913.35,1.95,119.1962,15.64,1.59,2.64,-0.565,-0.008955334416500094,0.018294219779694032,0.00547250362606988,-0.001231663030540453,0.030000000000000027,-0.0774818868118623,-0.030000000000000027,-0.04999999999999982,-1.631555838181997,0.026770805278750087,-0.0005800392724761849,0.026770805278750087,-0.0005800392724761849
2026-01-23,458.0,89503.67,6915.61,1.92,118.8976,16.09,1.61,2.68,-0.566,0.0010501170804726456,0.013651695099227368,0.00032685032281776216,-0.002508256464887282,-0.030000000000000027,0.02836622588712645,0.020000000000000018,0.040000000000000036,-1.6389107245118393,0.026770805278750087,-0.0005800392724761849,0.026770805278750087,-0.0005800392724761849
2026-01-26,464.70001220703125,87629.23,6950.23,1.9,118.0525,16.15,1.61,2.69,-0.566,-0.021165011942652967,0.01452287824537457,0.004993577300732355,-0.007133177689121695,-0.020000000000000018,0.003722088664373846,0.0,0.009999999999999787,-1.624560395938317,0.026770805278750087,-0.0005800392724761849,0.026770805278750087,-0.0005800392724761849
2026-01-27,476.1000061035156,89396.03,6978.6,1.9,117.4523,16.35,1.61,2.71,-0.566,0.019961655950561763,0.02423586666073163,0.004073571036609991,-0.0050971470600842395,0.0,0.012307847674597028,0.0,0.020000000000000018,-1.6110354634894506,0.026770805278750087,-0.0005800392724761849,0.026770805278750087,-0.0005800392724761849
2026-01-28,494.55999755859375,89130.63,6978.03,1.9,117.5117,16.35,1.62,2.72,-0.566,-0.0029732275897966787,0.038040544426992895,-8.168160943178293e-05,0.0005056093807178641,0.0,0.0,0.010000000000000009,0.010000000000000231,-1.597731764812157,0.026770805278750087,-0.0005800392724761849,0.026770805278750087,-0.0005800392724761849
2026-01-29,495.8999938964844,84216.91,6969.01,1.89,117.4396,16.88,1.63,2.77,-0.566,-0.05670731400652507,0.002705807739847188,-0.0012934646000264394,-0.0006137442292359907,-0.010000000000000009,0.031901591824548436,0.009999999999999787,0.04999999999999982,-1.584642645930493,0.026770805278750087,-0.0005800392724761849,0.026770805278750087,-0.0005800392724761849
2026-01-30,444.95001220703125,83906.34,6939.03,1.9,117.8996,17.44,1.62,2.8,-0.563,-0.0036945556699219395,-0.10841233744964729,-0.0043111820838497295,0.003909255966032532,0.010000000000000009,0.032636929313022645,-0.009999999999999787,0.029999999999999805,-1.508698437448795,0.026770805278750087,-0.0005800392724761849,0.026770805278750087,-0.0005800392724761849
2026-02-02,427.1300048828125,78008.59,6976.44,1.94,118.3609,16.34,1.61,2.81,-0.563,-0.07288222793730625,-0.040873515763860446,0.005376762714528027,0.003905016591454924,0.040000000000000036,-0.065150329048977,-0.010000000000000009,0.010000000000000231,-1.4971420669336202,0.026770805278750087,-0.0005800392724761849,0.026770805278750087,-0.0005800392724761849
2026-02-03,454.2900085449219,76475.53,6917.81,1.92,117.9764,18.0,1.63,2.85,-0.563,-0.01984812844870021,0.06164735147244915,-0.008439512459453624,-0.003253826960344597,-0.020000000000000018,0.09675566846430783,0.019999999999999796,0.040000000000000036,-1.4861040169426731,0.026770805278750087,-0.0005800392724761849,0.026770805278750087,-0.0005800392724761849
2026-02-04,453.9700012207031,73516.3,6882.72,1.94,118.2602,18.64,1.64,2.86,-0.563,-0.039463670043124566,-0.0007046601942608532,-0.005085322899976319,0.002402677117162355,0.020000000000000018,0.034938051361280476,0.010000000000000009,0.009999999999999787,-1.4752177338896866,0.026770805278750087,-0.0005800392724761849,0.026770805278750087,-0.0005800392724761849
2026-02-05,441.8800048828125,63775.66,6798.4,1.89,118.5034,21.77,1.67,2.97,-0.563,-0.1421355374821136,-0.02699275619765107,-0.012326632274291427,0.0020543705665412304,-0.050000000000000044,0.15522306598901103,0.030000000000000027,0.11000000000000032,-1.4644793063082258,0.026770805278750087,-0.0005800392724761849,0.026770805278750087,-0.0005800392724761849
2026-02-06,455.4599914550781,70000.14,6932.3,1.88,118.2407,17.76,1.65,2.87,-0.554,0.09312562919024181,0.030269515441490036,0.019504358091879226,-0.0022192748019520536,-0.010000000000000009,-0.2035841376824319,-0.020000000000000018,-0.10000000000000009,-1.268109937351736,0.026770805278750087,-0.0005800392724761849,0.026770805278750087,-0.0005800392724761849
2026-02-09,467.0299987792969,70738.71,6964.82,1.87,117.6392,17.36,1.64,2.84,-0.554,0.010495705770656727,0.02508561432489298,0.004680114924299872,-0.005100064090101775,-0.009999999999999787,-0.022780028331820024,-0.010000000000000009,-0.03000000000000025,-1.2603975834860792,0.026770805278750087,-0.0005800392724761849,0.026770805278750087,-0.0005800392724761849
2026-02-10,462.3999938964844,68753.69,6941.81,1.84,117.5216,17.79,1.66,2.86,-0.554,-0.028462539984390745,-0.00996318866202106,-0.003309215963660961,-0.0010001667778247736,-0.030000000000000027,0.024467792445539427,0.020000000000000018,0.020000000000000018,-1.2526518573162577,0.026770805278750087,-0.0005800392724761849,0.026770805278750087,-0.0005800392724761849
2026-02-11,467.6300048828125,67555.98,6941.47,1.86,117.4601,17.65,1.67,2.84,-0.554,-0.017573820328676604,0.011247091222494454,-4.897978000428793e-05,-0.0005234450291595749,0.020000000000000018,-0.007900718298437859,0.010000000000000009,-0.020000000000000018,-1.2449832122141242,0.026770805278750087,-0.0005800392724761849,0.026770805278750087,-0.0005800392724761849
2026-02-12,451.3900146484375,65428.24,6832.76,1.8,117.5376,20.82,1.68,2.92,-0.554,-0.03200261796108883,-0.03534565209196927,-0.015784876133702497,0.0006595809474703174,-0.06000000000000005,0.1651782798075172,0.010000000000000009,0.08000000000000007,-1.2373901281189648,0.026770805278750087,-0.0005800392724761849,0.026770805278750087,-0.0005800392724761849
2026-02-13,462.6199951171875,68777.13,6836.17,1.77,117.5258,20.6,1.72,2.95,-0.541,0.04991730734336386,0.02457422891441219,0.0004989417709708732,-0.00010039844578013657,-0.030000000000000027,-0.01062298739128753,0.040000000000000036,0.03000000000000025,-0.9645094669384656,0.02386431244904319,-0.002906492829706897,0.026770805278750087,-0.0005800392724761849
2026-02-17,448.20001220703125,67753.3,6843.22,1.79,117.7375,20.29,1.7,2.94,-0.541,-0.014998109826548145,-0.03166638360095497,0.0010307478073485754,0.0017996861995825952,0.020000000000000018,-0.015162921957811992,-0.020000000000000018,-0.010000000000000231,-0.9599872837183305,0.02386431244904319,-0.002906492829706897,0.02386431244904319,-0.002906492829706897
2026-02-18,458.2799987792969,66268.4,6881.31,1.8,117.8426,19.62,1.67,2.86,-0.541,-0.0221600049067483,0.022240759759257323,0.005550659701347271,0.0008922655773790922,0.010000000000000009,-0.03357869970050631,-0.030000000000000027,-0.08000000000000007,-0.9551042706395795,0.02386431244904319,-0.002906492829706897,0.02386431244904319,-0.002906492829706897
2026-02-19,459.55999755859375,67149.11,6861.89,1.79,118.2354,20.23,1.68,2.88,-0.541,0.013202506818327464,0.002789156310915253,-0.0028261268009792673,0.0033277167925778173,-0.010000000000000009,0.030617197042436928,0.010000000000000009,0.020000000000000018,-0.9502511625957127,0.02386431244904319,-0.002906492829706897,0.02386431244904319,-0.002906492829706897
2026-02-20,468.6199951171875,67750.4,6909.51,1.8,117.9917,19.09,1.69,2.86,-0.525,0.008914694829167402,0.0195226903950525,0.006915809547171747,-0.0020632695101809873,0.010000000000000009,-0.058002013441997846,0.010000000000000009,-0.020000000000000018,-0.6199838418372013,0.02386431244904319,-0.002906492829706897,0.02386431244904319,-0.002906492829706897
2026-02-23,481.2799987792969,64473.14,6837.75,1.77,117.9395,21.01,1.73,2.95,-0.525,-0.049581660840985364,0.026657023717321593,-0.010439993392095559,-0.000442501889125424,-0.030000000000000027,0.09583387711925306,0.040000000000000036,0.0900000000000003,-0.6176700373117516,0.02386431244904319,-0.002906492829706897,0.02386431244904319,-0.002906492829706897
2026-02-24,474.6099853515625,64472.9,6890.07,1.78,117.9463,19.55,1.73,2.97,-0.525,-3.7224873281616055e-06,-0.013955835494471103,0.007622514474642017,5.765501782573068e-05,0.010000000000000009,-0.07202322842553421,0.0,0.020000000000000018,-0.6145292454669226,0.02386431244904319,-0.002906492829706897,0.02386431244904319,-0.002906492829706897
2026-02-25,473.4200134277344,69148.69,6946.13,1.77,117.769,17.93,1.73,2.94,-0.525,0.07001413313428095,-0.0025104111690774644,0.00810342532877506,-0.001504357446776794,-0.010000000000000009,-0.08649999881433335,0.0,-0.03000000000000025,-0.6113978931498714,0.02386431244904319,-0.002906492829706897,0.02386431244904319,-0.002906492829706897
2026-02-26,477.4800109863281,67414.07,6908.86,1.74,117.9042,18.63,1.75,2.98,-0.525,-0.025405363765951705,0.008539325114314877,-0.00538002407756899,0.0011473516278606155,-0.030000000000000027,0.03829789699645536,0.020000000000000018,0.040000000000000036,-0.6082758761860794,0.02386431244904319,-0.002906492829706897,0.02386431244904319,-0.002906492829706897
2026-02-27,483.75,65594.67,6878.88,1.72,117.8223,19.86,1.8,3.1,-0.506,-0.02735930719235391,0.013045947108173195,-0.004348797881100097,-0.0006948731118088247,-0.020000000000000018,0.06393447400352947,0.050000000000000044,0.1200000000000001,-0.2191092737567861,0.02386431244904319,-0.002906492829706897,0.02386431244904319,-0.002906492829706897
2026-03-02,490.0,69106.58,6881.62,1.76,118.667,21.44,1.78,3.03,-0.506,0.05215550790358492,0.012837146760680263,0.00039824134823795987,0.007143693962052389,0.040000000000000036,0.07655067758557488,-0.020000000000000018,-0.07000000000000028,-0.2179560652484448,0.02386431244904319,-0.002906492829706897,0.02386431244904319,-0.002906492829706897
2026-03-03,468.1400146484375,68265.99,6816.63,1.77,119.4341,23.57,1.78,3.08,-0.506,-0.01223825821392488,-0.04563796333219461,-0.009488874510841683,0.006443503655241933,0.010000000000000009,0.09471638074543831,0.0,0.050000000000000266,-0.21579626548944292,0.02386431244904319,-0.002906492829706897,0.02386431244904319,-0.002906492829706897
2026-03-04,471.79998779296875,73019.69,6869.5,1.8,119.0705,21.15,1.74,2.97,-0.506,0.06731743846752103,0.0077877133277795,0.007726108548736121,-0.003049000159165871,0.030000000000000027,-0.10833481145575297,-0.040000000000000036,-0.10999999999999988,-0.21363693845340612,0.02386431244904319,-0.002906492829706897,0.02386431244904319,-0.002906492829706897
2026-03-05,466.1300048828125,71236.51,6830.71,1.82,119.5683,23.75,1.76,3.0,-0.506,-0.024723662916656508,-0.012090565447196333,-0.0056627020540442885,0.004172001552488425,0.020000000000000018,0.11594262498836372,0.020000000000000018,0.029999999999999805,-0.21147805348553286,0.02386431244904319,-0.002906492829706897,0.02386431244904319,-0.002906492829706897
2026-03-06,473.510009765625,68111.03,6740.02,1.8,119.491,29.49,1.75,3.13,-0.487,-0.044866300154925653,0.015708476698148566,-0.013365729048958386,-0.0006467014894973033,-0.020000000000000018,0.2164686923465342,-0.010000000000000009,0.1299999999999999,0.17730180344892563,0.02386431244904319,-0.002906492829706897,0.02386431244904319,-0.002906492829706897
2026-03-09,472.5299987792969,68991.93,6795.99,1.78,119.5151,25.5,1.78,3.19,-0.487,0.01285037350089091,-0.0020718179527898783,0.008269840075943335,0.0002016684936636537,-0.020000000000000018,-0.1453727706628043,0.030000000000000027,0.06000000000000005,0.17798042831390717,0.02386431244904319,-0.002906492829706897,0.02386431244904319,-0.002906492829706897
2026-03-10,477.8599853515625,70043.63,6781.48,1.82,118.7255,24.93,1.77,3.06,-0.487,0.015128792366205346,0.011216537509720403,-0.0021373651385516723,-0.006628617382223645,0.040000000000000036,-0.022606554628914033,-0.010000000000000009,-0.1299999999999999,0.18016689740664898,0.02386431244904319,-0.002906492829706897,0.02386431244904319,-0.002906492829706897
2026-03-11,476.239990234375,70641.81,6775.8,1.85,119.2885,24.23,1.84,3.09,-0.487,0.008503845242223917,-0.0033958635686852645,-0.0008379262407114396,0.004730822977024651,0.030000000000000027,-0.028480362707032025,0.07000000000000006,0.029999999999999805,0.18235813937694847,0.024141129866304123,0.0002768174172609328,0.02386431244904319,-0.002906492829706897
2026-03-12,466.8800048828125,70432.33,6672.62,1.89,119.8227,27.29,1.84,3.17,-0.487,-0.002969788140640972,-0.01984963254664507,-0.015344854576946787,0.004468221386326299,0.039999999999999813,0.11892879989181271,0.0,0.08000000000000007,0.18455420183499022,0.024141129866304123,0.0002768174172609328,0.024141129866304123,0.0002768174172609328
2026-03-13,460.8399963378906,71189.96,6632.19,1.92,120.5518,27.19,1.83,3.28,-0.472,0.010699406535595202,-0.01302137256955227,-0.006077520001309011,0.00606638587677466,0.030000000000000027,-0.0036710760758675853,-0.010000000000000009,0.10999999999999988,0.4929258926483052,0.024141129866304123,0.0002768174172609328,0.024141129866304123,0.0002768174172609328
2026-03-16,460.42999267578125,73963.0,6699.38,1.87,120.097,23.51,1.85,3.27,-0.472,0.03821317092353205,-0.0008900836759426767,0.010079918404358068,-0.0037797864894324462,-0.04999999999999982,-0.14542339609240118,0.020000000000000018,-0.009999999999999787,0.4939797198783377,0.024141129866304123,0.0002768174172609328,0.024141129866304123,0.0002768174172609328
2026-03-17,459.2699890136719,74511.21,6716.09,1.83,119.8328,22.37,1.85,3.22,-0.472,0.007384615702239472,-0.00252257105649889,0.002491155157688496,-0.0022023117327210073,-0.040000000000000036,-0.04970508704994003,0.0,-0.04999999999999982,0.4971488354902244,0.024141129866304123,0.0002768174172609328,0.024141129866304123,0.0002768174172609328
2026-03-18,444.739990234375,71072.38,6624.7,1.86,119.9276,25.09,1.81,3.2,-0.472,-0.04725078947632433,-0.0321484286975835,-0.01370105213122308,0.0007907895126981757,0.030000000000000027,0.1147485848762928,-0.040000000000000036,-0.020000000000000018,0.5003335882885886,0.024141129866304123,0.0002768174172609328,0.024141129866304123,0.0002768174172609328
2026-03-19,426.4100036621094,70272.0,6606.49,1.88,120.1802,24.06,1.81,3.27,-0.472,-0.011325367941392273,-0.04208848647076113,-0.002752588617910945,0.002104055704891472,0.019999999999999796,-0.04191864983179805,0.0,0.06999999999999984,0.5035341675635817,0.024141129866304123,0.0002768174172609328,0.024141129866304123,0.0002768174172609328
2026-03-20,413.3800048828125,70177.85,6506.48,2.01,120.2757,26.78,1.79,3.24,-0.462,-0.0013406922699115142,-0.031034054726858606,-0.01525389582947767,0.0007943244896155832,0.1299999999999999,0.1071046297164937,-0.020000000000000018,-0.029999999999999805,0.7121432275088158,0.024141129866304123,0.0002768174172609328,0.024141129866304123,0.0002768174172609328
2026-03-23,404.0400085449219,70679.04,6581.0,2.01,119.9371,26.15,1.79,3.19,-0.462,0.007116330839201268,-0.02285337448592628,0.011388106093258799,-0.002819168872416178,0.0,-0.02380614975209472,0.0,-0.050000000000000266,0.7145694538354895,0.024141129866304123,0.0002768174172609328,0.024141129866304123,0.0002768174172609328
2026-03-24,404.1300048828125,69377.33,6556.37,2.06,120.1295,26.95,1.75,3.19,-0.462,-0.018588907928100085,0.00022271635118187305,-0.0037496133331575976,0.0016028888749515247,0.050000000000000266,0.03013410684407436,-0.040000000000000036,0.0,0.7198493840777526,0.024141129866304123,0.0002768174172609328,0.024141129866304123,0.0002768174172609328
2026-03-25,416.2900085449219,70883.32,6591.9,2.02,120.1282,25.33,1.76,3.17,-0.462,0.02147498784079893,0.029645532839316147,0.005404526448369751,-1.0821713518183174e-05,-0.040000000000000036,-0.06199383334142228,0.010000000000000009,-0.020000000000000018,0.7251777722052495,0.024141129866304123,0.0002768174172609328,0.024141129866304123,0.0002768174172609328
2026-03-26,400.6400146484375,68534.37,6477.16,2.08,120.389,27.44,1.73,3.21,-0.462,-0.03369977367135846,-0.03831884826591203,-0.017559479899018626,0.002168660721260096,0.06000000000000005,0.0800123388441003,-0.030000000000000027,0.040000000000000036,0.7305555479704257,0.024141129866304123,0.0002768174172609328,0.024141129866304123,0.0002768174172609328
2026-03-27,414.70001220703125,66040.65,6368.85,2.13,120.8851,31.05,1.78,3.42,-0.459,-0.03706490973446641,0.03449209165387579,-0.016863223156244445,0.004112341102034733,0.04999999999999982,0.12359700552180364,0.050000000000000044,0.20999999999999996,0.7984229953043597,0.024141129866304123,0.0002768174172609328,0.024141129866304123,0.0002768174172609328
2026-03-30,414.5799865722656,66550.06,6343.72,2.04,121.2851,30.61,1.79,3.46,-0.459,0.007683984895299645,-0.00028946950554864515,-0.003953572367091596,0.003303464784375265,-0.08999999999999986,-0.014272055422166918,0.010000000000000009,0.040000000000000036,0.8037042692159542,0.024141129866304123,0.0002768174172609328,0.024141129866304123,0.0002768174172609328
2026-03-31,430.2900085449219,67838.79,6528.52,2.0,121.035,25.25,1.79,3.28,-0.459,0.019179708821202013,0.03719349265015026,0.028714924185273105,-0.0020642124925318583,-0.040000000000000036,-0.19250059723595214,0.0,-0.18000000000000016,0.8124111770657824,0.024141129866304123,0.0002768174172609328,0.024141129866304123,0.0002768174172609328
2026-04-01,437.82000732421875,68176.84,6575.32,2.02,120.1198,24.54,1.75,3.16,-0.459,0.004970762493371694,0.017348463901670108,0.00714297472893044,-0.007590181856500955,0.020000000000000018,-0.028521716438603573,-0.040000000000000036,-0.11999999999999966,0.8212573267728421,0.024141129866304123,0.0002768174172609328,0.024141129866304123,0.0002768174172609328
2026-04-02,429.4100036621094,66976.0,6582.69,1.97,120.503,23.87,1.74,3.17,-0.459,-0.01777057146945893,-0.019395701723403214,0.0011202303039326011,0.0031850707742844264,-0.050000000000000044,-0.02768199893202672,-0.010000000000000009,0.009999999999999787,0.830247155716474,0.024141129866304123,0.0002768174172609328,0.024141129866304123,0.0002768174172609328
2026-04-06,427.6499938964844,69739.52,6611.83,1.98,120.4302,24.17,1.7,3.05,-0.459,0.04043281225303197,-0.004107092256447231,0.004416992414478571,-0.0006043168995848447,0.010000000000000009,0.012489754364652939,-0.040000000000000036,-0.1200000000000001,0.8393853025502956,0.024141129866304123,0.0002768174172609328,0.024141129866304123,0.0002768174172609328
2026-04-07,431.80999755859375,69011.29,6616.85,1.96,120.32,25.78,1.75,3.12,-0.459,-0.010497044115769683,0.009680581273932454,0.000758957090345902,-0.0009154717852482008,-0.020000000000000018,0.06448680279565,0.050000000000000044,0.07000000000000028,0.848676619172596,0.024141129866304123,0.0002768174172609328,0.024141129866304123,0.0002768174172609328
2026-04-08,434.5299987792969,71318.47,6782.81,1.96,119.0596,21.04,1.73,2.94,-0.459,0.03288522575601327,0.006279313363379835,0.024772044477339605,-0.010530652132525908,0.0,-0.20317360964153242,-0.020000000000000018,-0.18000000000000016,0.8617881616422928,0.024141129866304123,0.0002768174172609328,0.024141129866304123,0.0002768174172609328
2026-04-09,437.9100036621094,72096.33,6824.66,1.95,118.8998,19.49,1.73,2.9,-0.459,0.010847801312852567,0.007748433781413766,0.006151052613166286,-0.0013430864594692338,-0.010000000000000009,-0.07652387435003982,0.0,-0.040000000000000036,0.8752306418168048,0.024141129866304123,0.0002768174172609328,0.024141129866304123,0.0002768174172609328
2026-04-10,437.1300048828125,73236.11,6816.89,1.95,118.8552,19.23,1.72,2.94,-0.473,0.015685463873067462,-0.001782773309261465,-0.0011391668601081761,-0.00037517613108573045,0.0,-0.013429953918780768,-0.010000000000000009,0.040000000000000036,0.5797792653526208,0.032564204390883145,0.008423074524579022,0.024141129866304123,0.0002768174172609328
2026-04-13,435.3599853515625,73322.0,6886.24,1.92,118.9916,19.12,1.72,2.95,-0.473,0.001172094943541424,-0.004057403475821175,0.01012186151436012,0.0011469569063198293,-0.030000000000000027,-0.005736651977433116,0.0,0.010000000000000231,0.5928446766702896,0.032564204390883145,0.008423074524579022,0.032564204390883145,0.008423074524579022
2026-04-14,445.0899963378906,74223.3,6967.38,1.89,118.3581,18.36,1.7,2.84,-0.473,0.012217416766755917,0.022103259292038047,0.011714039770858165,-0.005338127702120055,-0.030000000000000027,-0.04056052243091113,-0.020000000000000018,-0.11000000000000032,0.6062820160980699,0.032564204390883145,0.008423074524579022,0.032564204390883145,0.008423074524579022
2026-04-15,440.4599914550781,75002.6,7022.95,1.9,118.3623,18.17,1.69,2.85,-0.473,0.010444662549019768,-0.010456884729500793,0.007944100281507716,3.54849011783287e-05,0.010000000000000009,-0.010402502784264467,-0.010000000000000009,0.010000000000000231,0.6227209065860428,0.032564204390883145,0.008423074524579022,0.032564204390883145,0.008423074524579022
2026-04-16,440.0799865722656,75343.0,7041.28,1.93,118.3616,17.94,1.71,2.86,-0.473,0.004528241354019968,-0.0008631178955775809,0.002606614137922847,-5.914062754186489e-06,0.030000000000000027,-0.012739025777429802,0.020000000000000018,0.009999999999999787,0.6397771501140267,0.032564204390883145,0.008423074524579022,0.032564204390883145,0.008423074524579022
2026-04-17,445.92999267578125,77393.58,7126.06,1.9,118.0795,17.48,1.72,2.83,-0.485,0.026852810462937526,0.013205474549607743,0.011968515194247686,-0.0023862190952197437,-0.030000000000000027,-0.02597548640326064,0.010000000000000009,-0.029999999999999805,0.3747644323400133,0.032564204390883145,0.008423074524579022,0.032564204390883145,0.008423074524579022
2026-04-20,442.0899963378906,76296.97,7109.14,1.91,118.2374,18.87,1.72,2.87,-0.485,-0.014270605581659268,-0.008648499628928441,-0.0023772069191974055,0.001336341357712989,0.010000000000000009,0.07651598915306934,0.0,0.040000000000000036,0.39036392957314664,0.032564204390883145,0.008423074524579022,0.032564204390883145,0.008423074524579022
2026-04-21,429.57000732421875,75023.43,7064.01,1.92,118.4331,19.5,1.7,2.85,-0.485,-0.016832761087808734,-0.028728747571709512,-0.006368401170700366,0.0016537764073083494,0.010000000000000009,0.032841106189242186,-0.020000000000000018,-0.020000000000000018,0.40660181768151465,0.032564204390883145,0.008423074524579022,0.032564204390883145,0.008423074524579022
2026-04-22,435.260009765625,78846.62,7137.9,1.92,118.6004,18.92,1.69,2.84,-0.485,0.04970398153902522,0.013158850718081538,0.010405736514160324,0.0014116150483447498,0.0,-0.03019490194596841,-0.010000000000000009,-0.010000000000000231,0.42353461101825735,0.032564204390883145,0.008423074524579022,0.032564204390883145,0.008423074524579022
2026-04-23,431.0400085449219,77727.25,7108.4,1.92,118.7155,19.31,1.68,2.86,-0.485,-0.014298542547930282,-0.009742663076259817,-0.004141432114161958,0.0009700151487956887,0.0,0.020403532816690717,-0.010000000000000009,0.020000000000000018,0.4412261850518435,0.032564204390883145,0.008423074524579022,0.032564204390883145,0.008423074524579022
2026-04-24,433.25,77628.84,7165.08,1.89,118.7294,18.71,1.7,2.86,-0.495,-0.0012668961115398503,0.005114015549751549,0.007942043275907196,0.00011707979422492798,-0.030000000000000027,-0.031564956154424895,0.020000000000000018,0.0,0.20320932650832224,0.032564204390883145,0.008423074524579022,0.032564204390883145,0.008423074524579022
2026-04-27,429.8900146484375,76878.23,7173.91,1.91,118.5458,18.02,1.7,2.84,-0.495,-0.009716266124961237,-0.007785532512715854,0.0012316071238149817,-0.0015475703878289337,0.020000000000000018,-0.03757588810580659,0.0,-0.020000000000000018,0.21886205330239597,0.032564204390883145,0.008423074524579022,0.032564204390883145,0.008423074524579022
2026-04-28,421.9100036621094,76330.97,7138.8,1.92,118.7717,17.83,1.7,2.85,-0.495,-0.007143987796037976,-0.018737366254643284,-0.004906138729193543,0.001903779268102035,0.010000000000000009,-0.010599820305142948,0.0,0.010000000000000231,0.23397210713160813,0.032564204390883145,0.008423074524579022,0.032564204390883145,0.008423074524579022
2026-04-29,417.4100036621094,75563.87,7135.95,1.96,119.0975,18.81,1.69,2.82,-0.495,-0.010100494810977523,-0.010723068864617602,-0.00039930647301922306,0.002739322314368131,0.040000000000000036,0.05350621143789036,-0.010000000000000009,-0.03000000000000025,0.24975682357776305,0.032564204390883145,0.008423074524579022,0.032564204390883145,0.008423074524579022
2026-04-30,423.6600036621094,76412.8,7209.01,1.94,118.671,16.89,1.7,2.83,-0.495,0.011171962509184397,0.01486229443655418,0.010186244049721793,-0.0035875270057514896,-0.020000000000000018,-0.10766691249323035,0.010000000000000009,0.010000000000000231,0.2662853349083871,0.032564204390883145,0.008423074524579022,0.032564204390883145,0.008423074524579022
2026-05-01,423.17999267578125,78360.01,7230.12,1.91,118.3926,16.99,1.69,2.77,-0.502,0.025163499286108504,-0.0011336522597229504,0.002924000966883611,-0.002348737874430462,-0.030000000000000027,0.005903204864131872,-0.010000000000000009,-0.06000000000000005,0.08581311057325597,0.032564204390883145,0.008423074524579022,0.032564204390883145,0.008423074524579022
2026-05-04,414.7099914550781,80053.31,7200.75,1.95,118.8264,18.29,1.69,2.78,-0.502,0.02137906705218562,-0.020218142966322183,-0.0040704462796039564,0.003657383966366723,0.040000000000000036,0.07372952671893351,0.0,0.009999999999999787,0.10059107371763851,0.032564204390883145,0.008423074524579022,0.032564204390883145,0.008423074524579022
2026-05-05,418.2699890136719,81606.35,7259.22,1.96,118.6207,17.38,1.65,2.77,-0.502,0.019214289825152164,0.00854767057380812,0.00808719778459377,-0.001732596872797032,0.010000000000000009,-0.05103434256552841,-0.040000000000000036,-0.009999999999999787,0.1138567945830174,0.032564204390883145,0.008423074524579022,0.032564204390883145,0.008423074524579022
2026-05-06,430.9599914550781,81464.86,7365.12,1.94,118.0982,17.39,1.66,2.75,-0.502,-0.0017353159457886846,0.029888127796577457,0.014482958012582259,-0.004414525824016913,-0.020000000000000018,0.0005752085289461029,0.010000000000000009,-0.020000000000000018,0.12766143630594776,0.032564204390883145,0.008423074524579022,0.032564204390883145,0.008423074524579022
2026-05-07,431.67999267578125,80146.77,7337.11,1.96,118.0116,17.08,1.65,2.79,-0.502,-0.016312182819046228,0.0016692975079797279,-0.0038103109376628197,-0.0007335570474698017,0.020000000000000018,-0.017987140005768065,-0.010000000000000009,0.040000000000000036,0.14205899154301388,0.032564204390883145,0.008423074524579022,0.032564204390883145,0.008423074524579022
2026-05-08,433.7699890136719,80180.0,7398.93,1.93,118.0392,17.19,1.65,2.81,-0.507,0.0004145284093954871,0.0048298583279891005,0.0083903630375044,0.00023384796938419328,-0.030000000000000027,0.006419631034334294,0.0,0.020000000000000018,0.0013651752058021914,0.032564204390883145,0.008423074524579022,0.032564204390883145,0.008423074524579022
2026-05-11,434.6499938964844,81961.99,7412.84,1.95,118.0562,18.38,1.65,2.79,-0.507,0.02198149599823296,0.002026681102102579,0.001878236576624559,0.00014400958281601817,0.020000000000000018,0.06693529753278282,0.0,-0.020000000000000018,0.01445153063735489,0.032564204390883145,0.008423074524579022,0.032564204390883145,0.008423074524579022
2026-05-12,432.92999267578125,80835.3,7400.96,1.99,118.5238,17.99,1.66,2.82,-0.507,-0.01384185190222631,-0.003965060284397914,-0.00160391021166717,0.003953002019628116,0.040000000000000036,-0.02144706896509918,0.010000000000000009,0.029999999999999805,0.0257493633627991,0.0381084493212176,0.005544244930334452,0.032564204390883145,0.008423074524579022
2026-05-13,430.5,79642.41,7444.25,1.99,118.4737,17.87,1.66,2.82,-0.507,-0.014867011396942686,-0.005628711330521341,0.005832200784963604,-0.0004227892762269647,0.0,-0.006692718791105001,0.0,0.0,0.03741970363577936,0.0381084493212176,0.005544244930334452,0.0381084493212176,0.005544244930334452
2026-05-14,427.2099914550781,81419.75,7501.24,2.0,118.6696,17.26,1.62,2.76,-0.507,0.022071132658044945,-0.0076716482577579015,0.007626417898904947,0.001652165965149166,0.010000000000000009,-0.034731643516054955,-0.039999999999999813,-0.06000000000000005,0.04949543952296852,0.0381084493212176,0.005544244930334452,0.0381084493212176,0.005544244930334452
2026-05-15,417.2900085449219,79146.5,7408.5,2.1,119.2825,18.43,1.62,2.8,-0.508,-0.028317307057928787,-0.023494231397838128,-0.012440350542895828,0.0051514683451721055,0.10000000000000009,0.06558808602644994,0.0,0.040000000000000036,0.028028213488620602,0.0381084493212176,0.005544244930334452,0.0381084493212176,0.005544244930334452
2026-05-18,418.42999267578125,76928.0,7403.05,2.13,119.0574,17.82,1.59,2.83,-0.508,-0.02843064604085299,0.002728150184871936,-0.0007359122098584692,-0.0018888995667838415,0.029999999999999805,-0.03365834963906833,-0.030000000000000027,0.03000000000000025,0.040542811265140664,0.0381084493212176,0.005544244930334452,0.0381084493212176,0.005544244930334452
2026-05-19,411.5,76818.73,7353.61,2.18,119.451,18.06,1.57,2.86,-0.508,-0.0014214288446723344,-0.016700574279936653,-0.0067007283473188295,0.0033005156824970072,0.050000000000000266,0.013378125946176045,-0.020000000000000018,0.029999999999999805,0.05066377262968033,0.0381084493212176,0.005544244930334452,0.0381084493212176,0.005544244930334452
2026-05-20,417.3999938964844,77667.49,7432.97,2.13,119.1624,17.44,1.59,2.8,-0.508,0.010988275071754927,0.01423595990327442,0.010734160570107676,-0.0024189768112545806,-0.050000000000000266,-0.034933129508005756,0.020000000000000018,-0.06000000000000005,0.06104769485927057,0.0381084493212176,0.005544244930334452,0.0381084493212176,0.005544244930334452
2026-05-21,416.989990234375,77690.56,7445.72,2.18,119.369,16.76,1.59,2.78,-0.508,0.00029699137147432,-0.0009827627438161457,0.0017138609811624406,0.0017322671284603075,0.050000000000000266,-0.03977132342689682,0.0,-0.020000000000000018,0.07171299178515815,0.0381084493212176,0.005544244930334452,0.0381084493212176,0.005544244930334452
2026-05-22,413.82000732421875,75860.44,7473.47,2.16,119.2868,16.7,1.57,2.74,-0.507,-0.023838420669127558,-0.007631102906283438,0.003720045391482074,-0.0006888582070949667,-0.020000000000000018,-0.003586375631227323,-0.020000000000000018,-0.03999999999999959,0.11908636730940118,0.0381084493212176,0.005544244930334452,0.0381084493212176,0.005544244930334452
2026-05-26,414.0,76052.0,7519.12,2.1,119.1696,17.01,1.56,2.72,-0.507,0.002521980445221672,0.0004348594550149798,0.006089693785401806,-0.0009829890029138255,-0.06000000000000005,0.018392686985060802,-0.010000000000000009,-0.020000000000000018,0.13073140108265197,0.0381084493212176,0.005544244930334452,0.0381084493212176,0.005544244930334452
2026-05-27,408.489990234375,75066.09,7520.36,2.09,119.1829,16.29,1.57,2.71,-0.507,-0.013048391339811616,-0.013398563535697683,0.00016489931870111718,0.00011159941694582898,-0.010000000000000231,-0.043249983793816504,0.010000000000000009,-0.010000000000000231,0.13994475875477044,0.0381084493212176,0.005544244930334452,0.0381084493212176,0.005544244930334452
2026-05-28,412.7699890136719,73419.31,7563.63,2.06,119.0318,15.74,1.57,2.72,-0.507,-0.022181945467201203,0.010423100202116231,0.005737224525953266,-0.001268603661021217,-0.029999999999999805,-0.03434617962469666,0.0,0.010000000000000231,0.14935137950110353,0.0381084493212176,0.005544244930334452,0.0381084493212176,0.005544244930334452
2026-05-29,417.1199951171875,73520.29,7580.06,2.07,118.8783,15.32,1.57,2.72,-0.505,0.0013744425042219177,0.010483427987445282,0.002169881507951388,-0.0012904035709278006,0.009999999999999787,-0.02704607867681208,0.0,0.0,0.23487429672719,0.0381084493212176,0.005544244930334452,0.0381084493212176,0.005544244930334452
2026-06-01,411.260009765625,71595.24,7599.96,2.07,119.1653,16.05,1.54,2.72,-0.505,-0.026532831234797882,-0.01414829684018315,0.002621868930305027,0.0024113241361085613,0.0,0.04654968526357983,-0.030000000000000027,0.0,0.2451305217171713,0.0381084493212176,0.005544244930334452,0.0381084493212176,0.005544244930334452
2026-06-02,411.95001220703125,67315.14,7609.78,2.07,119.0359,15.77,1.54,2.71,-0.505,-0.06164341710651833,0.0016763707549163342,0.0012912780053415673,-0.0010864765813858313,0.0,-0.01759944860107776,0.0,-0.010000000000000231,0.2528231667332579,0.0381084493212176,0.005544244930334452,0.0381084493212176,0.005544244930334452
2026-06-03,407.8699951171875,65461.99,7553.68,2.11,119.3848,16.06,1.54,2.75,-0.505,-0.027915505347852587,-0.009953528184733607,-0.0073994003955917265,0.0029267613848498186,0.040000000000000036,0.018222307543668492,0.0,0.040000000000000036,0.26063389596571407,0.0381084493212176,0.005544244930334452,0.0381084493212176,0.005544244930334452
2026-06-04,411.2699890136719,63629.38,7584.31,2.11,119.3615,15.4,1.54,2.74,-0.505,-0.028394355489675505,0.008301422193564001,0.004046777914474831,-0.00019518627156944746,0.0,-0.04196419909903204,0.0,-0.009999999999999787,0.2685672669560969,0.0381084493212176,0.005544244930334452,0.0381084493212176,0.005544244930334452
2026-06-05,396.239990234375,60300.24,7383.74,2.19,120.0831,21.51,1.51,2.76,-0.504,-0.05373922954098198,-0.03722984276849228,-0.02680135433175046,0.0060272997139465545,0.08000000000000007,0.33415043386005516,-0.030000000000000027,0.019999999999999574,0.31595252886651554,0.0381084493212176,0.005544244930334452,0.0381084493212176,0.005544244930334452
2026-06-08,397.2699890136719,63372.01,7405.73,2.21,120.034,18.92,1.52,2.75,-0.504,0.04968619748645864,0.002596058990330441,0.0029737395870199634,-0.0004089671304905451,0.020000000000000018,-0.1282983796559063,0.010000000000000009,-0.009999999999999787,0.3242390664505348,0.0381084493212176,0.005544244930334452,0.0381084493212176,0.005544244930334452
2026-06-09,390.7799987792969,62098.09,7386.65,2.2,119.9617,19.87,1.53,2.78,-0.504,-0.020307049688549128,-0.016471383961975228,-0.002579708009296411,-0.0006025108132119428,-0.009999999999999787,0.04899149293999283,0.010000000000000009,0.029999999999999805,0.33018734595742194,0.0381084493212176,0.005544244930334452,0.0381084493212176,0.005544244930334452
2026-06-10,374.5799865722656,61942.45,7266.99,2.21,119.9134,22.22,1.53,2.8,-0.504,-0.0025095034523392457,-0.042339376208338386,-0.016332141340852147,-0.00040270958221810815,0.009999999999999787,0.11178172764775862,0.0,0.020000000000000018,0.3361985901751752,0.04248674039164446,0.004378291070426865,0.0381084493212176,0.005544244930334452
2026-06-11,386.32000732421875,63605.69,7394.3,2.16,120.1174,19.44,1.55,2.78,-0.504,0.026497203582797724,0.030860698069963277,0.017367257579397943,0.0016997822705873133,-0.04999999999999982,-0.13365998517919087,0.020000000000000018,-0.020000000000000018,0.3422744778502998,0.04248674039164446,0.004378291070426865,0.04248674039164446,0.004378291070426865
2026-06-12,386.5400085449219,63589.28,7431.46,2.17,119.5073,17.68,1.53,2.71,-0.504,-0.00025802907286376353,0.000569317139269998,0.0050129069696023265,-0.00509214048734119,0.009999999999999787,-0.09489874182279578,-0.020000000000000018,-0.06999999999999984,0.3484167487084717,0.04248674039164446,0.004378291070426865,0.04248674039164446,0.004378291070426865
2026-06-15,396.54998779296875,66615.98,7554.29,2.15,119.3158,16.2,1.53,2.66,-0.504,0.04649958602507276,0.025566728082746515,0.01639327371130861,-0.0016036978084823517,-0.020000000000000018,-0.08742281497115911,0.0,-0.04999999999999982,0.35462720639543244,0.04248674039164446,0.004378291070426865,0.04248674039164446,0.004378291070426865
2026-06-16,397.6300048828125,65675.89,7511.35,2.14,119.256,16.41,1.55,2.71,-0.504,-0.01421260164576843,0.0027198311858462887,-0.005700403869527193,-0.0005013165952751919,-0.009999999999999787,0.012879662863661157,0.020000000000000018,0.04999999999999982,0.3592022062249806,0.04248674039164446,0.004378291070426865,0.04248674039164446,0.004378291070426865
2026-06-17,388.6000061035156,64301.85,7420.1,2.23,119.3871,18.44,1.5,2.63,-0.504,-0.021143484845708826,-0.022971384282330476,-0.012222675763243984,0.0010987119526042477,0.08999999999999986,0.11663131302644869,-0.050000000000000044,-0.08000000000000007,0.3638112270937498,0.04248674039164446,0.004378291070426865,0.04248674039164446,0.004378291070426865
2026-06-18,387.1199951171875,62950.79,7500.58,2.21,120.3958,16.4,1.51,2.66,-0.504,-0.021235092159638924,-0.0038158427778745008,0.010787816708106135,0.008413493624606083,-0.020000000000000018,-0.11724088329829518,0.010000000000000009,0.03000000000000025,0.36845492616764935,0.04248674039164446,0.004378291070426865,0.04248674039164446,0.004378291070426865
2026-06-22,384.5899963378906,64472.51,7472.79,2.28,120.5463,17.28,1.51,2.65,-0.504,0.02388562134746053,-0.006556887617395368,-0.0037119274964130256,0.0012492629521636545,0.06999999999999984,0.05226842854575686,0.0,-0.010000000000000231,0.3731339775060787,0.04248674039164446,0.004378291070426865,0.04248674039164446,0.004378291070426865
2026-06-23,377.32000732421875,62388.49,7365.46,2.29,121.0552,19.49,1.51,2.71,-0.504,-0.03285812816840661,-0.019084169061679646,-0.014466917855330053,0.004212728419515699,0.010000000000000231,0.12035175014355959,0.0,0.06000000000000005,0.3764374291176829,0.04248674039164446,0.004378291070426865,0.04248674039164446,0.004378291070426865
2026-06-24,365.9200134277344,59958.3,7358.22,2.23,121.412,18.63,1.52,2.76,-0.504,-0.03973148263559523,-0.030678886222522017,-0.0009834498689897941,0.0029430806108363683,-0.06000000000000005,-0.04512832890597229,0.010000000000000009,0.04999999999999982,0.37975702443189785,0.04248674039164446,0.004378291070426865,0.04248674039164446,0.004378291070426865
2026-06-25,369.4599914550781,59319.99,7357.49,2.19,121.0559,18.89,1.54,2.78,-0.504,-0.010702971905132586,0.009627690032062652,-9.921369755261367e-05,-0.0029372981415480837,-0.040000000000000036,0.013859496899921275,0.020000000000000018,0.020000000000000018,0.38309297877708565,0.04248674039164446,0.004378291070426865,0.04248674039164446,0.004378291070426865
2026-06-26,373.6300048828125,59751.96,7354.02,2.18,120.8866,18.41,1.56,2.83,-0.51,0.007255644928372718,0.011223558982924153,-0.0004717394834852229,-0.0013995063094149884,-0.009999999999999787,-0.0257386862684319,0.020000000000000018,0.050000000000000266,0.13903824360948774,0.04248674039164446,0.004378291070426865,0.04248674039164446,0.004378291070426865
2026-06-29,368.5799865722656,60433.5,7440.43,2.16,120.9525,17.65,1.55,2.8,-0.51,0.01134159332791107,-0.013608268012377245,0.011681540390059197,0.0005449904637515601,-0.020000000000000018,-0.042158211865680695,-0.010000000000000009,-0.03000000000000025,0.14296375219923763,0.04248674039164446,0.004378291070426865,0.04248674039164446,0.004378291070426865
2026-06-30,368.3800048828125,58818.0,7499.36,2.2,120.9248,16.45,1.53,2.75,-0.51,-0.02709565644114953,-0.0005427206271182428,0.007889040694017524,-0.00022904175068205745,0.040000000000000036,-0.07041030616792465,-0.020000000000000018,-0.04999999999999982,0.1455989156231631,0.04248674039164446,0.004378291070426865,0.04248674039164446,0.004378291070426865
2026-07-01,370.6000061035156,60029.39,7483.23,2.25,121.1455,16.59,1.54,2.74,-0.51,0.02038634511860593,0.006008302974758628,-0.002153166606271739,0.0018234377463972606,0.04999999999999982,0.008474626990972123,0.010000000000000009,-0.009999999999999787,0.14824115321782017,0.04248674039164446,0.004378291070426865,0.04248674039164446,0.004378291070426865
2026-07-02,378.1300048828125,61479.59,7483.24,2.26,120.6902,16.15,1.54,2.75,-0.51,0.02387097418651507,0.02011473443068912,1.3363204551808394e-06,-0.003765370769802878,0.009999999999999787,-0.02688005453368758,0.0,0.009999999999999787,0.15089055210353056,0.04248674039164446,0.004378291070426865,0.04248674039164446,0.004378291070426865
2026-07-06,382.1300048828125,63738.52,7537.43,2.24,120.835,15.57,1.56,2.72,-0.51,0.03608383957833183,0.010522812875633392,0.007215421829322111,0.0011990468683880096,-0.019999999999999574,-0.03657406382275852,0.020000000000000018,-0.029999999999999805,0.15354720043586945,0.04248674039164446,0.004378291070426865,0.04248674039164446,0.004378291070426865
2026-07-07,377.489990234375,63818.0,7503.85,2.3,120.8145,16.13,1.55,2.67,-0.51,0.001246192829437831,-0.012216825224767192,-0.0044650529462266775,-0.00016966722504463405,0.05999999999999961,0.03533490629121028,-0.010000000000000009,-0.050000000000000266,0.15621118742442977,0.04248674039164446,0.004378291070426865,0.04248674039164446,0.004378291070426865
2026-07-08,374.45001220703125,62277.98,7482.71,2.31,121.1307,16.9,1.56,2.7,-0.51,-0.024427369949007627,-0.008085737106823032,-0.0028211963280924124,0.0026138165173286154,0.010000000000000231,0.046632729791910243,0.010000000000000009,0.03000000000000025,0.15888260335202672,0.04248674039164446,0.004378291070426865,0.04248674039164446,0.004378291070426865
2026-07-09,378.17999267578125,63248.09,7543.64,2.31,120.753,15.84,1.56,2.7,-0.51,0.015457017251687688,0.0099119380907835,0.008109798313078898,-0.00312299098267399,0.0,-0.064775235542748,0.0,0.0,0.16156153959426076,0.04248674039164446,0.004378291070426865,0.04248674039164446,0.004378291070426865
2026-07-10,377.010009765625,63917.88,7575.39,2.32,120.5046,15.03,1.58,2.69,-0.524,0.010534204926713642,-0.003098515188066031,0.00420001106853185,-0.0020592104686043555,0.009999999999999787,-0.052490182621396375,0.020000000000000018,-0.010000000000000231,-0.41980444354842505,0.04248674039164446,0.004378291070426865,0.04248674039164446,0.004378291070426865
2026-07-13,367.1300048828125,62288.23,7515.34,2.36,120.7413,17.16,1.56,2.69,-0.524,-0.025826651063599826,-0.02655571613253116,-0.007958570189483538,0.0019623137715880645,0.040000000000000036,0.1325328902949332,-0.020000000000000018,0.0,-0.4153666392027323,0.04248674039164446,0.004378291070426865,0.04248674039164446,0.004378291070426865
2026-07-14,372.1499938964844,64569.59,7543.59,2.33,120.4728,16.5,1.6,2.72,-0.524,0.03597107353388651,0.013580960339774073,0.0037519309990230454,-0.0022262389378866487,-0.029999999999999805,-0.03922071315328157,0.040000000000000036,0.03000000000000025,-0.4126183553559131,0.035314250637863864,-0.007172489753780598,0.04248674039164446,0.004378291070426865
2026-07-15,372.3500061035156,64977.34,7572.4,2.32,120.3088,15.67,1.6,2.71,-0.524,0.006295036810337606,0.0005373061432996096,0.0038118621254454865,-0.0013622305471914231,-0.010000000000000231,-0.051612324538605314,0.0,-0.010000000000000231,-0.4098741572432219,0.035314250637863864,-0.007172489753780598,0.035314250637863864,-0.007172489753780598
2026-07-16,364.9599914550781,64271.85,7533.77,2.35,120.331,16.73,1.59,2.71,-0.524,-0.010916849947566476,-0.020046553425765445,-0.005114477621599889,0.00018450813259462961,0.03000000000000025,0.06545545863080315,-0.010000000000000009,0.0,-0.40713398175114696,0.035314250637863864,-0.007172489753780598,0.035314250637863864,-0.007172489753780598
2026-07-17,368.4100036621094,64160.8,7457.69,2.31,120.5315,18.77,1.59,2.73,-0.531,-0.0017293114745307037,0.00940872323854336,-0.010149865742796749,0.0016648506621903536,-0.040000000000000036,0.11505633559968498,0.0,0.020000000000000018,-0.6959877696836319,0.035314250637863864,-0.007172489753780598,0.035314250637863864,-0.007172489753780598
2026-07-20,367.6000061035156,65142.0,7443.28,2.35,120.5401,18.65,1.61,2.69,-0.531,0.015177070169315243,-0.002201051276090382,-0.0019341028794794823,7.134809744169246e-05,0.040000000000000036,-0.006413704508593021,0.020000000000000018,-0.040000000000000036,-0.6916032983711784,0.035314250637863864,-0.007172489753780598,0.035314250637863864,-0.007172489753780598
2026-07-21,374.80999755859375,66444.76,7509.2,2.37,120.5779,17.05,1.6,2.69,-0.531,0.019801423289244724,0.01942381730587961,0.008817323558327317,0.0003135394313957818,0.020000000000000018,-0.08969594236029899,-0.010000000000000009,0.0,-0.6879688281687119,0.035314250637863864,-0.007172489753780598,0.035314250637863864,-0.007172489753780598
2026-07-22,379.1199951171875,65923.19,7498.96,2.39,120.5736,16.64,1.58,2.68,-0.531,-0.007880649346361679,0.011433540388900987,-0.001364591207581256,-3.566222893436333e-05,0.020000000000000018,-0.024340768336462926,-0.020000000000000018,-0.009999999999999787,-0.6843478932153378,0.035314250637863864,-0.007172489753780598,0.035314250637863864,-0.007172489753780598
2026-07-23,371.5199890136719,64846.93,7408.3,2.43,120.9075,18.7,1.58,2.77,-0.531,-0.01646070679419509,-0.020250095841770843,-0.012163350976322818,0.002765435578978348,0.040000000000000036,0.11671408846747822,0.0,0.08999999999999986,-0.6807403308098442,0.035314250637863864,-0.007172489753780598,0.035314250637863864,-0.007172489753780598
2026-07-24,371.8999938964844,64225.32,7411.98,2.43,120.7105,18.58,1.59,2.79,-0.54,-0.009632044159467057,0.0010223155810828999,0.0004966168082702893,-0.0016306735727757982,0.0,-0.006437790474848715,0.010000000000000009,0.020000000000000018,-1.049338793611749,0.035314250637863864,-0.007172489753780598,0.035314250637863864,-0.007172489753780598
2026-07-27,374.6300048828125,64983.99,7413.18,2.44,120.7739,18.67,1.61,2.81,-0.54,0.011743406397616951,0.0073139007421554325,0.00016188695469310233,0.000525085690476601,0.009999999999999787,0.00483222416793927,0.020000000000000018,0.020000000000000018,-1.0426172497112975,0.035314250637863864,-0.007172489753780598,0.035314250637863864,-0.007172489753780598
2026-07-28,369.3699951171875,63904.0,7428.78,2.41,120.6247,18.21,1.62,2.84,-0.54,-0.01675897463120357,-0.014140046791040639,0.0021021490079125016,-0.0012361299444014762,-0.029999999999999805,-0.024947063814114934,0.010000000000000009,0.029999999999999805,-1.0366080615946767,0.035314250637863864,-0.007172489753780598,0.035314250637863864,-0.007172489753780598
2026-07-29,371.0799865722656,63589.46,7316.15,2.41,120.7892,20.66,1.6,2.87,-0.54,-0.004934223891385869,0.004618798129091495,-0.015277412729497897,0.0013628049210057114,0.0,0.12622856995197607,-0.020000000000000018,0.03000000000000025,-1.0306439121729882,0.035314250637863864,-0.007172489753780598,0.035314250637863864,-0.007172489753780598
2026-07-30,377.1600036621094,64800.0,7437.63,2.41,119.6753,17.09,1.64,2.84,-0.54,0.018857870016210754,0.01625187370765513,0.016468016385045914,-0.009264635465779492,0.0,-0.1897059665639933,0.039999999999999813,-0.03000000000000025,-1.0247240582407537,0.035314250637863864,-0.007172489753780598,0.035314250637863864,-0.007172489753780598
2026-07-31,371.5400085449219,62972.0,7489.72,2.47,119.7034,15.99,1.63,2.85,-0.547,-0.028615420205847286,-0.015012957345256872,0.006979163942201438,0.00023477444007369286,0.06000000000000005,-0.06652997028163643,-0.010000000000000009,0.010000000000000231,-1.3042154592884903,0.035314250637863864,-0.007172489753780598,0.035314250637863864,-0.007172489753780598
2026-08-03,371.7099914550781,63869.38,7600.5,2.43,119.6951,15.86,1.61,2.78,-0.547,0.014149877156214075,0.00045740440799146853,0.014682620949146852,-6.934045120043919e-05,-0.040000000000000036,-0.008163310639161203,-0.019999999999999796,-0.07000000000000028,-1.2949675991347032,0.035314250637863864,-0.007172489753780598,0.035314250637863864,-0.007172489753780598
2026-08-04,374.1600036621094,64233.35,7736.52,2.4,119.5977,16.5,1.64,2.73,-0.547,0.005682485914261903,0.006569565835270907,0.017737939490634957,-0.0008140654911379386,-0.03000000000000025,0.039560164699833145,0.029999999999999805,-0.04999999999999982,-1.2863891816397142,0.035314250637863864,-0.007172489753780598,0.035314250637863864,-0.007172489753780598
2026-08-05,389.6400146484375,64840.27,7723.55,2.41,119.3881,15.81,1.62,2.75,-0.547,0.00940431473218517,0.04053975029237389,-0.0016778711924096967,-0.001754079562395816,0.010000000000000231,-0.04271772968515419,-0.019999999999999796,0.020000000000000018,-1.2779040333404486,0.035314250637863864,-0.007172489753780598,0.035314250637863864,-0.007172489753780598
2026-08-06,389.6700134277344,64446.01,7709.96,2.43,119.5113,15.15,1.61,2.71,-0.547,-0.0060990419424218345,7.698804899458622e-05,-0.001761103405828024,0.0010313965704522587,0.020000000000000018,-0.042642119266002254,-0.010000000000000009,-0.040000000000000036,-1.2695101515358438,0.035314250637863864,-0.007172489753780598,0.035314250637863864,-0.007172489753780598
2026-08-07,398.4700012207031,64960.46,7757.64,2.4,119.0649,14.9,1.64,2.7,-0.555,0.007950958096516914,0.022331954604684512,0.006165164734458273,-0.0037422049722675155,-0.03000000000000025,-0.016639319003965092,0.029999999999999805,-0.009999999999999787,-1.5807554525191938,0.035314250637863864,-0.007172489753780598,0.035314250637863864,-0.007172489753780598
2026-08-10,402.5400085449219,64045.7,7753.11,2.43,119.1187,15.46,1.62,2.7,-0.555,-0.014181886070794292,0.010162275879128657,-0.0005841110363835611,0.0004517523533520418,0.03000000000000025,0.03689483020786266,-0.019999999999999796,0.0,-1.5674736720598164,0.035314250637863864,-0.007172489753780598,0.035314250637863864,-0.007172489753780598
2026-08-11,400.9599914550781,63536.0,7728.2,2.43,119.179,15.28,1.64,2.72,-0.555,-0.0079902166494481,-0.003932841633815798,-0.0032180766998877175,0.0005060896625277422,0.0,-0.011711259420901676,0.019999999999999796,0.020000000000000018,-1.5548191907979265,0.035314250637863864,-0.007172489753780598,0.035314250637863864,-0.007172489753780598
2026-08-12,404.9200134277344,63421.11,7748.5,2.42,119.1179,14.55,1.66,2.71,-0.555,-0.001809903066675389,0.009827899495455483,0.002623299752730901,-0.0005128056750969279,-0.010000000000000231,-0.04895379012087275,0.020000000000000018,-0.010000000000000231,-1.5423601799822533,0.03364825041479902,-0.0016660002230648452,0.035314250637863864,-0.007172489753780598
2026-08-13,398.9599914550781,63408.0,7798.99,2.39,119.1848,14.63,1.67,2.71,-0.555,-0.00020673487414057945,-0.014828410072125209,0.006494961886618356,0.0005614707828112131,-0.029999999999999805,0.005483221414531503,0.010000000000000009,0.0,-1.5300910307939923,0.03364825041479902,-0.0016660002230648452,0.03364825041479902,-0.0016660002230648452
2026-08-14,401.4800109863281,62968.06,7785.76,2.41,118.9028,14.25,1.69,2.67,-0.561,-0.006962422743438168,0.006296606490295176,-0.0016978139755909893,-0.0023688771013024024,0.020000000000000018,-0.026317308317373556,0.020000000000000018,-0.040000000000000036,-1.7511102659028335,0.03364825041479902,-0.0016660002230648452,0.03364825041479902,-0.0016660002230648452
2026-08-17,405.489990234375,64309.95,7745.06,2.44,118.814,15.19,1.69,2.7,-0.561,0.021086748957765522,0.009938441945241294,-0.005241203383949511,-0.0007471075172684749,0.029999999999999805,0.0638804098930219,0.0,0.03000000000000025,-1.7346400141354215,0.03364825041479902,-0.0016660002230648452,0.03364825041479902,-0.0016660002230648452
2026-08-18,398.54998779296875,64643.27,7691.76,2.41,118.9831,15.84,1.68,2.75,-0.561,0.005169638142197286,-0.01726325801008688,-0.006905594780615587,0.001422221116265554,-0.029999999999999805,0.0419010697785982,-0.010000000000000009,0.04999999999999982,-1.7189236024029624,0.03364825041479902,-0.0016660002230648452,0.03364825041479902,-0.0016660002230648452
2026-08-19,413.8399963378906,68429.44,7707.98,2.35,118.3328,14.89,1.64,2.73,-0.561,0.05691914058108871,0.037646486600839246,0.002106529850241401,-0.005480472464569175,-0.06000000000000005,-0.06184853969036208,-0.040000000000000036,-0.020000000000000018,-1.703498573375437,0.03364825041479902,-0.0016660002230648452,0.03364825041479902,-0.0016660002230648452
2026-08-20,415.260009765625,72690.76,7641.16,2.35,118.2548,16.01,1.64,2.75,-0.561,0.060411137414565275,0.0034254367525550222,-0.008706731728175043,-0.0006593752405112951,0.0,0.07252368031270606,0.0,0.020000000000000018,-1.688355143155437,0.03364825041479902,-0.0016660002230648452,0.03364825041479902,-0.0016660002230648452
2026-08-21,423.3599853515625,77028.94,7674.37,2.4,118.0628,15.13,1.63,2.7,-0.566,0.057966916597546714,0.019317992727441613,0.004336781299793202,-0.0016249322288857115,0.04999999999999982,-0.05653399920835911,-0.010000000000000009,-0.04999999999999982,-1.8616606387974235,0.03364825041479902,-0.0016660002230648452,0.03364825041479902,-0.0016660002230648452
2026-08-24,426.69000244140625,78757.99,7652.86,2.38,118.0628,15.85,1.63,2.69,-0.566,0.02219853747864775,0.007834913645818453,-0.0028067712327999317,0.0,-0.020000000000000018,0.046489972523025,0.0,-0.010000000000000231,-1.8428838158319785,0.03364825041479902,-0.0016660002230648452,0.03364825041479902,-0.0016660002230648452
2026-08-25,428.07000732421875,78925.96,7677.28,2.38,118.0628,15.85,1.63,2.69,-0.566,0.0021304649399382924,0.003228990748476157,0.0031858835803131313,0.0,0.0,0.0,0.0,0.0,-1.824730000968395,0.03364825041479902,-0.0016660002230648452,0.03364825041479902,-0.0016660002230648452
